designation,n_surveys,surveys,min_sep,periods,classes,ids,period_consistent,period_d,n_independent,ra,dec,allwise_sep,qph,ccf,ex,w3w4_quality_ok,fixed_teff,fixed_chi2_jhkw1,fixed_W3_sigma,fixed_W4_sigma,fixed_W4_ratio,fixed_W2_sigma,fixed_dust_temp,fixed_f_ir,bb_teff,bb_chi2_jhkw1,W2_ratio,W2_sigma,W3_ratio,W3_sigma,W4_ratio,W4_sigma,dust_temp,dust_chi2,ff_alpha,ff_chi2,f_ir,gaia_source,gaia_sep,Gmag,bp_rp,plx,plx_snr,ruwe,gaia_teff,gaia_dist,n_gaia_6as_bright,n_gaia_12as_bright,gaia_12as_flux_frac,tic,Tmag,tic_teff,tic_rad,tic_contratio,tic_lumclass,simbad_id,simbad_otype,simbad_sptype,c_match,c_multi_survey,c_period,c_period_plausible,c_wise_quality,c_ir_excess,c_photosphere,c_dust_over_ff,c_unconfused,c_tess_usable,c_not_extragalactic,c_not_evolved_or_wind,c_nearby,is_yso,c_wise_image,score,max_score,tier,fail_reasons,n_tess_sectors,tess_sectors
J073937.23-363011.8,4,gaia_dr3;tess_oba_ebs;vsx;wise_chen2018,0.061613,0.953865;0.95635,EA;ECL;nan,174666938;5587216100884856448;J073937.2-363011;V0608 Pup,True,0.9551075,4,114.9051634,-36.5033033,4.4e-05,AAAA,0000,0,True,,,,,,,,,14450.0,0.41047261519443323,0.9673369752263605,-1.2220294637710047,1.0761628472201836,2.561345955463203,5.589845204289827,17.480441661578368,125.0,1.4948863284836666,-0.1,232.94846663006862,0.0001015376659039972,5587216100884856448,0.071449,8.109877,-0.092054,2.6306,86.24918032786884,1.072,13856.1,395.5941,0,0,2.440878206273998e-05,174666938,8.218,,,,,V* V608 Pup,EclBin,B7V,True,True,True,True,True,True,True,True,True,True,True,True,True,False,True,18,18,A,,5.0,"7,8,34,61,88"
J221843.61+544715.0,5,asassn;atlas_heinze2018;gaia_dr3;vsx;wise_chen2018,0.044335,1.66927;0.834628;1.66927;1.6692,DBH;EA;EB;ECL,2005076418115691648;J221843.6+544715;J221843.60+544715.0;J334.6818+54.7874;WISE J221843.6+544715,True,1.669235,4,334.6817202,54.787516,0.000118,AAAA,0000,0,True,6911.0,2.4818697618934378,18.395697637676395,13.741296073123157,26.22696721826698,1.393412913788627,162.0,0.004212989772962696,6475.0,0.6912222709694635,1.009184053283116,0.32935713835572844,2.1786276867147993,17.799344155122235,25.11515592637806,13.717182706125179,161.0,0.12136757687115118,-0.1,170.96617926060927,0.004857096083772317,2005076418115691648,0.200179,11.920701,0.753504,0.7887,61.13953488372093,0.962,,1267.9092177000127,0,0,0.014127741938432185,421726669,11.535,6911.0,3.658,0.1547,DWARF,ATO J334.6818+54.7874,SB*,A0,True,True,True,True,True,True,True,True,True,True,True,True,True,False,True,18,18,A,,8.0,"16,17,56,57,76,77,83,84"
J024542.12+480837.8,3,gaia_dr3;vsx;wise_chen2018,0.022213,6.86357;6.86419,EA;EA/SD;ECL,438165588512859008;J024542.1+480837;RY Per,True,6.86388,3,41.4255194,48.1438506,0.000155,AAAA,hh00,0,True,8664.0,5.234150930110646,0.5355772152472402,10.66495513129924,2.7661073730883943,-1.1561939713179412,109.0,0.00022250673459490539,8400.0,5.004470458954593,0.9589008344337945,-1.551180630926124,1.000682274592031,0.024675505401437692,2.7239908580903807,10.571589140370893,70.0,2.406162502258168,-0.1,84.73419294781505,0.0011330803546894266,438165588512859008,0.022213,8.458024,0.261404,1.1026,40.24087591240876,0.89,,906.9472156720478,0,0,0.0,302314851,8.315,8664.0,10.192,,GIANT,V* RY Per,SB*,B4+F5III,True,True,True,True,True,True,True,True,True,True,True,True,True,False,True,18,18,A,,3.0,"18,58,85"
J173224.94-364153.9,3,gaia_dr3;tess_oba_ebs;vsx,0.188658,2.95901,EA;ECL;nan,266856605;5974604764982749440;ASAS J173225-3641.9,,2.95901,3,263.1039395,-36.6983182,0.000113,AAAA,0000,0,True,,,,,,,,,9800.0,4.732481077004577,0.9885712836857786,-0.4184008201545187,0.9868335501134394,-0.39151407559053547,2.593109537328084,6.604314118786721,40.0,0.3283689620748129,-0.1,37.085012484395016,0.07588722386853076,5974604764982749440,0.256594,8.401393,0.102619,1.2434,36.35672514619883,1.009,,804.2464211034261,0,0,0.0055661426915162675,266856605,8.399,,,,,HD 158724,EclBin,B5,True,True,True,True,True,True,True,True,True,True,True,True,True,False,True,18,18,A,,4.0,"12,39,66,93"
J223949.47+583254.4,3,gaia_dr3;vsx;wise_chen2018,0.039942,3.09209;3.0923,EA;ECL,2008171543344280832;J223949.4+583254;V0900 Cep,True,3.092195,3,339.9561496,58.5484699,4.1e-05,AAAA,hh00,0,True,8188.0,6.194924816287551,0.06629658851340192,5.827052767880948,2.085900084531881,-0.2303405886300461,84.0,0.00033842608896234944,7175.0,1.11239180215979,0.9440497618491406,-2.144915154551463,0.9350306113105926,-2.51469904292654,1.936466038937995,5.412958943866454,40.0,10.924503756538456,-0.1,40.2072128796008,0.11227357652428141,2008171543344280832,0.04319,9.279635,0.781213,0.9993,63.246835443037966,1.173,15002.6,989.4851,0,0,0.00017153454925685055,388547574,8.897,8188.0,10.573,,GIANT,HD 240017,EclBin,B9,True,True,True,True,True,True,True,True,True,True,True,True,True,False,True,18,18,A,,4.0,"16,17,24,84"
J231201.40+532028.6,2,gaia_dr3;vsx,0.026344,6.84952,EA;ECL,1995545679513855744;PMAK V105,,6.84952,2,348.0058494,53.3413022,0.000101,AAAA,0000,0,True,8547.0,7.5463145539461856,5.135599932806097,12.272414247198126,3.3423051599027884,-3.470520498919801,179.0,0.0002109943927532625,10325.0,1.3459810820759626,0.9648199075344553,-1.3196348796391464,1.2576429094595278,7.414193451240864,3.629307336371654,12.686745768554765,200.0,1.7478381158377472,-0.1,58.015816368279246,0.0001420511792385394,1995545679513855744,0.026344,8.728504,0.258887,1.3267,89.04026845637584,0.886,9931.7,741.7925,0,0,1.7696867530520546e-05,252741805,8.604,8547.0,6.312,,GIANT,HD 236067,EclBin,A2,True,True,True,True,True,True,True,True,True,True,True,True,True,False,True,18,18,A,,5.0,"16,17,57,77,84"
J223553.38+500414.8,2,tess_ebs;tess_oba_ebs,0.023104,10.9206,0.272;nan,428102518,,10.9206,2,338.9724335,50.0707924,0.000146,AAAA,0h00,0,True,12746.0,3.9036748096412492,-0.5387610348572726,8.440502988208147,1.5757400462512139,0.2713886978318923,40.0,0.012562451381926285,17725.0,0.2720928619689753,1.079934303561666,2.6787915737960053,1.0793578463106288,2.6608934551715686,1.7376698182304229,9.806662266751461,208.0,7.171518296067071,-0.1,13.524611154071462,8.187080725091606e-06,1988022477362826880,0.086347,6.256701,-0.067282,1.7675,48.160762942779286,1.047,,565.7708628005657,0,0,2.4702107080688485e-06,428102518,6.331,12746.0,,,,HD 214240,SB*,B3V,True,True,True,True,True,True,True,True,True,True,True,True,True,False,True,18,18,A,,7.0,"16,56,57,76,77,83,84"
J160415.99-562627.3,2,gaia_dr3;vsx,0.015758,2.20776,ECL;ED,5836210851377856000;ASAS J160416-5626.4,,2.20776,2,241.0666265,-56.4409375,0.000119,AAAA,0000,0,True,10970.0,2.538292432117343,1.055367899022748,8.734466836799443,3.732338398328607,-2.7171492478411197,117.0,0.00015060046169383586,12800.0,0.16494564718471136,0.9622737572776452,-1.4188875491812576,1.082817543886567,2.5163870584928634,3.927362918909593,8.893208197419382,140.0,2.0139778166789912,-0.1,60.64951411246959,8.339265685248911e-05,5836210851377856000,0.078153,9.027108,0.230628,1.1193,67.83636363636363,0.73,14140.3,950.3589,0,0,0.0014465613954528305,427406031,8.942,10970.0,6.071,,GIANT,HD 143605,EclBin,B3V,True,True,True,True,True,True,True,True,True,True,True,True,True,False,True,18,18,A,,6.0,"12,39,65,66,102,103"
J141909.42-565518.1,2,tess_oba_ebs;vsx,0.154488,16.6336,EA;nan,413284814;V1000 Cen,,16.6336,2,214.789264,-56.921701,8.7e-05,AAAA,0h00,0,True,,,,,,,,,10875.0,0.09222530767701206,0.9613372837301687,-1.4555249074693943,0.9993726485485047,-0.0227188588422703,2.8750389417175803,8.531252341371376,40.0,2.119071097824203,-0.1,63.38191945463822,0.06557910801883186,5892287215635410688,0.011128,8.373325,0.135639,1.2688,52.21399176954733,0.861,,788.1462799495587,0,0,0.0038605543252393155,413284814,8.366,,,,,V* V1000 Cen,EclBin,B8IV,True,True,True,True,True,True,True,True,True,True,True,True,True,False,True,18,18,A,,7.0,"11,38,65,99,100,101,102"
J045912.77+165543.8,2,gaia_dr3;vsx,0.049447,1.02268,ECL;ESD|ED,3405515582300888192;ASAS J045913+1655.7,,1.02268,2,74.8032443,16.9288582,0.000195,AAAA,0000,0,True,8714.0,0.4237667040720507,2.055200396528854,8.3776216236287,2.905847743107958,-1.1027494633865276,144.0,0.00016680598848455114,8425.0,0.17637742483901453,0.9593457132524892,-1.5336782972894794,1.0438896335103665,1.521634809723627,2.8576645203537505,8.30350474158624,134.0,2.3522713214127324,-0.1,51.63999011731238,0.00018951451838457442,3405515582300888192,0.049447,8.908448,0.491276,2.2769,77.18305084745762,1.308,13966.0,458.0013,0,0,0.00010200982440700428,59131142,8.664,8714.0,4.614,0.0013,DWARF,HD  31762,EclBin,A2,True,True,True,True,True,True,True,True,True,True,True,True,True,False,True,18,18,A,,4.0,"43,44,71,1751"
J220912.52+582025.0,3,atlas_heinze2018;vsx;ztf_chen2020,0.00978,1.48126;1.48126;0.740599,DBH;EB:;EW,J332.3022+58.3402;ZTF J220912.53+582025.0;ZTFJ220912.53+582025.0,True,1.48126,2,332.3022015,58.3402926,9.9e-05,AAAA,hh00,0,True,,,,,,,,,3350.0,3.6378552129084616,0.9729943908605977,-1.0044925181347384,1.281710459330742,7.9545590224836165,2.7877676260682853,7.486793757952929,234.0,1.0332001270306337,-0.1,19.64618644732848,0.0030188145310266696,2199512095859302272,0.01844,13.383532,2.503849,-1.104,-2.047098090116818,42.759,,,0,0,0.0013121479310751606,328749091,12.134,,,,GIANT,ATO J332.3022+58.3402,EclBin,,True,True,True,True,True,True,True,True,True,True,True,True,True,False,True,18,18,A,,9.0,"16,17,24,56,57,76,77,83,84"
J033226.58+520357.1,2,gaia_dr3;vsx,0.067737,1.44709,EA;ECL,442431354329823488;NSV 15712,,1.44709,2,53.1107836,52.0658716,5.3e-05,AAAA,0000,0,True,10465.0,2.3521582347702106,1.8844846618317708,7.262181475076252,2.470940215614137,-0.47426101879783106,150.0,7.337802439078529e-05,9650.0,1.4244973801700633,0.9651119001666782,-1.3082860511722887,1.023096206009395,0.8170097432239046,2.390465331016209,7.095974215607358,124.0,1.7117285041169716,-0.1,37.718303988065784,0.00010320664770817795,442431354329823488,0.080469,8.417064,0.368275,1.4074,33.831730769230774,2.08,18920.5,683.0532,0,0,4.84668041390961e-05,285674460,8.253,10465.0,7.777,,GIANT,HD  21711,EclBin,B8,True,True,True,True,True,True,True,True,True,True,True,True,True,False,True,18,18,A,,4.0,"18,19,59,86"
J102247.90-620315.5,5,asassn;gaia_dr3;tess_oba_ebs;vsx;wise_chen2018,0.026454,2.21361;2.21361;2.2135,EA;ECL;nan,378848943;5253069913034543744;J102247.9-620315;J102247.93-620315.5;WISE J102247.9-620315,True,2.21361,4,155.6996189,-62.0543175,0.00011,AAAA,0h00,0,True,,,,,,,,,14550.0,0.19924020592797986,0.9456100959440122,-2.081657413917296,3.1960721053550185,16.21797083668641,30.52115516934736,9.907197834259582,183.0,4.365920060994562,-0.1,206.9320553268053,0.0005520231033230222,5253069913034543744,0.126377,11.297482,-0.008279,0.3833,17.265765765765764,0.92,15005.1,2262.8848,0,0,0.009990235298338975,378848943,11.471,,,,,TYC 8960-392-1,EclBin,,True,True,True,True,True,True,True,True,True,True,True,True,True,False,False,18,18,B,wise_image,7.0,"10,11,36,37,63,64,90"
J204142.75+463029.3,4,asassn;gaia_dr3;vsx;ztf_chen2020,0.08176,2.39348;2.3934;2.3934,EA;ECL,2166605533908798976;ASASSN-V J204142.76+463029.4;J204142.78+463029.1;ZTFJ204142.75+463029.4,True,2.3934,3,310.4281404,46.5081552,9.6e-05,AABA,0000,0,True,7463.0,15.878513700252807,3.6871070909824706,10.274466398998804,63.154676463075326,-3.4505637001225615,182.0,0.008411390207217014,6175.0,1.3813141408574596,0.8351706245872275,-7.142700953343751,5.083555798632169,3.5891279901333646,55.62954783804302,10.252105262962587,180.0,51.23696621394073,-0.1,169.00567896132168,0.012895567242659488,2166605533908798976,0.08176,13.945034,0.920766,0.429,30.642857142857142,1.079,,2331.002331002331,0,0,0.0015834428743190956,195689667,13.484,7463.0,3.032,,DWARF,ZTF J204142.75+463029.4,EclBin,,True,True,True,True,True,True,True,True,True,True,True,True,True,False,False,18,18,B,wise_image,9.0,"15,16,41,55,56,75,76,82,83"
J124645.61-653628.5,2,asassn;gaia_dr3,0.195728,3.7479,EA;ECL,5861532947733354880;J124645.59-653628.2,,3.7479,2,191.6900569,-65.6079363,8.7e-05,AAAA,0000,0,True,12362.0,32.02676316079281,14.213605793111931,10.799228700757963,39.60836275997595,0.7706350646716245,236.0,0.00139494011294436,8025.0,1.3849861584186178,0.8947787790303695,-4.25589325514188,5.620331903726232,13.73163258465148,32.743653673404935,10.74058702766255,229.0,19.404985877167903,-0.1,309.1892065241819,0.00410568850121741,5861532947733354880,0.195728,12.857992,0.525284,0.5392,38.79136690647482,0.935,9394.0,1923.8442,0,0,0.03993356106024061,460811412,12.654,12362.0,,,,Gaia DR3 5861532947733354880,EclBin,,True,True,True,True,True,True,True,True,True,True,True,True,True,False,False,18,18,B,wise_image,7.0,"11,38,64,65,99,100,101"
J235953.92+660910.2,5,asassn;gaia_dr3;vsx;wise_chen2018;ztf_chen2020,0.046953,0.327497;0.327497;0.327791;0.3275,ECL;EW,2017590612770292096;J235953.9+660910;J235953.98+660910.2;WISE J235953.9+660910;ZTFJ235953.94+660910.4,True,0.3274985,4,359.9746774,66.152853,7.7e-05,AABA,0000,0,True,6123.0,113.57831310309737,5.199160957295542,12.174529497361837,75.515769380817,0.8337733733164976,136.0,0.01922189137953711,4500.0,28.60200945749912,0.8254233012443235,-7.654425798272391,2.170669735463833,4.305524366789454,56.11708241690351,12.118051245253614,130.0,58.59161848475341,-0.1,223.97494035686833,0.0367229979120293,2017590612770292096,0.12034,15.211479,1.647995,1.2383,55.529147982062774,0.989,5174.6,753.2043,0,0,0.025917889198918517,470879727,14.382,6123.0,1.399,,DWARF,ZTF J235953.94+660910.4,EclBin,,True,True,True,True,True,True,False,True,True,True,True,True,True,False,False,17,18,B,photosphere;wise_image,8.0,"17,18,24,57,58,77,78,85"
J045439.87-671306.0,4,gaia_dr3;ogle_lmc_ecl;tess_oba_ebs;vsx,0.107136,1.78892;1.7889,E;ECL;NC;nan,30113254;4661729018926196096;Gaia DR3 4661729018926196096;OGLE-LMC-ECL-02686,True,1.78891,3,73.6661638,-67.2183603,1.8e-05,AABA,000d,0,True,,,,,,,,,11625.0,1.4919534281701314,0.9679113793815901,-1.1998266889686877,4.686733873751813,5.207772062469565,305.75414117401755,13.69854676114526,117.0,1.4440583593139042,-0.1,216.01798448739802,0.014116926859713627,4661729018926196096,0.132973,13.253144,-0.103689,0.0026,0.12560386473429952,1.29,23519.1,14779.561,0,0,0.04092945108352737,30113254,13.472,,,,,OGLE LMC-ECL-2686,EclBin,B1III,True,True,True,True,True,True,True,True,True,True,True,True,False,False,False,17,18,B,nearby;wise_image,44.0,"1,2,3,4,5,6,7,8,9,10,11,12,13,27,28,30,31,32,33,34,35,36,37,38,39,61,62,63,64,65,66,67,68,69,87,88,89,90,93,94,95,96,97,98"
J053749.52-664011.4,4,gaia_dr3;ogle_lmc_ecl;tess_oba_ebs;vsx,0.166199,1.93247;1.9325,E;ECL;NC;nan,277316707;4659527590418747520;Gaia DR3 4659527590418747520;OGLE-LMC-ECL-36377,True,1.932485,3,84.4563438,-66.6698483,9.3e-05,AABA,0000,0,True,,,,,,,,,23775.0,1.222336632242505,0.9188756333401982,-2.5225240035002128,8.723808177074165,3.9887117199975117,690.8539732240329,11.06290427640392,115.0,6.3648256713427624,-0.1,144.6607995623564,0.0039095947348423525,4659527590418747520,0.185117,14.112248,-0.310884,0.0774,1.5542168674698795,2.44,23044.8,14223.674,0,0,0.03055202854958814,277316707,14.492,,,,,OGLE LMC-ECL-36377,EclBin,,True,True,True,True,True,True,True,True,True,True,True,True,False,False,False,17,18,B,nearby;wise_image,43.0,"1,2,3,4,5,6,7,8,9,10,11,12,13,27,28,29,30,31,32,33,34,35,36,37,38,39,62,63,64,65,66,67,68,69,87,89,90,93,94,95,96,97,98"
J225051.52+604854.8,3,asassn;gaia_dr3;vsx,0.049539,28.833;28.82,EA;ECL,2206776118199489152;J225051.51+604854.9;MGAB-V282,True,28.8265,3,342.7147082,60.8152325,5.7e-05,AAAA,00d0,0,True,6593.0,714.1807353283206,23.89633349966118,17.957168301672606,5.274790130079938,19.193413895489634,1339.0,0.027912387780059385,3075.0,19.929953704991615,0.945619030578693,-2.0812957946508615,1.0795506361552443,2.6668814132052483,1.8303433372572495,10.052020890030755,194.0,4.334562224436054,-0.1,28.641601877193576,0.0015450121256360466,2206776118199489152,0.060031,12.368107,2.450179,0.666,38.72093023255814,1.344,,1501.5015015015015,0,0,0.0,434171115,11.121,6593.0,22.706,,GIANT,EM* GGR  107,EclBin,,True,True,True,True,True,True,False,True,True,True,True,True,True,False,True,17,18,B,photosphere,8.0,"17,24,57,58,77,78,84,85"
J233034.93+663345.5,3,gaia_dr3;tess_ebs;vsx,0.041677,6.56002;6.56007,0.486;EA;ECL,2210381249327114624;427767269;V0944 Cep,True,6.560045,3,352.6455629,66.562666,1.9e-05,AAAA,0000,0,True,8736.0,63.37608226705326,6.771539186183307,6.723978425013299,2.3242689699750994,4.188144950170597,252.0,0.00014481545385960307,5800.0,1.475477486351368,0.9328083339830736,-2.606910115574976,0.9553979435676414,-1.689560104293455,1.7729729708383457,5.145157643113046,40.0,9.650665784442042,-0.1,35.141586955685646,0.17353208526805686,2210381249327114624,0.041677,10.570457,1.354823,1.1113,114.56701030927834,0.92,,899.8470260055791,0,0,0.0,427767269,9.9,8736.0,9.287,,GIANT,V* V944 Cep,EclBin,,True,True,True,True,True,True,False,True,True,True,True,True,True,False,True,17,18,B,photosphere,9.0,"17,18,24,57,58,77,78,84,85"
J043930.11-323306.5,2,asas3;vsx,0.041148,0.35798;0.35798,RRC/EC;RRC|EC,043930-3233.1;ASAS J043930-3233.1,True,0.35798,2,69.8754902,-32.5518221,9.9e-05,AAAA,0000,0,True,5097.0,264.00980974984543,32.649962378760165,35.398559612918326,45.65865653883023,20.04294085453815,280.0,0.02669506478040214,3100.0,2.3931497145033767,1.2479737778992939,7.191233054835352,4.941433484967164,28.867176878217776,21.19897365741951,34.48399177749888,259.0,47.87101401051222,-0.1,364.6180859392158,0.04757381384801873,4871414755381303680,0.097428,10.094733,1.080241,2.6322,210.576,1.135,5246.0,372.6028,0,0,0.0,170803999,9.534,5097.0,4.368,,GIANT,CD-32  1919,Star,,True,True,True,True,True,True,False,True,True,True,True,True,True,False,True,17,18,B,photosphere,6.0,"5,31,32,98,107,108"
J032549.83+311023.7,2,asassn;ztf_chen2020,0.019631,1.1454;1.1454,EB;EW,J032549.77+311023.6;ZTFJ032549.83+311023.7,True,1.1454,2,51.4576585,31.1732653,0.000119,AAAA,0000,0,True,4636.0,490.0956677817145,28.03725984498289,35.26145149878113,38.92551706254308,19.11575334809586,193.0,0.02125328517627675,2775.0,45.5994710359332,1.0993869032205859,3.2717617061313238,1.9533827368348071,17.66375383676247,16.34778187260576,33.977377015985525,169.0,10.708669962711342,-0.1,647.6418660711602,0.03679382180750596,124018864299289088,0.047171,11.682426,1.746677,3.4902,162.33488372093026,1.07,,286.5165320038966,0,0,0.0,138115594,10.798,4636.0,3.056,,GIANT,LZK  4,TTauri*,G9,True,True,True,True,True,True,False,True,True,True,True,True,True,True,True,17,18,B,photosphere,6.0,"18,42,43,44,58,85"
J230357.58+541153.7,2,gaia_dr3;vsx,0.020254,,E:;ECL,1996532422482551552;V0806 Cas,,,2,345.9899327,54.1982746,0.000102,AAAA,hh00,0,True,7993.0,56.89900412646846,21.759825422328245,19.808634922588432,5.069831549013864,10.061671794057846,689.0,0.0029673926387408186,5600.0,9.410051530666168,1.1599529105415132,4.990624028875002,1.9860678745606382,17.968664036657945,3.948886522893339,18.427017585538174,378.0,19.77788318799502,0.1,2.265752595919892,0.0022134556313427645,1996532422482551552,0.028716,8.997622,0.408321,0.5326,33.92356687898089,0.982,6970.2,1524.5769,0,0,0.0003006607939763688,314248597,8.78,7993.0,15.224,,GIANT,HD 236031,EclBin,A0pe,True,True,True,True,True,True,True,False,True,True,True,True,True,False,True,17,18,B,dust_over_ff,5.0,"16,17,57,77,84"
J112938.82-595344.5,2,asassn;wise_chen2018,0.061311,1.9166;1.9168,EA,J112938.75-595344.0;J112938.8-595344,True,1.9167,2,172.4117668,-59.8956952,6.8e-05,AABA,0000,0,True,,,,,,,,,12275.0,7.0461384386459995,0.9490475431575253,-1.943033220134073,1.344927517469153,1.8199600397307325,47.92954448892665,14.562786989793475,106.0,3.7760212847962915,-0.1,215.59246659441362,0.0022281753905429896,5336093039630061696,0.031029,11.733549,0.329574,0.2441,16.165562913907284,0.83,17352.1,5713.757,0,0,0.004665402390548975,451708707,11.667,,,,,ASAS J112939-5953.7,EclBin,,True,True,True,True,True,True,True,True,True,True,True,True,False,False,False,17,18,B,nearby;wise_image,6.0,"10,11,37,64,99,100"
J232537.66+613847.9,3,asassn;gaia_dr3;vsx,0.037208,1.9222;1.922,EA;ECL,2015669349341459328;ASASSN-V J232537.67+613848.0;J232537.70+613848.3,True,1.9221,2,351.4069445,61.64666,0.000109,AAAA,0000,0,True,8862.0,32.75439493744347,3.972024307048847,13.343866012955218,18.6365216958324,1.2248184559310302,128.0,0.0016197580453117474,6475.0,1.838782212104408,0.9065256770556595,-3.731773561581193,1.116844600723518,1.6704416391692098,15.436385266730712,13.187013449815646,108.0,13.926791718406584,-0.1,183.34239561302505,0.004381220543701614,2015669349341459328,0.057862,12.004619,0.919674,0.2489,7.474474474474474,2.951,6417.8,3556.4822,0,0,0.0004655294926392993,270022476,11.564,8862.0,11.336,,GIANT,NGC  7654  1123,EclBin,,True,True,True,True,True,True,True,True,True,True,True,True,False,False,True,17,18,B,nearby,9.0,"17,18,24,57,58,77,78,84,85"
J222457.26+513651.5,1,vsx,0.081603,,E,MU Lac,,,1,336.2385948,51.6143264,9.1e-05,AAAA,0000,0,True,,,,,,,,,3350.0,5.238947354637487,1.0797263807938073,2.6723380923763926,6.720371854340219,30.80590856950592,46.30841816287423,35.40968138646241,215.0,6.607968873652626,-0.1,1221.811934364765,0.07040148509800681,2001299217715515648,0.008814,12.787321,1.479533,3.637,24.311497326203206,13.744,,274.95188342040143,0,0,0.002979216583952635,467463928,11.982,,,,GIANT,V* MU Lac,EclBin,,True,False,True,True,True,True,True,True,True,True,True,True,True,False,True,17,18,B,multi_survey,7.0,"16,17,56,57,76,77,84"
J075739.78+773434.9,1,gaia_dr3,0.178664,,ECL,1138343737065678720,,,1,119.4157574,77.57637,1.4e-05,AAAA,0000,0,True,7042.5,6.190745654257654,-2.7254956453446573,16.33461036654661,1.8226289132934304,-2.84606270855658,40.0,0.1042075019548609,8400.0,1.1551205405935694,1.0006865009706103,0.0232764881181036,1.0328102795223457,1.1497209465588738,2.038590473850021,18.438152796267623,144.0,0.0006183493427050217,-0.1,58.537288452528884,0.00010137071653965889,1138343737065678720,0.178664,6.816769,0.349375,4.0437,195.34782608695653,0.96,7395.2,249.7433,0,0,1.0938949061646567e-05,441618236,6.621,7042.5,6.764,,GIANT,V* FH Cam,EclBin,A3,True,False,True,True,True,True,True,True,True,True,True,True,True,False,True,17,18,B,multi_survey,8.0,"20,26,40,47,53,60,73,74"
J060413.65-071148.3,2,asassn;vsx,0.075957,0.665658;0.66566,EW,ASASSN-V J060413.66-071148.3;J060413.66-071148.4,True,0.665659,1,91.0569102,-7.1967577,0.000179,AAAA,0000,0,True,7874.4,1.8787712760441793,27.96521405668148,17.631739395456073,23.881449603822507,0.532056979038227,234.0,0.0031438911240008393,8325.0,1.1116750028411504,1.0353508703064778,1.2357073291843124,4.519947361273831,28.184209413010983,24.586653739248398,17.65384116513413,235.0,1.2575541347957246,-0.1,343.1666603020619,0.0027540949093271005,3018300125670463360,0.044531,10.665842,0.319536,2.5278,119.80094786729858,1.216,7899.1,401.9738,0,0,0.0,71728354,10.512,7874.4,1.607,0.0077,DWARF,TYC 4794-1400-1,EclBin,A5V,True,False,True,True,True,True,True,True,True,True,True,True,True,False,True,17,18,B,multi_survey,3.0,"6,33,87"
J042859.11+362311.0,2,crts_drake2014;vsx,0.036528,0.937498;0.937498,1;EW,CSS_J042859.1+362311;J042859.1+362311,True,0.937498,1,67.2463275,36.3864113,6.5e-05,AAAA,0000,0,True,,,,,,,,,2500.0,29.36913301884323,1.181209558752377,5.5520991774315585,4.539229655857049,28.21822251535117,16.88636649893857,17.61102741041219,276.0,26.27599169953655,-0.1,262.72193533397257,0.0741381415837802,177975958619305728,0.04751,15.812158,2.886645,,,,,,0,0,0.0,353847813,14.406,,,,GIANT,CRTS J042859.1+362311,EclBin,,True,False,True,True,True,True,True,True,True,True,True,True,True,False,True,17,18,B,multi_survey,3.0,"19,59,86"
J080957.52-490820.1,1,tess_oba_ebs,0.092582,,nan,238616135,,,1,122.4896966,-49.1389297,0.000103,AAAA,hh00,0,True,13589.0,3.682325559888665,12.553639654546418,17.242333584466554,9.035338659240718,0.4460879577556827,176.0,0.0001823446933986084,11150.0,0.40011617500672564,0.971073862445772,-1.0780558177568758,1.4450824527101283,11.146818003444602,8.486125750771116,17.10345888540851,171.0,1.1667988660158688,-0.1,177.35804683156584,0.0003030868006415497,5514373043228302080,0.085834,8.896297,-0.027143,2.613,120.4147465437788,0.941,,382.70187523918867,0,0,0.001411252746067426,238616135,8.959,13589.0,,,,HD  68396,Star,A0Vn,True,False,True,True,True,True,True,True,True,True,True,True,True,False,True,17,18,B,multi_survey,7.0,"7,9,34,36,61,62,89"
J214345.90+510535.5,1,asassn,0.1417526769450828,4.2485,EA,J214345.90+510535.7,,4.2485,1,325.9412844,51.0932122,6.1e-05,AAAA,0000,0,True,10277.0,9.315825684822585,11.44382355692304,16.848267890355636,44.689094944369934,1.2996066296835318,141.0,0.002375427945764905,8225.0,0.048187536306517835,0.9649485670873379,-1.314633444032514,2.0563656387444964,10.523552649059358,40.25974830680419,16.8058400598772,138.0,1.7341386778772485,-0.1,284.66414410522316,0.004205633017267783,1980813044032229376,0.020706,11.7551,0.512387,0.4534,37.47107438016529,0.844,13217.5,2149.1445,0,0,0.007832059894328551,421242494,11.548,10277.0,5.105,,GIANT,TYC 3603-21-1,Star,,True,False,True,True,True,True,True,True,True,True,True,True,True,False,True,17,18,B,multi_survey,6.0,"16,56,57,76,83,84"
J161205.04-204340.7,1,vsx,0.261401,18.5819,E,EPIC 204817605,,18.5819,1,243.0210035,-20.7279798,9.1e-05,AAAA,0000,0,True,,,,,,,,,3400.0,59.37556477621152,0.9326048297865044,-2.6153762733346912,2.452187478678935,21.432462993511333,9.129324843495876,16.669099689136647,247.0,7.348118056414798,-0.1,213.0109085426661,0.01397770649371976,6243868702963748352,0.222616,13.032517,2.375381,8.1288,17.254935257907025,4.248,,123.01938785552603,0,0,0.0,49200695,11.946,,,,GIANT,2MASS J16120505-2043404,OrionV*,M1.0e,True,False,True,True,True,True,True,True,True,True,True,True,True,True,True,17,18,B,multi_survey,1.0,91
J003939.39+614202.9,1,vsx,0.046886,19.0586,EA,CzeV4221,,19.0586,1,9.9141633,61.7008269,0.000106,AAAA,dd00,0,True,10642.0,19.240733731029042,19.317181310008888,17.297815922647782,4.250437606877975,5.4874569480610935,421.0,0.00043601886793185224,8225.0,8.099764781962607,1.0879623482687317,2.9260787784577427,1.9249082706742402,17.38968398044771,3.782515842435305,16.63948852811243,372.0,5.871411494888389,0.009999999999999995,7.8399097284058366,0.0006610767827595454,427272524963199616,0.045384,8.480944,0.215022,1.7569,93.45212765957446,1.047,,569.1843588138198,0,0,0.025666864988419035,284443090,8.399,10642.0,4.94,0.067,DWARF,HD   3616,Star,A0,True,False,True,True,True,True,True,True,True,True,True,True,True,False,True,17,18,B,multi_survey,6.0,"17,18,24,58,78,85"
J110859.18-564050.5,1,tess_oba_ebs,0.032208,,nan,307878702,,,1,167.2466071,-56.6807178,0.000116,AAAA,0000,0,True,,,,,,,,,13900.0,0.19987974986444396,0.9560155540152804,-1.6650881620514986,1.6733542072821808,10.922449029184973,15.472091389082134,15.387308420669301,159.0,2.783547239325973,-0.1,190.61897584116159,0.0003064670936151927,5340760981860602240,0.097093,10.0901,0.08122,0.3792,22.175438596491226,0.9,18238.2,2521.9016,0,0,0.003104354555596855,307878702,10.143,,,,,HD  96967,Star,B3/7(V),True,False,True,True,True,True,True,True,True,True,True,True,True,False,True,17,18,B,multi_survey,7.0,"10,37,63,64,90,99,100"
J171047.03-442701.4,1,gaia_dr3,0.365575,,ECL,5965046568635067648,,,1,257.6959942,-44.4503979,0.000152,AAAA,0000,0,True,9510.0,42.21487891374015,4.034753659726223,15.376657820552008,19.56276840210605,2.2596854576168433,143.0,0.0012596029419752856,4975.0,0.21433893352246103,0.8910877983027681,-4.423429458834175,1.1886129247651074,1.7580419969246288,14.350192855830155,15.075763612253759,120.0,19.5680314647623,-0.1,235.76043264219274,0.007319590419284928,5965046568635067648,0.365575,12.209435,1.341206,0.4794,18.297709923664122,1.522,,2085.9407592824364,0,0,0.013621007459815145,382017036,11.568,9510.0,8.893,,GIANT,UCAC4 228-137476,SB*,,True,False,True,True,True,True,True,True,True,True,True,True,True,False,True,17,18,B,multi_survey,6.0,"12,39,66,93,103,104"
J200336.35+310625.0,2,gaia_dr3;vsx,0.070453,1.16754,E;ECL,2030693561586426752;Gaia DR3 2030693561586426752,,1.16754,1,300.9014864,31.1069599,7.5e-05,AAAA,0h00,0,True,10597.0,13.088382427347067,-2.679199045673858,14.672518407840858,14.805675148071554,0.20222498093683006,40.0,0.5214422816540805,8125.0,0.037772357509935885,0.9227869885707202,-3.028252566247492,0.7631876579434549,-4.954369595276393,13.079821788648538,14.53228577806998,40.0,33.71788844947814,-0.1,244.9034216270787,1.0027170485018944,2030693561586426752,0.070453,10.713964,0.748645,0.4428,38.8421052631579,0.969,16471.6,2457.6895,0,0,0.005361742312724183,105899266,10.372,10597.0,11.59,,GIANT,TYC 2670-1139-1,EclBin,,True,False,True,True,True,True,True,True,True,True,True,True,True,False,False,17,18,B,multi_survey;wise_image,8.0,"14,41,54,55,74,75,81,82"
J210423.04+503307.0,2,gaia_dr3;vsx,0.053007,3.41949,E;ECL,2169141351311658112;Gaia DR3 2169141351311658112,,3.41949,1,316.0960394,50.5519583,8.8e-05,AAAA,0000,0,True,,,,,,,,,3875.0,13.452515541515533,0.8795157392108183,-4.957808720198428,0.921651400232223,-1.6481655982353722,15.969843693489825,13.753372335352514,40.0,27.297094294437155,-0.1,216.45156774012202,10.952278587046946,2169141351311658112,0.053007,14.246139,2.461644,0.3457,4.472186287192756,5.531,7914.0,1333.2323,0,0,0.006504429337747275,290063506,13.191,,,,GIANT,Gaia DR3 2169141351311658112,EclBin,,True,False,True,True,True,True,True,True,True,True,True,True,True,False,True,17,18,B,multi_survey,8.0,"15,16,55,56,75,76,82,83"
J085722.48-481433.3,2,gaia_dr3;vsx,0.04523,3.50921,E;ECL,5328516030073812224;Gaia DR3 5328516030073812224,,3.50921,1,134.3436681,-48.2425975,7.4e-05,AABA,0000,0,True,3994.0,12.833992319263952,3.026818601727691,13.711987959758503,36.296306583960884,-6.367393648877057,118.0,0.037746533496952984,4075.0,12.076856123812886,0.8648757758582707,-5.654348149784444,1.5114543161074967,3.1672194339005992,37.17836433304726,13.721204711737288,119.0,31.972314019560695,-0.1,230.27439068284994,0.03602953555059872,5328516030073812224,0.078629,14.298409,2.181201,0.5278,33.40506329113924,1.033,,1894.65706707086,0,0,0.0,400592330,13.267,3994.0,9.036,,GIANT,Gaia DR3 5328516030073812224,EclBin,,True,False,True,True,True,True,True,True,True,True,True,True,True,False,False,17,18,B,multi_survey;wise_image,8.0,"8,9,35,36,62,63,89,90"
J071951.40-240400.6,1,vsx,0.155393,1.01184,ED,ASAS J071952-2404.0,,1.01184,1,109.9641813,-24.0668557,0.000104,AAAA,0h00,0,True,,,,,,,,,16550.0,1.9486894526488292,0.9904090531284752,-0.35046927406520056,1.3337520601131057,6.966402525478132,9.802827302536242,12.828667758734204,151.0,0.12357527823037447,-0.1,120.43458353983249,0.00011210228948466037,5617719263555651968,0.027533,8.738292,-0.190512,0.7844,19.464019851116625,1.353,16790.6,1463.8364,0,0,0.000195837130799543,106588577,9.019,,,,,HD  57325,PulsV*,B3V,True,False,True,True,True,True,True,True,True,True,True,True,True,False,False,17,18,B,multi_survey;wise_image,7.0,"7,33,34,61,87,88,108"
J040818.25+322736.0,1,vsx,0.117772,2.334,E,HD 25999,,2.334,1,62.0760568,32.4600003,0.000143,AAAA,0o00,0,True,8248.0,10.439406758875775,2.173967995680695,11.675272871317738,2.5137383824632193,-4.25204828090847,155.0,0.0001512077877617464,10800.0,1.833058889205581,0.9791348935849606,-0.7712250749568996,1.1984379274850598,5.992557404004099,2.856584998192157,12.600970033297397,207.0,0.5987057392351318,-0.1,39.44428937282896,8.963388497300193e-05,169425224194573056,0.070071,7.490004,0.252407,6.3022,213.63389830508476,1.013,,158.67474850052363,0,0,4.376704242648322e-06,467728012,7.355,8248.0,2.405,0.0026,DWARF,HD  25999,Star,A0pSr,True,False,True,True,True,True,True,True,True,True,True,True,True,False,True,17,18,B,multi_survey,6.0,"19,43,44,59,70,86"
J070132.37-132625.3,1,gaia_dr3,0.081043,,ECL,2948727668434458240,,,1,105.3848794,-13.4403682,0.000194,AAAA,hh00,0,True,10866.0,13.241731882143288,8.727808660851647,12.45643657303215,5.748505706441622,1.6790010403445255,177.0,0.0002089187551343129,8150.0,0.7913287355980925,0.9646036825708372,-1.3280432866662855,1.17502460609329,5.3908247416998645,5.0777109627253125,12.109892455232988,155.0,1.7660871119705117,-0.1,100.19372394550346,0.00042273627218451874,2948727668434458240,0.081043,9.209859,0.231635,0.8813,44.736040609137056,0.864,12802.7,1101.6731,0,0,0.00041680341135075835,147708177,9.119,10866.0,10.001,,GIANT,HD  52668,EclBin,B3/5III,True,False,True,True,True,True,True,True,True,True,True,True,True,False,True,17,18,B,multi_survey,4.0,"7,33,87,108"
J082053.67-622336.3,1,tess_oba_ebs,0.099157,,nan,309551309,,,1,125.223665,-62.393431,2.8e-05,AAAA,HH00,0,True,13062.0,3.2482593708449663,11.152388576569018,11.819913658249721,2.561779861198451,-0.5664099447990756,328.0,7.660654759928695e-05,12250.0,2.9138500701402648,0.9710990102800098,-1.0770906831730787,1.4184120097220643,10.675907619391728,2.5100643227575294,11.663983296780927,322.0,1.4349295589592692,-0.1,11.76764967249121,8.684099725920489e-05,5277781161945756928,0.061714,7.893562,0.003448,2.394,103.18965517241381,0.866,12164.0,423.5324,0,0,0.0,309551309,7.933,13062.0,,,,HD  70875,Variable*,B8V,True,False,True,True,True,True,True,True,True,True,True,True,True,False,True,17,18,B,multi_survey,20.0,"1,8,9,10,11,28,31,35,36,37,38,61,62,63,64,68,88,89,90,95"
J120726.23-604131.7,2,gaia_dr3;vsx,0.046084,4.76156,E;ECL,6058601062438520704;Gaia DR3 6058601062438520704,,4.76156,1,181.8593061,-60.6921392,3e-05,AAAA,0h00,0,True,,,,,,,,,8550.0,0.02172762326309127,0.9279948261850377,-2.8081558910623405,3.3342286074037237,15.51230209536923,25.88117042535611,11.104099886004306,197.0,7.988008985278333,-0.1,247.36388017602744,0.002324675588261735,6058601062438520704,0.12268,11.745353,0.401644,0.6976,47.78082191780822,0.854,,1433.48623853211,0,0,0.004227096910489185,380133119,11.634,,,,,TYC 8974-208-1,EclBin,,True,False,True,True,True,True,True,True,True,True,True,True,True,False,False,17,18,B,multi_survey;wise_image,8.0,"10,11,37,38,64,99,100,101"
J160558.63-194903.1,1,atlas_heinze2018,0.133334,3.75315,DBF,J241.4943-19.8175,,3.75315,1,241.4943088,-19.8175439,0.000131,AAAA,0000,0,True,3224.0,32.133397678919856,26.564740228087068,10.651401331261773,14.701299254180336,0.829274211374859,262.0,0.029303949758631886,3400.0,24.1500862468722,1.0823649589567597,2.754050045774008,4.049764173078834,27.254586005259963,15.91896119540141,10.710865726265013,268.0,6.074524084795613,-0.1,219.8263656381676,0.027554671626528995,6244205531477555456,0.175182,14.942397,2.935178,6.5726,178.60326086956522,1.092,3395.4,158.6203,0,0,0.04276885167065115,48667695,13.625,3224.0,0.633,0.0139,DWARF,ATO J241.4943-19.8175,OrionV*,M4,True,False,True,True,True,True,True,True,True,True,True,True,True,True,True,17,18,B,multi_survey,1.0,91
J085125.73-415632.3,2,gaia_dr3;vsx,0.016068,10.1516,E;ECL,5524542731207705088;Gaia DR3 5524542731207705088,,10.1516,1,132.8572189,-41.9423118,0.000133,AAAA,0000,0,True,10496.0,50.10990827444594,17.89745447567908,10.367100439383647,15.563798385250893,3.0502725028378705,207.0,0.0007658482419991766,6700.0,1.0754306276625767,0.9195357132759565,-3.166923916965724,2.042376262250964,14.976535299595495,12.195197166306206,10.170473317056963,196.0,10.08205340171914,-0.1,137.598857024477,0.002140479433895169,5524542731207705088,0.016068,11.861336,0.724772,0.4921,43.548672566371685,0.888,,2032.10729526519,0,0,0.0009281614088414259,29208454,11.544,10496.0,5.611,,GIANT,GES J08512573-4156323,EclBin,,True,False,True,True,True,True,True,True,True,True,True,True,True,False,True,17,18,B,multi_survey,5.0,"8,9,35,62,89"
J125119.04-571955.7,2,asassn;vsx,0.060097,1.3947;1.3947,EA,ASASSN-V J125119.05-571955.7;J125119.04-571955.1,True,1.3947,1,192.8293569,-57.3321511,5.6e-05,AAAA,0000,0,True,6394.0,16.072522734938836,18.53045290254349,10.172518512818403,15.853784837642365,-2.2574290835873096,195.0,0.0032805794715558335,5700.0,8.20758882340903,0.8851106489900357,-4.6976999645945785,2.195819591964073,17.390593821014576,14.524573285581292,10.109845281745596,192.0,22.14532286413558,-0.1,198.2406368344111,0.004120263848201106,6060534965948620672,0.015424,12.793522,0.959742,,,,,,0,0,0.022374641095758954,412440900,12.045,6394.0,1.425,0.2879,DWARF,,,,True,False,True,True,True,True,True,True,True,True,True,True,True,False,False,17,18,B,multi_survey;wise_image,7.0,"11,37,38,64,99,100,101"
J092427.58-461754.5,2,gaia_dr3;vsx,0.084933,2.26785,E;ECL,5422763929120045184;Gaia DR3 5422763929120045184,,2.26785,1,141.1149266,-46.2984983,0.000114,AAAA,0000,0,True,5079.0,3.7379494776168958,8.804918143173492,9.893154214117061,5.289939668030984,-2.018914035658737,181.0,0.0018019181152595593,4900.0,2.7406651400148836,0.9249624976179966,-2.936008514239688,1.280565247438552,7.929306935622746,5.114430750248103,9.81401613946861,176.0,8.624639398843662,-0.1,77.1007171025683,0.0019013167176786063,5422763929120045184,0.115208,11.740882,1.680009,1.3199,69.10471204188482,1.513,,757.6331540268202,0,0,0.0002244506151465342,77011668,10.889,5079.0,7.388,,GIANT,Gaia DR3 5422763929120045184,EclBin,,True,False,True,True,True,True,True,True,True,True,True,True,True,False,True,17,18,B,multi_survey,8.0,"8,9,35,36,62,63,89,90"
J094742.50-562630.0,1,tess_oba_ebs,0.112819,,nan,443340750,,,1,146.9271244,-56.4416933,4.3e-05,AAAA,dddd,0,True,,,,,,,,,12525.0,1.4344383575304043,0.9698831827308492,-1.1238095289349954,1.017734067492271,0.6102905860088794,4.666094846247346,9.3741751083659,99.0,1.2629763251773511,-0.1,81.01144502032578,0.00019270520167107374,5307604311042180224,0.183476,8.951384,-0.045074,1.4337,61.00851063829787,0.944,,697.4959893980609,0,0,0.007094925699760325,443340750,9.072,,,,,HD  85082,Star,B8IV,True,False,True,True,True,True,True,True,True,True,True,True,True,False,True,17,18,B,multi_survey,8.0,"9,10,36,37,63,64,89,90"
J032319.22+512329.3,1,vsx,0.172,4.50655,EA,V0732 Per,,4.50655,1,50.8301234,51.3914824,7.2e-05,AAAA,0000,0,True,9154.0,2.471320574918092,14.140928989923943,9.34568245227399,12.661915096216315,-0.384015271465892,180.0,0.0008627173960968108,8350.0,0.6379786411374274,0.9593663416598334,-1.5328671323949756,1.7627478215576409,13.422921950729348,12.106101836166399,9.308889407758146,178.0,2.3568834834945696,-0.1,85.48594110644635,0.0010666348542202882,442707091230319616,0.050743,10.991721,0.665175,1.2465,84.22297297297297,0.924,11542.9,757.5519,0,0,0.0,252821942,10.678,9154.0,3.536,0.1426,DWARF,V* V732 Per,EclBin,B9,True,False,True,True,True,True,True,True,True,True,True,True,True,False,True,17,18,B,multi_survey,3.0,"18,58,86"
J203732.75+461923.2,1,vsx,0.083392,0.177572,HADS:|EW,ZTF J203732.74+461923.2,,0.177572,1,309.3864692,46.3231186,0.000148,AAAA,dd00,0,True,6057.0,19.786129075342565,8.14981252247805,9.093813776017704,11.487995178481917,-1.3768407734168353,184.0,0.0026388136093534495,5225.0,4.5954915128355545,0.8825809237483285,-4.814899075552959,1.6209347241927776,6.931919186148786,10.150760181222655,8.979588361130235,176.0,23.200153418996717,-0.1,121.98178158164421,0.0035010433331570823,2071259768192342272,0.071152,12.526898,1.249527,0.6534,31.718446601941746,2.051,6182.2,1278.9722,0,0,0.0,189120149,11.879,6057.0,6.381,,GIANT,ATO J309.3864+46.3230,delSctV*,,True,False,True,True,True,True,True,True,True,True,True,True,True,False,False,17,18,B,multi_survey;wise_image,9.0,"15,16,41,55,56,75,76,82,83"
J060533.48+221628.8,1,vsx,1.20558,,E:,NSV 2821,,,1,91.3895318,22.2746774,0.00017,AAAA,0000,0,True,12695.0,2.6258985301393496,13.280279422872459,8.980164710297625,10.156725588977459,0.719089877629847,183.0,0.00025525735989303356,10900.0,0.9221882753138284,0.9879131363350182,-0.4427901266613653,1.6027376543389091,12.373035628078517,9.669559096080043,8.930754711747454,179.0,0.1975795349647931,-0.1,58.685401952459955,0.0003790224504289498,3423728820617420288,0.054856,9.611372,0.15806,1.0873,51.2877358490566,1.114,,919.7093718384991,0,0,0.0,385598188,9.578,12695.0,,,,HD 251341,Star,A2,True,False,True,True,True,True,True,True,True,True,True,True,True,False,True,17,18,B,multi_survey,6.0,"43,44,45,71,72,1751"
J200145.46+384406.9,1,tess_ebs,0.018133,0.381692,0.976,40102236,,0.381692,1,300.4394175,38.7352651,0.0001,AAAA,hhd0,0,True,10857.0,6.612071193791939,4.855320289979538,8.274132464265458,2.178999546441648,-2.6083838434534146,223.0,5.9689266043896315e-05,13325.0,2.7456822048616694,0.9764313523563257,-0.8735665844872207,1.2297794517821898,6.762184594640213,2.332271659632117,8.735336226667314,252.0,0.7861241809326945,-0.1,11.261733954394588,4.166695080592931e-05,2072419065786863232,0.031091,7.848515,-0.049837,2.8797,112.48828125,0.838,9990.8,335.3703,0,0,0.00022787305152133239,40102236,7.899,10857.0,3.189,,DWARF,,,,True,False,True,True,True,True,True,True,True,True,True,True,True,False,True,17,18,B,multi_survey,9.0,"14,15,41,54,55,74,75,81,82"
J073821.46-221416.4,1,vsx,0.113046,4.4501,EA+BE,V0670 Pup,,4.4501,1,114.5894267,-22.237896,0.000207,AAAA,0000,0,True,10627.0,27.4651911542299,10.184787476331136,8.62344484691565,5.055384477282412,5.160238257206372,199.0,0.00020086944842431635,8800.0,22.369594728418665,1.1015601099128067,3.3367066490294186,1.2886370787106072,8.106335279060769,4.6533189438483955,8.439713702420041,186.0,11.126525552111117,-0.1,34.232968346339376,0.0003052255558491046,5618972535011404544,0.132636,8.90659,-0.014357,0.7534,11.014619883040934,3.004,,1327.3161667109107,0,0,0.0007143701265952441,415089399,8.94,10627.0,9.715,,GIANT,V* V670 Pup,EclBin,B5(IV),True,False,True,True,True,True,True,True,True,True,True,True,True,False,True,17,18,B,multi_survey,5.0,"7,34,61,88,108"
J092405.70-525157.7,2,gaia_dr3;vsx,0.025458,2.19514,E;ECL,5312358019526915584;Gaia DR3 5312358019526915584,,2.19514,1,141.0237793,-52.8660457,7.6e-05,AAAA,0h00,0,True,,,,,,,,,9100.0,1.7816440775209048,0.9279472218371673,-2.810156585914142,1.0076323504604008,0.2741317048317332,4.619914873740619,8.423010277137204,87.0,7.89701905926113,-0.1,75.81367762994887,0.000726620104532753,5312358019526915584,0.08528,9.760722,0.460755,0.3991,26.25657894736842,1.011,19347.2,2589.1487,0,0,0.0006060301552428777,295953805,9.586,,,,,HD 298420,EclBin,B1/2,True,False,True,True,True,True,True,True,True,True,True,True,True,False,True,17,18,B,multi_survey,8.0,"9,10,35,36,62,63,89,90"
J081322.28-382618.0,1,tess_oba_ebs,0.080268,,nan,182307712,,,1,123.3428585,-38.4383448,0.000171,AAAA,hh00,0,True,,,,,,,,,10200.0,3.711347475770805,0.9110136808102166,-3.53509760638593,1.018864025897085,0.6700716145096595,1.927635914175749,7.91649477844265,130.0,12.496924538901988,-0.1,47.42733288331986,5.52839340321739e-05,5540761975127277568,0.048856,7.485817,0.181618,1.7276,48.25698324022347,1.518,17195.6,630.8568,0,0,0.0005364186053501015,182307712,7.445,,,,,HD  68982,Star,B3V,True,False,True,True,True,True,True,True,True,True,True,True,True,False,True,17,18,B,multi_survey,8.0,"7,8,34,35,61,62,88,89"
J055606.26-381649.2,1,tess_ebs,0.129878,0.516096,0.859,20072363,,0.516096,1,89.0261212,-38.2803372,0.000174,AAAA,0000,0,True,9369.0,4.178693848970594,3.773156626390824,7.332751620264951,2.6888615051056988,-2.5664519227949425,178.0,0.00011570328129812179,11050.0,0.295142291695186,0.976399577915503,-0.8747727632647958,1.1866271791455063,5.6919839342763785,2.872258915513863,7.60998310489407,202.0,0.7687269463916697,-0.1,23.1323461197814,8.297219944250257e-05,2883699664545307136,0.065104,8.703219,0.062578,4.3824,229.44502617801047,1.002,9442.7,230.0504,0,0,2.5994948031305777e-05,20072363,8.691,9369.0,1.578,0.0101,DWARF,HD  40285,Star,A0V,True,False,True,True,True,True,True,True,True,True,True,True,True,False,True,17,18,B,multi_survey,7.0,"5,6,32,33,87,98,108"
J132421.88-535958.4,1,tess_ebs,0.32341,1.22279,0.499,359308549,,1.22279,1,201.0911769,-53.9995632,9.2e-05,AAAA,0000,0,True,9709.0,1.2927084717064463,1.646399662511404,7.210889386712205,1.626559834482167,-1.8275956015153012,184.0,3.89714983212913e-05,10475.0,0.4585571427751067,0.9721335089798152,-1.0374315160316152,1.0780621886920196,2.620595403326317,1.677622797012109,7.561187639580733,212.0,1.0787554839680114,-0.1,10.468090422238816,3.651233005224758e-05,6067344516312101376,0.133299,7.580386,0.073458,7.0778,224.69206349206348,1.049,9994.8,144.949,0,0,5.069004512915514e-05,359308549,7.559,9709.0,1.653,0.0109,DWARF,HD 116388,Star,A1V,True,False,True,True,True,True,True,True,True,True,True,True,True,False,True,17,18,B,multi_survey,8.0,"11,38,64,65,99,100,101,102"
J073130.12-365327.0,1,tess_ebs,0.036192,1.75347,0.535,173756330,,1.75347,1,112.8755032,-36.8908348,5.9e-05,AAAA,0h00,0,True,8650.0,1.6732997124297597,4.427025043138881,7.015906115043034,3.1742017476795175,-2.7121558182876027,174.0,0.00018786399644205216,9375.0,0.4877521568294783,0.9530928170269156,-1.7811775833809302,1.1779746421903254,5.467959032791279,3.290768243403232,7.130209836800966,185.0,3.1751589462476675,-0.1,32.05248070872807,0.00015845872807922334,5586397308316921984,0.065953,8.930333,0.224833,4.9516,315.38853503184714,0.983,8028.0,199.6396,0,0,1.6092236256667212e-05,173756330,8.824,8650.0,1.521,0.0228,DWARF,HD  60126,Star,A3V,True,False,True,True,True,True,True,True,True,True,True,True,True,False,True,17,18,B,multi_survey,5.0,"7,8,34,61,88"
J155605.60-365334.5,1,tess_ebs,0.333408,7.67183,0.313,364200513,,7.67183,1,239.0233725,-36.8929415,0.000127,AAAA,0000,0,True,6992.0,3.902215480574677,-0.6390687444540073,6.513306555498744,2.0916607656506594,-3.4358068567984144,40.0,0.1412575421697718,7350.0,2.9675949988536146,0.9318646524693006,-2.6462002266756155,1.0098955186271312,0.3546215966624729,2.154302115938472,6.686794107875177,109.0,7.002376544676198,-0.1,40.833249002422484,0.00023658220442339257,6010483822238426240,0.193123,8.877309,0.570837,7.3739,368.695,1.029,6598.8,134.4019,0,0,0.0006286871632614279,364200513,8.568,6992.0,1.492,0.0207,DWARF,HD 142446,Star,F3V,True,False,True,True,True,True,True,True,True,True,True,True,True,False,True,17,18,B,multi_survey,3.0,"12,65,103"
J061254.94+090208.8,1,tess_oba_ebs,0.041752,,nan,153406662,,,1,93.2289447,9.0357892,0.000148,AAAA,0000,0,True,,,,,,,,,13625.0,3.894572211603969,0.9786444170333537,-0.7897498893040612,1.0624846295087433,2.1284017548535754,2.585189797227844,6.657530352738663,153.0,0.6242928718617577,-0.1,28.45960242565005,3.578962520680957e-05,3328632747127743104,0.038739,7.935685,-0.100881,1.5237,19.89164490861619,1.393,15051.8,884.879,0,0,0.00036100911284805504,153406662,8.037,,,,,HD  42771,Star,B9,True,False,True,True,True,True,True,True,True,True,True,True,True,False,True,17,18,B,multi_survey,3.0,"6,33,87"
J035302.29+455724.7,1,tess_oba_ebs,0.028093,,nan,432176789,,,1,58.2595586,45.9568767,0.000105,AAAA,hh00,0,True,14208.0,13.19107492652463,3.4023962262059233,6.956716406973212,3.2467136176511526,1.2997288186779397,159.0,4.44461956920927e-05,10325.0,3.8530051567097985,0.9630186521240556,-1.3897961443463194,0.9980350408039959,-0.07125425637211553,2.9121395966625845,6.6009732062557225,40.0,1.9366175273375632,-0.1,41.77693077851651,0.0780175874896167,244281835538657792,0.079501,8.504569,0.18404,1.1056,41.878787878787875,0.918,16684.7,1025.3883,0,0,0.003505757664821256,432176789,8.458,14208.0,,,,HD  24177,Star,B9,True,False,True,True,True,True,True,True,True,True,True,True,True,False,True,17,18,B,multi_survey,3.0,"19,59,86"
J120618.38-694753.7,1,tess_oba_ebs,0.056447,,nan,311840827,,,1,181.5765978,-69.7982709,6.9e-05,AAAA,0h00,0,True,12270.0,1.6133299410572601,-0.12193035591775389,6.241906956194319,1.5821196704317007,-1.5364905859332203,40.0,0.014223749944177692,13375.0,1.0194002535561537,0.9764523481094339,-0.8727696148931251,1.0213099176349392,0.755139672335232,1.6246000079543057,6.522286628322631,147.0,0.7617369948351874,-0.1,16.334389296583893,1.515781400059255e-05,5856098577095815808,0.065468,7.524413,0.030637,1.4955,30.030120481927714,1.698,8000.0,550.671,0,0,0.0006169066239592873,311840827,7.542,12270.0,,,,HD 105139,Star,B2II/III,True,False,True,True,True,True,True,True,True,True,True,True,True,False,True,17,18,B,multi_survey,7.0,"11,37,38,64,65,99,100"
J024405.05+675230.0,2,gaia_dr3;vsx,0.035605,6.028,E;ECL,517546999440656512;Gaia DR3 517546999440656512,,6.028,1,41.0210755,67.8750132,0.0001,AAAA,dd00,0,True,6831.0,2.2912048647018435,-0.7017763518930216,6.617827780384994,2.7777830786743696,-2.1095138292823488,40.0,0.24641647171425274,6550.0,1.5904786529919837,0.9268327563058562,-2.857053585292056,0.9559115601194396,-1.6692065593615364,2.7015278297437937,6.512753363085154,40.0,10.949161455673634,-0.1,53.29591370411204,0.266965936466453,517546999440656512,0.035605,10.395895,1.241085,1.2358,89.55072463768116,1.008,,809.1924259588931,0,0,0.0016793088295222042,280190869,9.752,6831.0,8.169,,GIANT,TYC 4312-948-1,EclBin,,True,False,True,True,True,True,True,True,True,True,True,True,True,False,True,17,18,B,multi_survey,9.0,"18,19,25,52,58,59,78,79,86"
J070720.68-093459.6,1,vsx,0.052241,2.3551,EB,V0930 Mon,,2.3551,1,106.8361963,-9.5832253,3.7e-05,AAAA,dh00,0,True,13599.0,38.98157669506667,15.500616446348428,7.335216032507605,2.740194952056292,5.4719881309794625,790.0,0.00036035285334708113,8450.0,11.96056926502015,1.0333915564969578,1.1694315865088833,1.4665616495921794,11.513617011481012,2.2662296486092934,6.4536443372484245,405.0,0.6053872453217503,0.06,4.490238981315042,0.0003233235171845758,3049687781034121472,0.03559,8.301414,0.255442,0.8299,35.314893617021276,1.068,15008.6,1100.2316,0,0,0.00012956408932606633,177410029,8.202,13599.0,,,,V* V930 Mon,EclBin,B3III,True,False,True,True,True,True,True,True,True,True,True,True,True,False,True,17,18,B,multi_survey,3.0,"7,33,87"
J204812.11+495943.7,1,tess_oba_ebs,0.182407,,nan,365489252,,,1,312.0504935,49.9954876,0.000116,AAAA,0h00,0,True,8559.0,6.586181711990909,0.7852351031452981,5.890837584374666,1.641086661690601,-3.0534830339686763,147.0,5.855430839504664e-05,9500.0,4.621537025991512,0.952840155143251,-1.791246611349722,1.0686585086654259,2.325190196191139,1.7218177178484435,6.321675354578565,198.0,3.2104885229949853,-0.1,14.918862545154244,4.957842517677623e-05,2168165633517159424,0.100112,7.913777,0.158496,5.8556,262.58295964125557,0.957,10086.3,171.7052,0,0,0.0023151570644390947,365489252,7.836,8559.0,1.879,0.0364,DWARF,HD 198400,SB*,A2,True,False,True,True,True,True,True,True,True,True,True,True,True,False,True,17,18,B,multi_survey,8.0,"15,16,55,56,75,76,82,83"
J155027.29-573926.7,1,tess_oba_ebs,0.110259,,nan,79508775,,,1,237.6137159,-57.6574243,0.000107,AAAA,0000,0,True,14461.0,13.888523250224914,4.9262868974909555,6.435187869225938,2.5672872346896973,2.0420380184189395,203.0,3.132082168462653e-05,9975.0,0.46304033129266176,0.9705552026763417,-1.0979723223678117,1.0276425087727437,0.973505614669902,2.2576521011899673,5.872061521164422,132.0,1.2055840942430147,-0.1,25.755183354086,7.887351090853464e-05,5834395248449591680,0.065714,8.674168,0.1794,0.8217,40.67821782178218,0.793,10977.9,1046.3809,0,0,0.004390323320437949,79508775,8.631,14461.0,,,,HD 141152,Star,B7III,True,False,True,True,True,True,True,True,True,True,True,True,True,False,True,17,18,B,multi_survey,5.0,"12,39,65,102,103"
J211600.67+643212.2,1,tess_ebs,0.059378,4.59925,0.532,259967623,,4.59925,1,319.0028113,64.5367339,9.3e-05,AAAA,hd00,0,True,7983.0,5.378111667565732,1.7584471846213197,5.159246908181462,2.0744769545062267,-3.247774806144209,160.0,0.00011739901532444513,8875.0,2.7112737085350207,0.9511752831663269,-1.857728492723841,1.1035905528898942,3.397154057693695,2.186594800803776,5.405451213465286,192.0,3.4534706000226283,-0.1,17.81712297873956,9.815304683466655e-05,2220570389220529536,0.109113,8.901329,0.282401,4.1606,38.1007326007326,6.001,7766.7,280.1535,0,0,0.0,259967623,8.75,7983.0,2.028,0.024,DWARF,HD 202922,Star,A2,True,False,True,True,True,True,True,True,True,True,True,True,True,False,True,17,18,B,multi_survey,13.0,"16,17,18,24,56,57,58,76,77,78,83,84,85"
J065454.71-012232.8,1,vsx,0.064174,11.1131,DPV/EA,AU Mon,,11.1131,1,103.7279643,-1.3757973,0.000121,AAAA,0000,0,True,8950.0,56.01823398365289,12.142110847299172,5.205078023675127,1.8526381475158604,4.85374776848252,938.0,0.0011627050485461263,5975.0,4.603635379395962,0.9536043352535749,-1.7608090028106949,1.1729495584664236,5.336336243632943,1.4193274802710383,3.3413640828486866,385.0,3.715444312534936,-0.1,8.727061585606425,0.00029969875226448263,3112305895950166784,0.070149,8.236777,0.18012,1.1535,31.260162601626014,1.238,15155.4,1046.9463,0,0,0.0007139023310022451,282807013,8.147,8950.0,8.763,,GIANT,HD  50846,SB*,B5/7Ib,True,False,True,True,True,True,True,True,True,True,True,True,True,False,True,17,18,B,multi_survey,3.0,"6,33,87"
J230801.01+590458.4,6,asassn;atlas_heinze2018;gaia_dr3;vsx;wise_chen2018;ztf_chen2020,0.027835,3.19103;3.19103;3.19129;3.19122;3.1913,DBF;EA;ECL,2013302379987551616;J230801.0+590458;J230801.02+590458.4;J347.0041+59.0829;WISE J230801.0+590458;ZTFJ230800.99+590458.5,True,3.19122,5,347.0042148,59.0829014,9.4e-05,AAAA,0000,0,True,7253.0,67.82423545333631,10.021014395116946,10.371277285476491,28.394763091502256,4.724161473164693,157.0,0.0040113955233483,5100.0,5.6261903447301735,0.9418845083121177,-2.23304424360645,1.7259234562057693,7.61101132509503,21.474016846359294,10.249264783467204,147.0,4.987549423559135,-0.1,124.09269380162938,0.008612219620834355,2013302379987551616,0.077748,12.733335,1.091998,0.3163,23.78195488721805,1.194,,3161.5554852987666,0,0,0.0012781692670224933,314958756,12.183,7253.0,8.368,,GIANT,ATO J347.0041+59.0829,EclBin,,True,True,True,True,True,True,False,True,True,True,True,True,False,False,True,16,18,B,photosphere;nearby,7.0,"17,24,57,77,78,84,85"
J231908.57+582521.6,4,asassn;gaia_dr3;vsx;ztf_chen2020,0.092874,1.81752;20.482;20.482,EA;ECL,2010442103563019392;ASASSN-V J231908.57+582521.6;J231908.59+582521.8;ZTFJ231908.55+582521.6,False,20.482,3,349.7857299,58.4226936,4.6e-05,AAAA,0000,0,True,,,,,,,,,6300.0,1.1957440861170074,0.9127830116971752,-3.4580924731232483,1.353401490201942,4.4298199239282035,21.90783683103178,13.815692582648333,124.0,11.961777011991881,-0.1,201.37972969405723,0.005482553227254483,2010442103563019392,0.160683,12.540695,1.186082,0.3176,28.61261261261261,0.946,,3148.6146095717886,0,0,0.027319568947753604,318849816,12.022,,,,,ZTF J231908.55+582521.6,EclBin,,True,True,False,True,True,True,True,True,True,True,True,True,False,False,False,16,18,B,period;nearby;wise_image,7.0,"17,24,57,77,78,84,85"
J034930.30+533517.3,3,atlas_heinze2018;gaia_dr3;vsx,0.046112,17.458;0.995934,DBH;E;ECL,444258467775953152;Gaia DR3 444258467775953152;J057.3762+53.5881,False,9.226966999999998,2,57.376267,53.5881494,0.000138,AAAA,0000,0,True,7981.0,1915.1559477675946,35.8753922670927,36.14411354200567,768.5003957226488,33.27262413594341,532.0,0.1543221246610865,2500.0,362.20370969530603,2.422736040037433,21.253051686953974,16.46498361482444,33.99313559289601,101.09166696110027,35.833202966860014,233.0,440.68009257051335,-0.1,826.4391913076993,0.3839987766229081,444258467775953152,0.046112,14.004097,1.249136,0.8516,46.03243243243244,1.1,7988.4,963.2154,0,0,0.0,428808305,13.375,7981.0,2.244,,DWARF,ATO J057.3762+53.5881,EclBin,,True,True,False,True,True,True,False,True,True,True,True,True,True,False,True,16,18,B,period;photosphere,3.0,"19,59,86"
J025534.43+583049.2,3,asassn;gaia_dr3;vsx,0.1150910018707664,1.69094;1.691,E;EB;ECL,461357866456816256;Gaia DR3 461357866456816256;J025534.44+583049.2,True,1.69097,2,43.8934611,58.5136787,0.000107,AAAA,0000,0,True,10445.0,163.71015198227062,31.825363845798968,11.204679845111187,107.63782126770094,12.078261673975524,422.0,0.0059658218467324485,5175.0,1.430547890046359,1.0660329195286073,2.241779783867332,10.349519954993974,30.650915321401325,67.0194035760079,11.140998734188246,229.0,3.953948831461096,-0.1,755.8440098812081,0.030167496211335406,461357866456816256,0.12838,13.975099,1.146399,0.3014,18.49079754601227,1.017,,3317.8500331785003,0,0,0.008371012705694698,251252926,13.443,10445.0,4.785,,DWARF,ATO J043.8934+58.5136,EclBin,,True,True,True,True,True,True,False,True,True,True,True,True,False,False,True,16,18,B,photosphere;nearby,4.0,"18,58,85,86"
J195218.88+252404.4,3,atlas_heinze2018;vsx;ztf_chen2020,0.097232,7.42578;7.42578;7.43035,DBH;EA,J298.0786+25.4012;ZTF J195218.87+252404.5;ZTFJ195218.87+252404.5,True,7.42578,2,298.0786798,25.4012278,0.0001,AABA,0h00,0,True,5693.0,240.31237642743162,3.8151830274722704,10.128023649805185,48.70143387078719,10.342526705697326,1143.0,0.012733559141976377,3575.0,1.3097773627461793,0.9200554740908305,-3.1446895901424226,1.065539697444005,0.5217340105217371,27.623402598236417,9.966012037372424,88.0,9.889073221138375,-0.1,109.48267492513727,0.08008268311572421,2026727004659808512,0.087243,15.059165,2.404532,0.149,6.422413793103448,0.995,7753.6,8349.976,0,0,0.08081184138261482,11623786,13.825,5693.0,15.751,,GIANT,ATO J298.0786+25.4012,EclBin,,True,True,True,True,True,True,False,True,True,True,True,True,False,False,False,16,18,B,photosphere;nearby;wise_image,4.0,"14,41,54,81"
J083838.64-461406.6,3,asassn;gaia_dr3;vsx,0.17914,2.0499;2.0499,EB;ECL,5521667100299017728;ASASSN-V J083838.64-461406.7;J083838.67-461407.1,True,2.0499,2,129.6610367,-46.2351759,7.9e-05,AAAA,0h00,0,True,10271.0,105.46706266605044,9.127110092604173,10.049144482572654,52.89336210348264,6.082726532374132,152.0,0.0027350445781243226,5725.0,0.2812414254896161,0.9258820148282644,-2.897150271700866,2.171239601666858,7.321032412774412,36.72134933390919,9.963861432146286,144.0,8.400385811903693,-0.1,145.6160503606316,0.01085870443402407,5521667100299017728,0.17914,13.833474,1.064113,0.2135,16.297709923664122,1.053,12263.1,3045.2673,0,0,0.045931510886451254,141497272,13.334,10271.0,6.723,,GIANT,Gaia DR3 5521667100299017728,EclBin,,True,True,True,True,True,True,False,True,True,True,True,True,False,False,False,16,18,B,photosphere;nearby;wise_image,8.0,"8,9,35,36,61,62,88,89"
J112754.19-615955.3,2,gaia_dr3;vsx,0.093824,,EA:;ECL,5334289600010056576;NSV 5212,,,2,171.9758191,-61.9987015,5e-05,AABA,0000,0,True,6697.0,852.7021292963102,2.6944553400354305,9.986630266431378,39.98528155040328,13.4253599916503,733.0,0.009842748333157991,3050.0,55.04578610930719,0.679679191245854,-17.056277122166623,0.9130330070212499,-0.41700437853771644,13.261641967795459,9.470431926725697,40.0,291.09051946969737,-0.1,380.7795627986096,17.97073334495973,5334289600010056576,0.127109,15.098145,1.946734,0.2567,11.358407079646017,0.998,8854.7,4027.825,0,0,0.05063191907059044,316656653,14.107,6697.0,8.479,,GIANT,2MASS J11275419-6159554,EclBin,,True,True,True,True,True,True,False,True,True,True,True,True,False,False,False,16,18,B,photosphere;nearby;wise_image,7.0,"10,11,37,38,64,99,100"
J114356.05-574245.9,2,gaia_dr3;vsx,0.023876,13.7562,E;ECL,5341822251103049856;Gaia DR3 5341822251103049856,,13.7562,1,175.9835445,-57.7127675,8.9e-05,AAAA,0dd0,0,True,7712.0,447.0986935144441,35.60537520119459,36.11851503582728,497.87200318266656,22.20950741564612,222.0,0.06694804865348972,3475.0,53.933668166799805,1.35698311370801,9.520862544878957,27.287765359520975,34.8649272143008,209.1923238724831,36.01820235667809,217.0,83.40559535105773,-0.1,2126.182018621523,0.29048522726398,5341822251103049856,0.023876,13.410558,0.584914,0.9113,72.32539682539682,0.985,,1097.333479644464,0,1,0.11920393053338504,267299510,13.124,7712.0,1.598,,DWARF,Gaia DR3 5341822251103049856,EclBin,,True,False,True,True,True,True,False,True,True,True,True,True,True,False,True,16,18,B,multi_survey;photosphere,6.0,"10,11,37,64,99,100"
J060814.39+183724.8,1,gaia_dr3,0.023943,,ECL,3373611117822105472,,,1,92.0599624,18.6235762,9e-05,AAAA,hh00,0,True,5918.7,574.5422413030745,35.32982426539559,36.11361628284434,466.4383788718249,23.118159492862148,192.0,0.1270840474283758,2975.0,8.803156429060612,1.3041809541507594,8.441064707272082,16.4338455101629,33.98897078727915,172.931392337624,35.98192610222787,190.0,70.01668002607926,-0.1,1933.6807764028981,0.3470681452392358,3373611117822105472,0.023943,11.616001,1.09796,1.5665,71.85779816513761,1.334,,638.3657835939994,0,0,0.0,45166781,11.043,5918.7,4.755,,GIANT,EM* LkHA  209,TTauri*,G3Ve,True,False,True,True,True,True,False,True,True,True,True,True,True,True,True,16,18,B,multi_survey;photosphere,6.0,"43,44,45,71,72,1751"
J100129.13-620428.5,2,gaia_dr3;vsx,0.049807,2.59989,E;ECL,5255874114348186112;Gaia DR3 5255874114348186112,,2.59989,1,150.3714108,-62.0745921,9.3e-05,AAAA,HH00,0,True,8768.0,1815.6771257114224,35.94833221666935,36.157894475463245,1086.4201124854033,32.71327625482233,468.0,0.130084322426198,2500.0,210.80098605834513,2.0051030141010457,18.14165696635927,20.873337385409382,34.45735822420497,138.8500204201009,35.93055719255381,227.0,317.5770372202621,-0.1,1444.1350975223077,0.5137635831468126,5255874114348186112,0.080675,13.904465,0.422097,0.463,27.076023391812864,1.288,9205.4,2671.7422,0,0,0.021958357957927502,374506814,13.722,8768.0,1.857,,DWARF,Gaia DR3 5255874114348186112,EclBin,,True,False,True,True,True,True,False,True,True,True,True,True,True,False,True,16,18,B,multi_survey;photosphere,7.0,"9,11,36,37,63,64,90"
J060138.22-144349.0,1,atlas_heinze2018,0.054911,1.99122,DBF,J090.4092-14.7303,,1.99122,1,90.4092755,-14.730294,0.000117,AAAA,0000,0,True,5807.0,725.525450597955,35.2542519626657,36.10780556281731,433.94075533780756,27.753855080055086,191.0,0.12473013672163749,2725.0,153.76733365827494,1.7656785940161077,15.694154333428392,12.774543410598472,33.35813438878415,134.79306815119358,35.922712255619395,188.0,245.0761428844068,-0.1,1270.4492594130181,0.3465539537251696,2994120284428436480,0.043005,12.455605,1.101435,1.4063,33.08941176470588,3.308,5896.9,665.0471,0,0,0.0,318063985,11.861,5807.0,2.653,0.0308,DWARF,ATO J090.4092-14.7303,YSO_Candidate,,True,False,True,True,True,True,False,True,True,True,True,True,True,True,True,16,18,B,multi_survey;photosphere,6.0,"6,33,87,98,107,108"
J155252.14-483315.3,2,gaia_dr3;vsx,0.028159,15.085,E;ECL,5983009088275833984;Gaia DR3 5983009088275833984,,15.085,1,238.2172817,-48.5542711,7e-06,AAAA,hhdd,0,True,7348.0,1843.4802817690208,35.92693914425793,36.14345182337733,757.8516467419876,33.615176205508504,521.0,0.2307488708830633,2500.0,441.460635824542,2.976403276828787,24.031830739705406,21.57480986475378,34.513731702563376,109.67333050922181,35.861215872527666,464.0,436.6789553217665,-0.1,710.128788559507,0.6537714503581086,5983009088275833984,0.051994,14.949898,1.465569,0.525,18.683274021352315,1.023,,1904.7619047619046,0,0,0.05315709084162482,282477087,14.206,7348.0,2.806,,DWARF,Gaia DR3 5983009088275833984,EclBin,,True,False,True,True,True,True,False,True,True,True,True,True,True,False,True,16,18,B,multi_survey;photosphere,5.0,"12,39,65,102,103"
J160959.32-180009.3,1,atlas_heinze2018,0.124717,1.00129,DBH,J242.4971-18.0026,,1.00129,1,242.4971937,-18.0025879,5.6e-05,AAAA,0000,0,True,3103.0,60.489118844291454,30.938181462556752,35.73379924498359,79.12244655528396,-0.6398274115701151,179.0,0.13761317681352273,3450.0,28.731588014724473,1.0956143686145512,3.158410010971961,7.973001185132916,31.651986776896234,92.53510015044839,35.80009894548883,181.0,9.85832633903796,-0.1,1580.0237373796463,0.118226292600444,6248997237510309120,0.158226,14.62436,3.167189,7.3289,185.0732323232323,1.36,3468.2,137.2417,0,0,0.020892854055190483,49039044,13.233,3103.0,0.672,0.0084,DWARF,[PGZ2001] J160959.4-180009,OrionV*,M5e,True,False,True,True,True,True,False,True,True,True,True,True,True,True,True,16,18,B,multi_survey;photosphere,1.0,91
J090509.15-440929.4,1,gaia_dr3,0.083085,,ECL,5331081186401399168,,,1,136.2881485,-44.1581788,6.2e-05,AAAA,hh00,0,True,7120.0,2152.027781095748,35.94920256759338,36.13860706298977,688.0488666808602,34.08660969383032,541.0,0.29164714587787666,2500.0,630.6356121932484,3.3284880829888523,25.31803981282589,21.622315967968262,34.517417260874396,91.50741023930871,35.79570654031456,489.0,346.0723666738871,-0.1,435.31944540764675,0.6947352789012388,5331081186401399168,0.083085,15.067631,1.553148,0.3961,14.248201438848922,1.471,,2524.6149962130776,0,0,0.03443806952282834,31370757,14.286,7120.0,4.308,,DWARF,Gaia DR3 5331081186401399168,EclBin,,True,False,True,True,True,True,False,True,True,True,True,True,True,False,True,16,18,B,multi_survey;photosphere,6.0,"8,9,35,36,62,89"
J125208.71-654053.4,2,gaia_dr3;vsx,0.062214,26.75,E;ECL,5861484874082357888;Gaia DR3 5861484874082357888,,26.75,1,193.0362938,-65.6815235,8.2e-05,AAAA,0000,0,True,5653.0,474.7949988596747,34.841262308626916,35.98227357516448,173.21899126549835,20.637195343047537,239.0,0.06273231525610339,3075.0,3.8897559135536603,1.2095487392555735,6.269959627291054,11.818168751827171,33.12887055429198,72.81816523102415,35.69419887800329,231.0,35.428682723063666,-0.1,1585.3500376291793,0.15182535778523576,5861484874082357888,0.100803,11.772121,1.209084,0.8169,72.29203539823008,0.65,5646.8,1089.8444,0,0,0.029481047948667367,435412100,11.133,5653.0,6.924,,GIANT,IRAS 12490-6524,EclBin,,True,False,True,True,True,True,False,True,True,True,True,True,True,False,True,16,18,B,multi_survey;photosphere,7.0,"11,38,64,65,99,100,101"
J131056.31-564729.4,1,vsx,0.1114,,E:,CU Cen,,,1,197.7346548,-56.7915066,5.2e-05,AAAA,0000,0,True,6786.0,1337.4267278555903,35.55814682368365,36.075878309296435,313.8096984899724,31.364301715422226,547.0,0.12892062676867952,2500.0,227.5828949416235,1.9839069335964674,17.948815404387737,11.38089714172573,33.01121087463689,57.58780870969681,35.56275424761323,253.0,308.2569134002791,-0.1,600.7403557007822,0.236487071364861,6063390736911434880,0.054092,13.895501,0.985658,0.637,12.765531062124248,3.394,,1569.8587127158555,0,0,0.11346938842570566,406335522,13.364,6786.0,2.389,,DWARF,V* CU Cen,EclBin,,True,False,True,True,True,True,False,True,True,True,True,True,True,False,True,16,18,B,multi_survey;photosphere,7.0,"11,38,64,65,99,100,101"
J054213.74+084356.4,1,atlas_heinze2018,0.047258,0.993544,DBH,J085.5572+08.7323,,0.993544,1,85.5572791,8.7323475,5.5e-05,AAAA,0000,0,True,4012.0,565.2586366734589,34.32702945022,35.93266717996984,139.98319980332778,20.807110896080605,222.0,0.13038159375311498,2500.0,15.838450471540643,1.136712490677101,4.3527189735952145,7.876002317824561,31.596082882332965,54.057989597040084,35.521718242823724,214.0,17.856241781253335,-0.1,1410.4950094338676,0.19138824312909997,3336066717040247040,0.048545,14.291422,1.877546,2.6045,127.67156862745097,1.12,5983.3,380.1104,0,0,0.0,290173570,13.417,4012.0,1.302,,DWARF,V* V516 Ori,YSO,,True,False,True,True,True,True,False,True,True,True,True,True,True,True,True,16,18,B,multi_survey;photosphere,2.0,"6,98"
J054611.87+003225.8,1,asassn,0.0701030273707968,7.3795,EB,J054611.87+003225.8,,7.3795,1,86.5494595,0.5405164,0.000175,AAAA,0000,0,True,4052.0,877.1286041654753,31.304578227268742,35.759580962209846,83.84855941810163,23.532771644420325,182.0,0.06745950417053577,2500.0,66.89643481418199,1.246083192253942,7.14723363772838,2.702727379081225,22.80058255980254,29.104242224940748,34.947704020918394,167.0,51.056969682702736,-0.1,744.2303605270915,0.09089076402974022,3219228106049667456,0.043538,12.999545,1.667231,3.0964,172.9832402234637,1.413,,322.95569047926625,0,0,0.0,200051880,12.35,4052.0,1.689,,GIANT,2MASS J05461186+0032259,OrionV*,K2,True,False,True,True,True,True,False,True,True,True,True,True,True,True,True,16,18,B,multi_survey;photosphere,2.0,"6,98"
J072301.97-444015.7,2,gaia_dr3;vsx,0.042237,4.68648,E;ECL,5511490501691609216;Gaia DR3 5511490501691609216,,4.68648,1,110.7582391,-44.6710502,0.000132,AAAA,hh00,0,True,8237.0,1291.3203075473698,35.79401003062621,34.958017443017226,532.8337702648391,29.397907786500184,433.0,0.08766143586369715,2500.0,26.685820256068627,1.3009367441590152,8.371862811994896,16.297139509550835,33.970497675419175,87.14960807693272,34.62186780568046,248.0,57.713302727265365,-0.1,1742.9462873361754,0.35293617075805345,5511490501691609216,0.042237,13.629922,0.343032,0.417,39.33962264150943,1.012,9405.3,2833.5154,0,0,0.010004366654442412,59973444,13.488,8237.0,2.465,,DWARF,Gaia DR3 5511490501691609216,EclBin,,True,False,True,True,True,True,False,True,True,True,True,True,True,False,True,16,18,B,multi_survey;photosphere,7.0,"7,8,33,35,61,87,88"
J160421.64-213028.7,1,atlas_heinze2018,0.186578,2.3441,DBF,J241.0901-21.5080,,2.3441,1,241.0901793,-21.5079789,0.0001,AAAA,hh00,0,True,4181.0,930.613653335571,29.263034609522187,35.31206156015332,41.16635584726382,26.631416124347783,202.0,0.03136840131150913,2500.0,102.9833848647605,1.58297754822656,13.328465110572198,1.813551772886989,16.235224665655938,13.560759484423246,33.52238824863871,170.0,177.61845740994434,-0.1,603.4560203485514,0.04072377108750159,6243393817024157184,0.209832,11.711969,1.625341,6.8819,255.83271375464685,1.754,4760.0,144.5934,0,0,0.0,9853602,11.076,4181.0,1.318,0.291,DWARF,ATO J241.0901-21.5080,OrionV*,K2,True,False,True,True,True,True,False,True,True,True,True,True,True,True,True,16,18,B,multi_survey;photosphere,1.0,91
J160628.59-212130.0,1,crts_south2017,0.54816,0.801521,1,J160628.5-212130,,0.801521,1,241.6191563,-21.3583358,0.000198,AAAA,0000,0,True,3882.0,498.9922849893003,29.123003922589028,34.206658783159476,42.86401612834406,19.82840466917572,197.0,0.039976590091534474,2525.0,0.7429890395397337,1.1416983185532137,4.491758523434721,2.250516754227075,20.10991937993463,18.00571487614162,33.078602303320295,177.0,20.152881228690823,-0.1,577.0561046676537,0.05383104937463585,6243763184206780288,0.153888,13.394423,2.110666,7.1115,303.9102564102564,1.484,3641.8,139.942,0,0,0.0029661451523230165,48763157,12.44,3882.0,0.84,0.1022,DWARF,[M81] I-491,OrionV*,M2:,True,False,True,True,True,True,False,True,True,True,True,True,True,True,True,16,18,B,multi_survey;photosphere,1.0,91
J070418.57-065641.8,1,gaia_dr3,0.030805,,ECL,3052580733568435456,,,1,106.0774028,-6.9449471,0.000137,AAAA,0000,0,True,8258.0,1258.5661328389042,35.96036097519936,31.885075332139916,660.5667394615311,32.04802074698185,446.0,0.14826022839315245,2500.0,134.5787903707494,2.169733791632186,19.511185080277976,28.514230489669,34.92197366681758,109.8539584784975,31.64272805466016,392.0,116.8807887782798,-0.1,1256.9830069294742,0.6931041864473367,3052580733568435456,0.030805,14.215369,0.471422,0.4012,19.76354679802956,1.027,9809.7,1713.6655,0,0,0.00753988635479336,125687523,13.999,8258.0,1.808,,DWARF,2MASS J07041857-0656417,EclBin,,True,False,True,True,True,True,False,True,True,True,True,True,True,False,True,16,18,B,multi_survey;photosphere,3.0,"7,33,87"
J000904.86+581647.9,1,tess_ebs,0.117453,4.29234,0.672,396300606,,4.29234,1,2.270271,58.279993,0.000107,AAAA,dh00,0,True,4513.0,820.0745058230976,32.51575228283909,32.45469237475841,73.70239209024571,26.100263099760014,214.0,0.04724050223870468,2500.0,16.59577724598568,1.4443330154083875,11.133822939991685,3.2294052112862146,24.98443515760012,22.80744293130782,31.45853745417095,197.0,123.64119600431822,-0.1,369.54994825857244,0.07405557936104733,422870973755916800,0.035816,13.819581,1.602448,2.2668,139.0674846625767,1.013,,441.1505205576143,0,0,0.004406954231729266,396300606,13.021,4513.0,1.533,,GIANT,ZTF J000904.86+581648.0,RSCVnV*,,True,False,True,True,True,True,False,True,True,True,True,True,True,False,True,16,18,B,multi_survey;photosphere,9.0,"17,18,24,57,58,77,78,84,85"
J061706.96-120322.7,2,gaia_dr3;vsx,0.044138,2.55735,E;ECL,3000756726159384832;Gaia DR3 3000756726159384832,,2.55735,1,94.2790389,-12.0563257,9.6e-05,AAAA,0000,0,True,4750.0,624.6645658744511,34.95334562239576,30.880425084314446,220.61859480384592,21.7992702725787,435.0,0.13006575288274447,2675.0,1.569184189221136,1.15618932876376,4.8890611256839165,11.161425169458234,32.94868122698955,79.8831465257501,30.632704269797564,215.0,22.141489342493486,-0.1,1480.4853785428354,0.23409217752340628,3000756726159384832,0.053867,14.596686,1.550262,0.2643,11.6431718061674,1.065,4747.4,2402.4038,0,0,0.08324650974848563,34137906,13.817,4750.0,8.471,,GIANT,Gaia DR3 3000756726159384832,EclBin,,True,False,True,True,True,True,False,True,True,True,True,True,True,False,True,16,18,B,multi_survey;photosphere,4.0,"6,33,87,107"
J054126.50-085839.4,2,crts_drake2014;vsx,0.068771,1.55822;1.55822,1;EB,CSS_J054126.5-085840;J054126.5-085840,True,1.55822,1,85.3604391,-8.977633,0.000135,AAAA,0000,0,True,5614.0,1563.5762769970443,35.38818553662826,29.278045002201505,443.4219363898885,29.103815508591786,531.0,0.15135459386370664,2500.0,115.56868850281491,1.369615733094225,9.766855855303591,9.394073184831457,32.338649354917365,86.0216947122983,29.00309592320175,194.0,94.38168433358116,-0.1,1062.5109156260494,0.28761929158469873,3012295555231502976,0.117447,15.314444,2.492614,2.1559,65.72865853658536,1.417,4707.4,437.476,0,0,0.08571909949515674,279540150,14.057,5614.0,1.837,,DWARF,CRTS J054126.5-085840,OrionV*,K5.2,True,False,True,True,True,True,False,True,True,True,True,True,True,True,True,16,18,B,multi_survey;photosphere,3.0,"6,32,98"
J064022.05-141410.8,1,atlas_heinze2018,0.028623,0.999225,DBH,J100.0919-14.2363,,0.999225,1,100.091903,-14.2363426,0.000105,AAAA,0h00,0,True,4958.0,288.63970490330274,34.01205431920078,29.05161502761126,100.28553509854224,19.384419492952286,469.0,0.06862662655680885,3225.0,47.95005346141289,1.3724429935822726,9.821290555884264,9.3801861772008,32.332945790619426,54.707216751927604,28.80783508146845,235.0,91.65269635374152,-0.1,816.3095830288692,0.10051530825569122,2950852509014344832,0.020696,13.758385,1.400858,0.4319,26.99375,0.951,5955.8,2115.7646,0,0,0.019799861846475274,333424997,13.043,4958.0,6.456,,GIANT,,,,True,False,True,True,True,True,False,True,True,True,True,True,True,False,True,16,18,B,multi_survey;photosphere,4.0,"6,33,87,108"
J121748.62-534125.5,2,gaia_dr3;vsx,0.061368,2.26592,E;ECL,6077078213569689984;Gaia DR3 6077078213569689984,,2.26592,1,184.4525931,-53.6904262,0.000108,AAAA,0h00,0,True,12866.0,0.4132434727142553,15.075840246357656,23.045337084085933,42.32774355999855,-0.3688128914058377,134.0,0.0011948419037063275,12150.0,0.11463247126977587,0.9775251086570981,-0.8320946784516641,1.91238652414431,14.79992324459841,41.549837124246764,23.034897110263167,133.0,0.6929477172692128,-0.1,480.79664498222166,0.0014059091724478103,6077078213569689984,0.101428,10.450543,0.068352,0.2882,13.281105990783411,1.117,15031.5,3289.9968,0,0,0.005042610936326273,334691016,10.464,12866.0,,,,TYC 8633-2501-1,EclBin,,True,False,True,True,True,True,True,True,True,True,True,True,False,False,True,16,18,B,multi_survey;nearby,7.0,"10,11,37,64,99,100,101"
J211030.94+474132.1,1,tess_oba_ebs,0.137613,,nan,136704900,,,1,317.6289274,47.692251,0.000154,AAAA,dddd,0,True,12735.0,8.381552965800676,10.626062863226808,21.222617003447823,2.5377447092900023,4.103954563973593,323.0,7.868462578220086e-05,11175.0,7.109591619746323,1.091327831018891,3.028663182008478,1.3548243327129839,9.478365941464686,2.420618810340889,20.554824978162152,306.0,8.778207673097596,-0.09000000000000001,1.406279128435592,9.831230095472065e-05,2165256123904303488,0.132346,6.516771,0.052604,1.3548,28.825531914893617,1.289,,738.1163271331562,0,0,0.09405655930633337,136704900,6.53,12735.0,,,,HD 201836A,Star,,True,False,True,True,True,True,True,False,True,True,True,True,True,False,True,16,18,B,multi_survey;dust_over_ff,8.0,"15,16,55,56,75,76,82,83"
J054247.79-091037.8,1,atlas_heinze2018,0.085992,4.96271,DBH,J085.6991-09.1771,,4.96271,1,85.6991527,-9.1771867,0.000103,AAAA,0000,0,True,4470.0,515.9953743085315,31.20977557649663,20.24555937154724,85.34616586384725,18.88811559634277,528.0,0.07310088494464502,2800.0,23.632458049194934,1.122705063014192,3.9554861382133057,5.75379038343569,28.03240334398715,37.69526786848448,19.942136236982176,216.0,14.948978380808175,-0.1,574.3803713372713,0.09568005887652328,3012235460049150208,0.072521,15.23155,2.235076,2.2998,71.64485981308411,1.137,,434.8204191668841,0,0,0.06389040272830852,279641315,14.093,4470.0,1.549,,GIANT,Kiso A-1048  59,YSO,,True,False,True,True,True,True,False,True,True,True,True,True,True,True,True,16,18,B,multi_survey;photosphere,,
J053643.61+825703.2,2,gaia_dr3;vsx,0.019706,12.6513,E;ECL,558128942827121792;Gaia DR3 558128942827121792,,12.6513,1,84.1817276,82.9509117,2.1e-05,AAAA,0000,0,True,6068.0,928.4574458618903,34.27073448589168,19.21130255840155,109.63420546987683,27.463615859586586,684.0,0.07030850177765963,2550.0,59.46601928848018,1.3780585628678377,9.928747594253606,4.844281716285502,28.720293912918375,26.18904767923085,18.647831449355156,230.0,96.51168348494905,-0.1,204.76057837115133,0.090631836525477,558128942827121792,0.076293,13.605043,0.78879,0.9189,68.06666666666668,1.017,5849.4,1008.4315,0,0,0.00823974933430448,357956061,13.203,6068.0,1.66,,DWARF,Gaia DR3 558128942827121792,EclBin,,True,False,True,True,True,True,False,True,True,True,True,True,True,False,True,16,18,B,multi_survey;photosphere,,
J035607.78+413302.0,2,crts_drake2014;vsx,0.048601,1.72333;1.72333,1;EB,CSS_J035607.8+413301;J035607.8+413301,True,1.72333,1,59.0324401,41.5505565,0.000114,AAAA,0000,0,True,3898.0,353.4791638572815,33.194471354378734,18.73370043609337,60.60392083012919,19.80382916317385,548.0,0.10857179943701609,2700.0,10.438927395846541,1.3160530797597754,8.691398966550636,6.311806073666468,30.457316017651817,30.520194203196887,18.42389211165145,250.0,70.8540549010645,-0.1,366.056525424598,0.09725772765939175,230239663299901568,0.129646,15.089326,2.208523,2.27,79.09407665505226,1.061,,440.52863436123346,0,0,0.0,187044048,14.075,3898.0,1.393,,GIANT,CRTS J035607.8+413301,TTauri*,M0,True,False,True,True,True,True,False,True,True,True,True,True,True,True,True,16,18,B,multi_survey;photosphere,,
J112808.54-635837.2,1,gaia_dr3,0.160858,,ECL,5333673151932763904,,,1,172.035587,-63.9770128,8.8e-05,AAAA,0P0d,0,True,,,,,,,,,2500.0,170.3171517644229,2.0121248414464814,18.20464551466475,17.976706416782992,34.177978929893946,69.38477446717408,17.259486417124744,444.0,62.23712330126145,-0.1,618.0873860881613,0.435263661479122,5333673151932763904,0.160858,14.748436,0.988093,0.4246,23.58888888888889,1.007,7194.7,1652.5339,0,0,0.10101073329580545,316800030,14.371,,,,,Gaia DR3 5333673151932763904,EclBin,,True,False,True,True,True,True,False,True,True,True,True,True,True,False,True,16,18,B,multi_survey;photosphere,,
J060838.76+161820.0,1,atlas_heinze2018,0.09013,1.00093,DBH,J092.1615+16.3055,,1.00093,1,92.1615414,16.305575,0.000203,AAAA,0000,0,True,4730.1,393.25919904776333,33.76622166281822,16.432909340978487,61.69973195442057,20.36638001327914,533.0,0.0744689426962767,2950.0,4.574741462974155,1.296939800458484,8.286128414941563,7.329523966616813,31.25347730966968,29.080670724517887,16.129244350504763,385.0,52.95623559241111,-0.1,413.47937214811986,0.09147698686708908,3346127248435263744,0.103167,14.021508,1.437616,1.4476,72.01990049751244,1.054,5492.1,716.5831,0,0,0.05792291368913912,294058532,13.313,4730.1,1.85,,GIANT,,,,True,False,True,True,True,True,False,True,True,True,True,True,True,False,True,16,18,B,multi_survey;photosphere,,
J002629.21+600127.9,1,asassn,0.1609616043533221,7.9713,EB,J002629.21+600127.8,,7.9713,1,6.6217328,60.0244216,0.000113,AAAA,0000,0,True,9563.0,174.28741253864544,19.63510060245334,16.505271831650585,11.378509757964276,6.849707015575436,212.0,0.0007302243323694265,5775.0,73.72633370622277,0.9756229435395884,-0.9042787462021838,1.610387764034952,13.717609078482909,8.206290227438892,15.89051403471777,189.0,0.8236227738508728,-0.1,136.56067066633332,0.002104650560906524,428698007425928448,0.115456,11.72879,0.979076,0.2739,21.398437499999996,0.908,26399.0,2896.869,0,0,0.025186185757342,419245734,11.232,9563.0,14.101,,GIANT,LS   I +59   42,PulsV*,OB-e,True,False,True,True,True,True,False,True,True,True,True,True,True,False,True,16,18,B,multi_survey;photosphere,,
J063358.64-144723.3,1,gaia_dr3,0.011105,,ECL,2950400021319407744,,,1,98.4943349,-14.7898282,0.000143,AAAA,0000,0,True,,,,,,,,,30000.0,216.31633891739335,1.0452688328594644,1.5673802195686153,2.1915143910707218,19.676961254842023,4.1358261072576,14.700293105118494,416.0,0.24808150943821838,0.009999999999999995,31.65929867840175,1.9808583859470653e-05,2950400021319407744,0.011105,8.77165,0.103945,0.9375,1.4819791337337969,21.077,,,0,0,0.00043380406152107495,288265926,8.699,,,,DWARF,HD  46648,**,B5III,True,False,True,True,True,True,False,True,True,True,True,True,True,False,True,16,18,B,multi_survey;photosphere,,
J201701.99+373634.0,2,gaia_dr3;vsx,0.028404,1.27427,E;ECL,2060667691656973056;Gaia DR3 2060667691656973056,,1.27427,1,304.258322,37.6094547,3.1e-05,AAAA,0000,0,True,6876.0,40.08145835495685,9.607618141266329,14.647939298219962,66.0558648099295,6.161142028555189,146.0,0.01142247380162902,5250.0,0.9268941399053541,1.0353151518970998,1.2345013632146966,2.644281821389488,8.655621028040736,53.353789301452956,14.594335014422827,143.0,1.5260462818360798,-0.1,219.4027582816683,0.02048693866572828,2060667691656973056,0.091039,13.940171,1.2784,0.2348,16.535211267605632,0.905,11694.7,3782.2456,0,0,0.027307097290427136,12018077,13.3,6876.0,7.331,,GIANT,ATO J304.2583+37.6094,EclBin,,True,False,True,True,True,True,True,True,True,True,True,True,False,False,True,16,18,B,multi_survey;nearby,6.0,"14,15,41,55,75,81"
J122007.93-624708.4,1,gaia_dr3,0.507362,,ECL,6054615985627302528,,,1,185.0330827,-62.7856893,4.4e-05,AABA,0h0d,0,True,7594.0,3.3894736133731778,-3.2089250415497457,14.21866246058718,56.14951360105303,0.8599368190795135,40.0,5.5909128094978735,6525.0,0.39180845747564885,0.9751743361150808,-0.9213437053861746,0.6598312152770456,-4.026902559093579,51.92130381428803,14.1976668748308,40.0,17.06833466552093,-0.1,218.63856313255692,8.080003810351494,6054615985627302528,0.507362,12.421637,0.719409,0.2698,25.452830188679243,0.817,7445.8,3360.9392,0,0,0.03403956242961542,309987619,12.07,7594.0,7.443,,GIANT,TYC 8979-3183-1,EclBin,,True,False,True,True,True,True,True,True,True,True,True,True,False,False,False,16,18,B,multi_survey;nearby;wise_image,8.0,"11,37,38,64,65,99,100,101"
J054657.92-700933.2,1,ogle_lmc_ecl,0.228506,12.7443,NC,OGLE-LMC-ECL-24157,,12.7443,1,86.7413691,-70.1592433,6.2e-05,AABA,0h00,0,True,,,,,,,,,17425.0,0.017718458414059553,0.892620604024261,-2.902457293790866,9.012009545648718,3.90793374765501,661.752956917792,11.411531802000706,117.0,8.424687329886702,-0.1,153.9192625864142,0.009187788766499888,4657378736696305536,0.128963,14.526739120483398,-0.1525889933109283,0.0295,1.22916665598233,1.0149999856948853,26106.30078125,16019.078125,0,0,0.19405338640740158,389667573,13.699999809265137,,,,,OGLE LMC-ECL-24157,EclBin,,True,False,True,True,True,True,True,True,True,True,True,True,False,False,True,16,18,B,multi_survey;nearby,44.0,"1,2,3,4,5,6,7,8,9,10,11,12,13,27,28,29,30,31,32,33,34,35,36,37,38,39,61,62,63,64,65,66,67,68,69,87,88,89,90,93,94,95,96,98"
J224119.74+583659.2,2,vsx;ztf_chen2020,0.130723,2.79633;2.79633,EA,ZTF J224119.73+583659.3;ZTFJ224119.73+583659.3,True,2.79633,1,340.3322811,58.6164475,3.8e-05,AABA,dd00,0,True,4286.0,31.573293720638,1.589978853938323,10.72251677849302,31.08359195704081,-9.064674001018595,122.0,0.024946906622819284,4875.0,12.048221327069864,0.8735791268579527,-5.237446530312009,1.6691238266017772,1.9606012880555694,35.329753780193776,10.765354165865705,128.0,27.431397179769768,-0.1,147.16765388512457,0.01838931532323195,2008169997156109952,0.057156,14.186781,1.636754,0.1696,10.941935483870967,1.011,,5896.226415094339,0,0,0.007324384553656335,388558204,13.396,4286.0,15.329,,GIANT,ZTF J224119.73+583659.3,EclBin,,True,False,True,True,True,True,True,True,True,True,True,True,False,False,False,16,18,B,multi_survey;nearby;wise_image,6.0,"16,17,24,57,77,84"
J180552.58-132731.7,2,asassn;vsx,0.028509,13.988;13.988,EA,ASASSN-V J180552.58-132731.7;J180552.59-132731.6,True,13.988,1,271.4690945,-13.4588066,0.000106,AAAA,0000,0,True,13219.0,374.4303487906766,10.078753296825507,11.729661046517377,12.238471637710193,14.420409032458728,1500.0,0.002212560408100444,4475.0,0.9443150449045913,0.9482880621417121,-1.973574816641715,0.8532336400597913,-4.059990726075541,5.714761605233624,10.53821401530852,40.0,20.37930636375587,-0.1,131.4324768851467,2.2657076866038586,4147244511515472896,0.053014,11.262342,1.357755,0.6816,8.88657105606258,3.117,15696.0,1820.4542,0,0,0.017441136512275402,362647889,10.644,13219.0,,,,TYC 5687-401-1,Star,,True,False,True,True,True,True,False,True,True,True,True,True,True,False,False,16,18,B,multi_survey;photosphere;wise_image,,
J050533.79-681109.5,1,ogle_lmc_ecl,0.058807,11.407,NC,OGLE-LMC-ECL-29283,,11.407,1,76.390805,-68.1859847,0.000104,AAAA,d000,0,True,8857.0,64.25634022845489,12.392817802762156,9.903067338742432,67.00046947886818,1.365396819558907,179.0,0.005337211068107968,6050.0,10.955101097104254,0.8748990818999235,-5.1749433673643335,4.4752767637320785,11.710119860154439,52.56595096525681,9.861865131366738,176.0,26.879475672635678,-0.1,259.540860126066,0.012823940667849192,4661392160329910272,0.165608,13.960049629211426,0.7681249976158142,1.1879,84.8499973809618,1.1200000047683716,6089.5,827.7072143554688,0,0,0.10964680505434227,31105661,13.600000381469728,8857.0,0.9850000143051147,,DWARF,SV* DV   198,EclBin,,True,False,True,True,True,True,False,True,True,True,True,True,True,False,False,16,18,B,multi_survey;photosphere;wise_image,44.0,"1,2,3,4,6,7,8,9,10,11,12,13,27,28,29,30,31,32,33,34,35,36,37,38,39,61,62,63,64,65,66,67,68,69,87,88,89,90,93,94,95,96,97,98"
J213004.47+573220.6,1,vsx,0.113696,4.3316,EA,GPX-TF15C-3605,,4.3316,1,322.5186512,57.5390612,0.0001,AAAA,hh00,0,True,8884.0,155.0146466673384,13.43736729887249,10.873781988092187,6.300020557681162,7.135290153500126,227.0,0.0004936190480578261,4875.0,1.6481113495066293,0.8951581524264635,-4.23875153143857,1.12586438061645,3.56995027103252,3.9915183804157395,9.687206910536018,154.0,17.969256414667488,-0.1,89.99513149808348,0.0014083814317778296,2178823375831827200,0.062219,11.208033,1.257761,0.7652,9.175059952038369,3.395,6699.2,1352.1499,0,0,0.00034664584581142526,429571845,10.579,8884.0,41.456,,GIANT,Cl Trumpler   37   393,Star,A0,True,False,True,True,True,True,False,True,True,True,True,True,True,False,True,16,18,B,multi_survey;photosphere,,
J203147.88+461150.3,2,gaia_dr3;vsx,0.012726,3.00787,E;ECL,2071395484855901056;Gaia DR3 2071395484855901056,,3.00787,1,307.9495213,46.1973252,0.000107,AAAA,0h00,0,True,11591.0,193.1081827661946,2.5547061540420986,9.728198206793722,16.89194189760244,7.594422840840845,120.0,0.000715838883490298,5325.0,3.994316491694624,0.8849050420091037,-4.707200469484442,0.7687392807337191,-4.2418606154802445,10.30392905496969,9.336810645440215,40.0,40.15217767458765,-0.1,127.3271507698827,2.6852656199246656,2071395484855901056,0.012726,12.910952,1.596724,0.2991,18.811320754716977,1.188,15390.1,2933.9954,0,0,0.013155369616080284,188194713,12.164,11591.0,10.793,,GIANT,Gaia DR3 2071395484855901056,EclBin,,True,False,True,True,True,True,False,True,True,True,True,True,True,False,False,16,18,B,multi_survey;photosphere;wise_image,,
J104043.45-552625.1,2,asassn;vsx,0.2252982550770425,10.763;10.763,EB,ASASSN-V J104043.48-552625.1;J104043.46-552625.3,True,10.763,1,160.1810477,-55.4403122,5.1e-05,AAAA,0000,0,True,5685.0,154.18118902200095,10.602540104368988,9.956666104638476,6.795779189947066,-0.04921945719258426,182.0,0.0017414510959114652,4150.0,45.65816949220164,0.7823730391546848,-10.067042135319205,1.0470961227213038,1.575292586453879,4.860679465458533,9.272741102343224,116.0,101.34559205429838,-0.1,188.05345134434606,0.003791635307645609,5353680617114898176,0.159985,12.462546,1.486843,0.6874,63.06422018348624,0.992,4910.4,1400.4747,0,0,0.05267676824292929,458501441,11.707,5685.0,8.501,,GIANT,,,,True,False,True,True,True,True,False,True,True,True,True,True,True,False,True,16,18,B,multi_survey;photosphere,,
J002247.65+611141.0,2,gaia_dr3;vsx,0.028193,,E:;ECL,428909251100205824;Mis V1373,,,2,5.6985614,61.1947482,9.7e-05,AAAA,0h00,0,True,6457.0,2017.0758972509002,35.57565887959348,32.81880191200645,399.7936254333713,33.33835825410469,692.0,0.2132867406586653,2500.0,527.0368946061992,2.7179026414115874,22.87534838581103,9.5518852998776,32.40229964212728,60.01269827605973,32.352861522766034,225.0,518.7296233483385,-0.1,249.38633982553696,0.22069787017458456,428909251100205824,0.028193,14.247251,1.043591,0.495,8.935018050541517,3.354,9003.3,4759.4316,0,0,0.0,406963239,13.67,6457.0,2.609,,DWARF,Gaia DR3 428909251100205824,EclBin,,True,True,True,True,True,True,False,False,True,True,True,True,False,False,True,15,18,B,photosphere;dust_over_ff;nearby,8.0,"17,18,24,57,58,77,78,85"
J162217.77-574305.4,1,vsx,0.081863,,E:,NSV 7640,,,1,245.5740646,-57.7181912,3.3e-05,AAAA,0h00,0,True,6749.0,1441.2266208332483,36.06422488298837,36.156918779612994,1055.505093123672,34.64381583939287,496.0,0.5656025832906222,2500.0,568.2579514924079,6.300624357544576,30.447140083387787,57.81476848009234,35.56522132404507,197.42077203576042,36.007886668774404,478.0,184.31839183024238,-0.1,583.5078126644262,1.80053764825955,5832153825232185984,0.035478,12.574186,1.064942,0.1002,6.68,0.805,,9980.039920159681,0,0,0.024160742078816216,208952269,12.026,6749.0,24.368,,GIANT,IRAS 16181-5736,Star,,True,False,True,True,True,True,False,True,True,True,True,True,False,False,True,15,18,B,multi_survey;photosphere;nearby,6.0,"12,39,66,93,102,103"
J073157.06-223444.5,1,gaia_dr3,0.049636,,ECL,5618714841276809856,,,1,112.9877715,-22.5790506,3.7e-05,AAAA,0h00,0,True,10990.0,2412.301014374196,35.9955217525779,36.151823364171555,918.9442932376777,34.9574515324012,619.0,0.12483911883744069,2500.0,794.4911614905013,4.245399031995438,27.666399957290835,19.009632436774517,34.28737165404177,85.57123001913156,35.768270204900105,567.0,467.1590419600772,-0.1,133.49438098037686,0.7477955140879747,5618714841276809856,0.049636,13.431383,1.219984,0.4252,7.219015280135824,4.489,6892.4,1839.8541,0,0,0.0042281134550329795,456746777,12.724,10990.0,21.837,,GIANT,IRAS 07298-2228,EclBin,,True,False,True,True,True,True,False,False,True,True,True,True,True,False,True,15,18,B,multi_survey;photosphere;dust_over_ff,5.0,"7,34,61,88,108"
J050228.42+134637.7,1,atlas_heinze2018,0.057439,2.01313,DBF,J075.6184+13.7771,,2.01313,1,75.6184283,13.7771588,0.000173,AAAA,0000,0,True,3312.0,1722.0207026752869,35.06824671383066,33.703649728637956,150.3911936230966,30.972749925854927,617.0,0.6612716531260325,2500.0,944.0967145230231,3.451243367174605,25.70478121718665,14.289952593523465,33.65857373300491,64.56316960936994,33.40373609657541,575.0,427.824386904359,-0.1,114.82887367315203,0.5534860754822079,3391710560978349568,0.052274,15.810515,3.107758,3.3721,60.97830018083182,1.195,,296.5511105839091,0,0,0.0,303676101,14.479,3312.0,1.055,,DWARF,ATO J075.6184+13.7771,TTauri*,M0,True,False,True,True,True,True,False,False,True,True,True,True,True,True,True,15,18,B,multi_survey;photosphere;dust_over_ff,,
J100928.65-465442.5,2,gaia_dr3;vsx,0.085681,23.28,E;ECL,5407677843621400960;Gaia DR3 5407677843621400960,,23.28,1,152.3694096,-46.9118133,0.000117,AAAA,0000,0,True,7193.0,1594.3508007092187,35.55953989313184,30.849910632223235,181.27832794967603,32.897566894607465,658.0,0.13946883386430353,2500.0,275.92631787422056,2.556534510919969,22.03485310867375,9.942757853941691,32.551250250152,28.92417082641605,29.948539220058382,571.0,157.58033224227097,-0.1,21.225255770352714,0.355224587043435,5407677843621400960,0.085681,12.803471,0.570314,0.7308,62.46153846153846,0.929,7849.3,1263.3097,0,0,0.000911156966419382,375478304,12.515,7193.0,2.665,0.1426,DWARF,Gaia DR3 5407677843621400960,EclBin,,True,False,True,True,True,True,False,False,True,True,True,True,True,False,True,15,18,B,multi_survey;photosphere;dust_over_ff,,
J003000.90+652553.2,2,gaia_dr3;vsx,0.044498,18.836,E;ECL,527360312518603776;Gaia DR3 527360312518603776,,18.836,1,7.5037532,65.4314672,9.1e-05,AAAA,0000,0,True,4949.0,1126.1517672498553,34.54844467498576,24.9765583049236,92.4487340426858,29.082348139795947,677.0,0.15532522184069492,2500.0,109.92291974647597,1.7217901216738745,15.171683963746526,5.940669816459085,30.099098032252318,23.37703730920646,24.16957314104435,528.0,201.13423119918502,-0.1,93.34665325518047,0.17077916008772942,527360312518603776,0.044498,14.101901,1.799226,1.3273,84.54140127388536,1.067,5654.2,682.373,0,0,0.0,279285989,13.182,4949.0,2.645,,GIANT,Gaia DR3 527360312518603776,EclBin,,True,False,True,True,True,True,False,False,True,True,True,True,True,False,True,15,18,B,multi_survey;photosphere;dust_over_ff,,
J235510.36+722736.9,2,gaia_dr3;vsx,0.003625,11.3133,E;ECL,2227793527780746880;Gaia DR3 2227793527780746880,,11.3133,1,358.7931926,72.460274,7.3e-05,AAAA,0h00,0,True,9248.0,179.615553291237,27.528853723058013,23.42499300758816,8.66429879830462,16.91636377933131,798.0,0.005316582675800793,4850.0,37.021633501522594,1.3292357311254424,8.964127400744475,2.6686501804309133,22.629591634692837,5.367828604861152,21.548022040053752,573.0,44.18477191659147,0.24000000000000002,5.092135133273456,0.010009138249974714,2227793527780746880,0.003625,8.859028,0.305032,1.2148,74.07317073170732,1.022,19940.0,891.8036,0,0,0.00010887176470727085,426142205,8.738,9248.0,6.286,,GIANT,BD+71  1238,EclBin,B5,True,False,True,True,True,True,False,False,True,True,True,True,True,False,True,15,18,B,multi_survey;photosphere;dust_over_ff,,
J002142.71+632242.8,2,gaia_dr3;vsx,0.032039,15.265,E;ECL,431027838208432512;Gaia DR3 431027838208432512,,15.265,1,5.4279828,63.378572,4.8e-05,AAAA,0h00,0,True,6507.0,1759.7302688011282,35.241154538844405,19.499084037901312,81.71673871558723,33.20234775758004,889.0,0.20140309424599556,2500.0,376.82761802458776,2.811690607641519,23.319517910810863,6.699196755185161,30.78888649526141,13.273235144251737,18.25340530748091,783.0,37.7013064472814,0.4,6.714517571473292,0.3599549394588137,431027838208432512,0.032039,14.920275,1.691254,0.2465,8.559027777777779,1.215,7984.1,1962.1276,0,0,0.0035350210155266535,428411390,14.052,6507.0,8.733,,GIANT,Gaia DR3 431027838208432512,EclBin,,True,False,True,True,True,True,False,False,True,True,True,True,True,False,True,15,18,B,multi_survey;photosphere;dust_over_ff,6.0,"17,18,24,58,78,85"
J034444.71+320402.4,1,atlas_heinze2018,0.065591,0.996054,DBH,J056.1863+32.0673,,0.996054,1,56.1862918,32.0673497,0.000108,AAAA,0000,0,True,,,,,,,,,2500.0,154.81100236653293,1.7552442423463515,15.572306075087184,6.8390024632120525,30.899322954787163,39.151356619898316,18.241455865145674,545.0,174.66130067042081,-0.1,173.27762443964065,0.19519037141554318,216676981211381632,0.082103,14.686735,2.977966,1.6129,5.97591700629863,6.938,6234.7,1248.4952,0,0,0.0,126098187,13.505,,,,GIANT,EM* LkHA   97,TTauri*,M0,True,False,True,True,True,True,False,False,True,True,True,True,True,True,True,15,18,B,multi_survey;photosphere;dust_over_ff,,
J052705.83+343311.8,2,gaia_dr3;vsx,0.008316,5.3465,E;ECL,182828618832166144;Gaia DR3 182828618832166144,,5.3465,1,81.774296,34.553285,0.000135,AAAA,0000,0,True,7420.0,1403.5929172781753,34.639516811313726,17.18809258109466,376.1594654632155,32.550935525213625,564.0,0.14275202952423882,2500.0,304.80461572865556,2.4834321609820362,21.618146447829577,16.90859430570919,32.952390750141,64.07100837679039,16.96492663576633,501.0,74.76020523618315,-0.1,324.83417203959647,0.471215352391268,182828618832166144,0.008316,14.758221,0.942116,0.4669,18.309803921568626,0.94,9293.2,3495.2847,0,0,0.09572678498119785,128017259,14.281,7420.0,1.996,,DWARF,2MASS J05270583+3433120,EclBin,,True,False,True,True,True,True,False,True,True,True,True,True,False,False,True,15,18,B,multi_survey;photosphere;nearby,8.0,"19,43,44,45,59,71,73,86"
J073110.50-201457.6,1,asassn,1.1569132394623012,1.9961,EA,J073110.58-201457.2,,1.9961,1,112.7937901,-20.2493569,9.2e-05,AAAA,dd00,0,True,9346.0,101.3358296851631,21.905026829694737,11.961963474066675,32.8181377939446,3.1648025016045875,196.0,0.0022844197158903715,9400.0,101.3280078747957,1.0977602213206976,3.222981048488943,3.953968701857251,21.92276144972816,32.902762376361494,11.962930397067762,196.0,10.271425220986185,-0.1,179.08548304388216,0.0022529702316310377,5620392210680839808,0.077737,11.798302,0.474753,0.2827,15.882022471910114,1.083,18939.3,4048.3484,0,0,0.0005235221537313513,456710832,11.606,9346.0,9.932,,GIANT,TYC 5987-1881-1,Star,OB,True,False,True,True,True,True,False,True,True,True,True,True,False,False,True,15,18,B,multi_survey;photosphere;nearby,,
J235117.42+600156.6,2,gaia_dr3;vsx,0.074727,1.28278,E;ECL,2011584049469395328;Gaia DR3 2011584049469395328,,1.28278,1,357.8226247,60.0323923,8.8e-05,AAAA,0000,0,True,7003.0,64.78653647871877,15.654697097750711,12.010838081685014,64.73653092776806,3.2404939219545486,175.0,0.010298653909936555,5050.0,1.9536751972705293,0.9074203229491252,-3.6924126066249174,4.046926714182112,14.597314387620372,49.585127563397535,11.953256138614314,172.0,13.685286051370195,-0.1,328.6711126854346,0.02040434676302021,2011584049469395328,0.074727,14.505778,1.525347,0.2997,17.526315789473685,0.953,,3336.6700033366697,0,0,0.0,470746456,13.736,7003.0,6.148,,GIANT,Gaia DR3 2011584049469395328,EclBin,,True,False,True,True,True,True,False,True,True,True,True,True,False,False,False,15,18,B,multi_survey;photosphere;nearby;wise_image,,
J210640.25+464831.9,2,gaia_dr3;vsx,0.064212,3.80049,E;ECL,2165109579628683520;Gaia DR3 2165109579628683520,,3.80049,1,316.6677309,46.8088727,6.8e-05,AABA,0h00,0,True,6677.0,74.12468484501413,1.9799720620530346,11.47496115003682,36.14328209251839,3.0404619602841323,111.0,0.00923218978252473,4800.0,2.6367760780179066,0.8884921620724241,-4.542080839140524,1.019373608972541,0.1506193943581601,27.135984443455758,11.366578981044968,75.0,20.63049975457371,-0.1,149.85230228357756,0.06333559581615161,2165109579628683520,0.064212,14.27619,1.553127,0.1339,8.583333333333334,0.954,10952.2,3940.2915,0,0,0.06712214128079633,274284541,13.493,6677.0,13.815,,GIANT,Gaia DR3 2165109579628683520,EclBin,,True,False,True,True,True,True,False,True,True,True,True,True,False,False,False,15,18,B,multi_survey;photosphere;nearby;wise_image,,
J092331.61-454205.1,2,gaia_dr3;vsx,0.064685,9.3409,E;ECL,5422843166980485632;Gaia DR3 5422843166980485632,,9.3409,1,140.8817282,-45.7014427,9.6e-05,AAAA,hh00,0,True,6823.0,696.6765503605575,34.697127189330686,11.622629527455537,65.98499974201773,27.192931719778613,626.0,0.053475463419675164,2900.0,83.39061387562234,1.6582996936003915,14.366920802100461,8.017635775983914,31.677256848436365,20.499391711806197,11.225781429065247,519.0,12.943930829924046,-0.1,153.02323374076337,0.13871416493125754,5422843166980485632,0.134226,14.638493,1.668714,0.3389,16.694581280788178,1.027,8395.8,5705.9736,0,0,0.05424220080191404,76749064,13.798,6823.0,6.12,,GIANT,WISE J092331.61-454205.1,EclBin,,True,False,True,True,True,True,False,True,True,True,True,True,False,False,True,15,18,B,multi_survey;photosphere;nearby,,
J124640.44-653524.0,2,gaia_dr3;vsx,0.127522,4.58305,E;ECL,5861533188251545088;Gaia DR3 5861533188251545088,,4.58305,1,191.6685296,-65.5900152,0.000107,AAAA,0h00,0,True,11571.0,110.87348075983834,12.133556635597458,11.206366513258438,19.83062239690209,6.421409183390558,233.0,0.0008104408023715405,5950.0,5.1585586694229,0.9265463700660654,-2.869123013040775,2.561272341762244,10.182018218050464,13.550759657687605,10.93057134305673,216.0,8.40778983334699,-0.1,161.53352164631548,0.00367182593622038,5861533188251545088,0.179736,12.599705,0.840169,0.2834,26.0,0.836,,3528.5815102328866,0,1,0.24449479252604825,460811274,12.231,11571.0,7.296,,GIANT,Gaia DR3 5861533188251545088,EclBin,,True,False,True,True,True,True,False,True,True,True,True,True,False,False,False,15,18,B,multi_survey;photosphere;nearby;wise_image,7.0,"11,38,64,65,99,100,101"
J195533.41+250034.1,2,gaia_dr3;vsx,0.065943,3.06837,E;ECL,1834493202017977984;Gaia DR3 1834493202017977984,,3.06837,1,298.8892335,25.0094732,9.9e-05,AAAA,0dd0,0,True,8084.0,86.30463565207738,9.944875603260405,10.18101381869668,64.89851662276311,7.303905942511511,164.0,0.006712817501315963,5300.0,4.666611804669424,1.0026119282416837,0.09428257588488327,3.2419303522085112,8.938475829615,47.54518763839313,10.122860234736011,159.0,0.012581828197471959,-0.1,147.44667523615016,0.017116673435699815,1834493202017977984,0.065943,14.186321,1.487296,0.2996,18.60869565217391,0.984,,3337.7837116154874,0,1,0.19829598867278056,280593201,13.456,8084.0,7.396,,GIANT,Gaia DR3 1834493202017977984,EclBin,,True,False,True,True,True,True,False,True,True,True,True,True,False,False,False,15,18,B,multi_survey;photosphere;nearby;wise_image,,
J133544.99-560258.7,2,gaia_dr3;vsx,1.463455,0.247985,E;ECL,6064452491513911680;Gaia DR3 6064452491513911680,,0.247985,1,203.9374939,-56.0496539,6e-05,AAAA,0h00,0,True,4118.0,207.1664092438292,12.903085399242196,10.094667785693494,7.934497028515904,-4.8488477190142,184.0,0.005408063967702899,3275.0,84.5724929575031,0.6836223919759615,-16.749140433780745,1.122782837848391,3.9577190970252945,5.618209576124524,9.494501516404098,136.0,280.53444358613234,-0.1,385.9922352264835,0.007440856825770693,6064452491508803840,0.021656,14.143737,2.254866,0.2532,14.145251396648044,1.111,4621.7,6835.42,0,0,0.03789333796288876,89635151,13.064,4118.0,17.926,,GIANT,Gaia DR3 6064452491513911680,EclBin,,True,False,True,True,True,True,False,True,True,True,True,True,False,False,True,15,18,B,multi_survey;photosphere;nearby,,
J101147.39-583758.9,1,gaia_dr3,0.112211,,ECL,5258206895738705792,,,1,152.9474982,-58.6330392,8.5e-05,AAAA,0000,0,True,11914.0,753.4203255522982,21.88987344328894,10.006850188620842,19.729668724406544,23.700065885238793,922.0,0.006437850046503287,3425.0,2.6397139435362904,1.1748940769905891,5.387402861961979,2.4395915092330323,14.899717277020951,5.999350339629966,8.78408325420092,528.0,16.149728243288642,-0.1,8.415055252264118,0.01945220840741897,5258206895738705792,0.112211,12.279872,1.495157,0.3117,25.137096774193548,1.104,28963.6,4133.793,0,0,0.003789887346388613,463078584,11.575,11914.0,14.251,,GIANT,THA 35-II-12,EclBin,,True,False,True,True,True,True,False,False,True,True,True,True,False,False,True,14,18,B,multi_survey;photosphere;dust_over_ff;nearby,,
J214335.03+530215.8,1,gaia_dr3,0.067064,,ECL,2173415771492887936,,,1,325.8959866,53.0377358,0.000117,AAAA,0000,0,True,7213.0,154.4085810171391,16.444482295306106,8.632721295682463,2.8092526594327163,10.625572826992311,1264.0,0.007523971022295548,4400.0,1.1046322814273917,1.02073229856318,0.7350868649101227,1.202343486869036,6.090651351298447,1.7923923856414459,5.925793379150512,301.0,0.47949938732669195,-0.1,0.47192730540389205,0.0008360042691021985,2173415771492887936,0.067064,10.643847,1.532037,0.1522,8.052910052910052,1.475,27989.1,7227.868,0,0,0.003362741849176056,421084921,9.835,7213.0,68.106,,GIANT,TYC 3967-959-1,EclBin,,True,False,True,True,True,True,False,False,True,True,True,True,False,False,True,14,18,B,multi_survey;photosphere;dust_over_ff;nearby,,
J085103.07-410222.7,3,asas3;gaia_dr3;vsx,0.061551,2.959;2.959,EC;ECL,085103-4102.4;5525401110489911936;ASAS J085103-4102.4,True,2.959,3,132.7628293,-41.0396488,0.000104,AAAA,hh00,0,True,10089.0,20.642698656232668,4.315810827619832,7.812852564431376,2.9587819964858086,2.277581964918639,179.0,0.00010757725328868194,7425.0,0.11321510344222666,0.9570866280766256,-1.622723244989562,0.9819561141146809,-0.6650297265025285,2.5310857690450566,7.138864691006677,40.0,3.0755493137586494,-0.1,49.2929730115252,0.16589592005322404,5525401110489911936,0.061551,9.526701,0.447834,0.877,36.541666666666664,1.862,,1140.2508551881415,0,0,0.0001893004972967413,190257495,9.328,10089.0,7.468,,GIANT,HD  75849,EclBin,B3/5II/III,True,True,True,False,True,True,True,True,True,True,True,True,True,False,,17,18,C,period_plausible,,
J073153.48-143308.7,3,asas3;gaia_dr3;vsx,0.040379,74.1;74.3,EA;ECL;ESD,073154-1433.1;3030158702183550592;ASAS J073154-1433.1,True,74.19999999999999,3,112.9728367,-14.5524386,0.000129,AAAA,0000,0,True,,,,,,,,,4250.0,7.41398799373156,0.9919969382857396,-0.2919771730714486,1.1486813554436137,4.684465069813347,1.7222464800527992,5.1740637567557854,267.0,0.0942574162137314,-0.1,3.0072047289233907,0.0007119690701345428,3030158702183550592,0.040379,10.380663,1.444062,0.7061,2.1976346093993153,22.342,5844.0,386.5922,0,0,0.023725657691790303,55873490,9.678,,,,DWARF,LS  493,EclBin,OB,True,True,True,False,True,True,True,True,True,True,True,True,True,False,,17,18,C,period_plausible,,
J230446.67+640525.2,2,gaia_dr3;vsx,0.079196,35.928,EB;ECL,2208494384295878144;V0710 Cep,,35.928,2,346.1944919,64.0903547,9e-05,AAAA,0000,0,True,7872.0,15.684446776475596,11.206879931771264,17.457362861492374,1.9318622966672363,4.139349429201523,631.0,0.000761779379593891,6100.0,2.2082948967442735,1.0133387831498135,0.3760990799603577,1.2079157489127794,6.229508869228968,1.5925932306760218,13.466504667703358,374.0,0.07148732402735516,0.18999999999999997,0.8829478305214122,0.00034961420655784303,2208494384295878144,0.079196,7.559737,0.753088,2.365,9.50180795500201,11.336,5686.5,303.1415,0,0,3.512584657040779e-05,434973137,7.067,7872.0,2.003,0.0099,DWARF,HD 218179B,Star,,True,True,True,False,True,True,True,True,True,True,True,True,True,False,,17,18,C,period_plausible,,
J232827.54+600636.6,6,asassn;atlas_heinze2018;gaia_dr3;vsx;wise_chen2018;ztf_chen2020,0.049586,0.32483;0.32483;0.162414;0.325112;0.32483,CBH;ECL;EW,2012277635148875136;J232827.5+600636;J232827.55+600636.5;J352.1148+60.1101;WISE J232827.5+600636;ZTFJ232827.57+600636.5,True,0.32483,5,352.1147875,60.110168,0.000102,AAAA,00p0,0,False,5158.0,43.50336264538151,18.010425202269825,10.806883770876102,68.48035101562036,-3.316612268131254,194.0,0.02800478199493093,4525.0,25.060909215250533,0.8338169913711729,-7.213049983835579,6.432357237428558,17.63352517277257,60.0123618892099,10.784286149915037,193.0,52.65055829781891,-0.1,478.42965851716576,0.03573780183845691,2012277635148875136,0.264881,15.125277,1.497455,1.0132,47.79245283018869,1.122,5338.7,912.2533,0,0,0.012684834344567365,378144921,14.36,5158.0,1.696,,DWARF,ATO J352.1148+60.1101,EclBin,,True,True,True,True,False,True,True,True,True,True,True,True,True,False,,16,18,C,wise_quality,,
J072114.64-463619.9,4,asas3;gaia_dr3;vsx;wise_chen2018,0.059258,0.388309;0.388306;0.388309,EC;ECL;EW,072115-4636.3;5510387828968085120;J072114.6-463620;V0653 Pup,True,0.388309,4,110.3110189,-46.6055407,0.000111,AAAA,0000,1,False,6318.0,15.317072439187926,4.705963603681319,11.879807739519931,5.254483543746799,-6.0146127202762605,147.0,0.0009533735201772205,6550.0,14.683742410103058,0.8722356600569061,-5.301257290344063,1.1761160524405503,5.419407775193516,5.385696917525707,11.94783747098178,152.0,28.10578179789996,-0.1,142.92223948893405,0.0008722513302456669,5510387828968085120,0.059258,10.272503,0.726371,3.3505,117.15034965034964,2.599,6110.1,294.4497,0,0,0.017778372844970095,59855698,9.862,6318.0,2.041,0.0456,DWARF,V* V653 Pup,EclBin,,True,True,True,True,False,True,True,True,True,True,True,True,True,False,,16,18,C,wise_quality,,
J082920.68-435031.8,4,asas3;tess_ebs;vsx;wise_chen2018,0.029488,0.657084;0.65739;0.65739;0.65739,0.977;EC/RRC;EC|RRC;EW,082921-4350.6;140132301;ASAS J082921-4350.6;J082920.6-435031,True,0.65739,4,127.3361809,-43.8421923,7.2e-05,AAAA,0000,0,True,,,,,,,,,8275.0,1.9970386636924835,1.1130244260125108,3.675112856939528,1.9383300793770732,17.519873593470827,3.532618335534302,7.484520955158412,549.0,5.422790550755577,0.04000000000000001,5.839244038621678,0.0010098973322567608,5523066503711021056,0.037011,9.206882,0.228475,0.7497,47.449367088607595,0.984,19835.5,1242.7546,0,0,3.089746151750282e-05,140132301,9.316,,,,,HD  72126,Be*,B2nne,True,True,True,True,True,True,True,True,True,True,True,False,True,False,,16,18,C,not_evolved_or_wind,,
J092527.12-572144.1,4,gaia_dr3;tess_oba_ebs;vsx;wise_chen2018,0.064553,2.24264;2.24277,EA;EA/DM;ECL;nan,437369882;5306601835634200704;J092527.1-572144;V0377 Car,True,2.242705,4,141.3630229,-57.362253,5.9e-05,AAAA,hh00,0,True,14046.0,1.9687638934087626,1.9936742507589624,5.362015899632216,1.6667403679146537,-0.6419904579447904,193.0,1.4132101962796604e-05,12100.0,0.18376715217264453,0.9527020573877866,-1.7967523111915136,1.0145125718460104,0.517714125799208,1.5922311888352814,4.98568056313305,136.0,3.2283542844345745,-0.1,16.349106876728932,2.0369342261435225e-05,5306601835634200704,0.117894,8.015285,0.1268,1.8752,88.87203791469194,0.941,,533.2764505119454,0,0,7.248971009699034e-05,437369882,7.997,14046.0,,,,V* V377 Car,EclBin,B4V,True,True,True,True,True,False,True,True,True,True,True,True,True,False,,16,18,C,ir_excess,,
J114741.84-685910.2,4,gaia_dr3;tess_ebs;vsx;wise_chen2018,0.010536,5.90266;5.90322;5.90278,0.583;EA;EA/D;ECL,410578942;5234016093743844480;CX Mus;J114741.8-685910,True,5.90278,4,176.9243689,-68.9861671,0.00011,AAAA,dd00,0,True,8008.0,31.634227894263372,7.085705367346434,4.165012094940681,1.5009206445717291,2.0008687205215905,730.0,0.0004779189524980239,6225.0,7.301357796682166,0.9448781496587183,-2.1113053434599056,1.0694544973705145,2.350396473587103,1.2766632518707075,2.7044576622132874,295.0,4.515434481635804,-0.1,6.559911828185654,0.00010367829539018556,5234016093743844480,0.097225,9.126474,0.468659,1.4374,106.47407407407408,0.899,,695.7005704744678,0,0,0.0010336459571821449,410578942,8.906,8008.0,6.136,,GIANT,V* CX Mus,EclBin,B5III,True,True,True,True,True,False,True,True,True,True,True,True,True,False,,16,18,C,ir_excess,,
J131820.70-632427.8,3,asassn;gaia_dr3;vsx,0.186657,1.9631;1.963,EA;EB;ECL,5862188840770706048;J131820.57-632427.7;NSV 19699,True,1.96305,3,199.5862763,-63.4077245,1.2e-05,AABA,P0h0,0,False,10620.0,30.662920859430628,4.543178251523913,14.70387407169158,40.12733511922786,-1.0714549583561472,132.0,0.0020399994903581363,7450.0,3.467488695354374,0.8584675719626484,-5.9667127132968005,1.5844100280523352,3.607874466960769,33.63125417064287,14.631286900888666,126.0,35.6020958119889,-0.1,262.3733850331214,0.00510874638599908,5862188840770706048,0.186657,12.010788,0.724808,0.3074,25.83193277310924,0.795,15898.1,2435.2952,0,0,0.049187425878842304,443525180,11.679,10620.0,9.23,,GIANT,2MASS J13182070-6324278,EclBin,,True,True,True,True,False,True,True,True,True,True,True,True,True,False,,16,18,C,wise_quality,,
J181117.97-130837.3,4,asassn;atlas_heinze2018;gaia_dr3;vsx,0.0981273928443232,1.47101;1.47101;1.47101;1.471;1.471;1.471,CBF;E;EB;ECL,4147676207250335232;Gaia DR3 4147676207250335232;J181117.97-130837.4;J272.8248-13.1439;J272.8249-13.1434,True,1.471005,3,272.8249157,-13.1437208,0.000185,AAAA,0000,0,True,,,,,,,,,3675.0,21.02541566619051,0.9615084407903983,-1.4488234541515927,0.9104124610073218,-2.4281810005082036,7.060112265864131,11.228333160841549,40.0,7.995752235867762,-0.1,134.07061794338276,5.173296465661591,4147676310321767936,0.909343,12.890189,1.813049,0.5424,18.140468227424748,1.25,,1843.6578171091446,1,1,1.0562574764905779,1657278527,12.051,,,,,ATO J272.8249-13.1434,EclBin_Candidate,,True,True,True,True,True,True,True,True,False,True,True,True,True,False,,16,18,C,unconfused,,
J195229.56+382320.2,4,atlas_heinze2018;gaia_dr3;vsx;ztf_chen2020,0.525376,0.773024;0.773024;0.773034,CBF;ECL;EW,2072210502176607232;J298.1231+38.3890;ZTF J195229.54+382320.8;ZTFJ195229.54+382320.8,True,0.773024,3,298.1232056,38.3889504,0.000164,AAAA,0000,0,True,6986.0,37.604843307182215,24.56085690585095,10.317483043824145,452.29865378486494,3.682819451901879,186.0,0.07407075305396373,5250.0,2.5293135100886306,0.9687374937926793,-1.0305358037487335,29.884175504971616,24.40476113420612,363.327949881881,10.311884720924741,185.0,1.300522274282467,-0.1,695.6821255898285,0.13882683675989654,2072210502176607232,0.532956,15.640693,0.821769,0.1847,7.3585657370517925,1.002,9532.2,2782.4155,0,0,0.2464888136333478,170357336,15.221,6986.0,3.516,,DWARF,ATO J298.1231+38.3890,EclBin,,True,True,True,True,True,True,True,True,True,False,True,True,True,False,,16,18,C,tess_usable,,
J204531.80+622345.4,3,gaia_dr3;tess_oba_ebs;vsx,0.085777,10.5968,EA;ECL;nan,2195215066970951424;372642120;V0415 Cep,,10.5968,3,311.3825057,62.3959539,7.8e-05,AAAA,hh00,0,True,10553.0,1.6185994520577789,1.2591912990719036,4.7508004499021785,1.478848080172104,-1.5529780141737954,183.0,2.322645241354194e-05,10575.0,1.6179081460600915,0.9593870005306089,-1.5320548045558597,1.0368272442751314,1.2854816670040976,1.4800510604654014,4.758864456100354,184.0,2.3477330410331874,-0.1,9.393413898302214,2.3188166506087898e-05,2195215066970951424,0.085777,7.894662,0.168376,2.4068,29.750309023485787,2.626,11030.1,498.862,0,0,6.24652711207834e-05,372642120,7.838,10553.0,3.918,0.0218,DWARF,V* V415 Cep,EclBin,B9,True,True,True,True,True,False,True,True,True,True,True,True,True,False,,16,18,C,ir_excess,,
J053300.77-003620.8,2,nsvs_hoffman2009;vsx,0.027792,5.73072;5.73072,EW;nan,NSVS 12298912;nan,True,5.73072,2,83.2532478,-0.6057926,0.000215,AAAA,0000,0,True,4109.3,325.9427617238696,32.13899129616866,35.17889792294618,35.751149419072284,20.198611797525682,544.0,0.07861403504286663,2800.0,14.217633778358724,1.3663450930848238,9.703603504237794,4.7342234941771935,28.546614872697567,18.26339676618433,34.20958164959276,273.0,87.58995233479243,-0.1,195.8127275257392,0.05811040535670487,3220692483739671296,0.063168,12.249791,1.61229,2.7557,17.64212548015365,13.958,5301.3,376.4883,0,0,0.0,50789436,11.388,4109.3,,,GIANT,Kiso A-0904  10,TTauri*,,True,True,True,False,True,True,False,True,True,True,True,True,True,True,,16,18,C,period_plausible;photosphere,,
J070019.35-220708.5,2,tess_oba_ebs;vsx,0.135211,2.2186,EA;nan,80042405;FU CMa,,2.2186,2,105.0806486,-22.1190281,0.000198,AAAA,hh00,0,True,,,,,,,,,13800.0,12.873409063242061,1.278727289818521,7.88868515905449,1.9465988803988747,17.599186050115136,2.5773233974732124,14.137684681578602,903.0,2.867847850776086,0.6,19.235882803710897,0.0005784149697004693,2928790052294961152,0.088067,6.528543,-0.276637,0.7882,1.998985544002029,8.408,,,0,0,4.213895554241447e-05,80042405,6.736,,,,,HD  52437,Be*,B3Vnn,True,True,True,True,True,True,True,True,True,True,True,False,True,False,,16,18,C,not_evolved_or_wind,,
J130134.81-560530.8,2,asas3;vsx,0.090551,33.49;33.4818,DPV/EA;ESD,130135-5605.5;V0495 Cen,True,33.4859,2,195.3950528,-56.0918983,8.2e-05,AAAA,0000,0,True,5806.0,114.54420099526553,15.413170741194804,13.761365128464416,2.553527768656434,6.646591542725835,772.0,0.004412087156000266,4150.0,10.018519566496044,0.9403631581884576,-2.295208247593798,1.2412757793917575,7.034747458114731,1.7806506087356808,9.916560659212866,330.0,5.739486036025484,-0.1,15.211184731721838,0.001147007915967827,6060715423294497920,0.09064,9.710031,0.970377,0.8585,43.358585858585855,1.151,15225.0,1359.9934,0,0,0.002016108161967928,253212775,9.145,5806.0,16.095,,GIANT,CD-55  4911,EclBin,Be,True,True,True,False,True,True,False,True,True,True,True,True,True,False,,16,18,C,period_plausible;photosphere,,
J152817.41-450805.8,2,gaia_dr3;vsx,0.03239,5.6521,EB+VAR;ECL,5999680605109166848;HV Lup,,5.6521,2,232.072562,-45.1349709,5.4e-05,AAAA,0000,0,True,10485.0,12.16286909950551,13.08556891339042,9.620960048760479,2.1764449691016394,4.226135283120325,716.0,0.0004967064873611567,7825.0,0.20480330887180076,1.0144832984657841,0.5166847508283602,1.3579049665641243,9.53896847545129,1.8681333633997033,8.271286331508525,431.0,0.007051407969430491,0.21,5.824143166909321,0.0003245140282481002,5999680605109166848,0.03239,7.781263,0.224609,0.6801,24.031802120141347,0.93,19627.3,1050.2777,0,0,0.0003987642725766849,151131426,7.693,10485.0,19.404,,GIANT,HD 137518,Be*,B1Vne,True,True,True,True,True,True,True,True,True,True,True,False,True,False,,16,18,C,not_evolved_or_wind,,
J173202.87+024925.5,2,gaia_dr3;vsx,0.251354,1.08628,EB;ECL,4376824940267661056;V2373 Oph,,1.08628,2,263.0119617,2.8237598,2.1e-05,AAAA,0000,0,True,,,,,,,,,12475.0,2.282242641251395,0.9779837536039698,-0.8147318643061142,1.1125205664658804,3.6603863477324903,1.9641969396490253,5.92191990506589,214.0,0.6665879090628786,-0.1,10.129256206973874,3.111081380828884e-05,4376824940267661056,0.373825,7.740408,-0.037902,1.9944,49.61194029850746,0.924,9763.5,461.1143,1,1,0.39091946337150274,348496579,7.763,,,,,HD 158976,**,B8V,True,True,True,True,True,True,True,True,False,True,True,True,True,False,,16,18,C,unconfused,,
J073625.23-615225.8,2,tess_ebs;vsx,0.089993,5.13315;5.13289,0.647;EA,349907707;V0455 Car,True,5.13302,2,114.1051578,-61.8738556,9.5e-05,AAAA,0000,0,True,9071.0,32.075462060773205,8.230470814322768,6.717607977853084,1.6223311335721193,1.9481704943316873,593.0,0.00027822861166065593,6475.0,0.5622590458924096,0.9155104452165437,-3.3399716712351455,1.0712132668920826,2.4059579454911937,1.3244293704040537,4.289671062166688,276.0,11.216683918405122,-0.1,15.119790093308229,9.754294627935757e-05,5289291395127135360,0.168788,8.401565,0.224091,1.8854,53.71509971509972,1.1,17661.9,553.0082,0,0,0.0,349907707,8.291,9071.0,5.179,,GIANT,HD  61644A,Star,,True,True,True,True,True,False,True,True,True,True,True,True,True,False,,16,18,C,ir_excess,,
J020731.77+652855.6,2,gaia_dr3;vsx,0.050713,3.16034,EB;ECL,518517662052109312;V0558 Cas,,3.16034,2,31.8823956,65.4821241,5.2e-05,AAAA,hh00,0,True,7815.0,1.577899349493289,-3.722031929015356,3.895049366099868,1.381664747850763,-3.007195252489415,40.0,0.03554543715121589,8225.0,1.0278971921023854,0.9425491477887563,-2.2059493444379945,0.9317516658135782,-2.6509097527228818,1.4225609895919606,4.1884380926335805,40.0,11.893597434855876,-0.1,28.914010366583582,0.03382869032689063,518517662052109312,0.050713,8.570082,0.980942,1.0617,56.775401069518715,1.155,,941.885655081473,0,0,1.386777542280313e-05,285907069,8.062,7815.0,16.885,,GIANT,V* V558 Cas,EclBin,A,True,True,True,True,True,False,True,True,True,True,True,True,True,False,,16,18,C,ir_excess,,
J170456.24-482100.6,2,asas3;vsx,0.021302,0.955043;0.955043,DCEP-FO/EC;DCEP-FO|EC,170456-4821.0;ASAS J170456-4821.0,True,0.955043,2,256.2343712,-48.3501691,8.7e-05,AAAA,dddd,0,True,5008.0,51.221279693781725,2.797944503095127,3.8803521745087197,1.5140594670903422,-1.915279507550997,241.0,0.00027643322381970986,4225.0,19.168008376745277,0.8366370111814271,-7.0667489447766085,0.9169804726460818,-3.2765985477659583,1.2660856928649897,2.401923311558295,40.0,60.67508986041409,-0.1,66.44427428633045,0.15126812630062353,5938773021079334656,0.081371,10.538525,1.408028,1.8113,126.66433566433565,0.873,6067.2,522.4804,0,0,0.0021553721553188264,212515109,9.819,5008.0,7.02,,GIANT,TYC 8332-2529-1,SB*,,True,True,True,True,True,False,True,True,True,True,True,True,True,False,,16,18,C,ir_excess,,
J080630.27-440542.1,1,asassn,1.526718857715213,14.167,EA,J080630.29-440542.4,,14.167,1,121.6261301,-44.0950491,6.1e-05,AAAA,0000,0,True,,,,,,,,,3050.0,1.8209206186437576,1.0113224394816818,0.4051850656633062,4.1944222413849985,27.562793961114362,24.07592426244608,28.906662750262683,222.0,0.10896559278895625,-0.1,674.3280190285695,0.04834337043869315,5520795977844975616,0.135652,13.818189,1.739692,,,,,,0,0,0.12274909741025582,80474059,12.489,,,,,Gaia DR3 5520795977844975360,Star,,False,False,True,True,True,True,True,True,True,True,True,True,True,False,,16,18,C,match;multi_survey,,
J002317.87+601408.2,1,vsx,0.040424,67.0687,EA,CzeV4193,,67.0687,1,5.8244743,60.2356113,9.4e-05,AAAA,0h00,0,True,8892.0,5.678263404218273,4.899954797954938,13.817548763510354,2.036897621807745,0.243958126470224,236.0,0.00010020482155839471,7775.0,3.249039627900578,0.9530250218675514,-1.7838788176542744,1.0768653668351298,2.583285222558757,1.8870775333621461,12.759573697574014,191.0,3.1839925741684505,-0.1,29.57645193157848,0.00010823433627586931,428717832994783744,0.072863,7.543181,0.361678,3.3125,122.23247232472325,1.319,,301.8867924528302,0,0,6.870912216750056e-05,444333194,7.361,8892.0,5.051,,GIANT,HD   1844,Star,A0,True,False,True,False,True,True,True,True,True,True,True,True,True,False,,16,18,C,multi_survey;period_plausible,,
J210233.01+680729.1,1,ztf_chen2020,0.147358,13.8902,EW,ZTFJ210233.03+680729.1,,13.8902,1,315.637562,68.1247515,5.7e-05,AAAA,dddd,0,True,,,,,,,,,2800.0,13.823559038418367,1.2210957425649214,6.552902830163227,3.634444756051097,26.233370276781656,8.677025418991231,11.169866372939937,476.0,12.306498488452537,-0.1,70.66390564569733,0.05196290382072198,2270056968043900928,0.101531,14.287757,2.070121,2.8965,191.82119205298014,1.09,4866.4,336.4705,0,0,0.004680622327919712,387833145,13.32,,,,,V* FW Cep,OrionV*,,True,False,True,False,True,True,True,True,True,True,True,True,True,True,,16,18,C,multi_survey;period_plausible,,
J195142.69+400317.5,1,kepler_ebs,0.081582,41.2632,nan,4949194,,41.2632,1,297.9279108,40.0548789,3.7e-05,AAAA,0000,0,True,12159.0,2.5282438188909673,6.627387600541382,8.732741148612515,3.845709650471686,-0.528772984672446,204.0,9.563205983366008e-05,12175.0,2.5282793063394706,0.9858919018653458,-0.5178956197291344,1.292261177487213,6.6365661605971775,3.8473906637466957,8.734081951253938,204.0,0.2711981908082921,-0.1,29.614976230509058,9.535814783738858e-05,2073664327103160960,0.070227,8.848242,0.042914,0.9201,7.2334905660377355,5.632,11039.4,830.733,0,0,0.0032741031350782736,170234196,8.862,12159.0,,,,BD+39  3935,**,A0,True,False,True,False,True,True,True,True,True,True,True,True,True,False,,16,18,C,multi_survey;period_plausible,,
J080739.87-532923.9,1,asassn,0.7551743377362253,55.601,EA,J080739.95-532923.6,,55.601,1,121.9161497,-53.4899796,0.000117,AAAA,0h00,0,True,9201.0,1.3553183657096253,3.3077178291564833,5.915119803563517,1.9209577639945337,-1.4522228701887987,208.0,7.181816737568369e-05,8800.0,0.9495463004518387,0.9477616690867244,-1.9947717869948018,1.0794973063146494,2.665225228497959,1.8812813933674573,5.7796626298299,194.0,3.981291057463487,-0.1,17.22831396502836,7.514737434499416e-05,5320386271155585664,0.117534,8.917783,0.337009,2.1397,9.573601789709171,14.81,10679.9,373.41,0,0,3.204300222924936e-05,238535393,8.733,9201.0,2.318,0.0592,DWARF,HD  67909,alf2CVnV*,ApCrEu,True,False,True,False,True,True,True,True,True,True,True,True,True,False,,16,18,C,multi_survey;period_plausible,,
J190441.01+125627.0,2,gaia_dr3;vsx,0.097036,32.72,E;ECL,4314187485137693696;Gaia DR3 4314187485137693696,,32.72,1,286.1708855,12.940839,0.000199,AAAA,hh00,0,True,7604.0,30.95755834490676,5.548392866071122,6.033298568252133,2.1692760451238606,1.0601472125053921,238.0,0.00018129681174202148,5950.0,4.461363910013608,0.9147046043979314,-3.374798037132031,1.0094143303811391,0.337538281051145,1.8330628202537165,5.086897528408825,115.0,11.389304624607124,-0.1,31.4774639419237,0.0002886011786662132,4314187485137693696,0.097036,10.021652,0.97735,0.9922,7.317109144542773,7.037,6098.7,579.0831,0,0,0.002046196317438519,356133209,9.443,7604.0,1.909,0.1126,DWARF,HD 230610,EclBin,F8,True,False,True,False,True,True,True,True,True,True,True,True,True,False,,16,18,C,multi_survey;period_plausible,,
J230402.19+632348.7,4,debcat;gaia_dr3;tess_ebs;vsx,0.169218,1.36458;2.72914;2.729,0.635;EA/DM;ECL;nan,2207689919743551360;434893323;CW Cep,True,2.729,4,346.0091311,63.3968659,4.5e-05,AAAA,hh00,0,True,,,,,,,,,8250.0,0.6732123410530504,1.1339470453671834,4.275071964183263,1.5422433110270093,12.724606862408724,2.8600452032796246,20.768063564495144,337.0,16.827135431662217,0.10999999999999999,0.7925950543545975,0.00037030705263316736,2207689919743551360,0.193512,7.69211,0.558687,1.7931,8.996989463120922,6.208,,557.6933801795773,0,0,0.000342092334627816,434893323,7.234,,,,DWARF,HD 218066,Be*,B1.5Vn,True,True,True,True,True,True,True,False,True,True,True,False,True,False,,15,18,C,dust_over_ff;not_evolved_or_wind,,
J104142.92-612155.7,4,asassn;gaia_dr3;vsx;wise_chen2018,0.045125,0.298543;0.298544;0.29854,EC;ECL;EW,5254043633672158080;J104142.9-612155;J104142.92-612155.6;OGLE-GD-ECL-01200,True,0.298543,4,160.4288408,-61.3654924,7.6e-05,AAAA,0000,0,True,5131.0,137.04938505196185,11.910179969363776,12.134029572580397,186.95180283291478,3.435764985298877,212.0,0.08064119752692091,3625.0,8.962184182770848,0.7913647248021127,-8.674040218792689,14.204463392403092,11.601148670775403,118.10626932808343,12.095992465947557,201.0,78.2420502637101,-0.1,356.1386579349271,0.14205913449859153,5254043633672158080,0.255338,15.476555,1.221017,0.9543,38.0199203187251,0.935,5119.5,964.6426,0,0,0.24428365075528707,390196401,14.865,5131.0,1.072,,DWARF,OGLE GD-ECL-1200,EclBin,,True,True,True,True,True,True,False,True,True,False,True,True,True,False,,15,18,C,photosphere;tess_usable,,
J222127.32+582906.9,4,atlas_heinze2018;gaia_dr3;vsx;ztf_chen2020,0.107775,1.26689;1.26689;0.633445,DBH;EB:;ECL;EW,2200300548770474880;J335.3638+58.4852;WISE J222127.3+582906;ZTFJ222127.32+582907.0,True,1.26689,4,335.3638356,58.4852562,5.3e-05,AAAA,0000,0,True,4551.0,134.2722728219867,9.497876571157478,9.958385839529729,106.12703064389984,4.57429587766896,208.0,0.06380377602596729,3500.0,14.011474871160303,0.8810803563134141,-4.8847365503150755,8.778545211323385,9.162433825582646,74.31715322132976,9.917839889424917,199.0,24.734259302885583,-0.1,206.1743928464331,0.09654559035061233,2200300548770474880,0.107775,16.05289,2.389716,0.4345,12.34375,0.968,,2301.4959723820484,0,0,0.0,395208735,14.907,4551.0,5.62,,GIANT,ATO J335.3638+58.4852,EclBin,,True,True,True,True,True,True,False,True,True,False,True,True,True,False,,15,18,C,photosphere;tess_usable,,
J074906.00-310742.6,3,asas3;gaia_dr3;vsx,0.024014,158;157.3,EB/GS;EC;ECL,074906-3107.7;5595565070634119680;PW Pup,True,157.65,3,117.2750331,-31.1285031,7.6e-05,AAAA,hh00,0,True,7292.0,173.61259843797018,27.32048759237048,31.75027504402256,8.149462456974966,18.19152650819575,987.0,0.017703536069102813,3775.0,3.8847051358228186,1.4046559055880348,8.68835890338153,1.981397717389492,17.925713478002372,3.8014765699758475,26.670904343043418,388.0,67.80632634717705,0.42000000000000004,5.619263249866286,0.007063447233166258,5595565070634119680,0.042765,9.116517,1.334603,0.2359,12.097435897435897,1.741,6291.4,2502.463,0,0,2.1242224773886923e-05,150333213,8.464,7292.0,69.907,,GIANT,V* PW Pup,EclBin,G0Ie,True,True,True,False,True,True,False,False,True,True,True,True,True,False,,15,18,C,period_plausible;photosphere;dust_over_ff,,
J211404.37+520345.2,4,gaia_dr3;vsx;wise_chen2018;ztf_chen2020,0.059644,1.75665;1.75665;1.7566,EA;ECL,2175344246155374592;J211404.3+520345;WISE J211404.3+520345;ZTFJ211404.39+520345.2,True,1.75665,3,318.5182345,52.0625731,9.1e-05,AABA,hh00,0,True,6156.0,1144.9276674465268,7.796825670341288,12.038923493353611,486.20343627968873,22.226904535267835,464.0,0.06492889559639338,2550.0,18.426555199668435,0.8250953259349808,-7.671854432844695,6.511272095873772,6.85812711397632,110.90628528418094,11.9549614701725,158.0,58.95325423247151,-0.1,248.812361703525,0.3384016411688616,2175344246155374592,0.062681,18.737858,3.522886,0.2454,1.4756464221286831,1.005,5321.8,914.0364,0,0,0.0,62132395,16.922,6156.0,6.998,,GIANT,ZTF J211404.39+520345.2,EclBin,,True,True,True,True,True,True,False,True,True,False,True,True,True,False,,15,18,C,photosphere;tess_usable,,
J045300.81-680132.3,4,asassn;gaia_dr3;ogle_lmc_ecl;vsx,0.091847,3.15152;3.1516;3.1517,E;EB;ECL;NC,4661587151814849920;Gaia DR3 4661587151814849920;J045300.83-680132.5;OGLE-LMC-ECL-02109,True,3.1516,3,73.2534025,-68.0256464,5.6e-05,AAAA,00hh,0,False,,,,,,,,,18125.0,5.109401536168718,0.8928342994053816,-3.9490744529964963,15.902624759238346,9.690115995073203,411.1817676678045,10.94036039010816,150.0,15.64241983597385,-0.1,229.18502249873066,0.003970174961546589,4661587151814849920,0.120762,13.500082,-0.290861,-0.0576,-2.5486725663716814,1.004,19987.9,11343.899,0,0,0.04143540484746068,29992873,12.732,,,,,BI  12,EclBin,O7.5III,True,True,True,True,False,True,True,True,True,True,True,True,False,False,,15,18,C,wise_quality;nearby,,
J215044.62+574107.0,4,atlas_heinze2018;gaia_dr3;vsx;ztf_chen2020,0.078739,0.39182;0.39182;0.195914,CBH;ECL;EW,2202269872874354944;J327.6859+57.6852;ZTF J215044.64+574107.0;ZTFJ215044.64+574107.0,True,0.39182,3,327.6859504,57.6852951,1.8e-05,AABA,0000,0,True,4924.0,113.17672025510059,7.926537292320654,10.506715985350445,306.3193647549295,-7.783002973655987,149.0,0.14162922401402278,3875.0,49.80502607008468,0.6326349668830772,-15.011346635092595,9.671108686191214,7.725954402391256,233.24387192757166,10.495934610319221,148.0,225.44527464639123,-0.1,395.19554257083155,0.2177808776588099,2202269872874354944,0.083255,17.74633,2.313162,0.5431,6.962820512820513,0.988,3746.3,889.1179,0,0,0.06824757115581202,365452133,16.62,4924.0,1.936,,GIANT,ATO J327.6859+57.6852,EclBin,,True,True,True,True,True,True,False,True,True,False,True,True,True,False,,15,18,C,photosphere;tess_usable,,
J052331.01-010423.6,2,tess_ebs;vsx,0.084528,14.9741;808.6,0.267;E+TTS,4206238;PDS 110,False,411.78705,2,80.8792135,-1.0732267,0.000175,AAAA,0000,0,True,6503.0,648.1879215467986,35.23920913892136,36.10483080418746,418.995994157601,30.30885689134208,601.0,0.10375765887121739,2500.0,25.790653982695655,1.6007315876513795,13.58204042631753,7.491585115536858,31.360292370302872,76.26543877259219,35.716664130601835,186.0,183.86802187075824,-0.1,935.5950677085938,0.24877823496210966,3220462655745525632,0.092021,10.284791,0.72608,2.8857,136.11792452830187,1.201,6156.9,343.7923,0,0,0.003024170454352914,4206238,9.896,6503.0,2.345,0.0072,DWARF,HD 290380,OrionV*,keF6IVeb,True,True,False,False,True,True,False,True,True,True,True,True,True,True,,15,18,C,period;period_plausible;photosphere,,
J200225.52+354011.3,2,tess_ebs;vsx,0.105136,2.57379;2.5819,0.472;EA:,104909909;V2894 Cyg,True,2.577845,2,300.6063595,35.6698239,7.6e-05,AAAA,ddo0,0,False,12546.0,89.90361926217865,17.848258600938003,35.309483684047315,41.045998605689654,5.624979053876738,135.0,0.0012481589240402769,6500.0,0.3444037125184601,0.9306459676735984,-2.6970579740067744,1.4376964570950546,11.018155416076219,29.23481254111684,34.95325782955328,122.0,7.2791293867702755,-0.1,1096.8621211207112,0.006894411638799901,2059461424331468288,0.086909,10.339399,0.9474,0.5041,30.367469879518072,1.295,13893.1,2340.3167,0,0,0.003631357920831605,104909909,9.911,12546.0,,,,LS  II +35   17,EclBin,B,True,True,True,True,False,True,False,True,True,True,True,True,True,False,,15,18,C,wise_quality;photosphere,,
J094608.30+035750.2,2,asas3;vsx,0.133427,31.65;31.65,ED/ESD;ED|ESD,094608+0357.8;ASAS J094608+0357.8,True,31.65,2,146.5346125,3.9639637,0.000138,AAAA,0000,0,True,8207.7,497.82903952925324,32.7034786363861,35.478015259725865,50.74542181049025,24.250645503154896,667.0,0.017423925501891365,3500.0,106.61938396464697,1.5406395368510593,12.70017861289443,4.41883789972261,28.000997623991417,20.519869069138124,34.42749153530831,248.0,157.96892045976654,-0.1,139.2409957833048,0.030656855465123468,3848221810236018816,0.096083,9.693764,0.433157,2.0197,89.36725663716814,1.014,,495.12303807496164,0,0,0.0,455273447,9.451,8207.7,2.737,0.0012,DWARF,HD  84562,Star,A1/2III,True,True,True,False,True,True,False,False,True,True,True,True,True,False,,15,18,C,period_plausible;photosphere;dust_over_ff,,
J034640.87+321724.6,2,tess_ebs;vsx,0.066029,1.05005;1.0498,0.742;SXARI/E,26432264;NSV 15770,True,1.049925,2,56.6703016,32.2901745,0.000144,AAAA,0000,0,True,9186.0,2.1922369046975523,14.382350647651691,18.835787762544765,2.663417008721693,4.182666407985331,457.0,0.0004229657656608129,10425.0,0.8514294629297093,1.1816673765093515,5.56396980009398,1.7571663576787113,15.594860516273213,2.8314090359900317,19.507632172029606,530.0,19.523567461644067,0.51,0.8378518536496296,0.00042404083711775775,216660488536984448,0.146336,6.628556,0.115385,3.9731,64.7084690553746,1.463,19811.5,282.9652,0,0,0.0,26432264,6.578,9186.0,5.419,,GIANT,HD  23478,Be*,B3IV,True,True,True,True,True,True,True,False,True,True,True,False,True,False,,15,18,C,dust_over_ff;not_evolved_or_wind,,
J215348.09+623651.9,2,gaia_dr3;vsx,0.017397,0.806187,ECL;EW/KE,2204369875668251264;EM Cep,,0.806187,2,328.4504006,62.6144265,2.7e-05,AAAA,hh00,0,True,13218.0,1.2274253427767556,9.585673213663846,17.376666851332388,2.2735413907435573,3.253342179393254,333.0,6.137349150441198e-05,12275.0,0.9649127548653041,1.0779187569704165,2.616128377810355,1.3267739604530688,8.913608753544919,2.213611291922552,17.00726672231077,321.0,6.42835462958553,0.0,0.5602504356361493,6.861150829890883e-05,2204369875668251264,0.017397,6.959275,0.359347,1.5214,7.948798328108674,10.054,23122.9,457.8231,0,0,6.644317850024673e-05,411043004,6.812,13218.0,,,,HD 208392,Be*,B1Vn,True,True,True,True,True,True,True,False,True,True,True,False,True,False,,15,18,C,dust_over_ff;not_evolved_or_wind,,
J091559.79-491225.1,3,gaia_dr3;vsx;wise_chen2018,0.020942,1.58734;1.58734,EA;ECL,5325777765085610112;J091559.7-491225;WISE J091559.7-491225,True,1.58734,2,138.9991471,-49.2069955,0.00011,AAAA,0000,0,True,3236.0,55.34508405658089,19.308991528555065,15.017882078818523,55.77437654919379,3.397220784556238,214.0,0.09305476173787601,2850.0,3.812640120371059,0.9314265986493263,-2.6644656214385236,6.252374103122266,18.61396683210428,44.22571847692278,14.946286224952233,210.0,7.613267505735765,-0.1,528.6018220694722,0.10553711043383332,5325777765085610112,0.074969,16.80526,3.165993,0.4745,8.280977312390926,1.056,8572.6,4271.437,0,0,0.0,391627028,15.541,3236.0,,,,Gaia DR3 5325777765085610112,EclBin,,True,True,True,True,True,True,True,True,True,False,True,True,False,False,,15,18,C,tess_usable;nearby,,
J212547.19+520005.2,2,atlas_heinze2018;gaia_dr3,0.067225,0.590989,CBH;ECL,2172515134023436416;J321.4466+52.0014,,0.590989,2,321.4466567,52.0014632,9.1e-05,AAAA,hh00,0,True,7019.0,729.0655825691065,9.811940322276914,15.003332746305048,197.54137686758312,18.11335277538338,616.0,0.016661804283483413,3075.0,3.2304409512351273,0.8636605643680066,-5.7132268358332565,2.859367019164189,7.278599201135218,65.75964326939774,14.8503545574549,138.0,32.647818153082696,-0.1,306.151997690573,0.12395531563015369,2172515134023436416,0.067225,16.736828,2.79296,0.1152,2.4252631578947366,0.984,8734.6,1843.0648,0,1,0.16959818491101195,63983965,15.315,7019.0,15.148,,GIANT,ATO J321.4466+52.0014,EclBin,,True,True,True,True,True,True,False,True,True,False,True,True,True,False,,15,18,C,photosphere;tess_usable,,
J053822.21+235856.7,2,asas3;vsx,0.068196,0.176957;0.176957,BCEP=DSCT/EC/ESD/ED;BCEP|DSCT|EC|ESD|ED,053822+2358.9;ASAS J053822+2358.9,True,0.176957,2,84.5925689,23.982424,0.000113,AAAA,0h00,0,True,,,,,,,,,6100.0,20.152173232572352,1.291323247514987,8.16475651941838,3.572045224801183,26.05941829863346,10.12477009742069,14.604486035994283,528.0,44.292654889407466,-0.1,13.78298339560152,0.006631006995723778,3404637072510961408,0.088138,9.93527,0.294668,0.8156,34.1255230125523,1.106,19975.0,1356.5887,0,0,6.059109484359326e-05,19813337,10.05,,,,,HD 245672,EmLine*,B3e,True,True,True,True,True,True,True,False,True,True,True,False,True,False,,15,18,C,dust_over_ff;not_evolved_or_wind,,
J110224.54-603006.3,2,gaia_dr3;vsx,0.238975,,EA:;ECL,5338089409141472128;GDS_J1102245-603006,,,2,165.6022794,-60.5017616,7e-05,AABA,0000,0,True,5941.0,37.63153308753144,7.789794780670043,14.570682901979385,144.65546754282934,-1.7938994455292288,167.0,0.037416035833106015,4725.0,3.809636133048221,0.8277607119485504,-7.530615559940812,7.516698207737718,7.591072337709905,118.35457528150802,14.548143459061833,165.0,56.86236404570871,-0.1,325.9830280534108,0.06011188810877265,5338089409141472128,0.238975,14.990732,1.445172,0.1521,5.94140625,1.169,,6574.621959237344,1,2,0.5848152176339965,466295427,14.232,5941.0,8.227,,GIANT,Gaia DR3 5338089409141472128,EclBin,,True,True,True,True,True,True,True,True,False,True,True,True,False,False,,15,18,C,unconfused;nearby,,
J190417.12-202210.8,2,nsvs_hoffman2009;vsx,2.74962,0.66468;0.66468,EW;nan,NSVS 16844544;nan,True,0.66468,2,286.0713458,-20.3696776,2.4e-05,AAAA,0000,1,False,,,,,,,,,2625.0,31.2663371074448,0.6607157175208274,-13.27468219489716,1.002336630771454,0.08436834984160779,1.7311028298364532,12.737301172557414,91.0,176.21718775687108,-0.1,252.10100358088772,0.004808991457618506,4082359066181525504,0.095739,11.930353,4.435746,0.3213,5.6766784452296815,1.244,,3112.3560535325246,0,0,0.004089313685947223,335782901,10.439,,,,,IRAS 19013-2026,EclBin,,True,True,True,True,False,True,True,True,True,True,True,True,False,False,,15,18,C,wise_quality;nearby,,
J061037.63-053520.4,2,asas3;vsx,0.135167,89.1;89.1,EC,061038-0535.3;ASAS J061038-0535.3,True,89.1,2,92.6568275,-5.5890041,0.00018,AAAA,0000,0,True,,,,,,,,,3475.0,17.811818812930884,1.168355129710497,5.215002839896534,1.3006738186234192,8.366239253021163,1.6456829541948108,6.1737406264257535,1117.0,6.049001845569112,0.6,3.080638117985469,0.0173326129396365,3020110883883311616,0.047441,11.789616,2.165119,0.1911,5.555232558139535,1.508,,5232.862375719519,0,0,0.0,299466304,11.144,,,,GIANT,,,,True,True,True,False,True,True,True,False,True,True,True,True,False,False,,15,18,C,period_plausible;dust_over_ff;nearby,,
J042016.75+421851.7,2,gaia_dr3;vsx,0.055619,13.1989,EA/D;ECL,229136921858228096;RW Per,,13.1989,2,65.0698322,42.314383,0.000108,AAAA,0000,0,True,6541.0,163.4342491875933,14.009476536891583,8.310977795136086,2.3909528304154395,6.425490606871754,907.0,0.003564416342145181,4150.0,10.24381837815066,0.8565322358356888,-6.061968608296297,1.0454815853675525,1.5744260691111363,1.4901391296919244,4.69897661754068,193.0,36.751907973576955,-0.1,49.55135394182804,0.00038097965491414216,229136921858228096,0.055619,9.495915,0.877388,2.163,63.06122448979592,1.991,,462.32085067036525,0,0,0.0,410193513,9.036,6541.0,6.505,,GIANT,V* RW Per,SB*,A2,True,True,True,True,True,False,False,True,True,True,True,True,True,False,,15,18,C,ir_excess;photosphere,,
J131043.04-581638.6,2,gaia_dr3;vsx,0.029499,16.394,EA/DS;ECL,6063004464732765952;CT Cen,,16.394,2,197.6793723,-58.2774158,4.8e-05,AAAA,0000,0,True,6733.0,195.57680321698047,10.928167145459263,8.654062366164915,1.8326064365698034,5.132439407929386,937.0,0.0024681093059741193,4275.0,25.827112195309258,0.8433367336803916,-6.723094639257361,0.946124179076279,-2.060861587783658,1.17824136095278,2.881533611220571,40.0,49.44717288837077,-0.1,57.472226458037824,0.09790594815140817,6063004464732765952,0.029499,9.661896,0.747575,1.6226,114.26760563380282,0.904,6472.3,604.4361,0,0,0.001522959923206984,406184697,9.257,6733.0,5.727,,GIANT,V* CT Cen,EclBin,A3,True,True,True,True,True,False,False,True,True,True,True,True,True,False,,15,18,C,ir_excess;photosphere,,
J130415.15-611856.7,2,gaia_dr3;vsx,0.206752,10.6033,EA;ECL,5863544023161862144;V0878 Cen,,10.6033,2,196.0631416,-61.3157515,3.7e-05,AAAA,hh00,0,True,6642.0,154.81554515839065,10.93137022563608,6.995676311777158,1.8215862627045665,9.473034093308108,1500.0,0.008328537078766463,4100.0,0.45838876514314125,0.9283148045699233,-2.794713303448624,0.8880886657941537,-4.5605876961778335,1.096375267958028,1.3634293804761508,40.0,28.609409279164865,-0.1,30.468322258546937,0.05980970742515659,5863544023161862144,0.206752,9.979364,1.782777,0.4988,26.391534391534393,0.854,,2004.8115477145147,0,0,0.03461822902512975,439665110,9.1,6642.0,37.342,,GIANT,V* V878 Cen,SB*,B1III,True,True,True,True,True,False,False,True,True,True,True,True,True,False,,15,18,C,ir_excess;photosphere,,
J212054.77+465236.7,2,vsx;ztf_chen2020,0.204189,6.79742;6.79742,EB:;EW,ZTF J212054.76+465236.9;ZTFJ212054.76+465236.9,True,6.79742,1,320.2282138,46.8768782,3.3e-05,AAAA,0000,0,True,5418.0,999.6151502761616,35.45349904156165,36.11524054013095,476.411433816461,28.265051060474637,481.0,0.17172664592886466,2525.0,6.649180869661263,1.5559122742534475,12.930765074057133,13.143650303794505,33.43769421737523,119.19117857701875,35.887566847402276,197.0,165.2303621345696,-0.1,1478.848973516695,0.3911459088832086,1972419818947177216,0.163906,15.654044,2.584475,1.1721,24.317427385892113,1.796,,853.1695247845747,0,0,0.0,138792401,14.35,5418.0,2.752,,GIANT,ZTF J212054.76+465236.9,EclBin,,True,False,True,False,True,True,False,True,True,True,True,True,True,False,,15,18,C,multi_survey;period_plausible;photosphere,,
J060417.81-100334.9,2,gaia_dr3;vsx,0.042241,43.22,E;ECL,3005127181799003648;Gaia DR3 3005127181799003648,,43.22,1,91.0742473,-10.0597049,0.000209,AAAA,0000,0,True,6953.0,1446.4587232212475,35.73298537055656,36.134623261374095,639.6063509047364,31.491187985268336,507.0,0.14644826127705635,2500.0,208.09956864930024,1.9193660498413496,17.335394080087507,14.757507468578053,33.73881390578035,110.0441770037076,35.86232793489542,213.0,295.59028168817645,-0.1,1180.3444056438195,0.3895221577193225,3005127181799003648,0.042241,12.54049,0.787306,1.1994,75.91139240506328,1.071,,833.7502084375521,0,0,0.0016434269957090577,71788056,12.136,6953.0,2.067,0.0246,DWARF,2MASS J06041782-1003349,YSO,B7,True,False,True,False,True,True,False,True,True,True,True,True,True,True,,15,18,C,multi_survey;period_plausible;photosphere,,
J183215.52+140430.3,1,ztf_chen2020,0.126513,76.9101,EW,ZTFJ183215.52+140430.3,,76.9101,1,278.0647039,14.0750976,0.000162,AAAA,0000,0,True,4545.0,483.4045746600734,34.70575039521371,36.04550823371453,248.39778091642546,21.138301815558947,196.0,0.14768058512365137,2750.0,41.280108186733216,1.2508925246673643,7.258899603357653,10.763964047921208,32.82895044238568,104.75472084631642,35.84572161436228,192.0,51.86307673246023,-0.1,1640.0294433219763,0.2648592302911257,4508630034815815040,0.10993,12.952997,1.645408,0.3868,24.024844720496894,1.093,5457.6,2027.9651,0,0,0.002072810500289139,50224467,12.07,4545.0,13.129,,GIANT,IRAS 18301+1402,EclBin,,True,False,True,False,True,True,False,True,True,True,True,True,True,False,,15,18,C,multi_survey;period_plausible;photosphere,,
J232834.08+490819.6,1,asassn,1.9151321790638565,9.7926,EA,J232833.96+490818.1,,9.7926,1,352.1420359,49.1387812,0.000141,AAAA,0000,0,True,4308.0,135.19608734135255,32.5233543161986,35.82402774809407,98.56554764375572,4.362801346845077,192.0,0.06794783865606863,3575.0,67.40688848361118,0.9460622358610865,-2.0633661334841937,7.785299557370805,31.542547315309463,76.59190412633001,35.71868682151736,191.0,4.471205556286722,-0.1,1809.6670838939367,0.08994057406389915,1942884260861108736,0.063914,13.796959,1.582355,2.3385,162.39583333333331,1.082,5070.7,412.2494,0,0,0.016592384378127007,25537135,13.017,4308.0,1.464,,GIANT,UCAC4 696-126045,YSO_Candidate,,False,False,True,True,True,True,False,True,True,True,True,True,True,True,,15,18,C,match;multi_survey;photosphere,,
J160900.75-190852.9,1,asassn,1.1145600941718108,33.998,EA,J160900.68-190853.4,,33.998,1,242.2531326,-19.1480511,8.7e-05,AAAA,h000,0,True,3740.0,151.3728833521031,32.58514280537935,35.80180413722501,92.94031072789902,10.271660570869681,197.0,0.09767106145789729,2950.0,5.827049634494534,1.033385999799814,1.1692432683020624,6.842558588180967,30.90207318339272,61.90805708591636,35.60661075605426,194.0,1.2819130780316006,-0.1,1514.882276308461,0.12747275272535333,6245777283349430912,0.108091,12.892171,2.18879,7.2782,300.75206611570246,1.396,3879.7,136.3018,0,0,0.013837403356569807,48913936,11.917,3740.0,1.078,0.2496,DWARF,[PGZ2001] J160900.7-190852,TTauri*,M1.0V,True,False,True,False,True,True,False,True,True,True,True,True,True,True,,15,18,C,multi_survey;period_plausible;photosphere,,
J180155.40+042216.3,1,vsx,0.09013,704,EA+ZAND:,V3288 Oph,,704.0,1,270.4808741,4.3711953,0.00015,AAAA,0000,0,True,4854.0,84.85118375509342,34.17547083847086,35.65404722284628,67.37514634739154,13.450543796588576,366.0,0.06263655856887781,3775.0,12.69766756659708,1.2758352255286751,7.824528980744289,13.489513828058026,33.508292727211064,49.679470394942875,35.462712609500215,317.0,27.625883403326903,-0.1,1267.4283330010842,0.08358491726196923,4471248696746486400,0.104713,11.708513,1.284582,1.1194,77.73611111111111,1.014,5213.2,872.8281,0,0,0.00709000143979307,382844102,11.081,4854.0,5.689,,GIANT,2MASS J18015540+0422163,Star,,True,False,True,False,True,True,False,True,True,True,True,True,True,False,,15,18,C,multi_survey;period_plausible;photosphere,,
J181734.58-070209.7,1,atlas_heinze2018,0.113619,2.00444,DBF,J274.3941-07.0360,,2.00444,1,274.3940954,-7.03605,0.000108,AAAA,Pp00,0,True,,,,,,,,,2500.0,24.20894266190238,1.5363020323276941,12.633855429701537,6.587669581894865,30.697426911849615,26.404981235619182,34.82058639186387,276.0,147.03607209268228,-0.1,320.91131899952825,0.11921551572177894,4160437620264443008,0.152437,14.617319,3.206701,1.5085,2.733285015401341,25.219,,,0,0,0.17967308871766594,14757574,13.263,,,,GIANT,ATO J274.3941-07.0360,LongPeriodV*,,True,False,True,True,True,True,True,True,True,True,True,False,True,False,,15,18,C,multi_survey;not_evolved_or_wind,,
J051740.83+090514.5,2,vsx;ztf_chen2020,0.092695,7.42639;7.42639,EB:;EW,ZTF J051740.83+090514.6;ZTFJ051740.83+090514.6,True,7.42639,1,79.4201484,9.0873643,0.000113,AAAA,0000,0,True,4379.0,353.59582629577704,32.096551679076555,33.4433701828912,69.82963355485084,13.82382956535701,209.0,0.04784220107756292,2950.0,10.563221150440858,0.98821685615179,-0.4315309877662963,4.7622063373266945,28.591534685573812,36.30252710437768,32.99463120576386,201.0,0.22832090271166877,-0.1,1081.2344552081645,0.07549445722745586,3338576249250088064,0.031942,13.401997,1.822133,2.532,147.2093023255814,1.067,5186.3,391.3274,0,0,0.0021134851466495454,284906299,12.522,4379.0,2.057,,GIANT,ZTF J051740.83+090514.6,EclBin,,True,False,True,False,True,True,False,True,True,True,True,True,True,False,,15,18,C,multi_survey;period_plausible;photosphere,,
J045903.04+300300.1,1,ztf_chen2020,0.242641,12.2633,EW,ZTFJ045903.05+300259.9,,12.2633,1,74.7626891,30.050032,8.2e-05,AAAA,0000,0,True,3646.0,332.32521774699194,29.662781820139188,30.94809122649978,32.40896883026171,16.015223525541952,228.0,0.040140746096723114,2625.0,3.7945175457542146,1.098870982588442,3.2563060055033097,3.000168654074774,24.12814937811155,16.937719384687927,30.04807436728271,212.0,10.380498964276683,-0.1,407.2979239580594,0.049586126148120024,156732977357829888,0.185796,13.4026,2.318685,6.3803,379.7797619047619,1.242,,156.73244204817956,0,0,0.041321340313088574,97041244,12.414,3646.0,1.03,0.0983,DWARF,[KW97] 20-19,OrionV*,M2,True,False,True,False,True,True,False,True,True,True,True,True,True,True,,15,18,C,multi_survey;period_plausible;photosphere,,
J171411.65-331557.2,1,tess_oba_ebs,0.229096,,nan,150636356,,,1,258.5485767,-33.2659091,9.5e-05,AAAA,ddhh,0,False,,,,,,,,,7300.0,23.36910679757881,1.1899606104314144,5.777421269671761,5.475671016201708,29.58175079363824,27.602109781498058,28.281106575962664,248.0,31.187745462081857,-0.1,368.8577876705119,0.004844673981064916,5979075001327543296,0.258298,9.198243,0.099923,1.0268,14.085048010973935,2.227,,973.8994935722634,0,0,0.06903808785688266,150636356,9.246,,,,,HD 155615,**,B9/A0V,True,False,True,True,False,True,True,True,True,True,True,True,True,False,,15,18,C,multi_survey;wise_quality,,
J154359.83-411640.1,1,gaia_dr3,1.094589,,ECL,6007874509346162304,,,1,235.9992971,-41.277828,0.000138,AAAA,h000,0,True,,,,,,,,,2500.0,12.786669242599897,1.0344104813837474,0.9029468024026629,1.8938610642820504,17.08145927945995,2.986085032237677,24.07125497040018,428.0,0.025258034515504704,0.12,31.916694237734593,0.020550907291635678,6007874509354454912,0.087124,13.410713,3.082522,-0.3848,-1.470948012232416,2.305,,,1,1,0.8426357723684605,177624247,12.021,,,,,IRAS 15406-4107,MidIR,,True,False,True,True,True,True,True,True,False,True,True,True,True,False,,15,18,C,multi_survey;unconfused,,
J174106.39-340706.2,1,vsx,2.007504,0.998976,EC,OGLE-BLG-ECL-064722,,0.998976,1,265.276642,-34.1183907,0.000128,AAAA,h000,0,True,,,,,,,,,2500.0,392.4558772378656,1.0388483572260192,1.3533918799690423,2.355089197437461,20.823972809400107,4.895098277996109,23.34960834641442,353.0,0.25686502365707187,-0.1,66.60309183036519,0.027651241987610903,4053440703467679744,0.041423,,,0.1607,1.2918006430868167,1.118,,,0,0,,108218117,14.342,,,,,OGLE BLG-ECL-64722,EclBin,,False,False,True,True,True,True,False,True,True,True,True,True,True,False,,15,18,C,match;multi_survey;photosphere,,
J033359.90+564753.9,2,gaia_dr3;vsx,0.183735,3.70933,E;ECL,448596934500298880;Gaia DR3 448596934500298880,,3.70933,1,53.4995872,56.798333,5.8e-05,AAAA,0h00,0,True,9486.0,30.330288982128266,28.481392832637436,22.771964299476245,70.25653209923367,2.5559767273136695,165.0,0.004543156448354386,6800.0,0.4361033112228781,0.9438148476066425,-2.154456963602297,3.945009117061973,27.017284598134477,58.29040671567315,22.704465473882443,163.0,4.656927735253635,-0.1,688.0400735849206,0.010029169664414585,448596934500298880,0.183735,12.203125,0.985188,0.726,5.141643059490085,12.254,,1377.4104683195592,0,0,0.0,317028902,11.679,9486.0,2.359,0.3394,DWARF,ATO J053.4996+56.7983,EclBin,B9.5IIISi,True,False,True,True,True,True,True,True,True,False,True,True,True,False,,15,18,C,multi_survey;tess_usable,,
J192601.61+215944.8,1,ztf_chen2020,0.06855,8.24845,EW,ZTFJ192601.61+215944.9,,8.24845,1,291.5067213,21.9958041,0.000173,AAAA,0000,0,True,4484.0,122.43297227347068,12.722742203317463,22.30139269837771,71.10556981465633,6.224977176813276,125.0,0.04921393626878205,3525.0,22.10798529300164,0.9521159972500183,-1.8201352063737732,1.6401925812196954,9.016588627956873,51.38612137635802,22.1793172335775,116.0,3.3328683725897394,-0.1,490.2004242732982,0.07981316806615564,2018963215646522496,0.019023,13.78553,1.464976,2.1023,110.64736842105263,1.181,4690.3,453.2474,0,0,0.01835067695160103,359616573,13.056,4484.0,1.469,,GIANT,ZTF J192601.61+215944.9,EclBin,,True,False,True,False,True,True,False,True,True,True,True,True,True,False,,15,18,C,multi_survey;period_plausible;photosphere,,
J020111.40+612843.7,1,ztf_chen2020,0.03672,16.9628,EW,ZTFJ020111.40+612843.7,,16.9628,1,30.2975406,61.4788273,9.4e-05,AAAA,0000,0,True,,,,,,,,,3275.0,7.825196081205238,1.3028209603408551,8.412096781015684,3.0392345887993444,24.283206383762323,6.699870264790723,18.850671163875262,517.0,38.468041247241004,-0.04000000000000001,14.44040764674622,0.031051241564191544,508636282340415744,0.008813,12.235384,1.513865,1.5231,4.259228187919463,19.182,6096.9,444.2416,0,0,0.0007600589437138472,374036941,11.408,,,,GIANT,EM* GGA  135,EclBin,B,True,False,True,False,True,True,True,False,True,True,True,True,True,False,,15,18,C,multi_survey;period_plausible;dust_over_ff,,
J115629.70-634732.4,1,tess_oba_ebs,0.15385,,nan,306130356,,,1,179.1237612,-63.7923476,5.1e-05,AAAA,0ho0,0,False,,,,,,,,,9575.0,5.328220097520935,0.977182802700317,-0.845063896298523,1.28753067280321,8.082201277095935,5.549010548121983,17.11679186590174,174.0,0.7181568242004479,-0.1,148.18911897662346,0.0002902084498121195,5332987365945232768,0.078526,8.230135,0.163506,1.1564,49.63090128755365,0.861,,864.7526807333102,0,0,0.0014913826478682715,306130356,8.282,,,,,HD 103714,Star,B9II/III,True,False,True,True,False,True,True,True,True,True,True,True,True,False,,15,18,C,multi_survey;wise_quality,,
J061341.92-062321.1,1,atlas_heinze2018,0.091809,7.39259,DBH,J093.4246-06.3891,,7.39259,1,93.4246923,-6.3892154,0.000102,AAAA,0000,0,True,,,,,,,,,2500.0,58.429398183425846,1.4419585749560615,11.09256151476074,3.3420118622148283,25.36203915101676,32.401270671268264,16.702018130711462,177.0,122.93423479269214,-0.1,157.31408836142492,0.10294353273086326,3019810751569094528,0.112708,15.672606,1.995049,,,,,,0,0,0.0,72553073,14.681,,,,GIANT,,,,True,False,True,True,True,True,True,True,True,False,True,True,True,False,,15,18,C,multi_survey;tess_usable,,
J071848.88-271140.0,2,gaia_dr3;vsx,0.028501,32.8,E;ECL,5615989628689465088;Gaia DR3 5615989628689465088,,32.8,1,109.7036916,-27.194455,9.9e-05,AAAA,0000,0,True,4628.0,648.8816558723586,34.34468667042589,14.7436777559083,114.92034259129534,23.614059081364815,555.0,0.10990780417718715,2575.0,12.155803052902534,1.262718281573304,7.529859830137616,7.060827083783098,31.065574035255086,39.14682858642154,14.493167568521152,236.0,53.539282698549535,-0.1,477.4915098981957,0.1345911729481809,5615989628689465088,0.028501,15.214672,1.471865,0.7482,34.16438356164384,1.043,,1336.5410318096765,0,0,0.011822779775521442,106413799,14.369,4628.0,2.106,,GIANT,Gaia DR3 5615989628689465088,EclBin,,True,False,True,False,True,True,False,True,True,True,True,True,True,False,,15,18,C,multi_survey;period_plausible;photosphere,,
J160848.36-234121.1,1,vsx,0.265668,16.6837,E,EPIC 204094503,,16.6837,1,242.2015169,-23.6892107,0.000119,AAAA,hh00,0,True,2968.0,37.87049369444194,22.72066762172189,14.295975247554559,39.00750101890521,1.0775598605088688,183.0,0.07617757631817648,3250.0,11.671596574812625,1.1393598290916822,4.426696701964941,4.636274013753656,23.654257800322306,45.03388847258733,14.346309320486368,185.0,19.461738538772444,-0.1,314.48928479471186,0.06828455492289352,6242059181703801472,0.177366,16.084099,3.594179,7.0459,106.43353474320242,1.081,,141.9265104528875,0,0,0.0,48908483,14.591,2968.0,0.462,0.6949,DWARF,2MASS J16084836-2341209,Low-Mass*,M5.0,True,False,True,True,True,True,True,True,True,False,True,True,True,False,,15,18,C,multi_survey;tess_usable,,
J060423.43-064230.0,1,atlas_heinze2018,0.087858,5.27194,DBH,J091.0976-06.7083,,5.27194,1,91.0976364,-6.7083368,0.000233,AAAA,dd00,0,True,,,,,,,,,2550.0,5.631921912007559,1.2473818011465387,7.17747037985739,4.970054154227378,28.909353207139308,22.286990906068613,13.126836242541945,255.0,48.00796502144483,-0.1,237.8284637708665,0.08332204110913463,3018471099728094976,0.082307,15.963959,2.399768,,,,,,0,0,0.0,71727946,14.685,,,,GIANT,,,,True,False,True,True,True,True,True,True,True,False,True,True,True,False,,15,18,C,multi_survey;tess_usable,,
J095436.27+452108.6,2,gaia_dr3;vsx,0.223881,6.321,E;ECL,820654592547388672;Gaia DR3 820654592547388672,,6.321,1,148.6511614,45.3524092,0.0001,AAAA,0000,0,True,,,,,,,,,2525.0,2.2226253909485623,1.3204927050606934,4.7056371446983905,71.36198064332723,18.78108269935043,1076.94869320525,12.761506413177207,171.0,21.53688642898648,-0.1,496.91841826581424,3.374243510470404,820654592547388672,0.232795,19.361471,0.856163,-2.0922,-3.4916555407209615,1.841,,,0,0,0.0,105505564,18.51,,,,DWARF,SDSS J095436.28+452108.8,EclBin,,True,False,True,True,True,True,True,True,True,False,True,True,True,False,,15,18,C,multi_survey;tess_usable,,
J070753.94-101634.2,1,asassn,0.0390710762023481,58.085,EA,J070753.95-101634.3,,58.085,1,106.974779,-10.2761892,4.5e-05,AAAA,0000,0,True,6542.0,785.2819957146714,31.834363164472002,12.082221848838886,104.21273227717165,27.4819652941777,578.0,0.06896517590842334,2825.0,53.668661610165024,1.630008490131378,13.988128102439308,9.671587420027858,29.499267022810855,30.63961460353783,11.801129261975742,478.0,22.724090221857303,-0.1,266.2661105465125,0.16810981357194948,3046598630098375680,0.070249,15.138809,1.548422,0.6857,9.510402219140083,2.733,5215.6,787.8696,0,0,0.04075810652089074,177443916,14.351,6542.0,2.474,,DWARF,2MASS J07075395-1016341,YSO_Candidate,,True,False,True,False,True,True,False,True,True,True,True,True,True,True,,15,18,C,multi_survey;period_plausible;photosphere,,
J201409.95+313816.4,2,asassn;vsx,0.078773,1.5187;1.5187,EA,ASASSN-V J201409.95+313816.5;J201409.97+313815.9,True,1.5187,1,303.5414657,31.6379102,0.000187,AABA,hhP0,0,False,9585.0,5.985219232595421,-0.3616154475567687,10.629250002137564,19.84930450087616,1.584526166331887,40.0,0.958943289546671,8100.0,0.0026492231182174185,0.98790165804521,-0.4432157718968232,0.859160575986199,-0.7573669640427081,18.280748955911445,10.580864727635555,40.0,0.7701459500930651,-0.1,108.2949292006283,1.447580392617993,2054082368607270784,0.08974,11.366487,0.540154,0.8483,45.12234042553192,1.084,,1178.8282447247436,0,0,0.0,380413183,11.122,9585.0,3.593,0.1089,DWARF,TYC 2671-1256-1,Star,,True,False,True,True,False,True,True,True,True,True,True,True,True,False,,15,18,C,multi_survey;wise_quality,,
J172330.04-442501.9,2,gaia_dr3;vsx,0.188422,1.10947,E;ECL,5953236168829640320;Gaia DR3 5953236168829640320,,1.10947,1,260.8751811,-44.4172189,0.000101,AAAA,00p0,0,False,6860.0,2.0071731525470504,5.31761827589106,10.682706258130361,3.4295645983171035,-1.7603493234050651,181.0,0.00042057524250863114,6450.0,0.3598815778058307,0.9272884488832345,-2.8378643001779578,1.1354165679024883,4.177141638163149,3.293268955749602,10.500732984801084,169.0,8.055541488127453,-0.1,70.78815340381857,0.0004702247004462178,5953236168829640320,0.188422,9.617486,0.628659,4.2002,269.2435897435897,0.862,7440.8,237.83,0,0,0.018667476094489186,217634548,9.281,6860.0,1.909,0.2056,DWARF,CD-44 11652,EclBin,,True,False,True,True,False,True,True,True,True,True,True,True,True,False,,15,18,C,multi_survey;wise_quality,,
J084005.43-405835.3,1,asassn,0.3324583072880465,1.9052,EB,J084005.41-405835.1,,1.9052,1,130.0226307,-40.9764994,8e-05,AAAA,hhdH,0,False,8540.0,0.3440332559458338,11.54964611195884,10.123935314981342,20.449011032654077,-1.6260523418220028,154.0,0.0017586229036049995,8500.0,0.33850925620444827,0.9554709307639944,-1.6866664411951173,1.803690315281196,11.518655541674216,20.40133527781865,10.122718874614142,154.0,2.8462605891678403,-0.1,114.56321972345027,0.0017762960369785818,5528216547451597184,0.055593,11.014424,0.388449,1.0541,66.29559748427673,0.991,,948.6765961483729,0,0,0.0007413779855695077,180984565,10.835,8540.0,3.179,0.0325,DWARF,CD-40  4499,Star,,True,False,True,True,False,True,True,True,True,True,True,True,True,False,,15,18,C,multi_survey;wise_quality,,
J065035.73+045529.6,1,atlas_heinze2018,0.015742,1.9156,DBH,J102.6489+04.9249,,1.9156,1,102.648904,4.9249118,0.000123,AAAA,0h00,0,True,,,,,,,,,2500.0,4.5369379296052355,1.2423323633757377,7.059544564674202,5.506720095256954,26.926379578807502,31.350686635296867,10.106771437230359,427.0,45.89048112807209,-0.1,273.89788765700257,0.10771727175233628,3129303177479264640,0.026126,16.449,2.222926,,,,,,0,0,0.05037721039543127,237456248,15.268,,,,GIANT,,,,True,False,True,True,True,True,True,True,True,False,True,True,True,False,,15,18,C,multi_survey;tess_usable,,
J032856.15+585556.4,2,vsx;ztf_chen2020,0.130647,0.37481;0.37481,EW,ZTF J032856.14+585556.6;ZTFJ032856.14+585556.6,True,0.37481,1,52.2339646,58.9323545,7.8e-05,AAAA,0000,0,True,,,,,,,,,3125.0,27.61387141217366,0.7898403371080459,-9.31907227409049,12.013912500044542,9.131770313496267,134.68289852828977,10.071726905335856,182.0,87.93395687903893,-0.1,271.67401996384,0.23491902897701858,450164249668930688,0.061935,17.969711,2.630037,0.1791,0.4158346877176689,2.774,,,0,0,0.0,316330152,16.79,,,,,ZTF J032856.14+585556.6,EclBin,,True,False,True,True,True,True,True,True,True,False,True,True,True,False,,15,18,C,multi_survey;tess_usable,,
J094752.64-402723.4,1,vsx,0.031119,217,ESD,ASAS J094753-4027.4,,217.0,1,146.9693405,-40.4565267,0.000155,AAAA,0000,0,True,4079.5,205.89843887560576,17.213287296521074,16.940746957418195,2.5543904961517048,2.4919636011480213,564.0,0.007292616684355604,2975.0,53.49988954008852,0.684723675437348,-16.6639931970663,1.0962678830422916,3.178101739280967,1.4257760956230279,8.313610221049395,261.0,278.18995334193863,-0.1,315.7142740106596,0.0011579884234067437,5431510170463208448,0.187009,10.452585,2.201923,0.4431,24.081521739130434,1.363,,2256.8269013766644,0,0,0.0005154174193003353,45003492,9.411,4079.5,43.813,,GIANT,TYC 7697-1851-1,Star,,True,False,True,False,True,True,False,True,True,True,True,True,True,False,,15,18,C,multi_survey;period_plausible;photosphere,,
J064549.97+022957.3,1,vsx,0.079612,53.7805,EB/GS/D,V0505 Mon,,53.7805,1,101.4582437,2.4992588,0.000115,AAAA,0000,0,True,12945.0,11.937897892450334,13.963849780025534,9.10173470142425,2.3258221293720056,6.204929712207225,914.0,0.0004911720530534473,9500.0,4.735501069848205,1.100552290617217,3.3066204827410326,1.4435425139164137,11.12010121087369,2.0444561652501543,8.156950403743204,632.0,5.428238789421535,0.49,0.6667516721159839,0.0004193901958015536,3126438949691961472,0.050456,7.194286,-0.015674,1.1462,25.93212669683258,0.945,,872.4480893386842,0,0,0.002591567782341606,234155805,7.229,12945.0,,,,V* V505 Mon,SB*,B6Ib,True,False,True,False,True,True,True,False,True,True,True,True,True,False,,15,18,C,multi_survey;period_plausible;dust_over_ff,,
J040105.01+503116.8,1,ztf_chen2020,0.08437,63.2865,EW,ZTFJ040105.02+503116.8,,63.2865,1,60.2708859,50.5213511,0.000102,AAAA,0000,0,True,4742.0,545.7036312614989,22.718986823202012,9.226509426194228,5.691491613222396,17.1225941076927,1307.0,0.054142003226277824,2875.0,29.664139170813513,1.0036038223611876,0.12995833368631313,1.2167933110155813,6.448105431111902,2.466510981839262,6.65510407872001,227.0,0.015105501131530513,-0.1,11.286831623425726,0.0037260506429652495,250618561566316160,0.039394,13.892844,2.645499,0.2816,12.858447488584476,1.23,15099.9,1941.1975,0,0,0.024636283893975947,266039282,12.578,4742.0,31.068,,GIANT,ZTF J040105.02+503116.8,EclBin,,True,False,True,False,True,True,False,True,True,True,True,True,True,False,,15,18,C,multi_survey;period_plausible;photosphere,,
J103639.87-591004.6,1,tess_oba_ebs,0.221138,,nan,458114439,,,1,159.1661481,-59.1679649,0.000107,AAAA,dhdh,0,False,,,,,,,,,16600.0,0.24843080757957237,0.9594587839886503,-1.529232477830025,1.1927914501746513,5.849601995716093,2.232876278090479,6.310380562763913,241.0,2.362695901875032,-0.1,12.52106018185091,1.9085451615800655e-05,5350632706482365184,0.049633,7.527429,-0.160061,2.2713,81.40860215053763,0.916,,440.27649363800464,0,0,8.190768451324021e-05,458114439,7.658,,,,,HD  92087,Star,B4/6(V),True,False,True,True,False,True,True,True,True,True,True,True,True,False,,15,18,C,multi_survey;wise_quality,,
J195837.70-034109.1,1,atlas_heinze2018,0.107779,4.01263,DBH,J299.6571-03.6859,,4.01263,1,299.6571045,-3.6858704,4.3e-05,AAAA,h000,0,True,,,,,,,,,2600.0,56.732627477394914,0.5982483930272885,-24.304077820851177,0.8370973405343941,-7.042960902662425,1.2928749134845594,5.2330167726013626,40.0,640.291636155015,-0.1,667.6759615407486,0.6797384789193132,4221932240425940992,0.023226,12.370772,4.228515,0.2873,5.148745519713262,1.279,3433.4,2509.6816,0,0,0.02577899605195001,252010511,10.778,,,,,ATO J299.6571-03.6859,LongPeriodV*_Candidate,,True,False,True,True,True,True,True,True,True,True,True,False,True,False,,15,18,C,multi_survey;not_evolved_or_wind,,
J020616.42+571825.6,1,vsx,0.69371,6.33,E,NSV 15438,,6.33,1,31.5684479,57.3071175,0.000121,AAAA,0000,0,True,10213.0,2.411456331722049,1.5753401553346251,4.515579227917355,1.6197694791151913,-0.8872120665117329,182.0,3.3051070890685824e-05,10600.0,2.225369340361929,0.9858590526076247,-0.519118783186157,1.0598023210442329,2.0421904411480885,1.6437083232065346,4.621690544524863,197.0,0.27001632586266755,-0.1,6.714678447765225,3.1821505261806785e-05,505186770765287040,0.045391,7.935848,0.170375,0.7556,29.061538461538465,0.914,,1323.4515616728427,0,0,0.0010551504779576463,374783436,7.879,10213.0,13.027,,GIANT,HD  12709,PulsV*,B4IV,True,False,True,True,True,False,True,True,True,True,True,True,True,False,,15,18,C,multi_survey;ir_excess,,
J053118.40-054213.5,1,vsx,0.08652,16.7878,EA/D,EY Ori,,16.7878,1,82.8266979,-5.7037708,0.000174,AAAA,0000,0,True,6859.0,31.44463234964637,7.727776197562758,5.996418327639712,1.7915766780655382,0.47867001928912095,371.0,0.0003240316873348659,5350.0,1.7878361088163937,0.8775267129697945,-5.051078213311917,1.054266159929407,1.8628671698519748,1.4665395973522792,4.317467226193256,210.0,25.5224678865492,-0.1,34.857177908905804,0.00018194935303207082,3209398648192413440,0.029525,9.226027,1.046701,2.4364,164.6216216216216,1.123,,410.44163519947466,0,0,0.0,50724937,8.671,6859.0,6.618,,GIANT,HD  36412,Ae*,kA7hF1VmF3,True,False,True,True,True,False,True,True,True,True,True,True,True,True,,15,18,C,multi_survey;ir_excess,,
J233021.79+062531.1,1,vsx,0.329853,4.5256,EC|CW-FO|ACV|ESD,ASAS J233022+0625.5,,4.5256,1,352.5907941,6.4253067,9.3e-05,AAAA,0000,0,True,7992.0,46.743385597196614,8.832305761148888,5.482081832324422,1.6920012865935568,1.9841709984648472,610.0,0.00045812105876373485,5650.0,1.4158707480535404,0.8846812342692799,-4.717546998544247,1.0477796961740644,1.650351569703354,1.3187593772388702,3.2399380779016784,232.0,22.271995611767586,-0.1,27.512417006572896,0.00011574625993876807,2757404330138782592,0.12242,8.471011,0.317707,3.1506,126.02399999999999,0.989,,317.39986034406144,0,0,0.0006660738751082412,405171892,8.302,7992.0,3.277,0.0011,DWARF,HD 221248,Star,A0,True,False,True,True,True,False,True,True,True,True,True,True,True,False,,15,18,C,multi_survey;ir_excess,,
J083500.42-613938.3,2,asassn;vsx,0.046285,0.302261;0.30226,EA,ASASSN-V J083500.43-613938.3;J083500.44-613938.3,True,0.3022605,1,128.7517731,-61.6606415,4.5e-05,AAAA,0000,0,True,4683.0,56.556954721118494,-2.9965890348754987,3.9745689087662006,1.605274197880603,-6.543204506549646,40.0,0.25464790041630697,4075.0,28.898283930150207,0.7559159641472202,-11.686081844111424,0.7960031918244225,-9.274951095932199,1.3696514546638483,2.8449160260644115,40.0,222.5894591410174,-0.1,230.6827738945627,0.23353224924350469,5301142794745771904,0.189095,11.318769,1.436986,0.8476,73.70434782608696,0.877,4853.7,1129.7369,0,0,0.07439552628633647,310483481,10.588,4683.0,10.788,,GIANT,TYC 8926-2352-1,Star,,True,False,True,True,True,False,True,True,True,True,True,True,True,False,,15,18,C,multi_survey;ir_excess,,
J201834.12+402504.4,2,gaia_dr3;vsx,0.04695,2.28229,E;ECL,2062293834983003904;Gaia DR3 2062293834983003904,,2.28229,1,304.6421904,40.4179036,0.000155,AAAA,pp00,0,True,,,,,,,,,4300.0,5.3484343454641845,0.8677280576250306,-5.516798934420852,0.9259349146488591,-2.8949171049360536,1.1761282536347222,1.7297001073004485,40.0,38.81564512326905,-0.1,41.80747798847358,0.0951104467122901,2062293834983003904,0.04695,10.693285,1.980152,0.7244,3.6292585170340685,18.531,,,0,0,0.0,12367674,9.78,,,,GIANT,2MASS J20183413+4025044,EclBin,B0.2IV,True,False,True,True,True,False,True,True,True,True,True,True,True,False,,15,18,C,multi_survey;ir_excess,,
J175043.69-253524.1,3,gaia_dr3;ogle4_wang2024;vsx,1.781469,1.25656;1.25656,E;ECL;nan,4067019745100891392;OGLE-BLG-ECL-131852,True,1.25656,3,267.6820832,-25.5900506,0.000178,AAAA,hh00,0,True,,,,,,,,,2500.0,1303.0264155203959,1.9368868293119679,17.50596085345185,3.7962905952643617,26.65789900357333,7.9857094359647025,15.570103462586136,794.0,45.222611635388624,0.36,0.08899329421651428,0.1829684282414597,4067019745085589504,0.079565,18.021498,,0.3478,1.412099066179456,1.213,,,3,8,10.965312084380425,129495741,13.982,,,,,OGLE BLG-ECL-131852,EclBin,,True,True,True,True,True,True,False,False,False,True,True,True,True,False,,14,18,C,photosphere;dust_over_ff;unconfused,,
J052626.13+353000.3,4,atlas_heinze2018;gaia_dr3;vsx;ztf_chen2020,0.047819,1.91168;1.91168;0.955903,DBH;EA;ECL,182953443464034176;J081.6088+35.5000;ZTF J052626.13+353000.3;ZTFJ052626.13+353000.3,True,1.91168,3,81.6088814,35.5000855,0.000165,AAAA,00p0,0,False,6774.0,98.05898300812723,14.144846397076643,10.454528915662358,121.72303842099572,2.924564796478947,174.0,0.021426483301284195,4750.0,10.050312389272097,0.8692471110943155,-5.44391207631389,6.549234490103847,13.528758486072112,89.18699688904623,10.422936889245072,171.0,29.776851886206696,-0.1,321.3010982662901,0.0448095420879464,182953443464034176,0.047819,14.787989,1.571669,0.2675,9.944237918215613,1.177,,3738.3177570093458,0,0,0.0,127966275,13.996,6774.0,6.78,,GIANT,ATO J081.6088+35.5000,EclBin,,True,True,True,True,False,True,False,True,True,True,True,True,False,False,,14,18,C,wise_quality;photosphere;nearby,,
J151509.84-592847.7,3,asas3;gaia_dr3;vsx,0.043352,8.7061;8.70746,EA;EC/DCEP-FO=ESD;ECL,151510-5928.8;5876736509111789184;ASAS J151510-5928.8,True,8.706779999999998,3,228.7910352,-59.4799398,8e-05,AAAA,00h0,0,False,7253.0,21.14423269204363,3.173799329403032,4.690523461009727,1.7086208519930524,0.9339504684372929,225.0,0.00011940548487810334,5850.0,0.3600487261857158,0.9207201796917884,-3.116291395725986,0.9497233512433488,-1.9158974992573765,1.4652612589166878,3.591161291794329,40.0,13.38198476487442,-0.1,26.247041596344467,0.10184525799500879,5876736509111789184,0.043352,9.754408,1.197794,0.3372,19.491329479768787,1.117,,2965.599051008304,0,0,0.001832630023780412,42738942,9.13,7253.0,35.756,,GIANT,CD-59  5583,EclBin,B1II,True,True,True,True,False,False,True,True,True,True,True,True,True,False,,14,18,C,wise_quality;ir_excess,,
J201245.10+472341.4,3,asassn;gaia_dr3;vsx,0.033575,38.4396;38.437,EA/GS;EB;ECL,2084134705758394112;J201245.14+472341.0;KU Cyg,True,38.4383,3,303.1879481,47.3948347,2.1e-05,AAAA,0000,0,True,5671.0,349.5086422547713,8.812367941818447,6.533503178992459,1.9282918578733153,5.202710568857115,1126.0,0.004736357176033893,3525.0,43.90612741332276,0.7454936640419481,-12.35542552174055,0.7499787147431061,-12.065105139086214,1.0573041405592047,0.7355638943063588,40.0,298.2233522056409,-0.1,298.7643560830894,0.05521551629749514,2084134705758394112,0.050643,10.997293,1.16783,0.844,46.62983425414364,1.543,6361.6,1091.7367,0,0,0.009226372091485689,186137970,10.28,5671.0,9.667,,GIANT,V* KU Cyg,SB*,F4Iae+M0III,True,True,True,False,True,False,False,True,True,True,True,True,True,False,,14,18,C,period_plausible;ir_excess;photosphere,,
J111311.68-585058.2,2,asassn;gaia_dr3,0.066118,1.9956,EA;ECL,5339358108121018240;J111311.77-585059.5,,1.9956,2,168.2987015,-58.8495022,5.1e-05,AAAA,00pd,0,False,12297.0,1686.4669276486075,35.960712744681516,31.8795686890905,593.0167639654389,33.170324438490354,495.0,0.05186715015552882,2500.0,217.72629141732406,2.19907342450723,19.733726860325866,20.271922313667503,34.40591945758654,69.15904511799916,31.471678939503537,428.0,111.49158626751439,-0.1,798.2159168972337,0.5215025276703895,5339358108121018240,0.066118,13.784558,0.571301,0.3235,23.613138686131386,0.926,7962.7,4062.3428,0,0,0.15535478699060193,449943244,13.556,12297.0,,,,Gaia DR3 5339358108121018240,EclBin,,True,True,True,True,False,True,False,True,True,True,True,True,False,False,,14,18,C,wise_quality;photosphere;nearby,,
J205050.82+410947.2,2,gaia_dr3;vsx,0.006419,39.6,EB;ECL,2065375177655099776;V2559 Cyg,,39.6,2,312.7117597,41.163122,3.7e-05,AAAA,0000,0,True,5825.0,556.5028534263016,31.69910123630742,34.096941829870275,17.281101916305627,20.856441884509703,912.0,0.06370688184740018,2600.0,0.450582172788548,1.2858042734749815,6.188046469171581,2.0430043262813746,18.476507761884605,4.091191729642704,27.34507855339171,356.0,33.59658805753749,0.13999999999999999,0.0030646567702535287,0.019721950176096324,2065375177655099776,0.006419,11.822074,2.911536,0.4766,18.912698412698415,1.236,7028.1,3095.3535,0,0,0.00697673134823488,194521568,10.302,5825.0,64.64,,GIANT,[D75b] Em* 20-140,EclBin,,True,True,True,False,True,True,False,False,True,True,True,True,False,False,,14,18,C,period_plausible;photosphere;dust_over_ff;nearby,,
J105106.00-621701.6,2,asassn;vsx,0.042889,18.845;18.844,EA;EA/WR,J105106.17-621702.6;V0541 Car,True,18.8445,2,162.7750075,-62.2837887,7.2e-05,AAAA,0000,0,True,,,,,,,,,3375.0,42.32136022916658,1.2031483882779246,6.110788501250506,2.1003696718573845,18.96033203680262,3.9162818702169715,12.833328946697268,570.0,19.64111475567412,0.12,4.549125716281001,0.01743189617337183,5241922754918453760,0.094451,11.143689,0.676589,0.1356,9.826086956521738,0.838,5884.3,3572.1887,0,0,0.01806768036518279,465247492,10.893,,,,,HD  94305,WolfRayet*,WC6+O7.5V,True,True,True,True,True,True,True,False,True,True,True,False,False,False,,14,18,C,dust_over_ff;not_evolved_or_wind;nearby,,
J135336.30-364911.6,2,gaia_dr3;vsx,1.659255,0.26504,ECL;EW,6115758998275792896;SSS_J135336.2-364911,,0.26504,2,208.4012545,-36.8199104,0.000103,AAAA,0000,0,True,,,,,,,,,2600.0,9.756203171127304,1.0043688765667125,0.14758793971487105,35.13886000582439,30.138221649233984,212.50454066723813,11.256530907141789,230.0,1.332174580385872,-0.1,1018.9633486271111,0.753928765214088,6115759002568688256,0.489665,19.368633,0.898554,-0.2187,-0.4240015509887553,1.494,,,1,1,5.576878719719177,1053912236,18.384,,,,,CRTS J135336.2-364911,EclBin,,True,True,True,True,True,True,True,True,False,False,True,True,True,False,,14,18,C,unconfused;tess_usable,,
J223026.80+551028.0,3,gaia_dr3;vsx;ztf_chen2020,0.557732,0.308714;0.308714,ECL;EW,2006450975133521280;ZTF J223026.83+551027.5;ZTFJ223026.83+551027.5,True,0.308714,2,337.6116973,55.1744556,6.9e-05,AAAA,0000,0,True,4498.0,20.143273431056933,17.32540206613474,10.956578361822242,1049.0742715197525,0.3107145419065175,191.0,0.6398471730833281,3375.0,0.9981231696473661,0.8836344092714453,-2.3439397508191395,75.06701803849896,17.278591069122605,818.8933941167576,10.953639868130717,189.0,6.737193271893631,-0.1,424.02598925013626,1.169753700024616,2006450975133521280,0.581778,18.513609,1.737822,0.63,4.532374100719424,1.007,4018.8,727.2642,1,6,1.4807720921191563,63970559,17.699,4498.0,0.578,,DWARF,ZTF J223026.83+551027.5,EclBin,,True,True,True,True,True,True,True,True,False,False,True,True,True,False,,14,18,C,unconfused;tess_usable,,
J104858.38-612758.3,2,gaia_dr3;vsx,1.686729,0.30594,EC;ECL,5242121040662582144;OGLE-GD-ECL-03216,,0.30594,2,162.2432565,-61.4662145,0.000117,AUAA,Ph00,0,True,,,,,,,,,30000.0,20.849717631246534,0.4589088201991686,-12.801721346956963,512.4396556701378,14.258124284433444,4473.636304781614,10.642093217490883,180.0,200.3190602794736,-0.1,480.43232560524984,0.01166780773650284,5242121040662582144,1.686729,19.459406,,0.1192,0.30952999220981564,1.024,,,5,22,63.480822512150446,915200026,19.045,,,,,OGLE GD-ECL-3216,EclBin,,True,True,True,True,True,True,True,True,False,False,True,True,True,False,,14,18,C,unconfused;tess_usable,,
J111928.42-583020.8,2,asas3;vsx,0.113919,28.67;28.67,EC/DCEP-FU/ESD;EC|DCEP-FU|ESD,111928-5830.4;ASAS J111928-5830.4,True,28.67,2,169.8684408,-58.5057867,0.000116,AAAA,0o00,0,True,7142.0,123.89486395658386,16.88932942026305,10.467674120221792,2.485998963291362,11.55689425879009,1351.0,0.009593029132753542,4550.0,5.71352280142554,1.1026790135522841,3.370044564568397,1.292778388202736,8.196302860651636,1.671713917056427,7.036472892329655,760.0,5.595211457650128,0.6,0.007353056358129025,0.003453192212488747,5339290312010968192,0.099855,9.283668,0.734065,0.8076,60.26865671641791,1.047,,1238.2367508667658,0,0,0.005916124325677681,450888405,8.89,7142.0,14.265,,GIANT,HD 304082,EmLine*,B5,True,True,True,True,True,True,False,False,True,True,True,False,True,False,,14,18,C,photosphere;dust_over_ff;not_evolved_or_wind,,
J152208.20-543137.7,2,gaia_dr3;vsx,0.05162,82.9725,ECL;ED,5886905655970479744;ASAS J152208-5431.7,,82.9725,2,230.5341727,-54.5271577,0.000129,AAAA,000p,0,False,6373.0,313.262281108373,10.287135617924193,9.61019190822422,3.0552995722318665,8.055635779779902,1500.0,0.008725127832798859,3750.0,19.237893979490284,0.8230866356860319,-7.778899426188304,0.7935733291735187,-9.414165097904618,1.676181882337211,5.763059662331878,40.0,149.1382166327427,-0.1,182.35063744495503,0.5442755695551423,5886905655970479744,0.055917,10.828888,1.481563,0.6465,41.980519480519476,1.044,,1546.7904098994586,0,0,0.002359827503588848,46218875,10.059,6373.0,16.326,,GIANT,Gaia DR3 5886905655970479744,EclBin,,True,True,True,False,False,True,False,True,True,True,True,True,True,False,,14,18,C,period_plausible;wise_quality;photosphere,,
J025053.50+622203.7,2,gaia_dr3;vsx,0.047547,5.3925,EA;ECL,467263618282769792;V0794 Cas,,5.3925,2,42.7229429,62.367701,8.4e-05,AAAA,0hh0,0,False,12253.0,15.144549572470769,3.9805648622731895,5.792495067402151,1.7127294964242972,2.729589568118976,253.0,2.87105264343037e-05,9225.0,6.418727772878055,0.9980956054218204,-0.06905384382159845,1.0092719145923785,0.33247906121963394,1.5259436856455564,4.7976709264468145,126.0,0.00477039424511571,-0.1,10.68095888129589,4.3731198817893e-05,467263618282769792,0.047547,7.799931,0.279759,1.701,72.6923076923077,0.896,,587.8894767783656,0,0,1.1280532471504276e-05,424565534,7.704,12253.0,,,GIANT,V* V794 Cas,EclBin,B9III,True,True,True,True,False,False,True,True,True,True,True,True,True,False,,14,18,C,wise_quality;ir_excess,,
J200625.71+681727.6,2,tess_ebs;tess_oba_ebs,0.142163,2.97891,0.298;nan,269696438,,2.97891,2,301.6071488,68.2910261,7.1e-05,AAAA,0h00,1,False,10133.0,2.51493557227455,2.551887943071673,4.714170842541744,1.7020744137582486,-0.31397166505967977,207.0,4.103379670245195e-05,10275.0,2.4891539360009585,0.995205459176561,-0.17435617637875134,1.081477537450836,2.7266127195277217,1.71167505995945,4.751832663475967,212.0,0.030802732197700657,-0.1,5.36195236088353,4.057066154559508e-05,2249948927597309440,0.049623,8.812141,0.219183,2.5785,193.87218045112783,0.893,9910.0,384.2054,0,0,1.1195389299859151e-05,269696438,8.725,10133.0,2.867,0.0726,DWARF,HD 191667,Star,B9,True,True,True,True,False,False,True,True,True,True,True,True,True,False,,14,18,C,wise_quality;ir_excess,,
J074831.09-162029.9,2,asas3;vsx,0.168131,33.53;33.53,EC/DCEP-FU=ESD;EC|DCEP-FU|ESD,074831-1620.5;ASAS J074831-1620.5,True,33.53,2,117.1295421,-16.3416407,5.8e-05,AAAA,0000,0,True,6228.0,136.36664571450848,15.023129795576706,6.699382093469962,2.024166248693194,8.553421409397814,1182.0,0.007943680609936634,4100.0,3.7792409298388763,0.942977552697055,-2.1885051008069922,1.1252846779454628,4.029383657689387,1.2976731184159043,3.037279623162419,377.0,5.339605383691383,-0.1,9.3551696946424,0.0006168835300973481,5718917459085374464,0.052741,9.425352,0.721592,1.1162,51.43778801843318,1.526,6098.7,784.1638,0,0,0.013412867910921052,346797519,9.026,6228.0,10.424,,GIANT,BD-15  2060,SB*,,True,True,True,False,True,False,False,True,True,True,True,True,True,False,,14,18,C,period_plausible;ir_excess;photosphere,,
J060442.50+300803.0,2,gaia_dr3;vsx,0.042661,7.935,E;ECL,3437717838340328320;Gaia DR3 3437717838340328320,,7.935,1,91.1771163,30.1341698,9.9e-05,AAAA,0000,0,True,8140.0,500.337556822273,36.136846580860784,36.184896081336234,5734.855858441344,29.174839659036017,292.0,0.580851517282678,3200.0,4.204513037332086,2.3734227014179763,20.94267701064971,249.16149776004877,36.045954821447644,2021.0236775208707,36.173299461182275,272.0,219.1278479354828,-0.1,2500.0442922952857,3.2123651101868727,3437717838340328320,0.061961,16.32292,1.108158,0.2711,4.714782608695652,1.081,,,0,0,0.031101662191406473,367263836,15.76,8140.0,2.582,,DWARF,Gaia DR3 3437717838340328320,EclBin,,True,False,True,True,True,True,False,True,True,False,True,True,True,False,,14,18,C,multi_survey;photosphere;tess_usable,,
J053135.16+095155.4,2,gaia_dr3;vsx,0.057269,9.9885,E;ECL,3338172522325457408;Gaia DR3 3338172522325457408,,9.9885,1,82.8965031,9.8653893,5.6e-05,AAAA,0000,0,True,,,,,,,,,2500.0,752.7231768446229,6.569695063742246,30.68239607011005,281.9683838117766,36.06285482234064,1682.49766479873,36.16969641988828,338.0,263.1345031171177,-0.1,2226.4862491262115,6.999137772564144,3338172522325457408,0.075695,15.748693,0.753219,1.6553,5.855323664662186,6.995,,604.1200990756962,0,0,0.0,200519049,15.266,,,,GIANT,UCAC2  35155947,OrionV*,B9e,True,False,True,True,True,True,False,True,True,False,True,True,True,True,,14,18,C,multi_survey;photosphere;tess_usable,,
J063209.81+022451.3,2,gaia_dr3;vsx,0.009317,10.7477,E;ECL,3124006074056325760;Gaia DR3 3124006074056325760,,10.7477,1,98.040914,2.4142758,0.000229,AAAA,0000,0,True,5785.0,1710.7973604852546,36.052554332914085,36.179569032984574,3109.8000320516867,32.73568305685663,408.0,0.6491030960433106,2500.0,455.94792040720904,2.634563458892021,22.454127650684928,50.74156606403507,35.47796106577672,561.7174582862752,36.1267772685759,188.0,498.94565427430285,-0.1,2017.6519780724195,1.8582269764449713,3124006074056325760,0.009317,16.839462,1.57112,0.4255,6.25735294117647,1.015,,2350.1762632197415,0,0,0.05107015782706515,234876809,15.98,5785.0,1.515,,DWARF,Gaia DR3 3124006074056325760,EclBin,,True,False,True,True,True,True,False,True,True,False,True,True,True,False,,14,18,C,multi_survey;photosphere;tess_usable,,
J085640.46-475229.3,2,gaia_dr3;vsx,0.031828,1.28705,E;ECL,5328575334983694848;Gaia DR3 5328575334983694848,,1.28705,1,134.1686114,-47.8748233,0.000102,AAAA,hh00,0,True,4022.0,1297.102151759985,35.886379437187514,36.158697512174676,1113.2565833689803,29.803608580591405,403.0,0.844240456078929,2500.0,367.45243388079336,2.2726955884399853,20.26685381937053,39.95733106425733,35.28546047381747,356.57470129162726,36.08970998128801,203.0,401.9490391898268,-0.1,1954.2434719678818,1.2211114427201644,5328575334983694848,0.071797,16.23209,1.853549,0.5026,12.854219948849105,1.093,,1989.6538002387583,0,0,0.03435218769373262,30397916,15.358,4022.0,2.283,,GIANT,Gaia DR3 5328575334983694848,EclBin,,True,False,True,True,True,True,False,True,True,False,True,True,True,False,,14,18,C,multi_survey;photosphere;tess_usable,,
J183006.17+004233.3,1,asassn,1.635764112373798,2.994,EA,J183006.17+004233.6,,2.994,1,277.5257266,0.7092761,0.000171,AAAA,0h00,0,True,8051.0,1383.6423327187435,36.07682843400871,36.174909177498144,2220.6398941564635,21.22997059259815,231.0,0.28025061377790345,2500.0,482.0026904983684,7.162000251677932,18.68278841628919,37.1611833405538,35.21730869900287,238.69514742471327,36.03958578388938,229.0,344.8727406925095,-0.1,312.6020254404759,0.9063293000389449,4273264933631685632,0.045949,14.239171,2.713439,2.6102,31.524154589371978,2.736,,383.11240517967974,0,0,0.007891188178873436,404752671,13.122,8051.0,2.561,,DWARF,IRAS 18275+0040,OrionV*,F3Ve,False,False,True,True,True,True,False,False,True,True,True,True,True,True,,14,18,C,match;multi_survey;photosphere;dust_over_ff,,
J105205.79-602438.2,2,gaia_dr3;vsx,0.02966,10.7693,E;ECL,5338255332322386304;Gaia DR3 5338255332322386304,,10.7693,1,163.0241288,-60.410613,1e-05,AAAA,0000,0,True,,,,,,,,,2500.0,323.03700659739206,2.2083585593861925,19.802923015358232,16.066629981901194,33.93863694185175,150.54933689993499,35.950812496272206,196.0,389.6431441251123,-0.1,1165.528030787223,0.5063518727464634,5338255332322386304,0.116452,14.988277,1.005238,0.193,1.628691983122363,5.978,,,0,2,0.8487300065979213,465349938,14.474,,,,,2MASS J10520579-6024382,EclBin,,True,False,True,True,True,True,False,True,False,True,True,True,True,False,,14,18,C,multi_survey;photosphere;unconfused,,
J072224.82-243058.7,1,gaia_dr3,0.030549,,ECL,5616893564685632768,,,1,110.603431,-24.5163108,6e-05,AAAA,00p0,0,False,7952.0,1541.5506462030007,35.48556864065039,36.15159999377161,913.7617288534611,31.836909978015026,167.0,0.10012146925653813,2500.0,244.4949324990526,1.8827473349353103,16.968655740627177,8.547660111126408,31.957158400935384,139.44447118194924,35.931668340033745,162.0,287.7699722845703,-0.1,1044.3604708473945,0.44831528225534295,5616893564685632768,0.030549,12.721889,0.391696,0.8111,57.52482269503547,1.061,7990.1,1323.465,0,0,0.0008081128264736281,106995575,12.544,7952.0,2.052,0.2812,DWARF,IRAS 07203-2425,OrionV*,,True,False,True,True,False,True,False,True,True,True,True,True,True,True,,14,18,C,multi_survey;wise_quality;photosphere,,
J092429.65-530026.9,1,gaia_dr3,0.078042,,ECL,5312309400493615872,,,1,141.123571,-53.0074943,0.000134,AAAA,hhpp,0,False,10021.0,1659.0691361848867,36.042058337049696,36.15620080518614,1033.8566548712745,33.89271721244093,467.0,0.14232548827153865,2500.0,479.0810624387216,3.2204816732110872,24.953382643155596,35.561169494186096,35.17348982270761,137.63538124770636,35.9282569464158,429.0,198.35504651755215,-0.1,1042.7359170358063,0.9811744512151335,5312309400493615872,0.078042,14.038618,0.833663,0.362,23.81578947368421,0.985,,2762.4309392265195,0,0,0.06760818578616241,295955955,13.656,10021.0,3.256,,DWARF,Gaia DR3 5312309400493615872,EclBin,,True,False,True,True,False,True,False,True,True,True,True,True,True,False,,14,18,C,multi_survey;wise_quality;photosphere,,
J053931.97+231520.7,1,atlas_heinze2018,0.149601,1.002,DBH,J084.8832+23.2557,,1.002,1,84.8832153,23.2557593,2.7e-05,AAAA,dd00,0,True,6079.5,1156.1209509805321,35.49890516795806,36.10774227497033,433.611715331905,28.99465609937727,489.0,0.13595514391759855,2500.0,28.009172946129013,1.4787484598801806,11.716992442519592,11.774690714801375,33.11756287980609,90.5114585587886,35.79135461427425,209.0,134.43005739699916,-0.1,1388.4281871040816,0.3156092834102763,3404379992948605696,0.146327,13.557455,1.455158,0.7725,41.53225806451613,1.017,5972.9,1207.2822,0,0,0.040216619184486324,19934277,12.821,6079.5,3.432,0.0477,DWARF,ATO J084.8832+23.2557,EmLine*,,True,False,True,True,True,True,False,True,True,True,True,False,True,False,,14,18,C,multi_survey;photosphere;not_evolved_or_wind,,
J042541.31+353718.9,1,atlas_heinze2018,0.075515,3.84847,DBF,J066.4221+35.6219,,3.84847,1,66.4221335,35.6219303,0.000159,AAAA,0000,1,False,5201.0,850.626774749951,33.53507446766711,36.07795705278056,319.56979717845377,27.59613674867537,151.0,0.12548373532268503,2500.0,108.23512335575805,1.538034996715464,12.660398421977971,3.9266430223595896,26.974375394660555,86.09451338909643,35.77084081818633,144.0,160.34771950143295,-0.1,993.2900951518245,0.28543520547891327,176422967165002368,0.093032,13.191125,1.447761,1.8135,111.94444444444444,1.045,5747.2,546.715,0,0,0.0,286617697,12.442,5201.0,2.025,,GIANT,IRAS 04223+3530,TTauri*_Candidate,,True,False,True,True,False,True,False,True,True,True,True,True,True,True,,14,18,C,multi_survey;wise_quality;photosphere,,
J171206.72-333228.9,2,asassn;vsx,0.063991,2.1787;2.1787,EA,ASASSN-V J171206.73-333229.0;J171206.78-333226.7,True,2.1787,1,258.0280405,-33.5413849,0.000122,AAAA,0d00,0,True,7327.0,1255.3568505889539,35.38306817959789,36.102631429329925,408.59209762217426,29.71355568190061,542.0,0.0761630925776201,2500.0,79.54082334172989,1.448477689694962,11.205522142138197,8.637081415073872,32.00099428864857,72.39708306090016,35.69130813743535,200.0,124.23510921506859,-0.1,1130.7034293082293,0.24477826665933305,5978950546010001280,0.022941,12.813227,0.874546,0.9244,51.932584269662925,0.762,6110.2,1179.6198,0,0,0.046472789965075374,46287293,12.377,7327.0,2.445,3.9046,DWARF,Gaia DR3 5978950546010001280,Star,,True,False,True,True,True,True,False,True,True,False,True,True,True,False,,14,18,C,multi_survey;photosphere;tess_usable,,
J064242.94-113925.0,1,asas3,1.324418,94.6,EC,064243-1139.4,,94.6,1,100.6789377,-11.6569584,9.3e-05,AAAA,0000,0,True,6057.0,1234.404464432232,35.78754652851146,36.03827230138496,236.64510736791956,33.353514782213836,589.0,0.2974621928853641,2500.0,282.533327413154,3.77093263526837,26.593791457309813,20.319073374066985,34.410062274089746,49.711624386079365,35.463183807069115,550.0,82.448333847691,-0.1,91.75883055965032,0.708058879462456,2953498346307994624,0.019141,11.670848846435549,1.36768901348114,0.1339,7.122340528275919,1.8140000104904177,,7468.259895444362,0,0,0.032290018834666694,119457082,11.008000373840332,6057.0,78.35199737548828,,GIANT,IRAS 06403-1136,Star,,True,False,True,False,True,True,False,True,True,True,True,True,False,False,,14,18,C,multi_survey;period_plausible;photosphere;nearby,,
J205120.98+442619.5,1,ztf_chen2020,0.037085,7.68106,EW,ZTFJ205120.98+442619.6,,7.68106,1,312.8374425,44.4387712,6.1e-05,AAAA,0000,0,True,,,,,,,,,2500.0,288.5193901297197,2.5039406008262532,21.737506600382037,9.446680458525528,32.36010372147023,42.68087166123478,35.3432577226255,266.0,456.9577707540623,-0.1,138.6067686453326,0.18522315379803508,2163139323493015936,0.039599,15.055974,2.299387,0.9709,5.427054220234768,8.379,5329.2,780.9448,0,0,0.0,276013896,14.073,,,,GIANT,EM* LkHA  153,TTauri*,K8.8,True,False,True,False,True,True,False,False,True,True,True,True,True,True,,14,18,C,multi_survey;period_plausible;photosphere;dust_over_ff,,
J175334.44-380500.7,1,vsx,0.087501,4875.9,E-DO/GS+SRC,V0383 Sco,,4875.9,1,268.3935195,-38.0835338,0.000103,AAAA,0000,0,True,5857.0,557.6310533103572,32.97587004711101,35.00957881410526,30.628257356193732,22.87471554517377,609.0,0.04162518812972799,3000.0,3.886769505234249,1.309021866175475,8.54368789496494,4.524466107214907,28.192206287382337,11.686941788655373,33.09448507549705,378.0,45.01515981341533,-0.1,89.32907832001864,0.048414414614402095,4036852822616282240,0.064945,10.48628,1.207457,0.1497,9.658064516129032,0.699,,6680.02672010688,0,0,0.016221221138327607,246216855,9.779,5857.0,86.175,,GIANT,V* V383 Sco,EclBin,F0Iab:e,True,False,True,False,True,True,False,True,True,True,True,True,False,False,,14,18,C,multi_survey;period_plausible;photosphere;nearby,,
J203553.17+431315.0,2,gaia_dr3;vsx,0.037942,4.07648,E;ECL,2069723819159596416;Gaia DR3 2069723819159596416,,4.07648,1,308.9715742,43.220848,9.2e-05,AAAA,0000,0,True,3681.0,2687.630419216287,36.04345422890871,32.88126783212836,1659.2177932353327,34.77333482023476,517.0,2.851390507844949,2500.0,2015.063780684707,9.69579917495344,32.45853805065759,80.10116168764995,35.739388074297096,520.2269774475104,32.83785337885898,506.0,519.3437913282366,-0.1,725.7030350105333,2.6424709967989806,2069723819159596416,0.114606,19.584324,3.113739,0.7291,2.2949323260937993,1.14,,,0,0,0.0,188844605,17.675,3681.0,4.7,,GIANT,Gaia DR3 2069723819159596416,EclBin,,True,False,True,True,True,True,False,True,True,False,True,True,True,False,,14,18,C,multi_survey;photosphere;tess_usable,,
J031229.54+563800.0,1,vsx,0.042739,0.188246,HADS:|EW,ZTF J031229.54+563759.9,,0.188246,1,48.1231027,56.6333371,9.9e-05,AAAA,0h00,0,True,3835.0,1614.791523625397,35.775168202419,32.82555621947712,435.54021133548184,31.008572563628547,463.0,0.795474370993126,2500.0,574.569890588825,2.7305152432593918,22.93685605223891,28.926761069070928,34.94007446590126,138.3737986778464,32.663327410165316,423.0,278.1082854105034,-0.1,1068.8987925718416,0.7790470110507145,448060304103280256,0.090488,17.274689,3.142418,0.5569,6.099671412924424,1.022,9169.0,2560.581,0,0,0.0,384661921,15.832,3835.0,3.959,,GIANT,ZTF J031229.54+563759.9,delSctV*,,True,False,True,True,True,True,False,True,True,False,True,True,True,False,,14,18,C,multi_survey;photosphere;tess_usable,,
J085845.20-441027.7,1,asassn,0.6341265814763318,1.9937,EA,J085845.14-441027.7,,1.9937,1,134.6883355,-44.1743651,9.9e-05,AAAA,00Pp,0,False,5706.0,940.6014052873771,32.86358353118125,31.732210046158006,158.70869407294626,27.94188462097212,172.0,0.046428083412359836,2500.0,112.24337806401635,1.465109639999376,11.489160072451586,2.814008007595153,23.330118041021244,38.18382087409958,31.09711023432867,157.0,131.97629236514618,-0.1,638.8852807988727,0.12116967888747696,5331784122221998848,0.073222,13.330845,1.082571,1.2309,78.40127388535034,1.359,,812.4136810463888,0,0,0.0010579394206613865,30829932,12.741,5706.0,1.867,0.0279,DWARF,UCAC4 230-032414,Star,,True,False,True,True,False,True,False,True,True,True,True,True,True,False,,14,18,C,multi_survey;wise_quality;photosphere,,
J060937.66+205743.4,2,gaia_dr3;vsx,0.035797,8.5069,E;ECL,3375235783690685568;Gaia DR3 3375235783690685568,,8.5069,1,92.4069321,20.9620607,6.4e-05,AAAA,0h00,0,True,4028.0,327.1853723861759,29.711012403208674,31.000459824664045,1507.734728728685,18.787653419586828,155.0,1.2360223375516057,2650.0,9.007291576173985,1.1914441462032117,5.815291226875622,33.215261469785744,29.251342585490118,713.7812876343388,30.97757428203673,154.0,33.61626019951269,-0.1,1739.5122032842037,1.9783691210582126,3375235783690685568,0.035797,17.744854,2.255688,0.3927,2.9175334323922733,1.086,,,0,0,0.0,45444726,16.729,4028.0,2.096,,GIANT,Gaia DR3 3375235783690685568,EclBin,,True,False,True,True,True,True,False,True,True,False,True,True,True,False,,14,18,C,multi_survey;photosphere;tess_usable,,
J072724.21-244603.9,1,vsx,0.105106,,EA:,Gaia16bal,,,1,111.8509092,-24.7677525,0.000148,AAAA,0h00,0,True,4002.0,384.2119792513116,35.74533978592228,30.97681785186464,701.5703516722997,23.371158904452347,359.0,0.5264372633273414,2725.0,24.144421866158744,1.7020887681923689,14.928386987909432,42.77755323473636,35.345174172896584,355.90829723402555,30.93387423275054,211.0,210.8673742859876,-0.1,1894.1415549859616,0.9643369132792343,5616722560568034560,0.045983,17.522089,2.66984,0.7344,9.145703611457037,0.981,,1361.6557734204791,0,1,0.20532821682787217,108055720,16.302,4002.0,2.301,,GIANT,Gaia DR3 5616722560568034560,YSO_Candidate,,True,False,True,True,True,True,False,True,True,False,True,True,True,True,,14,18,C,multi_survey;photosphere;tess_usable,,
J055103.61+082048.8,2,gaia_dr3;vsx,0.027343,7.6572,E;ECL,3335137969015544960;Gaia DR3 3335137969015544960,,7.6572,1,87.7650581,8.3469165,0.000212,AAAA,dh00,0,True,3849.0,577.289923292225,22.410363807273125,30.98224685812945,799.7675439592883,21.66983176026683,133.0,0.8182741265673961,2500.0,10.777365734463782,1.2371725450070774,6.938046486941665,8.346136374544658,20.774950512379288,322.1362003661687,30.92473653776452,131.0,48.2024340792842,-0.1,1177.5987734490004,1.1600792838693068,3335137969015544960,0.027343,17.470282,1.911219,1.0814,4.645189003436426,2.23,,,0,0,0.05258796921193485,80766775,16.282,3849.0,0.665,,DWARF,Gaia DR3 3335137969015544960,EclBin,,True,False,True,True,True,True,False,True,True,False,True,True,True,False,,14,18,C,multi_survey;photosphere;tess_usable,,
J052441.03+015438.5,1,ztf_chen2020,0.118742,9.61651,EW,ZTFJ052441.04+015438.6,,9.61651,1,81.170992,1.910698,6.2e-05,AAAA,0h00,0,True,4185.0,1435.784079101848,35.169670220299906,30.011058882846275,203.39432768642473,30.98174047982832,628.0,0.369973354820123,2500.0,414.09517165632866,2.5745311612527404,22.13380974654978,10.898164419909078,32.87035338327704,59.361847771484705,29.651279717764584,556.0,417.46026036267216,-0.1,228.9060559626489,0.3758921532844348,3222286505017306240,0.037842,14.862529,2.00875,2.9728,100.09427609427608,1.281,,336.3832077502691,0,0,0.040687630607313854,264459904,13.377,4185.0,1.066,,DWARF,Kiso A-0903 109,TTauri*,K5,True,False,True,False,True,True,False,False,True,True,True,True,True,True,,14,18,C,multi_survey;period_plausible;photosphere;dust_over_ff,,
J051751.49+071219.4,2,crts_drake2014;vsx,0.171432,1.9164;1.9164,1;EB,CSS_J051751.5+071219;J051751.5+071219,True,1.9164,1,79.4645526,7.2054125,0.000148,AAAA,0000,1,False,,,,,,,,,2500.0,89.45331638895567,1.6524093924535002,14.289124332545486,7.950104878117779,31.63891382032141,46.83029709755279,28.717614114374648,230.0,199.7603507521595,-0.1,483.45011753438393,0.17411927920056228,3241289944299948672,0.325169,15.076617,2.245682,0.8593,2.6587252475247523,11.285,,,0,0,0.0,284907861,13.93,,,,GIANT,CRTS J051751.5+071219,YSO,,True,False,True,True,False,True,False,True,True,True,True,True,True,True,,14,18,C,multi_survey;wise_quality;photosphere,,
J023933.15+610457.9,2,gaia_dr3;vsx,0.026636,0.243349,E;ECL,465637230128502784;Gaia DR3 465637230128502784,,0.243349,1,39.88814,61.0827544,0.000115,AAAA,0000,0,True,6060.0,1318.0218170724838,35.954653605469325,28.546505108643554,1120.4585084097541,29.85082239066406,398.0,0.31515746888314283,2500.0,96.47689382825511,1.5895595029741545,13.423133810353821,32.653669502586304,35.08287176288528,221.65934619106088,28.44310486656056,230.0,162.48245822226124,-0.1,1692.4008031053017,0.8109084725163733,465637230128502784,0.030549,16.25523,1.445997,0.5149,11.675736961451248,1.008,,1942.1246844047387,0,1,0.22198730277247167,50124230,15.522,6060.0,1.912,,DWARF,2MASS J02393316+6104579,EclBin,,True,False,True,True,True,True,False,True,True,False,True,True,True,False,,14,18,C,multi_survey;photosphere;tess_usable,,
J111159.53-601522.9,1,gaia_dr3,0.086697,,ECL,5337673725022922368,,,1,167.99808,-60.2563776,8.4e-05,AAAA,PP00,0,True,5615.0,1446.5515718232105,35.780565188164886,27.79702809091975,657.181859832055,30.388415113873222,467.0,0.2578540581776974,2500.0,185.4597279779714,1.7810682882052555,15.871263415498587,19.558510348683413,34.340799704275334,135.73436929049896,27.634287871078975,223.0,242.7919980828779,-0.1,1210.4462265362972,0.4907912585154312,5337673725022922368,0.086697,14.983461,0.983644,0.4525,20.11111111111111,1.15,,2209.9447513812156,0,0,0.2892021416306657,467247237,14.469,5615.0,2.178,,DWARF,2MASS J11115953-6015230,EclBin,,True,False,True,True,True,True,False,True,False,True,True,True,True,False,,14,18,C,multi_survey;photosphere;unconfused,,
J063027.35+014406.3,1,gaia_dr3,0.004431,,ECL,3123854268434443648,,,1,97.6139998,1.7350888,0.000181,AAAA,0000,0,True,4861.2,347.65290793957894,32.12405874198656,28.791180029089357,22.043738482204876,11.060609868615732,447.0,0.03158312293657267,3175.0,17.78849774976232,0.8953820861001096,-4.228640061440761,4.896459519864887,28.79990568646985,11.711817727002503,27.584218768673008,339.0,44.268503565890626,-0.1,701.2308597436291,0.03754941580934747,3123854268434443648,0.004431,12.635286,1.969067,0.4166,21.04040404040404,1.378,,2400.3840614498317,0,0,0.0013115244762567694,234801497,11.664,4861.2,23.141,,GIANT,ATO J097.6140+01.7350,LongPeriodV*,G5,True,False,True,True,True,True,False,True,True,True,True,False,True,False,,14,18,C,multi_survey;photosphere;not_evolved_or_wind,,
J234506.28+620909.6,2,gaia_dr3;vsx,0.080587,9.0439,E;ECL,2012928236801826176;Gaia DR3 2012928236801826176,,9.0439,1,356.2761776,62.1526817,8.1e-05,AAAA,0hd0,0,True,5643.0,870.8435646363746,35.42596095529462,27.105052366074162,707.7302952550784,28.321059565948108,513.0,0.14301131456592756,2500.0,75.96862059316823,1.4384020892486615,11.030504476614642,11.485119234162376,33.04006785253654,159.9151328958452,26.973668805526092,171.0,121.30166938532825,-0.1,1147.389028820689,0.5152376383668128,2012928236801826176,0.11597,16.451004,1.671322,0.3151,7.161363636363636,0.939,8024.0,2122.124,0,1,0.17067597795833134,272531413,15.601,5643.0,3.388,,GIANT,Gaia DR3 2012928236801826176,EclBin,,True,False,True,True,True,True,False,True,True,False,True,True,True,False,,14,18,C,multi_survey;photosphere;tess_usable,,
J061439.95-062917.4,2,gaia_dr3;vsx,0.063382,6.6149,E;ECL,3007796967830937600;Gaia DR3 3007796967830937600,,6.6149,1,93.6664947,-6.4881868,0.000128,AAAA,h000,0,True,5598.7,866.4441938725937,34.47441454213906,27.555794273775355,98.16580605910143,25.92399951484753,571.0,0.08008644188168555,2550.0,60.20053170093314,1.2547413167819532,7.347646530236695,5.890008428045718,30.04669832967294,25.598011580537083,26.751829225267382,260.0,48.744397113334635,-0.1,479.26957188276117,0.10128199100950817,3007796967830937600,0.082787,13.563571,1.352222,1.215,79.9342105263158,1.043,,823.0452674897119,0,0,0.0,143077966,12.889,5598.7,1.96,1.0884,DWARF,UCAC4 418-013175,TTauri*,K1,True,False,True,True,True,True,False,True,True,False,True,True,True,True,,14,18,C,multi_survey;photosphere;tess_usable,,
J194841.87+292408.2,1,vsx,0.135443,27.9705,E,V1507 Cyg,,27.9705,1,297.1744744,29.4022997,0.00013,AAAA,0hh0,0,False,8888.0,10.413950239287658,21.12547153144284,27.565235535159395,4.195609469134092,8.108726974687993,554.0,0.0013291091654247242,6950.0,1.7988317617188918,1.3878380490911606,6.3211297684191345,2.0707846231700353,18.714156619118636,3.58188544201573,26.08725252211378,467.0,31.39280113905268,0.6,0.5700671242754337,0.001580440730007538,2031738406897643776,0.047645,6.88703,0.359981,1.0574,30.82798833819242,1.521,,945.7159069415549,0,0,0.00023399711321600832,435521320,6.702,8888.0,19.487,,GIANT,HD 187399,SB*,B7Ia?e,True,False,True,True,False,True,True,False,True,True,True,True,True,False,,14,18,C,multi_survey;wise_quality;dust_over_ff,,
J060112.05-095712.3,1,atlas_heinze2018,0.03646,0.989002,DBH,J090.3002-09.9534,,0.989002,1,90.3002399,-9.9534419,9.7e-05,AAAA,0h0d,0,True,4437.0,1393.9812662606796,35.350691220635504,25.78194101122323,375.07957599581164,28.186156316241338,510.0,0.2642545075548145,2500.0,174.71905654616188,1.5646902769797222,13.061257494257145,12.186628912457849,33.22145964701119,100.28538404577931,25.593089040821532,204.0,168.07653440318452,-0.1,943.1460962770229,0.34373667315846773,2999326368906892160,0.0482,17.026634,2.489303,0.8884,10.626794258373206,1.162,,1125.619090499775,0,0,0.0,71516323,15.881,4437.0,1.693,,GIANT,,,,True,False,True,True,True,True,False,True,True,False,True,True,True,False,,14,18,C,multi_survey;photosphere;tess_usable,,
J181810.55-044715.2,1,atlas_heinze2018,0.058563,1.00911,DBH,J274.5439-04.7875,,1.00911,1,274.5439726,-4.7875655,0.000113,AAAA,dd00,0,True,,,,,,,,,2500.0,281.40041339658296,1.0121251939470677,0.4335683021815959,1.544149832092529,12.753580454372072,2.8605101533912918,23.53919551100792,315.0,0.06241772124142714,-0.1,14.632857499557867,0.01087349697011459,4173379593657109248,0.061968,14.663877,6.567432,0.1675,0.8489609731373543,1.4,,,0,0,0.010293085967415638,167360600,10.463,,,,,ATO J274.5439-04.7875,LongPeriodV*,,True,False,True,True,True,True,False,True,True,True,True,False,True,False,,14,18,C,multi_survey;photosphere;not_evolved_or_wind,,
J225251.20+624105.0,1,ztf_chen2020,0.045709,16.0791,EW,ZTFJ225251.20+624105.0,,16.0791,1,343.2133514,62.6847494,0.000102,AAAA,dd00,0,True,,,,,,,,,2500.0,45.71218356847778,1.795164787425129,16.030825405812905,14.15010048371538,33.63354252692048,65.60147118287934,23.243167807584253,427.0,153.71747683831939,-0.1,691.2836566652757,0.34288651798486314,2207279080343450752,0.023842,17.394226,2.696786,0.2918,1.395504543280727,3.148,,,0,0,0.03841832268765706,12875383,16.269,,,,GIANT,ZTF J225251.20+624105.0,YSO,,True,False,True,False,True,True,True,True,True,False,True,True,True,True,,14,18,C,multi_survey;period_plausible;tess_usable,,
J191910.41+210557.2,2,vsx;ztf_chen2020,0.138263,5.08678;5.08678,EB:;EW,ZTF J191910.41+210557.3;ZTFJ191910.41+210557.3,True,5.08678,1,289.7934101,21.0992238,0.000128,AAAA,0000,0,True,,,,,,,,,2500.0,34.2437900716142,1.26233449259802,7.521145888580906,4.06845626959262,27.295644374283928,23.57130933802362,23.10387635112102,219.0,55.66553859660557,-0.1,287.8652789666207,0.08243313493799913,4516984742649736832,0.108666,16.091246,2.897491,1.7432,9.765826330532214,4.949,6030.1,467.4867,0,0,0.13715116062400073,356578777,14.901,,,,GIANT,ZTF J191910.41+210557.3,EclBin,,True,False,True,False,True,True,True,True,True,False,True,True,True,False,,14,18,C,multi_survey;period_plausible;tess_usable,,
J000432.31+580853.9,1,atlas_heinze2018,0.057086,4.06985,DBH,J001.1346+58.1483,,4.06985,1,1.1346658,58.1483094,9.5e-05,AAAA,0000,0,True,,,,,,,,,2500.0,70.31959130047716,1.8545220489635306,16.676094106337388,12.36195630521427,33.263579034675615,67.0874460860891,22.756432115700218,455.0,206.54846748891168,-0.1,558.805356379437,0.31373960986568444,422693059030350336,0.050082,16.85614,2.338347,2.1766,10.855860349127182,3.803,,459.4321418726454,0,0,0.028072946628538823,347107867,16.123,,,,GIANT,ATO J001.1346+58.1483,TTauri*,M6,True,False,True,True,True,True,False,True,True,False,True,True,True,True,,14,18,C,multi_survey;photosphere;tess_usable,,
J170009.41-490039.9,2,gaia_dr3;vsx,2.316307,0.423144,E;ECL,5938463749077003008;Gaia DR3 5938463749077003008,,0.423144,1,255.0392489,-49.0111076,0.000133,AAAA,0000,0,True,,,,,,,,,2500.0,54.378896353934955,0.6296789053141393,-21.284447067272264,1.4131047213268335,10.580078167170344,2.8439922101586155,22.70875400034609,262.0,456.25046128902625,-0.1,727.5115823868214,0.008310938953921007,5938463744730858112,0.030142,13.443128,5.408856,0.1496,2.0381471389645776,1.063,,,0,0,0.17853141545055992,211748558,11.901,,,,,2MASS J17000942-4900398,LongPeriodV*,,False,False,True,True,True,True,True,True,True,True,True,False,True,False,,14,18,C,match;multi_survey;not_evolved_or_wind,,
J040219.09+324015.1,1,atlas_heinze2018,0.036869,1.02447,DBH,J060.5795+32.6708,,1.02447,1,60.5795788,32.670876,0.00016,AAAA,0000,0,True,3666.0,237.3439023291605,33.60539379856894,22.7500664459182,65.86973345966413,19.512761984649533,503.0,0.13953658525275703,2750.0,26.944385073482202,1.4596297568438752,11.396421260247685,8.476078103652531,31.921401098766957,38.72543592617245,22.504243257263024,267.0,118.42087659360266,-0.1,481.7325544221275,0.12504924598815415,170146920436165376,0.047804,15.781053,2.483487,2.8175,69.74009900990099,1.175,,354.92457852706303,0,0,0.0,467650732,14.773,3666.0,0.892,,DWARF,ATO J060.5795+32.6708,Star,,True,False,True,True,True,True,False,True,True,False,True,True,True,False,,14,18,C,multi_survey;photosphere;tess_usable,,
J184211.26+164621.5,1,ztf_chen2020,0.048653,0.993013,EW,ZTFJ184211.26+164621.5,,0.993013,1,280.5469416,16.7726577,0.000134,AAAA,hhh0,0,False,,,,,,,,,2575.0,73.60242420809007,0.6597315340634622,-18.666269218597503,1.3173960316115503,8.719432235970881,2.7564959524440455,22.31785339514445,242.0,349.5064386434943,-0.1,572.729814085734,0.006571126648079545,4511650118373955328,0.0415,12.998253,4.860986,0.0419,0.5066505441354293,1.319,,,0,0,0.006652751720336037,230302808,11.491,,,,,ZTF J184211.26+164621.5,EclBin,,True,False,True,True,False,True,False,True,True,True,True,True,True,False,,14,18,C,multi_survey;wise_quality;photosphere,,
J054343.62-083416.4,1,atlas_heinze2018,0.037057,1.21013,DBH,J085.9317-08.5712,,1.21013,1,85.9317886,-8.5712398,0.000166,AAAA,0000,0,True,3753.0,953.1916687148955,33.76995503005618,22.382063040635284,95.26359312979442,24.03815513956201,594.0,0.17478934423401224,2500.0,108.46435185580205,1.3838911659241846,10.039434405290315,5.945072292769541,30.10360939280795,36.266963494016096,21.99580980431769,222.0,98.78797894547142,-0.1,385.418375150114,0.1299859534673959,3012327436772983936,0.029519,16.514963,2.902104,2.3265,45.1747572815534,1.006,5243.9,391.7767,0,0,0.0,279644582,15.298,3753.0,1.217,,DWARF,ATO J085.9317-08.5712,OrionV*,M0.0,True,False,True,True,True,True,False,True,True,False,True,True,True,True,,14,18,C,multi_survey;photosphere;tess_usable,,
J054951.53+023637.1,1,atlas_heinze2018,0.048102,5.52708,DBF,J087.4647+02.6103,,5.52708,1,87.4647203,2.6103192,0.000183,AAAA,0000,0,True,3839.0,550.0985599349103,31.76648127518311,21.943285401199415,103.25377828509808,21.33723209757466,609.0,0.11707701078767102,2500.0,5.193149067224349,1.2343087276161264,6.870173913862655,4.631045019313522,27.460930991949432,42.484749115501586,21.636332651769354,187.0,46.97378109662301,-0.1,444.8919096499021,0.13712737238709283,3316161497831006464,0.055759,15.752624,2.354114,2.5,47.892720306513404,1.276,,400.0,0,0,0.0,158764834,14.648,3839.0,1.256,,DWARF,ATO J087.4647+02.6103,YSO,,True,False,True,True,True,True,False,True,True,False,True,True,True,True,,14,18,C,multi_survey;photosphere;tess_usable,,
J065537.52-080600.0,1,tess_ebs,0.036781,4.18691,0.358,124106762,,4.18691,1,103.9063455,-8.100025,4.8e-05,AAAA,hh00,0,True,5363.0,1358.6310961055779,35.064489022229644,21.6323556119928,263.6290394033527,30.000854082886022,646.0,0.15815244147235957,2500.0,169.65052126346598,1.74511413542496,15.452616671992606,7.517596979639944,31.37700796314944,57.57488702419582,21.337567921394726,206.0,237.1118691602782,-0.1,323.49030457428785,0.19640372041765755,3051069179958852992,0.055569,15.756091,1.642005,0.3154,8.50134770889488,1.065,5671.5,1510.0923,0,0,0.06408467637567657,124106762,14.925,5363.0,3.549,,GIANT,UCAC4 410-021517,YSO_Candidate,,True,False,True,True,True,True,False,True,True,False,True,True,True,True,,14,18,C,multi_survey;photosphere;tess_usable,,
J183749.43-130742.9,2,vsx;ztf_chen2020,0.394888,0.370327;0.370327,EW,ZTF J183749.41-130742.6;ZTFJ183749.41-130742.6,True,0.370327,1,279.455982,-13.1285952,0.000143,AAAA,dd00,0,True,,,,,,,,,2500.0,149.29782699607802,0.9208405583243974,-3.1111528482930475,1.8282670933325884,16.395845984803636,3.9354436439614524,20.24623987543562,304.0,11.360837434809877,-0.1,101.83620809194444,0.01632925406854221,4104672413404441088,0.078362,15.133035,4.602234,-0.0084,-0.06149341142020497,1.507,3681.4,2730.3855,1,4,1.4201504954936561,433918520,13.697,,,,,ZTF J183749.41-130742.6,EclBin,,True,False,True,True,True,True,False,True,False,True,True,True,True,False,,14,18,C,multi_survey;photosphere;unconfused,,
J160205.16-233107.2,1,atlas_heinze2018,0.151767,2.65716,DBH,J240.5215-23.5187,,2.65716,1,240.5215307,-23.518669,0.00016,AAAA,0000,1,False,3112.0,38.79724653874153,29.86585998042299,19.467119184363742,31.459882887250963,15.897678982334208,606.0,0.10312640588706176,2825.0,8.232357445762414,1.5649901455822612,13.065689436274331,4.833030127855392,28.70290117274023,26.29087492064988,19.341465386075424,231.0,168.37584298514534,-0.1,114.14312909812072,0.06788649429450846,6236353334834635648,0.169998,15.038091,3.189473,6.962,198.34757834757835,1.102,,143.63688595231255,0,0,0.004541205968760869,9735831,13.66,3112.0,0.641,0.036,DWARF,UScoCTIO  12,TTauri*,M4.5V,True,False,True,True,False,True,True,False,True,True,True,True,True,True,,14,18,C,multi_survey;wise_quality;dust_over_ff,,
J192831.29+270244.7,1,atlas_heinze2018,0.137969,1.9905,DBF,J292.1304+27.0458,,1.9905,1,292.1303787,27.0457667,8.5e-05,AAAA,0000,0,True,,,,,,,,,2725.0,97.65644836188861,0.648170305422082,-19.644746353274634,1.0316273926901276,1.1095416022326263,2.167928914329245,18.868353264895564,136.0,385.9163106580357,-0.1,578.3318674509314,0.003198988576302306,2025671572262186880,0.029539,12.882819,4.480016,0.1919,3.9896049896049894,1.125,,,0,0,0.015681947814954834,111673036,11.17,,,,,ATO J292.1304+27.0458,LongPeriodV*,,True,False,True,True,True,True,False,True,True,True,True,False,True,False,,14,18,C,multi_survey;photosphere;not_evolved_or_wind,,
J143946.97+495805.3,1,atlas_heinze2018,0.092866,4.98335,DBF,J219.9457+49.9681,,4.98335,1,219.945723,49.9681546,0.000136,AAAA,0000,0,True,,,,,,,,,2500.0,210.1560192074672,3.1014468671802464,24.52207033022115,36.02629064791171,35.18662916339147,300.58935984669523,18.65731344856486,449.0,194.4664229385694,-0.1,825.4770202976208,0.9011525845230367,1603851499699956096,0.102526,18.306005,1.084131,0.0828,0.8743400211193241,0.927,5252.9,1792.5582,0,0,0.0,255808905,17.664,,,,GIANT,6C 143759+501057,BLLac,,True,False,True,True,True,True,False,True,True,False,True,True,True,False,,14,18,C,multi_survey;photosphere;tess_usable,,
J082106.35-125651.6,1,vsx,0.091953,71.9,MISC|DCEP-FO|EC,ASAS J082106-1256.9,,71.9,1,125.2764745,-12.9476841,9.1e-05,AAAA,0000,0,True,,,,,,,,,2750.0,42.0121242091177,0.5391396440503348,-27.296909901572665,1.0956037470887197,3.158089768634725,2.046703226761925,18.508522617786326,189.0,745.1765196117168,-0.1,937.2506050725358,0.002655619607384273,5726903933585655168,0.046002,11.06711,3.640409,0.3564,7.456066945606694,1.085,,2805.8361391694725,0,0,0.0,296439655,9.618,,,,,IRAS 08187-1247,LongPeriodV*,,True,False,True,False,True,True,True,True,True,True,True,False,True,False,,14,18,C,multi_survey;period_plausible;not_evolved_or_wind,,
J152714.42-430940.6,1,asassn,1.64109175284174,61.269,EB,J152714.43-430940.5,,61.269,1,231.810102,-43.1612778,0.000111,AAAA,hh00,0,True,4728.0,97.37061045091244,27.772943328770385,18.705028113629798,19.061494278381076,-3.346195259961057,252.0,0.012196946755438035,3925.0,47.04827624292801,0.7798910825884326,-10.214256236511394,3.4926049650613815,25.82896798425882,15.273593057816845,18.44818843535692,244.0,107.88974233918874,-0.1,770.171433043525,0.01610531141643578,6000692087086081664,0.080634,12.350508,1.440439,0.3366,24.215827338129497,1.007,,2970.8853238265,0,0,0.012504819481379813,461725126,11.622,4728.0,20.841,,GIANT,UCAC4 235-088940,SB*,,False,False,True,False,True,True,False,True,True,True,True,True,True,False,,14,18,C,match;multi_survey;period_plausible;photosphere,,
J141148.17+114704.6,2,gaia_dr3;vsx,0.06229,6.4805,E;ECL,1226267691913326592;Gaia DR3 1226267691913326592,,6.4805,1,212.9507131,11.7846164,0.000207,AAAA,0000,0,True,,,,,,,,,2500.0,108.36815128022346,2.158404144904538,19.423630229057743,29.456963008643424,32.77743173880601,330.93448448181744,18.040923092931216,409.0,205.00117757475533,-0.1,931.7471063692932,0.669310139807069,1226267691913326592,0.06229,18.949547,1.251238,-0.0335,-0.06755394232708208,1.763,,,0,0,0.0,457917273,17.833,,,,GIANT,2MASS J14114815+1147045,Seyfert2,,True,False,True,True,True,True,False,True,True,False,True,True,True,False,,14,18,C,multi_survey;photosphere;tess_usable,,
J051245.22+084035.1,1,atlas_heinze2018,0.044499,4.00712,DBH,J078.1884+08.6764,,4.00712,1,78.1884503,8.6764278,0.000146,AAAA,0000,0,True,3902.0,610.7475974914875,33.61371386130817,17.871532848576052,80.7585034142881,23.18993220369456,598.0,0.14374515159666348,2500.0,5.9243292696866465,1.3602542488913718,9.58499930578161,5.805976774271405,29.957767004145854,31.858795284735923,17.527609448930736,232.0,89.14171039854246,-0.1,303.55489367700665,0.11820340766865804,3242429592398117632,0.047547,15.833381,2.205162,2.5123,58.155092592592595,1.102,3421.5,396.3549,0,1,0.10418039506537713,373490610,14.831,3902.0,0.785,,DWARF,ATO J078.1884+08.6764,YSO,,True,False,True,True,True,True,False,True,True,False,True,True,True,True,,14,18,C,multi_survey;photosphere;tess_usable,,
J214656.96+475115.8,1,ztf_chen2020,0.092733,2.85607,EW,ZTFJ214656.96+475115.9,,2.85607,1,326.7373674,47.8544043,0.000108,AAAA,0h00,0,True,,,,,,,,,2700.0,4.801180373681024,1.2843384364552566,8.012336055695751,4.616998368093317,28.352519448776007,20.285857332167907,16.921547129427744,254.0,60.75135859130876,-0.1,186.3617029452722,0.0650692944461526,1977809423087375616,0.078689,15.558911,2.616667,2.1727,10.003222836095764,7.921,6529.1,2745.3752,0,1,1.0185564672210086,345610484,14.414,,,,GIANT,ZTF J214656.96+475115.9,EclBin,,True,False,True,False,True,True,True,True,False,True,True,True,True,False,,14,18,C,multi_survey;period_plausible;unconfused,,
J071357.20+021834.6,2,gaia_dr3;vsx,0.178383,0.200859,E;ECL,3115031653991733504;Gaia DR3 3115031653991733504,,0.200859,1,108.4883347,2.3096254,0.000166,AAAA,0000,0,True,4806.0,990.9143094050145,35.245332914266065,17.132150601445332,169.36268240681053,29.15667181626527,570.0,0.2100435206851302,2500.0,131.9738041646489,1.9232438063364121,17.3734122710737,11.478616478095686,33.03828269941194,47.735733540996065,16.872880606909018,490.0,88.25559692199076,-0.1,327.9266453020779,0.3013131562868819,3115031653991733504,0.196551,15.165277,1.305977,0.1571,4.775075987841945,0.954,5609.9,2383.479,1,1,0.9877785703510132,284035979,14.494,4806.0,5.687,,GIANT,Gaia DR3 3115031653991733504,EclBin,,True,False,True,True,True,True,False,True,False,True,True,True,True,False,,14,18,C,multi_survey;photosphere;unconfused,,
J200641.03+421432.3,1,gaia_dr3,0.060778,,ECL,2074871801338131200,,,1,301.6709892,42.242306,0.00012,AAAA,h000,0,True,4254.0,629.3514537260278,32.06621111785029,17.860595183062394,21.79244285873725,22.651210106896336,714.0,0.09277581268140117,2525.0,17.11418474818194,1.225389006469074,6.656743373901374,3.3404491781791767,25.356973195349926,7.872868310222022,16.341855346186243,433.0,23.567925743637787,-0.1,54.581816436704116,0.057130209333962,2074871801338131200,0.060778,14.023979,1.998312,0.4075,29.744525547445253,1.048,4909.4,1945.5503,0,0,0.06610455808349966,185297576,13.071,4254.0,9.387,,GIANT,ZTF J200641.03+421432.3,LongPeriodV*,,True,False,True,True,True,True,False,True,True,True,True,False,True,False,,14,18,C,multi_survey;photosphere;not_evolved_or_wind,,
J111617.36-495603.9,1,vsx,0.192101,0.546784,EB|EW,SSS_J111617.2-495604,,0.546784,1,169.0723458,-49.9344262,0.000129,AAAA,0h00,0,True,,,,,,,,,2500.0,25.3800182997994,0.804311792488382,-7.5473848298931845,1.089631473735135,2.977035155640729,1.7339385185096263,15.318951875667324,209.0,56.98769134288047,-0.1,97.46789566116708,0.002597926250278943,5349926953136953216,0.129608,12.881153,5.008015,0.2808,4.719327731092437,1.044,3546.4,6372.703,0,0,0.007005741504772152,82260800,11.381,,,,,IRAS 11139-4939,LongPeriodV*,,True,False,True,True,True,True,True,True,True,True,True,False,False,False,,14,18,C,multi_survey;not_evolved_or_wind;nearby,,
J211712.52+470440.6,1,atlas_heinze2018,0.104811,5.7766,DBH,J319.3022+47.0779,,5.7766,1,319.302208,47.0779586,0.000143,AAAA,0h00,0,True,4464.0,513.9188390775803,31.18435721075832,15.573807107235684,97.43211789323756,24.00071394768748,671.0,0.10187969316756096,2500.0,105.83969907353772,1.421039290676965,10.723081444986844,4.831269776846087,26.906411894893004,35.95964073504537,15.297724875864393,202.0,114.27699903466649,-0.1,183.84214526209593,0.12006287218595474,2164614661943605120,0.128144,15.754689,1.875932,1.4138,50.13475177304964,1.044,5354.2,632.083,0,0,0.135022887947307,138090841,14.824,4464.0,1.393,,DWARF,,,,True,False,True,True,True,True,False,True,True,False,True,True,True,False,,14,18,C,multi_survey;photosphere;tess_usable,,
J214937.75+583643.7,2,gaia_dr3;vsx,0.061489,11.078,E;ECL,2202391094030960256;Gaia DR3 2202391094030960256,,11.078,1,327.4073098,58.6121506,6.5e-05,AAAA,0000,0,True,5998.0,535.2898384238466,18.497370583906925,14.863774823262446,1595.16331933163,21.294607757238662,378.0,0.1626025901920609,2500.0,11.363803407338303,1.2176958179228878,5.881954377559201,27.783951841565333,18.045834259804213,487.91938463793724,14.842615998454217,162.0,34.309052366067725,-0.1,514.7107665123534,1.5847985971980219,2202391094030960256,0.061489,18.494173,1.5819,0.0362,0.2640408460977389,1.058,5968.1,1816.0442,0,1,0.16414558270702068,365348306,17.691,5998.0,1.525,,DWARF,Gaia DR3 2202391094030960256,EclBin,,True,False,True,True,True,True,False,True,True,False,True,True,True,False,,14,18,C,multi_survey;photosphere;tess_usable,,
J155701.46-204618.8,1,vsx,0.314456,4.36452,E,EPIC 204807722,,4.36452,1,239.2561216,-20.7718922,0.000125,AAAA,0000,1,False,3137.0,104.83618227061783,27.913653045677883,14.991307856258889,21.149621983422797,14.699938724083292,669.0,0.08300765575228522,2625.0,0.25476474843736174,1.2933186779069596,8.207997857902654,3.1210772175419197,24.595464617465485,14.791553127962661,14.671503725596654,231.0,66.34731356558777,-0.1,69.080926142528,0.045856970887299855,6246723275669422464,0.198536,15.218673,3.128606,6.9989,153.484649122807,1.221,,142.87959536498593,0,0,0.10401137224181307,12568403,13.811,3137.0,0.696,0.0515,DWARF,2MASS J15570146-2046184,OrionV*,M4,True,False,True,True,False,True,False,True,True,True,True,True,True,True,,14,18,C,multi_survey;wise_quality;photosphere,,
J112457.49-310125.7,2,gaia_dr3;vsx,0.060932,16.863,E;ECL,3481728295204092288;Gaia DR3 3481728295204092288,,16.863,1,171.2395619,-31.0238151,5e-05,AAAA,0000,0,True,,,,,,,,,2500.0,62.525168569705585,1.854746412663368,16.67845479719112,39.78686705979626,26.461184900956198,471.0790579536488,14.640965124460601,359.0,125.74238427617735,-0.1,754.2265925810816,0.8476583278751816,3481728295204092288,0.060932,18.866512,1.168982,-0.676,-1.9275734245794127,1.439,,,0,0,0.0,57301465,18.029,,,,DWARF,Gaia DR3 3481728295204092288,EclBin,,True,False,True,True,True,True,False,True,True,False,True,True,True,False,,14,18,C,multi_survey;photosphere;tess_usable,,
J195221.76+184018.6,1,vsx,0.12269,,E:,QZ Sge,,,1,298.0906846,18.6718592,0.000179,AAAA,hh00,0,True,12963.0,0.5382146983550542,9.729992358616935,14.437779897134124,2.021476550383649,4.626253196034535,411.0,7.617306461911235e-05,13225.0,0.5227205875938886,1.1993075631664547,4.748253862170326,1.37680145317553,9.904768252884523,2.035862165503108,14.537653813636886,417.0,20.48554163783896,0.6,4.515478505450907,7.476884960857971e-05,1821596755283891840,0.103895,6.182326,0.037995,0.5174,14.136612021857923,0.862,,1932.740626207963,0,0,0.0001118601448800621,300061173,6.205,12963.0,,,,*   9 Sge,BlueSG,O7.5Iabf,True,False,True,True,True,True,True,False,True,True,True,False,True,False,,14,18,C,multi_survey;dust_over_ff;not_evolved_or_wind,,
J191447.17-104557.6,1,gaia_dr3,0.086815,,ECL,4199973721920957952,,,1,288.6965829,-10.7660118,0.000103,AAAA,0000,1,False,6695.0,1449.0074007857845,35.41864403038221,14.398291913950006,185.14300580753417,31.833576119073374,671.0,0.12799075175779895,2500.0,258.03928440540165,2.1220722475477056,19.136553352895564,9.024338324467024,32.18080677996811,32.8979945127559,14.036441233825231,572.0,63.07424153906188,-0.1,82.15227065451933,0.28102596920354533,4199973721920957952,0.086815,14.482812,0.742483,0.4069,19.014018691588785,0.953,7919.2,2058.7344,0,0,0.07720896747748271,124962512,14.005,6695.0,2.364,,DWARF,Gaia DR3 4199973721920957952,EclBin,,True,False,True,True,False,True,False,True,True,True,True,True,True,False,,14,18,C,multi_survey;wise_quality;photosphere,,
J052145.58+350631.8,2,gaia_dr3;vsx,0.064594,3.82623,E;ECL,183587896031732736;Gaia DR3 183587896031732736,,3.82623,1,80.4399376,35.1088548,0.000109,AAAA,hh00,0,True,6204.0,740.809709126793,27.943240584758975,13.707204814913736,378.69793237656955,25.875742858943656,477.0,0.09283495223467524,2775.0,28.59467202831524,1.3924565100703943,10.200300420990267,14.435054444393232,26.592656747988308,112.846973307087,13.621707473394478,377.0,85.88980409155144,-0.1,615.3547661953903,0.22614734900007596,183587896031732736,0.101692,15.928276,1.319115,0.4546,8.513108614232209,1.041,5767.3,1072.9744,0,0,0.0,2771568,15.452,6204.0,1.857,,DWARF,ATO J080.4399+35.1088,EclBin,,True,False,True,True,True,True,False,True,True,False,True,True,True,False,,14,18,C,multi_survey;photosphere;tess_usable,,
J034220.34+320530.9,1,tess_ebs,0.099724,7.31276,0.494,101220458,,7.31276,1,55.5847764,32.0919196,6e-06,AAAA,0000,0,True,3155.0,297.78441296495595,31.057268259434366,13.409854362738987,41.19235702065276,12.273555290054817,465.0,0.10906090966115553,2525.0,65.01874092104046,1.0505832934522428,1.7425276478725111,5.584205336121332,28.751817901853766,25.37987609817277,13.201984704170401,251.0,1.9978780980010191,-0.1,531.7778371638095,0.09955413681331522,216688766601562368,0.039465,16.640593,3.370915,3.2314,44.20519835841313,0.997,3666.3,277.1917,0,0,0.0,101220458,15.308,3155.0,,,,Cl* IC  348     CB       1,OrionV*,M2.0,True,False,True,True,True,True,False,True,True,False,True,True,True,True,,14,18,C,multi_survey;photosphere;tess_usable,,
J115059.53-680134.1,1,vsx,2.928701,0.292991,E,Gaia DR3 5235653717562150528,,0.292991,1,177.7480513,-68.0261484,7.9e-05,AAAA,dd00,0,True,6678.0,30.678334220364903,31.795063506928,13.006751469638209,175.80401603457577,4.37083280522281,259.0,0.03924165380512072,5250.0,5.7390372816658894,0.99648465111307,-0.1276735356513089,24.963517682171876,31.583129929418977,145.66771676869854,12.991357733337246,240.0,1.4737655583699514,-0.1,1118.0911284518274,0.06913032713710887,5235653713235098368,0.212409,14.917572,0.857236,0.3343,17.87700534759358,0.979,6176.9,2891.7908,0,1,0.5073363753873656,410827994,14.479,6678.0,2.863,,DWARF,Gaia DR3 5235653717562150528,EclBin,,False,False,True,True,True,True,True,True,False,True,True,True,True,False,,14,18,C,match;multi_survey;unconfused,,
J051242.95+240737.3,2,crts_drake2014;vsx,0.016307,1.39905;1.39905,1;EB,CSS_J051242.9+240737;J051242.9+240737,True,1.39905,1,78.1789666,24.1270533,0.000155,AAAA,0000,0,True,,,,,,,,,2725.0,112.63300191952948,0.7506878740503822,-12.019518399314196,1.3028461539483929,8.412633955718993,2.655921946251186,12.772414517821433,245.0,145.08702183105828,-0.1,250.26602637267075,0.0053544341139664985,3418938660772018176,0.04174,13.627725,4.239764,0.0115,0.259009009009009,1.103,,,0,0,0.004228781053573872,70102742,11.976,,,,,CRTS J051242.9+240737,AGB*_Candidate,M6.0III,True,False,True,True,True,True,False,True,True,True,True,False,True,False,,14,18,C,multi_survey;photosphere;not_evolved_or_wind,,
J114519.52-642950.0,1,gaia_dr3,0.165148,,ECL,5332709189485357824,,,1,176.3313376,-64.4972316,4.6e-05,AABA,Ph00,0,True,,,,,,,,,4025.0,8.902608457027638,0.8435689724454896,-6.7112801170277585,1.095200296944642,0.637686693480586,39.770906531464796,12.752246321942774,88.0,45.041313128303905,-0.1,208.06771138375734,0.08257890760454291,5332709189485357824,0.165148,15.146982,2.151968,0.0967,4.518691588785047,0.973,9776.6,4487.761,0,1,0.2925610766392716,323483038,14.216,,,,,Gaia DR3 5332709189485357824,EclBin,,True,False,True,True,True,True,True,True,False,True,True,True,False,False,,14,18,C,multi_survey;unconfused;nearby,,
J062809.07+194918.2,1,gaia_dr3,0.00698,,ECL,3372518929117312256,,,1,97.0378058,19.821741,5.6e-05,AAAA,0000,0,True,4160.0,694.4904360453054,21.625542529323717,12.73909231852624,372.6752162787882,25.183067750051894,464.0,0.26398775291977156,2500.0,45.93937668684929,1.4321369666834183,10.920434778178612,15.074390382904095,20.687979387644656,128.11318054169791,12.673663344582154,378.0,80.18554213031902,-0.1,434.84113915439445,0.32341827907799614,3372518929117312256,0.00698,17.718874,1.937523,0.3789,3.479338842975207,0.955,,,0,0,0.1487993354818891,46780147,16.737,4160.0,1.804,,GIANT,Gaia DR3 3372518929117312256,EclBin,,True,False,True,True,True,True,False,True,True,False,True,True,True,False,,14,18,C,multi_survey;photosphere;tess_usable,,
J002745.51+651622.7,2,vsx;ztf_chen2020,0.11462,184.385;184.385,EA,ZTF J002745.51+651622.9;ZTFJ002745.51+651622.9,True,184.385,1,6.9396571,65.2729983,9.7e-05,AAAA,0000,0,True,,,,,,,,,3000.0,32.04077914074877,1.6313508242468076,14.006397593951647,11.597591425615137,33.07062725860881,41.77354638135941,12.616014353541365,456.0,31.129903277319407,-0.1,417.5912090975855,0.1644408287485469,527365672637608448,0.089451,15.537237,1.860997,0.5445,1.9045120671563485,12.239,,,0,0,0.05521682532271783,279059100,14.662,,,,GIANT,ZTF J002745.51+651622.9,EclBin,,True,False,True,False,True,True,True,True,True,False,True,True,True,False,,14,18,C,multi_survey;period_plausible;tess_usable,,
J115421.55-661457.2,2,gaia_dr3;vsx,0.206642,0.57258,E;ECL,5236252607819119360;Gaia DR3 5236252607819119360,,0.57258,1,178.5898082,-66.2492284,7.4e-05,AAAA,0h00,0,True,8737.0,81.3533386924623,15.332725246030598,12.305027657946027,375.1977118114743,-3.3836405315019378,174.0,0.03157212338990697,5450.0,7.35857594291263,0.7011375791259682,-11.287779795643278,18.530352894224063,15.105057257149161,270.20594068775324,12.292250277220717,173.0,128.28080887012237,-0.1,506.6761443345199,0.09159529605924065,5236252607819119360,0.320067,15.729403,1.005886,0.3088,11.652830188679246,0.93,7005.3,1864.67,0,1,0.23579691172743636,297061319,15.246,8737.0,2.654,,DWARF,Gaia DR3 5236252607819119360,EclBin,,True,False,True,True,True,True,False,True,True,False,True,True,True,False,,14,18,C,multi_survey;photosphere;tess_usable,,
J084118.23-451652.0,2,gaia_dr3;vsx,0.044986,13.4384,E;ECL,5522106797555959552;Gaia DR3 5522106797555959552,,13.4384,1,130.3259851,-45.2811168,8.8e-05,AAAA,hh00,0,True,8101.0,1850.1374208398643,35.934309059320356,12.320272285063586,699.4624774251955,33.604615929728276,562.0,0.164675362479952,2500.0,490.41528888421215,2.718419256753409,22.877878965574347,20.089616252845687,34.389718615154244,91.26950520623078,12.202730325293741,505.0,53.03177700282135,-0.1,355.8679400251816,0.5498281144083484,5522106797555959552,0.083865,17.909151,1.841438,-0.0679,-0.6749502982107356,1.16,,,0,0,0.0,285626095,17.031,8101.0,2.755,,DWARF,Gaia DR3 5522106797555959552,EclBin,,True,False,True,True,True,True,False,True,True,False,True,True,True,False,,14,18,C,multi_survey;photosphere;tess_usable,,
J060629.19+295951.1,2,gaia_dr3;vsx,0.146729,2.56589,E;ECL,3437604726079901056;Gaia DR3 3437604726079901056,,2.56589,1,91.6216285,29.9975345,8.6e-05,AAAA,0000,0,True,6196.0,679.8420248794133,20.934274789215905,12.051944887569643,1023.1550519925694,26.958755805650117,463.0,0.11837011723794558,2500.0,54.46916371661922,1.293857014375559,8.21964086151758,15.126605741929957,19.88156103956121,238.72370314291618,12.013201306845735,166.0,67.26659190398112,-0.1,445.07962133376117,0.7682440203354534,3437604726079901056,0.146729,17.028,1.243036,0.2711,3.148664343786295,1.008,8606.6,2526.5273,0,1,0.14922170571821103,400381423,16.417,6196.0,1.603,,DWARF,Gaia DR3 3437604726079901056,EclBin,,True,False,True,True,True,True,False,True,True,False,True,True,True,False,,14,18,C,multi_survey;photosphere;tess_usable,,
J192430.18-275157.4,1,vsx,0.347744,0.52144,SXARI/E,NSV 24772,,0.52144,1,291.1257786,-27.8659571,0.000156,AAAA,0000,1,False,,,,,,,,,18425.0,0.48198798888989935,1.167154525489541,5.183138883203702,1.4501345245881914,11.234069255190336,1.9484580704594856,12.011540647603406,858.0,10.186173633134732,0.6,3.435761480957037,0.00011627227804264861,6765638956627340672,0.204128,5.999445,-0.179305,4.4686,71.61217948717949,0.958,16160.6,232.2868,0,0,0.0,168762739,6.164,,,,,HD 182180,Star,B2Vnn,True,False,True,True,False,True,True,False,True,True,True,True,True,False,,14,18,C,multi_survey;wise_quality;dust_over_ff,,
J074450.39-221808.1,2,gaia_dr3;vsx,0.056678,6.7471,E;ECL,5711987340376628096;Gaia DR3 5711987340376628096,,6.7471,1,116.2099635,-22.3022719,0.000197,AAAA,d000,0,True,6087.0,994.1400477791854,18.555235996322786,11.911202751315166,597.62409914132,28.655612403159942,567.0,0.10505369742866145,2500.0,49.90649576687698,1.4326180977895153,10.92892172562518,8.830506940255779,16.890935632149983,126.5143216701007,11.836860235818058,438.0,103.98888713832808,-0.1,260.1034380391805,0.19789652109698322,5711987340376628096,0.056678,16.915749,1.178673,0.2289,4.051327433628319,1.036,,,0,0,0.04465556617177534,140610280,16.234,6087.0,2.231,,DWARF,Gaia DR3 5711987340376628096,EclBin,,True,False,True,True,True,True,False,True,True,False,True,True,True,False,,14,18,C,multi_survey;photosphere;tess_usable,,
J084748.55-444117.6,2,gaia_dr3;vsx,0.07256,9.726,E;ECL,5523673021809208704;Gaia DR3 5523673021809208704,,9.726,1,131.9523245,-44.6882301,2.6e-05,AAAA,0000,0,True,4003.0,839.8435132041419,34.41131500719237,11.832586529330614,121.02961860456662,23.488156867160168,543.0,0.16467148740823367,2500.0,51.172884146773264,1.2728747240156026,7.7585526587268125,7.632044003010063,31.44919972848312,43.25087726310523,11.655307545743005,398.0,52.85038437595605,-0.1,493.6148389569613,0.14978414698912926,5523673021809208704,0.078107,16.986626,2.133249,0.4906,8.51736111111111,1.043,,2038.3204239706483,0,0,0.0,270741790,15.972,4003.0,2.508,,GIANT,Gaia DR3 5523673021809208704,EclBin,,True,False,True,True,True,True,False,True,True,False,True,True,True,False,,14,18,C,multi_survey;photosphere;tess_usable,,
J093623.07-503850.9,2,gaia_dr3;vsx,1.162317,0.83867,E;ECL,5313019341404026624;Gaia DR3 5313019341404026624,,0.83867,1,144.0961312,-50.647481,8.8e-05,AAAA,dd00,0,True,4878.0,325.5027505917855,23.793800128333718,11.614274123495347,193.5803345721777,23.926512405245244,503.0,0.12107808010158679,2825.0,48.18795019564239,1.6380607383035266,14.09727222382711,13.123144058565885,22.795494255211363,86.54130361020395,11.539680986595602,439.0,61.905274718871404,-0.1,340.6105732685796,0.21857182089092994,5313019341404026624,1.276714,16.488087,1.770064,0.5156,12.454106280193235,1.009,6664.4,1429.6267,0,0,0.16342078910360178,280207430,15.632,4878.0,2.457,,GIANT,Gaia DR3 5313019341404026624,EclBin,,True,False,True,True,True,True,False,True,True,False,True,True,True,False,,14,18,C,multi_survey;photosphere;tess_usable,,
J173948.30-182946.8,1,asassn,1.4683158669911625,0.24945,EA,J173948.30-182946.8,,0.24945,1,264.9512507,-18.4963411,0.0001,AAAA,0000,0,True,,,,,,,,,2500.0,39.95004197136438,0.8242985162135525,-7.714254744060362,1.1586165322339659,4.954636468822204,1.6432126749997376,11.486386184154354,278.0,60.01007937218437,-0.1,88.8021652000661,0.003128496280007284,4123207606865210496,0.090238,13.449146,5.342514,0.1046,1.4942857142857142,0.874,3512.0,6193.385,0,0,0.14484457491100514,235474785,11.831,,,,,ATO J264.9511-18.4965,LongPeriodV*,,True,False,True,True,True,True,True,True,True,True,True,False,False,False,,14,18,C,multi_survey;not_evolved_or_wind;nearby,,
J045003.60+563126.9,2,gaia_dr3;vsx,0.042586,4.9869,E;ECL,274653542151645696;Gaia DR3 274653542151645696,,4.9869,1,72.5150302,56.5241597,0.000151,AAAA,0000,0,True,4810.0,776.7362074812925,35.02194438784041,11.679251625414985,96.55232308969286,30.173991654146988,672.0,0.21473088188687453,2500.0,207.34191505375196,2.426279615284006,21.27486882478267,10.018346595290243,32.578713837427564,29.359598187672454,11.39951720311231,603.0,29.387640111033267,-0.1,40.56494234549789,0.337540582758284,274653542151645696,0.042586,15.335068,1.547593,1.8668,60.21935483870968,1.017,4875.8,531.6389,0,0,0.054244168529753466,252237618,14.558,4810.0,0.835,,DWARF,Gaia DR3 274653542151645696,EclBin,,True,False,True,True,True,True,False,True,True,False,True,True,True,False,,14,18,C,multi_survey;photosphere;tess_usable,,
J010507.84+591738.8,2,gaia_dr3;vsx,0.025187,13.5291,E;ECL,426176548085984000;Gaia DR3 426176548085984000,,13.5291,1,16.2826937,59.2941299,8.5e-05,AAAA,0000,0,True,5899.0,453.25500570620653,15.590647716827949,10.949215907588428,615.5560695089279,24.668145172478894,463.0,0.09894502846594276,2825.0,58.37107780596379,1.40431420731,10.419761491397892,15.444440673681601,14.932892957343704,211.03657084667873,10.915064921637077,378.0,78.83599567756058,-0.1,271.5478388500675,0.23817514550172578,426176548085984000,0.055099,16.886066,1.359629,0.2103,3.6510416666666665,1.044,9938.3,2729.693,0,0,0.028220532220426395,252151836,16.197,5899.0,,,,Gaia DR3 426176548085984000,EclBin,,True,False,True,True,True,True,False,True,True,False,True,True,True,False,,14,18,C,multi_survey;photosphere;tess_usable,,
J034838.14-274913.5,1,crts_south2017,0.438519,0.703296,1,J034838.1-274913,,0.703296,1,57.158934,-27.8204255,3.9e-05,AAAA,0000,0,True,,,,,,,,,2500.0,84.24702269130242,2.5257424456527744,21.862268857917222,37.414872168790026,25.1599372461731,290.5349081033616,10.712863166269566,415.0,57.0628943985279,-0.1,491.3913951352179,0.8565990451190489,5080719708693519232,0.034602,19.00093,1.035025,-0.3068,-1.4363295880149813,1.097,,,0,0,0.0,257433210,18.689,,,,DWARF,QSO B0346-279,Blazar,,True,False,True,True,True,True,False,True,True,False,True,True,True,False,,14,18,C,multi_survey;photosphere;tess_usable,,
J225036.88+645801.7,2,gaia_dr3;vsx,0.049546,1.57547,E;ECL,2211491171955061248;Gaia DR3 2211491171955061248,,1.57547,1,342.6536969,64.9671418,2.7e-05,AAAA,0000,0,True,5147.0,114.74153772760185,13.874928911060495,10.51095913402986,349.4018567082241,1.8779877244349348,175.0,0.13855815632623175,3625.0,11.163302027630708,0.8048858637796955,-8.224864981154537,16.72562841971738,13.610955745601043,236.60862067375635,10.496577296451905,173.0,68.3395191801283,-0.1,363.0846552073218,0.2634864755792287,2211491171955061248,0.049546,17.715862,2.107407,0.3639,4.492592592592592,1.083,,,0,0,0.12758378070613516,434267384,16.657,5147.0,2.083,,GIANT,Gaia DR3 2211491171955061248,EclBin,,True,False,True,True,True,True,False,True,True,False,True,True,True,False,,14,18,C,multi_survey;photosphere;tess_usable,,
J110427.41-591205.6,1,tess_oba_ebs,0.121017,,nan,305457817,,,1,166.114242,-59.2015758,9.6e-05,AAAA,0hdp,0,False,,,,,,,,,10250.0,0.06827466027636632,0.9436742498201055,-2.1601700743002263,3.554863342459286,16.256529915802613,25.107022206261504,10.424918806866211,206.0,4.792232789728082,-0.1,234.0728188199048,0.0013548330791397344,5338620262752781056,0.018778,11.479307,0.25211,0.3847,24.81935483870968,0.756,7671.0,3447.1208,0,0,0.02929488634913601,305457817,11.448,,,,,Cl* NGC 3532   FERN     685,Star,,True,False,True,True,False,True,True,True,True,True,True,True,False,False,,14,18,C,multi_survey;wise_quality;nearby,,
J130204.59-612815.9,2,gaia_dr3;vsx,0.018213,7.3631,E;ECL,5863536292219380736;Gaia DR3 5863536292219380736,,7.3631,1,195.5191299,-61.4711018,8.8e-05,AAAA,000d,0,True,14374.0,811.8501035417916,15.009175899156714,10.563740462118659,131.8492665522176,18.18832707296539,572.0,0.0024309663045772372,3625.0,10.36789101479375,0.8218280588719022,-7.846236815859403,3.7499813609968515,12.06371380409652,40.61413693316864,10.382384726776776,175.0,61.70846384192679,-0.1,314.89053553250415,0.04442372247816729,5863536292219380736,0.107934,15.911421,2.440928,0.3429,9.910404624277456,1.012,,2916.302128900554,0,0,0.03833570686618353,439064907,14.757,14374.0,,,,Gaia DR3 5863536292219380736,EclBin,,True,False,True,True,True,True,False,True,True,False,True,True,True,False,,14,18,C,multi_survey;photosphere;tess_usable,,
J060715.75+250938.2,2,gaia_dr3;vsx,0.110532,8.473,E;ECL,3426575005251210112;Gaia DR3 3426575005251210112,,8.473,1,91.8156573,25.1606187,0.000159,AAAA,0000,0,True,5974.0,335.3637064131101,11.912729329940273,10.332862272518517,1381.9307519926956,12.84183034899288,369.0,0.15766056776526272,2675.0,8.522163770653185,1.2269850408339278,3.8625929627095,29.917821257615486,11.660506526180482,484.2453669449376,10.318991283752505,167.0,14.74351502699777,-0.1,229.0533246442023,1.2832702096389785,3426575005251210112,0.110532,17.697891,1.059471,0.1468,1.0411347517730498,1.029,5147.5,1442.4808,0,0,0.0,81185608,17.145,5974.0,0.888,,DWARF,Gaia DR3 3426575005251210112,EclBin,,True,False,True,True,True,True,False,True,True,False,True,True,True,False,,14,18,C,multi_survey;photosphere;tess_usable,,
J223023.95+651024.5,2,vsx;ztf_chen2020,0.059551,2.2482;2.2482,EA,ZTF J223023.95+651024.4;ZTFJ223023.95+651024.4,True,2.2482,1,337.5997969,65.1734834,0.000103,AAAA,0000,0,True,4606.0,337.5794632777321,12.258787629623317,10.307044668817053,310.51957448374793,12.111012810789628,340.0,0.1439325303012066,2750.0,6.05794607806444,0.8304288547703514,-7.3901386655228976,16.13075416257042,11.842183090522449,138.50199778472688,10.265686354832523,197.0,57.46109614602867,-0.1,300.23576618090704,0.3697150688601043,2206453377177568256,0.077708,18.493288,2.588964,0.3615,2.9950289975144986,1.038,,,0,0,0.0,337890408,17.288,4606.0,1.868,,GIANT,ZTF J223023.95+651024.4,EclBin,,True,False,True,True,True,True,False,True,True,False,True,True,True,False,,14,18,C,multi_survey;photosphere;tess_usable,,
J164629.17-613304.8,1,vsx,0.87917,0.6276,EW:,V0658 Ara,,0.6276,1,251.6215417,-61.5513451,7.5e-05,AAAA,hh00,0,True,,,,,,,,,2750.0,49.0724507248231,0.7333764495603458,-13.157537393291486,1.0492505390024676,1.6987710532786169,1.657603161254152,10.017034980275687,178.0,173.12684471651627,-0.1,226.80632902783816,0.0016340229089303947,5818496065388045824,0.179442,12.214704,3.895597,0.1227,3.0906801007556677,1.059,3362.6,3643.7612,0,0,0.03676607138899045,447340845,10.702,,,,,V* V658 Ara,LongPeriodV*,,True,False,True,True,True,True,True,True,True,True,True,False,False,False,,14,18,C,multi_survey;not_evolved_or_wind;nearby,,
J102845.74-283037.6,1,tess_ebs,0.697159,1.56601,0.65,193136669,,1.56601,1,157.1906156,-28.5104708,0.000173,AAAA,0000,1,False,2963.0,12.525480531327108,19.75539205581937,9.915662884413432,7.065655953115413,9.43022014736107,777.0,0.04583139378435427,3025.0,11.503509645831896,1.3872000988407294,10.1018150673583,2.276947629635051,20.296591440080192,7.322823815492393,9.9730721629942,797.0,50.38427586154695,0.04000000000000001,14.570593871049226,0.04827144860486707,5467714064704570112,0.368467,14.523731,3.487956,16.3466,457.88795518207274,1.219,,61.174800876023156,0,0,0.004609595319905733,193136669,13.059,2963.0,0.431,0.0058,DWARF,TWA 34,Low-Mass*,M5e,True,False,True,True,False,True,True,False,True,True,True,True,True,False,,14,18,C,multi_survey;wise_quality;dust_over_ff,,
J002816.54+595930.1,1,atlas_heinze2018,0.011387,4.99655,DBF,J007.0689+59.9917,,4.99655,1,7.068926,59.991699,8.2e-05,AAAA,pp00,0,True,3233.0,1321.462991553466,26.194944914703445,15.156017805069808,4.061692996591044,20.42460552976435,1193.0,0.1885012034311172,2500.0,620.9344228833259,1.2368450676808296,6.930301178347872,1.752953938723538,15.545366666102503,1.9086423661908334,9.571918293433626,854.0,0.6931423863909264,0.6,26.745276332330985,0.05061037782497908,428529094954259584,0.037886,14.217479,3.795918,0.0277,1.188841201716738,0.964,,,0,0,0.03671412440327812,366189404,12.623,3233.0,,,,ATO J007.0689+59.9917,LongPeriodV*,,True,False,True,True,True,True,False,True,True,True,True,False,True,False,,14,18,C,multi_survey;photosphere;not_evolved_or_wind,,
J121659.70-562424.2,1,tess_ebs,0.13705,0.987918,0.925,405387285,,0.987918,1,184.2487706,-56.4067331,1.9e-05,AAAA,hh00,0,True,,,,,,,,,6750.0,17.06047600537084,1.1962534913225806,5.937412719092117,2.325365670865644,20.62754418127986,4.732530817181794,8.078456785836504,625.0,9.850487737434186,0.01999999999999999,4.176561558177376,0.003173111487953979,6072829498793630080,0.016705,9.651065,0.049542,1.0096,46.31192660550459,0.988,,990.4912836767036,0,0,0.000646838937078742,405387285,9.696,,,,,HD 106793,Be*,B8/B9IVe,True,False,True,True,True,True,True,False,True,True,True,False,True,False,,14,18,C,multi_survey;dust_over_ff;not_evolved_or_wind,,
J172638.16-634854.0,1,asas3,1.097065,15.6838,DCEP-FU/EC/ESD,172638-6348.9,,15.6838,1,261.6590208,-63.8150274,6.4e-05,AAAA,0000,0,True,6545.0,121.26973411340686,15.027403190492311,15.436642099288239,2.3976480068601167,9.216477925110055,1042.0,0.005927150053864032,4100.0,11.108754130882819,0.8967900058609422,-4.16518272941241,1.0362196297615016,1.2650137810407514,1.4117403250563205,7.7234090052552755,190.0,17.35069289087944,-0.1,29.56132388421428,0.00032883817531907086,5910150843581383808,0.03109,8.753260612487793,0.6398800015449524,1.505,79.62963148796781,1.128999948501587,6081.39990234375,646.8114013671875,0,0,0.0007193672774428452,305090822,8.392000198364258,6545.0,7.985000133514404,,GIANT,HD 157273,Be*,B8/9V(n),True,False,True,True,True,True,False,True,True,True,True,False,True,False,,14,18,C,multi_survey;photosphere;not_evolved_or_wind,,
J172159.25+065442.1,1,asas3,1.212442,1,EC,172159+0654.7,,1.0,1,260.4969058,6.911711,8.2e-05,AAAA,0000,0,True,4366.0,27.432022532536468,10.871403608858765,6.5066263508028985,1.7406153819670833,-0.09438021060490616,505.0,0.0023795933981793395,4800.0,20.976080923326684,1.0501453798327032,1.7281624503706765,1.5393211884725146,12.680059771429727,1.8868675374366601,7.187590115042134,591.0,0.30464952064463685,0.43000000000000005,16.657886125644964,0.0029571186577268295,4394035806222544640,0.049705,10.922301292419434,1.6620709896087646,0.2406,10.986301344447083,1.5889999866485596,,4156.275976724854,0,0,0.0008148253454254045,264759064,9.592000007629396,4366.0,86.8219985961914,,GIANT,V* UZ Oph,RVTauV*,F8Iae,True,False,True,True,True,True,True,True,True,True,True,False,False,False,,14,18,C,multi_survey;not_evolved_or_wind;nearby,,
J093230.58-381858.4,1,vsx,0.081876,10.125,ESD|CW-FU|CW-FO|ACV|EC,ASAS J093231-3819.0,,10.125,1,143.1274357,-38.3162424,4.6e-05,AAAA,0000,1,False,9278.0,182.67263454141025,15.844945229145814,11.433780578189277,2.640774151423732,7.747002482335574,921.0,0.0016763674871496299,4675.0,9.974764483981929,0.8492560511491343,-6.423981816953479,1.0619230296559228,2.110387580775063,1.5252456146945697,6.337164175897375,211.0,41.28161318946767,-0.1,57.041962473149674,0.0003049214152893847,5435867947360784256,0.478944,8.503497,0.236114,1.9367,61.87539936102237,1.726,,516.3422316311251,0,1,0.10618727084268857,5542386,8.392,9278.0,5.047,,GIANT,HD  82693,Star,B9.5V,True,False,True,True,False,True,False,True,True,True,True,True,True,False,,14,18,C,multi_survey;wise_quality;photosphere,,
J170846.20-491344.4,2,vsx;wise_chen2018,0.080757,10.9435;10.9435,EA,J170846.1-491344;WISE J170846.1-491344,True,10.9435,1,257.1925205,-49.229008,6.8e-05,AAAA,hh00,0,True,3030.0,152.2774183099407,5.072794975169135,8.284485783865007,1.925700628783514,-9.193239546006458,243.0,0.0021789419800223495,2700.0,99.88101162030496,0.6698217125349784,-17.83989749397137,0.9316214136842894,-2.656340358241444,1.522204873973312,5.912233573395818,40.0,325.3181703846305,-0.1,360.272592520617,1.087494667534284,5926588233225063552,0.054963,13.332132,4.126954,0.1472,1.8585858585858583,0.745,,,0,0,0.0513333873845096,213155334,11.684,3030.0,,,,2MASS J17084621-4913442,LongPeriodV*_Candidate,,True,False,True,True,True,True,False,True,True,True,True,False,True,False,,14,18,C,multi_survey;photosphere;not_evolved_or_wind,,
J102636.36-343431.1,1,vsx,0.123497,8.0835,EC|CW-FO|ACV|ESD,ASAS J102636-3434.5,,8.0835,1,156.6515416,-34.5753251,0.000105,AAAA,0h00,0,True,7696.0,87.54222575583935,10.836556618066698,6.495816366949021,2.224317299508406,2.97698050040587,458.0,0.00045730891256027514,5175.0,5.94444679979174,0.8756850637278835,-5.137814673852464,1.0732416846680943,2.469811782305143,1.639750925425062,4.604362739217814,209.0,26.40890664478326,-0.1,38.79895628406032,0.00027404581281062756,5447406600336762240,0.083615,9.156748,0.375401,2.0822,122.48235294117646,1.107,,480.26126212659693,0,0,0.0,71720311,8.955,7696.0,3.809,0.0249,DWARF,HD  90547,PulsV*,A0/1V,True,False,True,True,True,False,False,True,True,True,True,True,True,False,,14,18,C,multi_survey;ir_excess;photosphere,,
J121948.95-603018.3,1,vsx,0.035965,1.68445,EA+BE,GDS_J1219489-603018,,1.68445,1,184.9539628,-60.5050953,1.2e-05,AAAA,0h00,0,True,,,,,,,,,7350.0,7.031042010196412,1.0344256995997743,1.204443794080259,1.2246807977607324,6.639664177223594,1.5946048159501356,3.9306325501381414,432.0,0.9555993035835605,0.25,0.4340842070307889,0.0002512317697435894,6058264611894943616,0.359506,9.498647,0.387315,0.6897,12.25044404973357,1.699,9985.1,900.3073,1,1,0.7591903022346228,310118406,9.177,,,,,HD 107208A,Star,,True,False,True,True,True,True,True,False,False,True,True,True,True,False,,14,18,C,multi_survey;dust_over_ff;unconfused,,
J075805.87-531414.5,2,asassn;vsx,0.0216006951488601,0.334056;0.33406,EB,ASASSN-V J075805.89-531414.8;J075805.88-531414.6,True,0.334058,1,119.5244936,-53.2373856,0.000117,AAAA,0000,0,True,4563.5,92.20028234478868,-2.6765775682899093,4.471075245365752,1.8144320822922368,-4.826630953254962,40.0,0.3695828235925251,3800.0,40.36554270703631,0.749321194252455,-12.107449482424142,0.7532128611077058,-11.857902123886772,1.4472434733370725,3.078224099243759,40.0,287.2005578951004,-0.1,296.6756393542961,0.34637532742832366,5512695768295536000,0.143736,11.529111,1.54242,0.8857,90.37755102040818,0.837,,1129.0504685559445,0,0,0.014961681315037799,269569644,10.745,4563.5,12.685,,GIANT,UCAC2   8707583,Star,,True,False,True,True,True,False,False,True,True,True,True,True,True,False,,14,18,C,multi_survey;ir_excess;photosphere,,
J030932.49+704205.4,1,gaia_dr3,0.088696,,ECL,542301576027223552,,,1,47.385385,70.7015094,7.2e-05,AAAA,0h00,0,True,5121.0,214.43480412662626,16.51710368964547,12.262823069982193,2.2392875567106896,13.654307029687631,1500.0,0.0324716523692625,3275.0,8.790064922234555,0.9664067890757286,-1.2580404631139095,0.9795789821950096,-0.7544682893327108,1.15117573917721,2.909837338555715,40.0,2.1518946127172476,-0.1,6.33869610916795,0.1803267077690883,542301576027223552,0.088696,10.515839,1.617959,0.7743,56.108695652173914,1.294,21373.7,1260.021,0,0,0.02849836773964958,275483798,9.675,5121.0,21.296,,GIANT,TYC 4317-436-1,EclBin,,True,False,True,True,True,False,False,True,True,True,True,True,True,False,,14,18,C,multi_survey;ir_excess;photosphere,,
J175249.99-330419.2,3,gaia_dr3;ogle4_wang2024;vsx,2.750248,0.666629;0.666629,E;ECL;nan,4043424534856387968;OGLE-BLG-ECL-153989,True,0.666629,3,268.2083079,-33.0720216,0.000115,AAAA,00o0,0,False,,,,,,,,,2500.0,1044.7913405680338,12.858167730930997,33.37655954561144,115.0891254041869,35.876744388458036,382.63821758957187,36.09662346908336,495.0,184.46717441355912,-0.1,470.54824770228345,3.7661406754390123,4043424534856388096,0.023196,14.710148,1.654902,0.0297,0.792,1.088,14740.8,2647.3552,1,4,1.4248682997458668,1417857593,13.943,,,,,IRAS 17495-3303,MidIR,,True,True,True,True,False,True,False,True,False,True,True,True,True,False,,13,18,C,wise_quality;photosphere;unconfused,,
J223653.95+565420.9,3,asassn;gaia_dr3;vsx,0.046887,1.64124;1.6413,EB/DM/WR;ECL;EW,2006888825592397440;CQ Cep;J223653.95+565421.3,True,1.64127,3,339.2248075,56.9058184,1e-05,AAAA,0000,0,True,8874.0,62.03810926228,26.114538849705955,31.207433217440098,7.261807953797223,18.083696185848858,873.0,0.006436153024749707,5400.0,10.730578189900537,1.5023239287657266,12.101058134765326,2.50297528354314,21.731932271812443,4.948073599097103,28.877005429423726,675.0,96.84306314738444,0.5,1.379124612845779,0.009673009143915308,2006888825592397440,0.046887,8.749722,0.737313,0.3483,24.02068965517241,0.902,28659.7,2366.4941,0,0,3.660530248819285e-05,416028609,8.357,8874.0,39.662,,GIANT,HD 214419,WolfRayet*,WN6o+O9Ib/II,True,True,True,False,True,True,False,False,True,True,True,False,True,False,,13,18,C,period_plausible;photosphere;dust_over_ff;not_evolved_or_wind,,
J045847.65-661118.2,3,asassn;gaia_dr3;ogle_lmc_ecl,0.461126,1.32122;1.3212,ECL;EW;NC,4662138041514235648;J045847.67-661118.7;OGLE-LMC-ECL-28136,True,1.32121,3,74.6985483,-66.188396,8.6e-05,AAUA,0000,0,False,,,,,,,,,22800.0,2.433305412138524,0.7668571305785937,-5.239519338156993,15.087083740607776,10.137715876442332,3030.055498161657,16.199669888668527,98.0,27.494238679154623,-0.1,392.65515058822575,0.027609978443495508,4662138041514235648,0.461126,14.804733,-0.21038,0.0456,1.9912663755458515,0.988,9996.2,9415.747,0,0,0.2870015928340557,30469490,13.947,,,,,NSV  1803,EclBin,,True,True,True,True,False,True,True,True,False,True,True,True,False,False,,13,18,C,wise_quality;unconfused;nearby,,
J164353.78-185712.0,2,gaia_dr3;vsx,0.093571,0.591532,E;ECL,4130784921205604736;EPIC 205189451,,0.591532,2,250.9741118,-18.9533349,0.0001,AAAA,000h,1,False,,,,,,,,,2600.0,319.3628447405641,2.163089082615609,19.45994637181405,202.7537179996949,36.01270846192494,13199.253604943693,36.18846491213646,120.0,378.61375007086565,-0.1,2531.940801098425,47.65546972349906,4130784921205604736,0.093571,15.171288,0.618916,0.0689,1.0376506024096386,1.156,,,0,0,0.005137885244488387,287986577,13.972,,,,DWARF,PN PC   12,PlanetaryNeb,O,True,True,True,True,False,True,False,True,True,True,True,False,True,False,,13,18,C,wise_quality;photosphere;not_evolved_or_wind,,
J063202.18+102609.4,2,vsx;ztf_chen2020,0.057691,16.6264;16.6264,EB;EW,NSV 3011;ZTFJ063202.18+102609.4,True,16.6264,2,98.0091208,10.435972,0.000118,AAAA,0000,0,True,3450.0,1031.4004935820617,34.17360981491829,29.019830384853396,90.45931822840822,26.3737605099168,590.0,0.28554811401409513,2500.0,267.75519397369226,1.8846996659073014,16.988568081315773,8.059300637042705,31.70059300464659,39.19687208922888,28.595584928296276,253.0,279.05744186426136,-0.1,262.525068656065,0.15951849906363055,3327701971883631104,0.130548,15.806927,2.856936,1.094,10.621359223300972,2.424,5411.4,687.5546,0,0,0.015408331023241009,229288345,14.561,3450.0,5.662,,GIANT,KHA  23,TTauri*,M1,True,True,True,False,True,True,False,False,True,False,True,True,True,True,,13,18,C,period_plausible;photosphere;dust_over_ff;tess_usable,,
J063728.68-285405.5,2,asas3;vsx,0.036791,463;463,MISC/EC;MISC|EC,063729-2854.1;ASAS J063729-2854.1,True,463.0,2,99.3695114,-28.9015322,0.000145,AAAA,0000,0,True,3115.0,73.03103675565164,13.73953809617769,25.24241138179728,3.3054966651005997,-9.222518272519386,295.0,0.006501054938132946,2825.0,52.22600567917226,0.6515787917201513,-16.12721819090791,1.3196988406932848,8.767369121315392,2.677073972863114,22.672265177736044,250.0,261.04266311354974,-0.1,418.37677417481257,0.004985548045073614,2895408329510160384,0.045192,10.610271,3.225722,0.2864,12.785714285714285,1.084,,3491.6201117318437,0,0,0.0003376487917734181,172255198,9.369,3115.0,,,,2MASS J06372868-2854054,LongPeriodV*,,True,True,True,False,True,True,False,True,True,True,True,False,False,False,,13,18,C,period_plausible;photosphere;not_evolved_or_wind;nearby,,
J220044.71-542312.2,2,asas3;vsx,0.126938,216.208;216.208,ED,220045-5423.2;ASAS J220045-5423.2,True,216.208,2,330.186292,-54.3867454,0.000112,AAAA,0000,0,True,4110.0,122.00543699576906,20.539319304819756,18.51029828771132,4.634699455193117,-9.308965586852516,338.0,0.006056277238082133,3700.0,98.52734893243804,0.7197793338587571,-14.08976836090019,2.0304058336171598,18.366589585673868,4.034719818068192,17.7529981410598,320.0,215.00338998902524,-0.1,476.1591099682373,0.006260490987345049,6509201371504803840,0.092216,11.032475,1.660209,0.2346,17.772727272727273,0.937,4282.3,6554.204,0,0,0.0,265529196,10.216,4110.0,41.78,,GIANT,2MASS J22004469-5423121,LongPeriodV*,,True,True,True,False,True,True,False,True,True,True,True,False,False,False,,13,18,C,period_plausible;photosphere;not_evolved_or_wind;nearby,,
J084845.54-460509.4,2,asassn;vsx,0.090712,16.097;32.178,EA;EB,J084845.56-460509.4;V0472 Vel,True,24.1375,2,132.1897551,-46.085947,9.4e-05,AAAA,0h00,0,True,6835.0,885.0303894634035,32.22161238177759,19.6376959829292,24.160588585071178,25.980682011433228,893.0,0.039621207877175206,2725.0,19.673906741471566,1.2423776894919423,7.060607385682683,2.4985461656317414,21.706300633385485,6.168925857886784,17.164817983158954,331.0,43.52749425575419,-0.1,4.5045556711836845,0.02445293920971811,5329885506170824832,0.029839,12.854037,1.913294,0.1051,7.198630136986301,1.335,,9514.747859181733,0,0,0.0007637091606981493,270939007,11.882,6835.0,44.082,,GIANT,Ve 6-14,BlueSG_Candidate,Beqp,True,True,True,True,True,True,False,False,True,True,True,False,False,False,,13,18,C,photosphere;dust_over_ff;not_evolved_or_wind;nearby,,
J192825.22+173357.0,3,gaia_dr3;vsx;ztf_chen2020,1.091532,1.02361;1.02361,EB:;ECL;EW,4322983509413214208;ZTF J192825.16+173356.4;ZTFJ192825.16+173356.4,True,1.02361,2,292.1051044,17.5658585,0.00017,AAAA,HHd0,0,True,,,,,,,,,2500.0,2328.3066218288895,6.187729153498913,30.342339506182476,5.492707833136976,29.602251445752536,6.273942784751129,13.622109826667437,1500.0,99.76742501852453,0.6,502.0765982254744,1.359930781681446,4322983509418057344,0.115799,19.136929,,0.5463,1.140501043841336,1.205,,,2,4,10.650290353460933,69827702,18.59,,,,,ZTF J192825.16+173356.4,EclBin,,True,True,True,True,True,True,False,True,False,False,True,True,True,False,,13,18,C,photosphere;unconfused;tess_usable,,
J050234.70-690546.7,3,gaia_dr3;ogle_lmc_ecl;vsx,1.324103,2.62791;5.25586,E;ECL;NC,4655290764166851584;Gaia DR3 4655290764166851584;OGLE-LMC-ECL-05725,True,3.941885,2,75.6445932,-69.0963146,6e-05,AAAA,0hd0,1,False,,,,,,,,,6300.0,6.220302995091936,0.9091745540997592,-2.5224126214911466,191.12010439812232,33.75172794606987,1045.3921179694873,12.913066814971419,223.0,49.44250145196206,-0.1,1312.2889993464878,0.33578179993652285,4655290764166851584,1.361332,14.903963,-0.270165,0.0265,1.2045454545454546,0.97,23264.4,19870.082,0,0,0.4075586448802049,30726415,14.03,,,,,OGLE LMC-SC15 193119,EclBin,,True,True,True,True,False,True,True,True,False,True,True,True,False,False,,13,18,C,wise_quality;unconfused;nearby,,
J004518.17-731525.0,3,gaia_dr3;ogle_lmc_ecl;vsx,1.96623,1.00283;1.00283,E;ECL;NC,4685852102139246976;Gaia DR3 4685852102139246976;OGLE-SMC-ECL-0850,True,1.00283,2,11.325709,-73.2569617,1.9e-05,AABA,000h,0,False,7475.0,290.8402721462403,3.1144187180050973,12.737101585160108,68.6320318075954,4.7892218013216725,119.0,0.011329786467264739,4125.0,20.56481304725114,0.7531004789158774,-11.865072301479648,1.122856805973587,0.707114727876605,38.58622757393664,12.590455764703824,92.0,140.77994944315031,-0.1,299.7995283206833,0.06451366957579369,4685852102125010944,0.032272,14.373556,1.28376,-0.2007,-5.955489614243323,2.346,,,1,1,2.166248440599227,180213004,13.703,7475.0,15.214,,GIANT,AzV   6B,Star,,True,True,True,True,False,True,False,True,False,True,True,True,True,False,,13,18,C,wise_quality;photosphere;unconfused,,
J185422.97+001909.0,3,gaia_dr3;vsx;ztf_chen2020,2.857976,0.328852;0.328852,ECL;EW,4266293578949458176;ZTF J185422.92+001911.9;ZTFJ185422.92+001911.9,True,0.328852,2,283.5957152,0.319186,0.00016,AAAA,00d0,0,True,,,,,,,,,2500.0,1800.5048338833212,2.76960529829165,23.123927221352528,2.9913903228965073,24.092749947792118,4.656151893465954,11.217803240848992,1500.0,28.156708585586088,0.6,138.45694270843887,0.5794345610355616,4266293583283269376,0.171279,18.459488,4.673634,0.242,0.9145880574452002,1.196,,,4,10,6.345716646925197,226892334,16.885,,,,,ZTF J185422.92+001911.9,EclBin,,True,True,True,True,True,True,False,True,False,False,True,True,True,False,,13,18,C,photosphere;unconfused;tess_usable,,
J050416.88-655352.1,3,gaia_dr3;ogle_lmc_ecl;vsx,0.637844,2.15916;2.15911,E;ECL;NC,4662249401424080000;Gaia DR3 4662249401424080000;OGLE-LMC-ECL-29058,True,2.159135,2,76.070354,-65.8978236,0.000103,AAAA,0000,0,True,,,,,,,,,5325.0,18.0059611131428,1.059914477282859,1.1365577578017256,57.56429996367454,13.335936597447356,1299.502185879047,11.070415337961512,155.0,1.2540708256641928,-0.1,296.91406952832654,0.4727308237233233,4662249401424080000,0.658803,15.941319,-0.008797,-0.0556,-1.805194805194805,0.959,22460.9,23914.545,0,1,0.2642819625347064,30854820,16.048,,,,,OGLE LMC-ECL-29058,EclBin,,True,True,True,True,True,True,True,True,False,False,True,True,False,False,,13,18,C,unconfused;tess_usable;nearby,,
J201635.52+470123.2,3,gaia_dr3;vsx;ztf_chen2020,0.298227,0.363442;0.363442,ECL;EW,2084055811491788928;ZTF J201635.52+470123.5;ZTFJ201635.52+470123.5,True,0.363442,2,304.1480333,47.0231354,0.000128,AAAA,0h00,0,True,5406.0,105.05100698262311,12.660639778968035,10.951749485827008,717.6022090078211,-2.3275879910719643,219.0,0.3055407374944204,3350.0,1.7447400600800989,0.6306446775176735,-9.215838514154857,72.35429670505083,12.596827949935173,441.90708898998037,10.942214864074876,208.0,103.65408955782942,-0.1,363.3438200508291,0.7592578400494784,2084055811491788928,0.298227,18.28081,1.888113,0.0684,0.6356877323420075,1.04,4422.1,878.5473,0,4,2.2077787626479215,416968309,17.363,5406.0,3.641,,GIANT,ZTF J201635.52+470123.5,EclBin,,True,True,True,True,True,True,False,True,False,False,True,True,True,False,,13,18,C,photosphere;unconfused;tess_usable,,
J001520.86+631705.6,3,gaia_dr3;vsx;ztf_chen2020,0.753776,0.985485;0.985485,ECL;EW,431392906121976448;ZTF J001520.96+631705.3;ZTFJ001520.96+631705.3,True,0.985485,2,3.836924,63.2849133,7e-05,AAAA,0000,0,True,4908.0,65.22481140998114,21.254834884762698,10.946209202211472,526.6745099030766,-5.355190949028019,189.0,0.2526655613136584,3675.0,10.016231209627772,0.6648757475302113,-10.94509870003704,36.29322689888249,21.116410692067774,396.0946691600102,10.93934446427304,187.0,123.62054111170423,-0.1,685.3672433776479,0.4485494594168529,431392906121976448,0.753776,18.042963,1.786758,0.0509,0.48292220113851997,1.094,4800.4,1042.0186,0,3,0.9818061674527415,83808653,17.174,4908.0,1.713,,GIANT,Kiso J001520.94+631705.3,EclBin,,True,True,True,True,True,True,False,True,False,False,True,True,True,False,,13,18,C,photosphere;unconfused;tess_usable,,
J012523.32-731638.7,3,gaia_dr3;ogle_lmc_ecl;vsx,0.724534,0.93727;0.937284,E;ECL;NC,4686450751830606592;Gaia DR3 4686450751830606592;OGLE-SMC-ECL-6118,True,0.937277,2,21.3471757,-73.2774284,4.5e-05,AABA,0000,0,True,,,,,,,,,5325.0,13.991963989298046,0.8475909364739863,-3.1488873267375657,23.50004573291742,7.2694738044889275,923.6182256350218,10.136081120347216,134.0,9.931984955975013,-0.1,165.50088126889844,0.3662877114126902,4686450751830606592,0.724534,15.159393,-0.348387,-0.0635,-1.9300911854103344,1.111,23417.7,24193.566,1,1,0.532080237941253,183981846,15.491,,,,,OGLE SMC-ECL- 6118,EclBin,B2.5IV:,True,True,True,True,True,True,True,True,False,False,True,True,False,False,,13,18,C,unconfused;tess_usable;nearby,,
J084156.61-751857.6,2,asas3;vsx,0.055213,340;340,MISC/EC;MISC|EC,084156-7519.0;ASAS J084156-7519.0,True,340.0,2,130.4858936,-75.3160162,1.2e-05,AAAA,0000,0,True,3203.0,79.94972288421741,3.463552710491217,14.524994758175517,1.6703984394316285,-13.67050222108821,232.0,0.0012750533397091126,2875.0,51.337777884136386,0.6123865574166406,-22.90742358546825,0.8951177224036604,-4.2405776422364925,1.3364305524972828,9.110707387688299,40.0,542.7326429835167,-0.1,610.2384033599682,0.5847528833199053,5216716553884534016,0.03936,11.166035,3.131413,0.2986,12.59915611814346,1.222,,3348.961821835231,0,0,0.0013900181963754888,281979863,9.928,3203.0,,,,2MASS J08415662-7518576,LongPeriodV*,,True,True,True,False,True,True,False,True,True,True,True,False,False,False,,13,18,C,period_plausible;photosphere;not_evolved_or_wind;nearby,,
J182021.64-283837.4,2,gaia_dr3;vsx,2.577199,0.557551,E;ECL,4051324285359879040;OGLE-BLG-ECL-413282,,0.557551,2,275.0901928,-28.6437369,1.7e-05,AAAA,0000,0,True,,,,,,,,,2600.0,95.7686799103461,0.6239365514342211,-21.813419994682942,1.059338727672055,2.027245969423857,1.8681657088560641,8.138040788991933,173.0,475.83595433452183,-0.1,544.8106472306455,0.0025200073068452926,4051324281023043712,0.056819,14.852407,4.812378,-0.0584,-0.6532438478747205,1.004,3846.9,2180.2964,1,6,2.8273427167130674,48571197,13.158,,,,,2MASS J18202164-2838373,LongPeriodV*_Candidate,,True,True,True,True,True,True,False,True,False,True,True,False,True,False,,13,18,C,photosphere;unconfused;not_evolved_or_wind,,
J190433.37+100221.4,3,gaia_dr3;vsx;ztf_chen2020,2.580849,0.315621;0.315621,ECL;EW,4310785527442291456;ZTF J190433.26+100219.3;ZTFJ190433.26+100219.3,True,0.315621,2,286.1390638,10.0392806,0.000127,AAAA,0dd0,0,True,,,,,,,,,2500.0,209.42646300995082,0.7402890294789062,-12.696734754447121,1.4711485110509972,11.590558723866337,3.4979256301093744,7.831736332724279,245.0,162.3148496883989,-0.1,292.973985204608,0.010572797092558721,4310785630521506816,0.198608,16.346394,5.325862,-0.0774,-0.7087912087912087,1.233,,,4,5,2.899514719868821,223593315,14.806,,,,GIANT,ZTF J190433.26+100219.3,EclBin,,True,True,True,True,True,True,False,True,False,False,True,True,True,False,,13,18,C,photosphere;unconfused;tess_usable,,
J151811.34+313849.3,2,gaia_dr3;vsx,0.13233,3.45221,EA/SD;ECL,1277156564676743552;U CrB,,3.45221,2,229.5472544,31.6470378,0.000133,AAAA,0000,1,False,9544.0,86.86004984618587,13.180894664344436,7.9850013467801055,1.8633454348477931,8.06216052306954,1350.0,0.0026215818423392955,5775.0,22.670522081908082,1.0128418482299466,0.4588692559662344,1.1534269489110889,4.814094595113825,1.3378471704377097,4.352086834809722,473.0,0.033509383129944774,0.38,1.1495039691790934,0.0003737317357585166,1277156564676743552,0.13233,7.780983,0.034278,2.4859,82.31456953642383,1.115,,402.26879600949354,0,0,9.168907681636814e-06,282850594,7.775,9544.0,4.141,0.0,DWARF,V* U CrB,SB*,B6V,True,True,True,True,False,False,False,True,True,True,True,True,True,False,,13,18,C,wise_quality;ir_excess;photosphere,,
J184059.94+031626.3,3,gaia_dr3;vsx;ztf_chen2020,2.627507,0.491277;0.491277,ECL;EW,4280413094948237184;ZTF J184100.03+031624.0;ZTFJ184100.03+031624.0,True,0.491277,2,280.2497785,3.2739786,4.6e-05,AAAA,0h00,0,True,,,,,,,,,2500.0,174.29261978503695,0.7602517083820961,-11.413035856787662,0.8425828355632893,-6.761492064062772,1.1090896764975742,3.5597545701564783,40.0,175.9752120922291,-0.1,188.64701500045464,0.28331863675406455,4280413099267855104,0.171625,13.646842,5.786841,0.1518,2.2522255192878338,0.966,,,0,0,0.119132085981655,109141339,12.0,,,,,ZTF J184059.95+031626.4,LongPeriodV*,,True,True,True,True,True,False,False,True,True,True,True,False,True,False,,13,18,C,ir_excess;photosphere;not_evolved_or_wind,,
J223048.25+563617.7,3,gaia_dr3;vsx;wise_chen2018,0.012702,6.86596;6.86596,EA;ECL,2007525545903203200;J223048.2+563617;WISE J223048.2+563617,True,6.86596,2,337.7010736,56.6049198,9.7e-05,AAAA,0000,0,True,8525.0,38.91121528224628,5.7580513914143,4.575058849332294,1.766846407449651,2.660353499092559,305.0,0.00011619815412904254,6100.0,0.2816447997827292,0.9278003026685004,-2.816332535493769,0.9739496121170605,-0.9680120655324828,1.4262797318782185,3.1504824776042177,40.0,8.86879859365249,-0.1,18.333983258915282,0.0824946712904537,2007525545903203200,0.323073,9.639603,0.886424,0.2581,22.840707964601773,0.843,17363.1,4296.7593,1,1,0.1692397596945325,64083913,9.207,8525.0,41.882,,GIANT,Hilt 1140,EclBin,B0IV,True,True,True,True,True,False,True,True,False,True,True,True,False,False,,13,18,C,ir_excess;unconfused;nearby,,
J184546.38+071311.9,2,asas3;vsx,0.331351,261.928;260.677,EA/GS;ED,184546+0713.2;RZ Oph,True,261.3025,2,281.4432848,7.2199994,0.000203,AAAA,0000,0,True,6779.0,431.25765456761985,16.26242482543415,15.804288574054572,2.313182846675838,8.94486816502259,1500.0,0.014443794066590342,3075.0,33.21803234435815,0.664348485809567,-11.428145046193624,0.599684416529662,-24.15921387551584,0.7217924057459708,-10.730411706122165,40.0,829.4118496626404,-0.1,829.4118496626404,0.0,4286114238836965760,0.290825,9.233417,1.685208,1.1402,17.434250764525995,3.855,,877.039115944571,0,0,0.00040767758699985606,91887654,8.366,6779.0,27.227,,GIANT,V* RZ Oph,SB*,F3Ibe,True,True,True,False,True,False,False,False,True,True,True,True,True,False,,13,18,C,period_plausible;ir_excess;photosphere;dust_over_ff,,
J004255.80+612347.1,1,ztf_chen2020,0.124391,4.03031,EW,ZTFJ004255.79+612347.2,,4.03031,1,10.732512,61.3964219,3.4e-05,AAAA,0h00,0,True,5023.0,1581.8352800716589,36.010165385472995,36.17027063666388,1728.6435226800597,33.355919625558485,452.0,0.8359365066886207,2500.0,387.22379368998213,3.7141575459534386,26.447084133248623,46.22910915845517,35.40834062940245,374.51531305910174,36.09457204008782,422.0,650.0368673556474,-0.1,1518.3042462997619,1.2752887848907066,427206485544598400,0.030135,18.013092,2.637585,0.6051,4.124744376278119,1.412,9790.6,2053.036,0,1,0.23221592518665274,420026859,16.712,5023.0,3.442,,GIANT,ZTF J004255.79+612347.2,EclBin,,True,False,True,False,True,True,False,True,True,False,True,True,True,False,,13,18,C,multi_survey;period_plausible;photosphere;tess_usable,,
J233827.08+645438.9,1,ztf_chen2020,0.03718,70.5,EW,ZTFJ233827.08+645438.9,,70.5,1,354.6128507,64.9108237,5.3e-05,AAAA,0h00,0,True,5102.0,658.1392208633566,36.08616520885321,36.16046999190168,1177.4539813661172,19.589261626934455,449.0,1.3232851209519119,2500.0,112.44103093972052,7.193738953471894,17.63789177841333,85.90330582035318,35.7699051479996,274.76659522985886,36.059490643414904,434.0,107.79325798670861,-0.1,577.7366601310484,2.331061664039726,2017049515612177920,0.051857,13.104007,2.612251,0.203,8.82608695652174,2.335,7161.4,2370.2087,0,0,0.013451434499477121,271530712,11.806,5102.0,52.639,,GIANT,V* V950 Cep,LongPeriodV*,,True,False,True,False,True,True,False,True,True,True,True,False,True,False,,13,18,C,multi_survey;period_plausible;photosphere;not_evolved_or_wind,,
J194324.98+161923.7,2,gaia_dr3;vsx,0.123112,36.05,E;ECL,4318858863391850496;Gaia DR3 4318858863391850496,,36.05,1,295.8540991,16.3232717,0.00019,AAAA,0000,0,True,6975.0,986.8351460979595,35.35651575171758,36.15782734620275,1084.2352198272831,28.182640329884457,151.0,0.17999647223086754,2600.0,55.723622408438956,1.4150829937230693,10.61588227836771,10.362781310103198,32.69878469049271,239.80425214153777,36.04028703756051,149.0,112.73599474811245,-0.1,1633.2113663334922,0.7028173466088762,4318858863391850496,0.123112,13.129507,0.833863,0.4958,38.434108527131784,1.001,7983.2,1679.6683,0,0,0.09600668591839066,342804530,12.708,6975.0,3.665,0.7122,DWARF,IRAS 19411+1612,EclBin,,True,False,True,False,True,True,False,True,True,False,True,True,True,False,,13,18,C,multi_survey;period_plausible;photosphere;tess_usable,,
J221632.31+611346.8,2,gaia_dr3;vsx,0.039576,34.12,E;ECL,2204562015324510336;Gaia DR3 2204562015324510336,,34.12,1,334.1346602,61.2296814,0.000125,AAAA,0dpp,0,False,7725.0,1647.6309127009,36.04307055455953,36.16836426957635,1584.376429200588,32.54579845671502,407.0,0.272770836691492,2500.0,147.27769255765384,2.153576760535291,19.386044600045572,39.13952575430744,35.266535252793176,232.68565724674457,36.035669920875996,344.0,320.57543466362984,-0.1,1894.5050837320068,0.9627137050591816,2204562015324510336,0.039576,13.606956,1.214016,1.1443,95.35833333333333,0.99,9387.6,877.8782,0,0,0.007109290583833526,336398500,13.014,7725.0,1.978,,DWARF,IRAS 22148+6058,EclBin,,True,False,True,False,False,True,False,True,True,True,True,True,True,False,,13,18,C,multi_survey;period_plausible;wise_quality;photosphere,,
J040655.92+061720.9,1,asassn,0.9160144393271894,2.9982,EA,J040655.93+061720.0,,2.9982,1,61.7330292,6.2891526,0.000184,AAAA,0h00,0,True,5796.0,14.373636218945297,35.230153924490075,35.98710558428528,177.31987640293556,9.05904241047666,290.0,0.07392510570732985,5075.0,1.425168798084346,1.2289052172743167,6.741248995697891,33.798008988259696,35.12039798449451,157.9249388035321,35.962039683593034,281.0,12.186289011625753,-0.1,2204.7507692587938,0.09552022782401226,3297078447035834240,0.121136,11.601112,1.029139,4.1074,207.44444444444443,1.23,6275.6,242.4032,0,0,0.0,283601222,11.04,5796.0,1.267,0.3517,DWARF,V* XY Tau,Mira,,True,False,True,True,True,True,True,True,True,False,True,False,True,False,,13,18,C,multi_survey;tess_usable;not_evolved_or_wind,,
J205308.70+202237.6,2,gaia_dr3;vsx,0.083431,12.6304,E;ECL,1813788435978691968;Gaia DR3 1813788435978691968,,12.6304,1,313.2862835,20.3771239,3.6e-05,AAAA,0000,1,False,4842.0,436.9023471592195,35.340997663906215,36.05554253912653,266.77033325289455,25.27541271660164,431.0,0.19023431517064612,2875.0,16.715542259733475,1.7670096548239205,15.709594443318617,19.341645956801305,34.32005237925835,115.81362868829338,35.878711592756694,240.0,231.81215988851974,-0.1,1445.697392113344,0.30148368471181525,1813788435978691968,0.083431,11.447954,1.297305,0.6524,16.814432989690722,2.49,5012.0,3155.3047,0,0,0.0,286632129,10.774,4842.0,13.058,,GIANT,TYC 1655-558-1,SB*,,True,False,True,True,False,True,False,True,True,True,True,True,False,False,,13,18,C,multi_survey;wise_quality;photosphere;nearby,,
J173404.61-392341.3,1,gaia_dr3,0.068545,,ECL,5961690829150011264,,,1,263.5192381,-39.3948231,0.000101,AAAA,00o0,0,False,12747.0,1185.516611485758,36.011315269915606,36.159091826579065,1126.925371302792,18.767763003304857,258.0,0.04097668771525244,2500.0,218.58362199773904,4.139967704186801,14.704982803364501,18.691844364021406,34.25500373474382,94.49443036616364,35.80820851854506,252.0,211.0185205710955,-0.1,146.55382737746237,0.3955054631125246,5961690829150011264,0.068545,10.989243,0.595865,0.9105,35.98814229249012,0.83,,1098.297638660077,0,0,0.005909700047672346,465196254,10.724,12747.0,,,,HD 323771,OrionV*,B5Vp,True,False,True,True,False,True,False,False,True,True,True,True,True,True,,13,18,C,multi_survey;wise_quality;photosphere;dust_over_ff,,
J000419.19-303934.9,1,vsx,0.103727,508,EA+SR,AY Scl,,508.0,1,1.0799689,-30.6597007,9.6e-05,AAAA,0000,0,True,3596.0,1375.4825534941374,35.72069663951923,36.019561277701676,210.84850342917937,31.941818319515384,517.0,0.9259766132790549,2500.0,701.6614980799399,3.6280104455386195,26.215709960377595,28.4134344466752,34.917471089691645,74.83035178883597,35.70756341106656,491.0,69.66679614015177,-0.1,361.36608150908916,0.8501874099684069,2320576606760880640,0.161766,13.217676,2.409689,0.2173,11.620320855614972,1.447,5776.1,2589.3618,0,0,0.0,70763273,12.173,3596.0,20.302,,GIANT,V* AY Scl,LongPeriodV*,,True,False,True,False,True,True,False,True,True,True,True,False,True,False,,13,18,C,multi_survey;period_plausible;photosphere;not_evolved_or_wind,,
J010054.10+550400.0,1,vsx,0.091797,,E-DO,ASASSN-V J010054.10+550400.1,,,1,15.2254232,55.0666748,0.000108,AAAA,0000,0,True,5619.0,1784.8005890298737,35.783785152552326,36.08209259539222,331.68182431826176,34.0400272973986,633.0,0.4386408208291249,2500.0,589.2089985396493,4.386847791684178,27.94127235207682,17.997317121501577,34.18028449829631,62.54056844049154,35.612523136783125,589.0,315.96274020090453,-0.1,13.223409185078765,0.745860524032256,423384961080344960,0.023328,14.771599,1.169694,0.2711,11.24896265560166,1.099,5746.8,2232.508,0,0,0.0,312857575,14.196,5619.0,3.708,,GIANT,PN WeSb    1,PlanetaryNeb,,True,False,True,True,True,True,False,False,True,True,True,False,True,False,,13,18,C,multi_survey;photosphere;dust_over_ff;not_evolved_or_wind,,
J041049.16+380445.7,2,vsx;ztf_chen2020,0.10612,5.09052;5.09052,EB:;EW,ZTF J041049.17+380445.7;ZTFJ041049.17+380445.7,True,5.09052,1,62.7048526,38.0793815,0.000106,AAAA,00hh,0,False,4444.0,752.3000182839296,35.11030323081344,35.964391787871016,159.56264293645876,27.352799248603667,497.0,0.22282254564218398,2500.0,9.712349998887323,1.6842532370069174,14.7032226967166,11.258034980518524,32.976506667748104,50.67767112728252,35.47706179807799,271.0,195.5795182660693,-0.1,792.0942559823534,0.22432014814601495,226027159377149440,0.143582,14.201658,2.109727,2.3947,111.38139534883722,1.117,,417.5888420261411,0,0,0.0,347128725,13.138,4444.0,1.951,,GIANT,ZTF J041049.17+380445.7,EclBin,,True,False,True,False,False,True,False,True,True,True,True,True,True,False,,13,18,C,multi_survey;period_plausible;wise_quality;photosphere,,
J084935.85-494920.0,2,gaia_dr3;vsx,0.021232,8.9059,E;ECL,5327931983242555136;Gaia DR3 5327931983242555136,,8.9059,1,132.3994087,-49.8222497,3.8e-05,AAAA,hh00,0,True,,,,,,,,,2500.0,136.4294667311617,1.4799659824496647,11.737126627179748,9.080440899458939,32.205584626306226,171.34087926378027,34.819338777479395,156.0,137.6653428345136,-0.1,1365.3249420081452,0.5548466993741529,5327931983242555136,0.021232,15.089362,1.293864,0.4767,22.27570093457944,0.985,9213.1,3259.2598,0,0,0.005266173944711936,145498319,14.527,,,,,Gaia DR3 5327931983242555136,EclBin,,True,False,True,True,True,True,False,True,True,False,True,True,False,False,,13,18,C,multi_survey;photosphere;tess_usable;nearby,,
J052923.93+115157.5,1,asas3,1.206889,9.914,EC/CW-FU/CW-FO,052924+1152.0,,9.914,1,82.3497373,11.8659793,6.9e-05,AAAA,0h0h,0,False,,,,,,,,,2500.0,8.235829149685921,1.2024821095105247,6.094121355947232,4.960596000229856,28.895469211566095,19.664725405464235,34.3507943059477,267.0,32.62636450035779,-0.1,458.9822885938712,0.08477095143527501,3340855605574209664,0.20356,11.846323013305664,1.5630090236663818,2.4174,120.26866040769707,1.1510000228881836,5695.7001953125,404.7009887695313,1,1,0.2676866602761639,284996091,11.07800006866455,,,,GIANT,V* V649 Ori,OrionV*,G8III/Ve,True,False,True,True,False,True,True,True,False,True,True,True,True,True,,13,18,C,multi_survey;wise_quality;unconfused,,
J152045.57-593233.4,1,asassn,0.8214601916338162,0.29385,EW,J152045.68-593233.2,,0.29385,1,230.1899159,-59.5426204,7.4e-05,AAAA,00h0,0,False,,,,,,,,,2500.0,21.62974828150869,1.2511268214547893,7.264317716468681,5.643604064474737,29.77842406946308,37.162985221916074,34.08131218001144,214.0,51.66942766299131,-0.1,797.7542335223868,0.12992752607128072,5876686897996130048,0.044057,14.566535,1.919628,0.811,1.6945256999582115,17.672,,,0,1,0.47739390562409184,45849413,13.616,,,,,,,,True,False,True,True,False,True,True,True,False,True,True,True,True,False,,13,18,C,multi_survey;wise_quality;unconfused,,
J192424.40-011501.1,2,gaia_dr3;vsx,2.715933,0.37334,E;ECL,4214805790181918336;Gaia DR3 4214805790181918336,,0.37334,1,291.101678,-1.2503104,9e-05,AAAA,0000,0,True,,,,,,,,,2750.0,130.27949657785365,0.7828163490533921,-10.040846029826648,3.9519562548531373,27.033411421835794,13.6714158602085,33.54398965366787,272.0,111.63547003870794,-0.1,1167.6793577904475,0.04591448840924759,4214805790188113920,0.060144,13.063438,4.040891,-0.0336,-0.6256983240223464,1.218,17045.9,2228.7644,0,0,0.05957628438476357,51479934,11.546,,,,,ATO J291.1018-01.2503,LongPeriodV*,,False,False,True,True,True,True,False,True,True,True,True,False,True,False,,13,18,C,match;multi_survey;photosphere;not_evolved_or_wind,,
J053345.25-053049.7,1,atlas_heinze2018,0.066411,1.99268,CBF,J083.4385-05.5138,,1.99268,1,83.4385833,-5.513828,0.000178,AAAA,hhh0,0,False,3924.0,882.8345308472249,35.23659214277787,33.76428195415616,205.66371048707595,27.00127687129313,474.0,0.33289969873633224,2500.0,55.99577192873859,1.7741953461478623,15.792547284285583,14.42967796336373,33.68309771035111,74.64671388206365,33.474725252788765,254.0,231.66552351392284,-0.1,1021.7640521150724,0.3065078664628362,3209416098642552576,0.054404,13.142832,1.988792,2.7734,66.99033816425121,4.386,5945.9,354.842,0,0,0.0018848708586170033,427334068,12.319,3924.0,2.021,,GIANT,V* VZ Ori,TTauri*,K1,True,False,True,False,False,True,False,True,True,True,True,True,True,True,,13,18,C,multi_survey;period_plausible;wise_quality;photosphere,,
J071958.97-180155.0,2,gaia_dr3;vsx,0.035851,2.1512,E;ECL,2931523369480955904;Gaia DR3 2931523369480955904,,2.1512,1,109.9957229,-18.031945,5e-05,AAAA,0000,0,True,8176.0,1137.8874274921457,36.01643183368527,32.88886748223782,2690.277031167356,29.145069606351626,365.0,0.17160121885465593,2500.0,43.40475815792413,1.368489585703199,9.745110922630905,40.44796717224957,35.296447227807185,480.67413659215686,32.83264929318834,183.0,92.31898416039704,-0.1,2155.2312497768016,1.5786337754778295,2931523369480955904,0.035851,15.725455,0.81885,0.2704,8.071641791044774,0.974,,3698.2248520710064,0,0,0.0578869143225122,5134856,15.324,8176.0,1.942,,DWARF,Gaia DR3 2931523369480955904,EclBin,,True,False,True,True,True,True,False,True,True,False,True,True,False,False,,13,18,C,multi_survey;photosphere;tess_usable;nearby,,
J100810.40-575030.1,2,gaia_dr3;vsx,0.077959,54.31,E;ECL,5258444566361556992;Gaia DR3 5258444566361556992,,54.31,1,152.0433383,-57.8417088,7.4e-05,AAAA,000p,0,False,,,,,,,,,2500.0,494.53652436557763,2.674095040379272,22.657205124217786,18.0232057913063,34.183173002413106,93.9260581978918,32.550809901312114,473.0,393.09801319729166,-0.1,609.8415638158231,0.5364669610976786,5258444566361556992,0.117589,14.218539,0.775725,0.3674,23.703225806451613,0.905,,2721.829069134458,0,0,0.10422895857088321,462731259,14.012,,,,,Gaia DR3 5258444566361556992,EclBin,,True,False,True,False,False,True,False,True,True,True,True,True,True,False,,13,18,C,multi_survey;period_plausible;wise_quality;photosphere,,
J032515.17+341031.6,1,vsx,0.067373,1.01154,E,1SWASP J032515.17+341031.6,,1.01154,1,51.313224,34.1754547,0.000152,AAAA,0000,1,False,,,,,,,,,2500.0,28.300645513071764,1.2138961868289173,6.37711957633257,47.384548869990645,35.42743028442917,622.5737500541544,30.110896022910843,178.0,39.00618343584885,-0.1,2078.3003870038615,2.018411193095797,125713490893021312,0.071255,19.998276,1.699697,,,,,,0,0,0.0,138112735,15.773,,,,,1SWASP J032515.17+341031.6,Star,,True,False,True,True,False,True,True,True,True,False,True,True,True,False,,13,18,C,multi_survey;wise_quality;tess_usable,,
J061602.04+142902.1,2,gaia_dr3;vsx,0.093201,10.6838,E;ECL,3344816282680222976;Gaia DR3 3344816282680222976,,10.6838,1,94.0085215,14.4839291,0.000198,AAAA,0000,0,True,6925.0,2071.95364765052,36.02496264538896,30.142478988472714,1788.8066862525989,34.19820381215994,509.0,0.39085902814466256,2500.0,633.6998945714306,3.6986536630722178,26.40623907156965,33.258209869301986,35.103018165463524,251.68244517005505,30.039508100787057,471.0,477.57261046191417,-0.1,914.405580143563,0.9598031455650297,3344816282680222976,0.093201,15.700525,1.188545,0.1715,4.112709832134293,1.066,9565.6,5085.639,0,0,0.0,434402766,15.08,6925.0,4.719,,DWARF,Gaia DR3 3344816282680222976,EclBin,,True,False,True,True,True,True,False,True,True,False,True,True,False,False,,13,18,C,multi_survey;photosphere;tess_usable;nearby,,
J070518.97+061219.4,1,vsx,0.061499,16000,EA,ASASSN-24fw,,16000.0,1,106.3290636,6.2054149,0.000196,AAAA,0000,0,True,6630.0,372.48814606690337,35.464483400706186,27.69052734443465,187.0140962879983,26.763159395859518,465.0,0.08884317168462143,3575.0,132.55832658424222,2.305539081340244,20.493703747495132,25.997291813725433,34.799092327938475,93.72072679865005,27.542343621752003,432.0,94.75777904674953,-0.1,794.0287498229635,0.2463310154312263,3152916838954800512,0.094512,12.823618,0.636128,0.9583,63.04605263157895,0.971,6647.5,1185.0513,0,0,0.007656831046632417,262032775,12.493,6630.0,1.913,0.3339,DWARF,UCAC4 482-031200,Star,,True,False,True,False,True,True,False,True,True,False,True,True,True,False,,13,18,C,multi_survey;period_plausible;photosphere;tess_usable,,
J183257.18+021657.1,1,gaia_dr3,0.044661,,ECL,4276915896367552384,,,1,278.2382697,2.2825386,5.4e-05,AAAA,0h00,0,True,4960.0,1443.8691831447047,35.03071423947385,25.64039679974128,122.827240651448,31.317296248113777,703.0,0.23838386134597214,2500.0,279.48389138393975,2.3100025627122274,20.524035104570356,7.731569510253839,31.510241753784126,28.55102602005856,24.94543529188369,603.0,210.2898046557963,-0.1,24.423229570417178,0.2835238877695459,4276915896367552384,0.044661,14.981165,2.226264,0.2772,10.661538461538463,0.981,5170.4,2248.6646,0,1,0.5723404892256804,371651366,13.854,4960.0,13.426,,GIANT,ZTF J183257.17+021657.2,TTauri*,K5,True,False,True,True,True,True,False,False,False,True,True,True,True,True,,13,18,C,multi_survey;photosphere;dust_over_ff;unconfused,,
J165707.77-114848.8,1,atlas_heinze2018,0.031307,1.0026,DBH,J254.2824-11.8135,,1.0026,1,254.2824023,-11.8135584,8.1e-05,AAAA,hh00,0,True,3300.0,119.02514043147018,18.566924672748303,28.311996489105216,4.593253039476871,-5.070096772206515,314.0,0.009475764997989855,2675.0,43.891523649765574,0.635951417377729,-20.717553555358684,1.3706123314137557,9.786069503953753,2.9953677247612167,24.108814895192992,245.0,430.785828587418,-0.1,710.8936295782639,0.006789445840043743,4333373138378683648,0.047429,11.288915,3.187965,0.2363,6.600558659217878,1.102,3513.6,16265.895,0,0,0.0015425935294791152,181693331,9.922,3300.0,194.572,,GIANT,ATO J254.2824-11.8135,LongPeriodV*_Candidate,,True,False,True,True,True,True,False,True,True,True,True,False,False,False,,13,18,C,multi_survey;photosphere;not_evolved_or_wind;nearby,,
J053009.55+332520.0,2,vsx;ztf_chen2020,0.230485,2.00663;2.00663,EB:;EW,ZTF J053009.55+332520.2;ZTFJ053009.55+332520.2,True,2.00663,1,82.5398026,33.4222402,0.000147,AAAA,hhh0,0,False,5546.0,1115.0873442984653,35.83899698973061,23.05618611207143,518.1380245313892,29.729432307240312,439.0,0.28415079593229353,2500.0,100.25144571512593,1.7754787645162777,15.807292610937283,25.372933741907648,34.764836221327165,119.15842122529651,22.90690428190482,373.0,103.03973541593193,-0.1,1173.4595025392605,0.5674111491509178,3449132040346732800,0.023281,14.842175,1.191507,0.5395,17.805280528052805,1.099,7967.7,1753.8217,0,0,0.0,3319461,14.217,5546.0,2.557,,DWARF,ZTF J053009.55+332520.2,EclBin,,True,False,True,False,False,True,False,True,True,True,True,True,True,False,,13,18,C,multi_survey;period_plausible;wise_quality;photosphere,,
J225826.31+565118.1,2,gaia_dr3;vsx,0.095729,36.61,E;ECL,2009833523884538112;Gaia DR3 2009833523884538112,,36.61,1,344.609629,56.8550501,8.3e-05,AAAA,0000,0,True,4699.0,838.0174793365057,35.72852549008084,23.034623579834,349.235235938745,28.506063156761623,441.0,0.3487925722634753,2500.0,95.78581761790221,1.7934268538709577,16.011288839123193,24.029175614592212,34.68507080938148,100.9468860224044,22.871929472801614,381.0,81.29925065216536,-0.1,1105.2721087160435,0.5398915610299375,2009833523884538112,0.095729,16.220026,1.605142,0.3354,9.04043126684636,1.052,7950.6,1846.4788,0,1,0.10008034642850763,428315068,15.399,4699.0,2.623,,GIANT,Gaia DR3 2009833523884538112,EclBin,,True,False,True,False,True,True,False,True,True,False,True,True,True,False,,13,18,C,multi_survey;period_plausible;photosphere;tess_usable,,
J170623.10-510257.5,2,gaia_dr3;vsx,2.863283,0.93258,E;ECL,5925992607132021888;Gaia DR3 5925992607132021888,,0.93258,1,256.5962671,-51.0493225,5.2e-05,AAAA,0000,0,True,,,,,,,,,2550.0,71.70649260363865,0.6271589021819958,-21.51539145365869,1.1485219735474876,4.680092838060365,2.63408401930008,22.451627312963858,189.0,462.9784218515264,-0.1,730.409344196464,0.005147936045435255,5925992607153978752,0.053678,12.440432,4.808257,0.2901,4.5328125,0.959,,,0,0,0.16196839347315992,1318653378,10.965,,,,,IRAS 17024-5058,LongPeriodV*_Candidate,,False,False,True,True,True,True,False,True,True,True,True,False,True,False,,13,18,C,match;multi_survey;photosphere;not_evolved_or_wind,,
J053649.00-055649.2,1,asassn,0.1440663172431772,811.71,EA,J053649.00-055649.1,,811.71,1,84.2041905,-5.9470061,3.5e-05,AAAA,00h0,0,False,4828.0,190.9192120606367,23.047829873345062,22.419859433060644,113.29872131458515,4.304904446149613,180.0,0.05442189356040156,3750.0,83.5053727443304,0.8998914907991079,-4.026094033005853,6.847493969426974,22.075632403614982,82.54024186691441,22.345462128841753,178.0,16.38107117775302,-0.1,927.5358812349493,0.0822623486262109,3017180960273832576,0.121447,14.779098,2.152043,2.528,94.6816479400749,1.021,5789.2,400.1295,0,0,0.010928169712591612,427454915,13.718,4828.0,1.36,,DWARF,V* V1136 Ori,TTauri*,,True,False,True,False,False,True,False,True,True,True,True,True,True,True,,13,18,C,multi_survey;period_plausible;wise_quality;photosphere,,
J023507.40-350842.6,2,gaia_dr3;vsx,0.045457,23.195,E;ECL,4966057241670321152;Gaia DR3 4966057241670321152,,23.195,1,38.780835,-35.145173,0.000107,AAAA,0000,0,True,,,,,,,,,2500.0,210.6145258826519,3.390109941321884,25.515680824141008,59.768036091083296,35.58567903496318,567.3133986573815,22.118824161609,406.0,273.33963666700174,-0.1,1203.490553651851,1.411543625498312,4966057241670321152,0.057739,18.508966,0.691755,-0.254,-1.9538461538461538,1.084,6340.1,4880.8467,0,0,0.0,311237347,18.107,,,,DWARF,Gaia DR3 4966057241670321152,EclBin,,True,False,True,True,True,True,False,True,True,False,True,True,False,False,,13,18,C,multi_survey;photosphere;tess_usable;nearby,,
J220922.74+554524.2,1,vsx,0.085796,2049.53,E-DO,EE Cep,,2049.53,1,332.3447633,55.7567315,5.6e-05,AAAA,0000,0,True,7673.0,1194.6119770174953,34.08542241914436,27.375946654508482,23.888463483797654,31.91256339783548,1247.0,0.11522801601856758,2500.0,333.97165106750754,2.294737639088771,20.419814833094332,3.446579037006504,25.69058970995755,4.392808765267268,22.067737409696583,1078.0,5.445163203908097,0.6,111.74648867286717,0.3022040851013558,2197941958898810240,0.056351,10.638212,0.663818,0.4382,25.039999999999996,1.285,,2282.0629849383845,0,0,0.0027861346476830365,329020872,10.298,7673.0,9.75,,GIANT,BD+55  2693,Be*,B5:nev,True,False,True,False,True,True,False,True,True,True,True,False,True,False,,13,18,C,multi_survey;period_plausible;photosphere;not_evolved_or_wind,,
J200341.59+362532.0,1,vsx,0.136468,7,E:,V1362 Cyg,,7.0,1,300.9233112,36.42558,0.000132,AAAA,0h00,0,True,12571.0,78.95642592394636,21.024705790915522,22.96970754159945,4.603365964819325,9.965531503357433,678.0,0.0007202205432315394,6850.0,17.08131063712706,1.1186061783426544,3.8373654770205383,1.807690377220233,16.17051783929329,3.416786240919977,20.755969608839422,373.0,11.54196225166109,0.12,2.4377360786280535,0.0009939960123505106,2059915969321204736,0.035763,8.125309,0.259943,0.8823,35.57661290322581,1.143,,1133.4013374135782,0,0,0.00038214278519070426,40478523,8.023,12571.0,,,,HD 190467,Be*,B3e,True,False,True,True,True,True,False,False,True,True,True,False,True,False,,13,18,C,multi_survey;photosphere;dust_over_ff;not_evolved_or_wind,,
J230259.54+631641.3,2,vsx;ztf_chen2020,0.088708,2.16796;2.16796,EB:;EW,ZTF J230259.55+631641.3;ZTFJ230259.55+631641.3,True,2.16796,1,345.7481054,63.2781579,3.8e-05,AAAA,000d,0,True,4560.0,583.1611956099696,24.985696527481434,20.72972429549145,139.36595032959738,21.24076711794716,646.0,0.07118399245552917,2675.0,16.737948672084254,1.1670894091040904,5.181408824402344,3.9427098991756337,20.778411356518912,53.571071669387045,20.489788344468156,163.0,26.834732735333855,-0.1,424.70191584857,0.14102945265231914,2207687411480211840,0.074574,16.134386,2.105569,1.1367,31.14246575342466,0.999,4681.1,691.2811,0,1,0.154880378179459,434723827,15.129,4560.0,1.637,,GIANT,ZTF J230259.55+631641.3,EclBin,,True,False,True,False,True,True,False,True,True,False,True,True,True,False,,13,18,C,multi_survey;period_plausible;photosphere;tess_usable,,
J060835.10+223702.0,1,asas3,2.714025,90.1,EC/ESD,060835+2237.0,,90.1,1,92.1462833,22.6172322,0.000104,AAAA,hh00,0,True,5308.7001953125,30.59411201373456,17.646524928456376,23.937308370367766,2.953444322919912,4.013360303311022,546.0,0.0037405675982143663,4275.0,6.990280467704333,0.948146710051611,-1.6965124368036344,1.5332844685874758,12.587493641759902,2.2872249378207665,20.368011551895982,404.0,4.974911267473351,0.03,29.787635084450326,0.002527968045106884,3423579012158717184,0.067756,8.749105453491211,1.5362770557403564,0.3956,9.330188953371756,2.059999942779541,4859.60009765625,1913.2244873046875,0,0,8.522346965203739e-05,45283294,7.870999813079834,5308.7001953125,132.2050018310547,,GIANT,V* SS Gem,RVTauV*,G2/5I,False,False,True,False,True,True,True,True,True,True,True,False,True,False,,13,18,C,match;multi_survey;period_plausible;not_evolved_or_wind,,
J230725.05+604514.3,2,gaia_dr3;vsx,0.040784,9.9958,E;ECL,2014806340091264256;Gaia DR3 2014806340091264256,,9.9958,1,346.8544042,60.7539793,9.3e-05,AAAA,0h00,0,True,5646.0,1696.909576896393,35.9145203557165,20.076328375165467,672.5021363324407,33.219450248749126,529.0,0.41942179250728473,2500.0,479.062445668628,2.9269894672951926,23.826554601662203,24.404862362280895,34.708256162078285,116.74288397568162,19.93399944802255,482.0,138.1979560433263,-0.1,528.5638154574658,0.6696930519037982,2014806340091264256,0.040784,16.969069,1.926642,0.3659,7.391919191919191,0.936,9305.9,3660.5708,0,0,0.10214272059817438,435274494,15.997,5646.0,2.732,,DWARF,Gaia DR3 2014806340091264256,EclBin,,True,False,True,True,True,True,False,True,True,False,True,True,False,False,,13,18,C,multi_survey;photosphere;tess_usable;nearby,,
J191541.31+144449.7,2,gaia_dr3;vsx,2.521236,0.482451,E;ECL,4320344200532224640;Gaia DR3 4320344200532224640,,0.482451,1,288.9221308,14.7471512,8.2e-05,AAAA,dd00,0,True,,,,,,,,,2500.0,403.792193245349,1.0876764283031641,2.917334298924813,2.0228091982506533,18.299649452203113,4.769896712380155,19.502582339162604,304.0,7.087256051469723,-0.1,23.165368489597608,0.02066666905144112,4320344200515351680,0.029138,,,-0.3718,-2.0383771929824563,1.68,,,0,0,,400652886,15.515,,,,,Gaia DR3 4320344200532224640,EclBin,,False,False,True,True,True,True,False,True,True,False,True,True,True,False,,13,18,C,match;multi_survey;photosphere;tess_usable,,
J210145.41+494801.3,2,vsx;ztf_chen2020,0.053542,22.9448;22.9448,EB:;EW,ZTF J210145.42+494801.3;ZTFJ210145.42+494801.3,True,22.9448,1,315.4392192,49.8003636,8.5e-05,AAAA,0000,0,True,3254.0,798.1154720984304,34.74852086813696,19.465674810348265,71.78853016557753,27.277287099328877,570.0,0.4155311316121563,2500.0,216.4357276732739,2.366255232802937,20.896488688546206,13.107407164378666,33.43008051162247,36.38068278176839,19.19804453051868,527.0,48.43794294285058,-0.1,172.28670893354482,0.3862761964406094,2168721612751699200,0.111722,17.131924,3.201403,1.5795,24.488372093023255,0.995,7899.4,690.91,0,0,0.06059656412357089,289559075,15.835,3254.0,,,,ZTF J210145.42+494801.3,EclBin,,True,False,True,False,True,True,False,True,True,False,True,True,True,False,,13,18,C,multi_survey;period_plausible;photosphere;tess_usable,,
J070213.46-491128.4,2,gaia_dr3;vsx,0.041366,37.82,E;ECL,5508341672187105280;Gaia DR3 5508341672187105280,,37.82,1,105.5561144,-49.1912447,0.000113,AAAA,0000,0,True,,,,,,,,,2500.0,558.5871924414475,4.5026502572006715,28.15345022461257,39.60257430966705,35.27734686903988,357.0076091521769,17.18563478880206,505.0,185.42359823256686,-0.1,533.8500044533216,1.1233377539056362,5508341672187105280,0.045301,18.311779,1.201992,-0.2099,-1.8380035026269703,1.054,,,0,0,0.0,238126439,17.641,,,,,Gaia DR3 5508341672187105280,EclBin,,True,False,True,False,True,True,False,True,True,False,True,True,True,False,,13,18,C,multi_survey;period_plausible;photosphere;tess_usable,,
J220129.67+012956.4,1,ztf_chen2020,0.115613,2.00889,EW,ZTFJ220129.67+012956.5,,2.00889,1,330.3736512,1.4990099,0.000193,AAAA,0000,0,True,6776.0,1391.8051068614639,36.069441175165586,16.69595228127532,2174.4885328198197,34.633627301303285,519.0,0.5323292739616643,2500.0,553.2174739873195,4.852534199258471,28.732999352812268,46.711499388690136,35.41642529826152,315.0488241035627,16.650614727911833,493.0,141.55252318705365,-0.1,552.7808615172935,1.2999034506712168,2683040922778289664,0.005349,16.662155,0.66523,-0.0233,-0.2527114967462039,0.951,6276.5,2262.0376,0,0,0.0,292986233,16.312,6776.0,0.894,,DWARF,LEDA  140992,Seyfert1,,True,False,True,False,True,True,False,True,True,False,True,True,True,False,,13,18,C,multi_survey;period_plausible;photosphere;tess_usable,,
J132329.40-614449.8,2,gaia_dr3;vsx,0.559617,0.95298,E;ECL,5868538481696475904;Gaia DR3 5868538481696475904,,0.95298,1,200.8725316,-61.7471699,9.9e-05,AAAA,000d,0,True,6087.0,97.07919554225103,22.11556846009735,16.53306224360794,39.309468167715096,11.584785844103697,224.0,0.010646405672899968,4325.0,8.707028475102184,1.1531616393018989,4.806875616351807,4.425156829749427,20.497092354004998,28.079459310653757,16.360463140052442,217.0,22.553563997867677,-0.1,239.93627043871442,0.020136507237319873,5868538481696475904,0.56076,12.271012,0.64,-1.4124,-3.0737758433079434,30.15,14595.6,4822.7026,0,0,0.02604103609204514,449690293,11.93,6087.0,,0.935,,TYC 8990-769-1,EclBin,,True,False,True,True,True,True,False,True,True,False,True,True,False,False,,13,18,C,multi_survey;photosphere;tess_usable;nearby,,
J201615.07+260116.5,2,vsx;ztf_chen2020,0.039022,0.660271;0.660271,EW,ZTF J201615.07+260116.6;ZTFJ201615.07+260116.6,True,0.660271,1,304.0628034,26.0212696,8.1e-05,AAAA,0h00,0,True,3224.0,217.57835592151395,16.369305906562957,18.429770818884514,3.702348747502923,-10.951485874372768,311.0,0.007680576408085749,2775.0,120.01884599852441,0.6197823800602948,-22.2022034903791,1.390195926788777,10.158036875716244,2.7729848748328902,16.144083470332053,261.0,495.9234124730212,-0.1,719.7884086258881,0.005932477061412803,1835455549575860352,0.083489,13.542315,3.709182,0.227,7.881944444444445,1.155,,4405.286343612334,0,0,0.01966252842486718,243051939,12.005,3224.0,,,,ATO J304.0628+26.0212,LongPeriodV*,,True,False,True,True,True,True,False,True,True,True,True,False,False,False,,13,18,C,multi_survey;photosphere;not_evolved_or_wind;nearby,,
J081024.33-104650.3,2,gaia_dr3;vsx,2.717189,0.5148,E;ECL,5728389167636556160;Gaia DR3 5728389167636556160,,0.5148,1,122.6013932,-10.7806525,0.000116,AAAA,0000,0,True,,,,,,,,,2775.0,39.17772853107624,0.6071743316236425,-23.414749718531212,0.9695053047564355,-1.1383535677617718,1.9898561365326537,15.431447892196788,40.0,549.5464183379526,-0.1,732.3071510497375,1.9051664894557112,5728389163339526784,0.026629,11.905344,3.872453,0.1924,5.300275482093664,0.941,,5197.505197505197,0,0,0.0037870279048325115,170520781,10.528,,,,,ATO J122.6014-10.7807,LongPeriodV*,,False,False,True,True,True,True,True,True,True,True,True,False,False,False,,13,18,C,match;multi_survey;not_evolved_or_wind;nearby,,
J031317.92+522457.7,2,vsx;ztf_chen2020,0.120006,11.0662;11.0662,EB:;EW,ZTF J031317.92+522457.8;ZTFJ031317.92+522457.8,True,11.0662,1,48.3246925,52.4160467,8e-05,AAAA,0000,0,True,4293.0,1177.9190695807706,34.02252977731464,14.813622109455778,250.06645018359544,27.179954706057863,532.0,0.23328942632433186,2500.0,128.1959734533646,1.527896693475021,12.504260594005608,10.973601729637785,31.832111974625644,74.28536287413863,14.672882958058938,430.0,104.17977161345824,-0.1,563.4996972041938,0.24378009996911093,445984632313182848,0.01853,16.952297,2.170967,0.6889,9.541551246537395,0.974,4833.9,733.825,0,0,0.0,117312104,15.894,4293.0,1.877,,GIANT,ZTF J031317.92+522457.8,EclBin,,True,False,True,False,True,True,False,True,True,False,True,True,True,False,,13,18,C,multi_survey;period_plausible;photosphere;tess_usable,,
J011749.71+653008.9,2,gaia_dr3;vsx,0.087553,0.383778,E;ECL,524944754197496832;Gaia DR3 524944754197496832,,0.383778,1,19.457146,65.5024808,7.5e-05,AABA,hdhd,0,False,7971.0,85.81758671070165,1.5524643522724209,14.694877262241034,83.45291830859793,3.2542567631731494,97.0,0.01748515249897558,5325.0,6.66839528706027,0.8870230189908398,-4.609545861446751,1.0261652264899432,0.1504574516241321,61.89293539497937,14.632795038681365,70.0,21.24792050097977,-0.1,235.38924113758807,0.15356341149015967,524944754197496832,0.110554,13.956267,1.539292,0.1695,11.3,0.993,16065.2,3850.179,0,0,0.011080615826372951,54470465,13.198,7971.0,12.694,,GIANT,Gaia DR3 524944754197496832,EclBin,,True,False,True,True,False,True,False,True,True,True,True,True,False,False,,13,18,C,multi_survey;wise_quality;photosphere;nearby,,
J052539.72+483844.8,2,gaia_dr3;vsx,0.045378,90.02,E;ECL,212644380582894720;Gaia DR3 212644380582894720,,90.02,1,81.4155113,48.6457804,0.00013,AAAA,hh00,0,True,6116.0,484.2194384181476,18.36992872030263,14.65746493813786,1001.7871101836819,22.973619799616568,424.0,0.10415951844617355,2800.0,34.75501719271179,1.2495082806098958,6.9937233826167375,18.536489668456223,17.70971191934674,325.95698438067217,14.627098460655887,162.0,48.68685123230912,-0.1,471.38150023625434,0.7615776469086006,212644380582894720,0.045378,16.80203,1.066925,0.2508,4.078048780487805,0.981,7450.0,2641.5947,0,0,0.05083232802166729,309769465,16.269,6116.0,1.689,,DWARF,Gaia DR3 212644380582894720,EclBin,,True,False,True,False,True,True,False,True,True,False,True,True,True,False,,13,18,C,multi_survey;period_plausible;photosphere;tess_usable,,
J125338.98-602343.6,1,vsx,0.465357,,E:,CS Cru,,,1,193.4124172,-60.3954612,4.8e-05,AAAA,hhhH,0,False,,,,,,,,,4175.0,15.560961019198484,1.2337332364811495,6.856496731462176,2.264050770163546,20.206049909970588,3.803615150721542,14.550685706414457,620.0,11.611896663947952,0.31000000000000005,11.748340831740922,0.012392986678573255,6056404375650400640,0.035676,9.61305,0.501744,0.4743,31.410596026490065,0.969,40961.3,2897.4749,0,0,0.011047054758130904,436272343,9.442,,,,,CPD-59  4546,Be*,B2IVneHe-n,True,False,True,True,False,True,True,True,True,True,True,False,True,False,,13,18,C,multi_survey;wise_quality;not_evolved_or_wind,,
J060345.82-093605.2,1,atlas_heinze2018,0.050825,5.97164,DBH,J090.9409-09.6014,,5.97164,1,90.9409401,-9.6014702,0.000178,AAAA,0000,0,True,4259.0,1563.8884641051477,33.406081318203476,14.363027354987967,127.59627046971006,30.396163915091716,795.0,0.2912170823991949,2500.0,405.47161313960794,2.177705151950069,19.572241308813044,6.238127997367317,29.409283984011775,34.83440017650308,14.06090265246224,684.0,115.54316331208929,-0.1,41.188518574868034,0.24707026102433755,3005364538872571904,0.049472,17.078547,2.181136,1.1516,23.031999999999996,1.009,,868.357068426537,0,0,0.0,71723645,15.627,4259.0,1.305,,DWARF,ATO J090.9409-09.6014,Star,,True,False,True,True,True,True,False,False,True,False,True,True,True,False,,13,18,C,multi_survey;photosphere;dust_over_ff;tess_usable,,
J184054.68-124114.4,2,gaia_dr3;vsx,2.545824,0.95708,E;ECL,4106199772515487232;Gaia DR3 4106199772515487232,,0.95708,1,280.2278616,-12.6873447,0.000185,AAAA,0000,0,True,,,,,,,,,2500.0,72.46259816427607,0.6582113609745698,-18.7929653890844,0.9652072539295683,-1.3045814398179125,1.7781755412256832,13.97488835801822,40.0,354.87754055210894,-0.1,486.6592070037333,2.021016462372183,4106199776857867520,0.08392,13.066241,4.976599,0.0751,0.9677835051546392,1.225,3757.0,2780.0398,0,0,0.06829877239665909,425019578,11.224,,,,,2MASS J18405467-1241143,LongPeriodV*_Candidate,,False,False,True,True,True,True,False,True,True,True,True,False,True,False,,13,18,C,match;multi_survey;photosphere;not_evolved_or_wind,,
J011102.40-724533.0,2,gaia_dr3;vsx,0.564503,0.93192,E;ECL,4687248103927865728;Gaia DR3 4687248103927865728,,0.93192,1,17.7600009,-72.7591816,8.2e-05,AAAA,0000,0,True,,,,,,,,,3325.0,13.082855759050014,0.8513478737745741,-3.868942806160302,27.28172212838715,12.022287388737835,728.1518795771163,13.063194216279788,146.0,15.028787001990398,-0.1,330.1511556269901,1.0757562498202693,4687248103927865728,0.59073,17.571606,0.113012,-0.3512,-3.1985428051001823,1.441,,,6,9,5.946653285717535,613813340,17.537,,,,,Gaia DR3 4687248103927865728,EclBin,,True,False,True,True,True,True,True,True,False,False,True,True,True,False,,13,18,C,multi_survey;unconfused;tess_usable,,
J131335.67-602451.8,2,gaia_dr3;vsx,2.265535,1.07224,E;ECL,5869689193650568960;Gaia DR3 5869689193650568960,,1.07224,1,198.3986271,-60.4144113,0.000104,AAAA,HH00,0,True,,,,,,,,,2525.0,97.22748742165403,0.7163880919188822,-14.327788721306263,1.0584716909743954,1.9992608961790956,1.8088700393027581,12.776506116691088,176.0,205.29297259230734,-0.1,287.0462329728223,0.002560999671035212,5869689395490876544,0.05791,13.419283,4.638996,0.168,4.168734491315137,0.997,3438.9,2960.9658,0,0,0.09598190087062122,442877055,11.67,,,,,2MASS J13133567-6024516,LongPeriodV*,,False,False,True,True,True,True,False,True,True,True,True,False,True,False,,13,18,C,match;multi_survey;photosphere;not_evolved_or_wind,,
J233306.45+592955.7,2,gaia_dr3;vsx,2.43931,0.243751,E;ECL,2011274365141444096;Gaia DR3 2011274365141444096,,0.243751,1,353.2768925,59.4988183,0.000111,AABA,0000,0,True,5746.0,118.98619113685996,5.191695767336762,12.796510275960575,100.25874583361981,6.500223785448198,126.0,0.03349162329673101,4100.0,8.1654346790961,0.934417437820531,-2.540098221523371,2.0049427929210486,4.03115879355592,69.69552407805999,12.73997532618195,120.0,6.452211343223678,-0.1,184.3950930992672,0.06635943088040384,2011274365146008320,0.607709,15.383542,1.595647,0.6695,24.98134328358209,1.029,6409.7,1411.5945,0,0,0.052634293759491094,251972253,14.57,5746.0,2.147,,DWARF,Gaia DR3 2011274365141444096,EclBin,,False,False,True,True,True,True,False,True,True,False,True,True,True,False,,13,18,C,match;multi_survey;photosphere;tess_usable,,
J002759.31-742404.0,1,ogle_lmc_ecl,0.542961,0.674629,NC,OGLE-SMC-ECL-0092,,0.674629,1,6.9971466,-74.4011249,2e-05,AAAA,0000,0,True,,,,,,,,,2900.0,6.396095829807996,0.9542551444961274,-1.2392324740714478,29.92594418430018,17.204187312797714,501.35172731796916,12.599657560454407,165.0,1.6218699898676765,-0.1,455.6796307652331,1.063695892040636,4685400958744504960,0.348584,20.04444694519043,,,,,,,7,15,47.58253943738102,514457502,19.38800048828125,,,,,OGLE SMC-ECL-   92,EclBin,,True,False,True,True,True,True,True,True,False,False,True,True,True,False,,13,18,C,multi_survey;unconfused;tess_usable,,
J105802.39-600523.6,2,gaia_dr3;vsx,0.048721,14.5392,E;ECL,5338137439714783488;Gaia DR3 5338137439714783488,,14.5392,1,164.5099769,-60.0898918,7.2e-05,AACA,00oh,0,False,11504.0,173.45349158409033,2.0510372267359744,12.596171654985994,440.3818932618343,6.5840062049964985,123.0,0.019563564064377717,5500.0,6.6454691403458845,0.8786545625678095,-4.99813921249907,5.198414964830944,1.8939030615490353,278.6823314828011,12.579537688496991,121.0,24.98287574960994,-0.1,186.81303285038186,0.11212407020275059,5338137439714783488,0.130451,13.400189,1.246547,0.1168,9.898305084745763,1.009,,8561.643835616438,0,0,0.14971310242860889,465912509,12.828,11504.0,15.067,,GIANT,Gaia DR3 5338137439714783488,EclBin,,True,False,True,True,False,True,False,True,True,True,True,True,False,False,,13,18,C,multi_survey;wise_quality;photosphere;nearby,,
J074141.88-255027.2,1,atlas_heinze2018,0.016766,2.05826,DBH,J115.4245-25.8409,,2.05826,1,115.424505,-25.8409112,3.8e-05,AAAA,0000,0,True,7081.0,1757.1145338846384,34.42365664987777,12.735047124450366,333.3342988280919,32.46681386377759,666.0,0.13235812925333204,2500.0,293.4299872710138,2.135081891068719,19.240472065792783,9.586713311527912,31.37038503606976,50.3760133256124,12.519806615040672,566.0,76.54065096106993,-0.1,125.5461944764196,0.2918492340426504,5613973815864971264,0.037046,15.425636,0.684628,0.3147,10.927083333333332,1.094,,3177.6294884016525,0,0,0.03463052530794292,126032886,15.132,7081.0,1.646,,DWARF,,,,True,False,True,True,True,True,False,True,True,False,True,True,False,False,,13,18,C,multi_survey;photosphere;tess_usable;nearby,,
J060839.74+295923.3,2,vsx;ztf_chen2020,0.216455,49.028;49.028,EB:;EW,ZTF J060839.73+295923.5;ZTFJ060839.73+295923.5,True,49.028,1,92.1656015,29.9898218,3.9e-05,AABA,0000,0,True,4702.0,124.73918170457442,2.7583031636166346,12.409643924827684,178.07176718677638,3.931701579341675,105.0,0.14626106225195298,3725.0,41.27319288691759,0.904301993308838,-3.8299443975052463,1.728153631844079,2.0700113079635716,132.57645667597902,12.38559419374531,100.0,14.668680838359426,-0.1,172.35636443521645,0.2407603648851929,3437571568932263808,0.097103,15.824364,1.782804,0.3607,8.487058823529411,0.997,6332.1,1297.6919,0,0,0.0,400460141,14.939,4702.0,4.258,,GIANT,ATO J092.1655+29.9898,EclBin,,True,False,True,False,True,True,False,True,True,False,True,True,True,False,,13,18,C,multi_survey;period_plausible;photosphere;tess_usable,,
J223802.45+613815.8,2,gaia_dr3;vsx,0.590874,1.02514,E;ECL,2201865561837540864;Gaia DR3 2201865561837540864,,1.02514,1,339.5102495,61.6377417,5.5e-05,AAAA,0000,0,True,,,,,,,,,4000.0,0.4147622153667686,0.926017217056431,-2.8914432147719658,1.5333562036360548,4.150087218122359,29.26167757744094,12.336845077368883,127.0,8.365260732163579,-0.1,169.7152745241929,0.027197817441098504,2201865561837540864,0.591976,15.417992,,-0.0608,-1.2382892057026478,1.219,,,1,1,1.5725558305915492,2020438101,14.977,,,,,Gaia DR3 2201865561837540864,EclBin,,True,False,True,True,True,True,True,True,False,False,True,True,True,False,,13,18,C,multi_survey;unconfused;tess_usable,,
J012138.98+402256.9,2,gaia_dr3;vsx,0.224105,4.11104,E;ECL,371795149649488000;Gaia DR3 371795149649488000,,4.11104,1,20.412421,40.3824882,4.6e-05,AAAA,0000,0,True,,,,,,,,,2500.0,17.66916131854416,1.5558428122949721,12.929726591360634,21.96953783312222,21.14930877305441,245.6829261184595,12.287692578274916,372.0,88.99242937097627,-0.1,471.8494386957364,0.4680338790944551,371795149649488000,0.232072,18.803959,1.060263,0.8244,1.5415108451757664,1.783,,,0,1,9.783836804325045,186487343,18.055,,,,DWARF,Gaia DR3 371795149649488000,EclBin,,True,False,True,True,True,True,True,True,False,False,True,True,True,False,,13,18,C,multi_survey;unconfused;tess_usable,,
J114404.19-604723.8,2,gaia_dr3;vsx,1.776171,19.239,E;ECL,5335056200165599744;Gaia DR3 5335056200165599744,,19.239,1,176.0174643,-60.789947,0.000102,AABA,0o00,0,True,6546.0,78.48399770809726,3.475103357816257,12.330149526879152,83.43347871365216,9.212830370894377,158.0,0.016227652894246117,4625.0,8.875116085813398,1.0755725189498335,2.5428881971534465,3.577680428950407,3.1670498232276914,61.281608536662915,12.276080947736633,154.0,6.459544881720284,-0.1,146.35753673890278,0.0331631272472471,5335056200165240064,0.693223,13.908484,0.834885,1.2114,79.1764705882353,1.007,5690.2,796.761,1,1,0.20687361080609368,322241455,13.483,6546.0,1.114,,DWARF,Gaia DR3 5335056200165599744,EclBin,,False,False,True,True,True,True,False,True,False,True,True,True,True,False,,13,18,C,match;multi_survey;photosphere;unconfused,,
J212921.39+520414.0,2,gaia_dr3;vsx,0.043147,2.63524,E;ECL,2172480465046655104;Gaia DR3 2172480465046655104,,2.63524,1,322.3391506,52.0705788,0.000125,AAAA,0hPP,0,False,6839.0,144.37161488014866,6.625386220364085,12.178577110963914,41.44031932055198,4.5405503527900715,135.0,0.00761302459070646,4500.0,13.322297878602251,0.8645421624622184,-5.670495699679713,1.3954144134993132,3.751973471510113,28.210094239015767,12.03734135139716,120.0,32.15463194212963,-0.1,190.16916136636243,0.020024911188172397,2172480465046655104,0.050624,14.19428,2.091448,0.184,12.348993288590604,0.985,15151.5,4574.013,0,0,0.019028125186882953,64688257,13.145,6839.0,17.88,,GIANT,Gaia DR3 2172480465046655104,EclBin,,True,False,True,True,False,True,False,True,True,True,True,True,False,False,,13,18,C,multi_survey;wise_quality;photosphere;nearby,,
J082646.01-384212.4,2,gaia_dr3;vsx,0.071414,45.22,E;ECL,5529668894935401472;Gaia DR3 5529668894935401472,,45.22,1,126.6917263,-38.7034483,7.7e-05,AAAA,0h00,0,True,4059.0,803.7733715389112,32.560423809284856,12.043808303531353,605.3872148600959,30.268688156941806,461.0,0.6394302429482913,2500.0,376.34777686274583,2.5694014368527944,22.105744621435353,33.98499150441682,31.932990439217022,202.60083026434936,12.004191254174556,428.0,57.241493924168566,-0.1,676.2193580139449,0.7912710305254321,5529668894935401472,0.071414,18.499092,1.935402,0.2363,1.8135072908672296,1.013,5368.1,1097.8357,0,0,0.0,184072805,17.59,4059.0,1.689,,GIANT,2MASS J08264601-3842124,EclBin,,True,False,True,False,True,True,False,True,True,False,True,True,True,False,,13,18,C,multi_survey;period_plausible;photosphere;tess_usable,,
J211904.03+434548.6,1,vsx,0.041662,47.615,EA,V2618 Cyg,,47.615,1,319.7668299,43.7635209,0.000135,AAAA,hhhh,0,False,11603.0,8.898690258199704,6.400820228553911,11.923527036470794,8.23437939105269,0.4790166949685586,147.0,0.0002686079656266437,9150.0,0.86749150014014,0.9474515523876178,-2.0072706948382164,1.1423546640953113,3.979386704814893,7.468147220758204,11.754424169228338,132.0,4.029513848946479,-0.1,120.85328318806162,0.0005241761487022733,1970711525780913664,0.074072,10.128651,0.350713,0.3144,13.911504424778762,1.038,7031.3,8946.948,0,0,0.0005094074214507474,138465692,9.994,11603.0,11.24,,GIANT,LS III +43   20,EclBin,OB-,True,False,True,False,False,True,True,True,True,True,True,True,False,False,,13,18,C,multi_survey;period_plausible;wise_quality;nearby,,
J210958.64+453009.2,1,vsx,0.160157,10.237,EA,V2148 Cyg,,10.237,1,317.4943533,45.5025567,6.8e-05,AAAA,00p0,0,False,,,,,,,,,18550.0,0.9070084898348298,0.9808327967764474,-0.7072400294988282,1.1335230601859727,4.263133990711061,1.8602060590501373,11.676086589655265,241.0,0.5076546288508127,-0.1,9.42467554678859,9.543618058768915e-06,2162553386886242560,0.014486,6.702787,-0.135462,2.3622,67.87931034482759,0.925,,423.3341800016933,0,0,0.00036580520779229175,136466789,6.821,,,,,HD 201733,Be*,B4IVp,True,False,True,True,False,True,True,True,True,True,True,False,True,False,,13,18,C,multi_survey;wise_quality;not_evolved_or_wind,,
J060317.89+300351.2,2,gaia_dr3;vsx,0.08115,53.27,E;ECL,3437714436723632768;Gaia DR3 3437714436723632768,,53.27,1,90.8245735,30.0642309,8.6e-05,AABA,0000,0,True,5699.0,321.9740924430678,9.425193855212338,11.297069723114372,891.7668114010618,13.600854565387435,394.0,0.08621591968006048,3000.0,10.615224745647641,1.1368457534698595,3.2673383472679474,17.152284910383944,9.128896470852853,403.3253539388422,11.281710870371908,150.0,10.643866189575808,-0.1,200.89508420278452,0.7872754902020934,3437714436723632768,0.08115,17.851961,1.577049,0.0627,0.46478873239436624,0.93,4559.5,754.5602,0,0,0.0,353720689,17.028,5699.0,2.307,,DWARF,Gaia DR3 3437714436723632768,EclBin,,True,False,True,False,True,True,False,True,True,False,True,True,True,False,,13,18,C,multi_survey;period_plausible;photosphere;tess_usable,,
J175757.97-291239.2,1,vsx,0.114131,1146.24,E+SR,OGLE-BLG-ECL-214658,,1146.24,1,269.4915799,-29.210902,9.3e-05,AAAA,00d0,0,True,3074.0,481.5824173743085,24.52089135021288,12.691875630918238,6.315314583595505,6.450170633286704,506.0,0.034762926440576165,2500.0,118.39479367910823,0.8309680062834974,-7.36186206740044,1.9383826150662575,17.52037963977546,3.851177726220718,11.16407002836085,314.0,61.095513134411064,-0.1,221.20491601281287,0.01786053375415581,4062342353979483136,0.195939,15.435869,4.963983,0.027,0.3085714285714286,0.931,,,5,17,5.299748671350189,136156589,13.82,3074.0,,,,OGLE BLG-ECL-214658,EclBin,,True,False,True,False,True,True,False,True,False,True,True,True,True,False,,13,18,C,multi_survey;period_plausible;photosphere;unconfused,,
J020116.67-735926.4,2,gaia_dr3;vsx,2.831138,1.4547,E;ECL,4638318255931797504;Gaia DR3 4638318255931797504,,1.4547,1,30.3194713,-73.9906882,6.1e-05,AAAA,0000,0,True,,,,,,,,,2500.0,51.48112827668933,1.2173999407511835,6.462926402536949,37.53949961095208,35.2271234677317,184.26486546526237,10.907514609491939,284.0,4.613083220873957,-0.1,1262.1623617604514,0.7583037160891829,4638318255931797504,2.831138,17.313986,-0.011364,0.0106,0.17041800643086819,1.001,16102.4,20007.387,0,0,0.058970661570815215,50308762,16.934,,,,,2MASS J02011685-7359259,NearIR,,False,False,True,True,True,True,True,True,True,False,True,True,False,False,,13,18,C,match;multi_survey;tess_usable;nearby,,
J052400.73-681207.1,1,ogle_lmc_ecl,0.668551,0.961285,NC,OGLE-LMC-ECL-14678,,0.961285,1,81.0030708,-68.2019937,4.4e-05,AABA,0000,0,True,,,,,,,,,6350.0,4.890488037801229,0.7910799012684286,-6.516756856956423,16.914123702464927,6.676765515907003,637.9567153924439,10.73301258083767,136.0,42.49331852651743,-0.1,202.24487674751316,0.14729174542243115,4658541946970810496,0.665544,15.32469081878662,-0.2111340016126632,,,,,,0,0,0.5153640062114896,373530121,15.265000343322754,,,,,OGLE LMC-ECL-14678,EclBin,,True,False,True,True,True,True,True,True,False,False,True,True,True,False,,13,18,C,multi_survey;unconfused;tess_usable,,
J012908.53+624247.1,2,gaia_dr3;vsx,0.043891,49.72,E;ECL,512375957598407936;Gaia DR3 512375957598407936,,49.72,1,22.285569,62.7130889,0.000132,AAAA,0000,0,True,7831.0,1756.2677571064635,35.99381110770667,10.738318624866597,931.1442421611193,34.09610103357196,556.0,0.23129984671202364,2500.0,489.3300264416582,2.9023116630572625,23.7214203147666,22.7090648286009,34.59751694422886,105.67038876150619,10.648133273722358,503.0,41.40895244848861,-0.1,371.69825327566934,0.6168476909679435,512375957598407936,0.050269,17.259392,1.459784,0.0939,1.4120300751879697,1.016,,,0,0,0.04827283443196565,389416421,16.542,7831.0,2.329,,DWARF,Gaia DR3 512375957598407936,EclBin,,True,False,True,False,True,True,False,True,True,False,True,True,True,False,,13,18,C,multi_survey;period_plausible;photosphere;tess_usable,,
J111500.04-601219.6,1,gaia_dr3,0.06654,,ECL,5337759796166267776,,,1,168.7501714,-60.2054709,8.2e-05,AAAA,PPDp,0,False,6230.0,239.7199480717776,18.692824815640428,10.802315235275808,40.050305102879854,16.34972514430203,615.0,0.018845463579995624,3725.0,7.966539062408036,1.1906967317153259,5.796223903688856,4.171286518409596,16.50896227579904,22.467465372716912,10.585830463634748,232.0,32.557291718720435,-0.1,118.58521913588908,0.025828790825128647,5337759796166267776,0.06654,13.52,1.023263,0.1487,12.089430894308943,0.928,19788.8,5551.8677,0,0,0.09592055957044764,467455282,12.979,6230.0,11.101,,GIANT,Gaia DR3 5337759796166267776,EclBin,,True,False,True,True,False,True,False,True,True,True,True,True,False,False,,13,18,C,multi_survey;wise_quality;photosphere;nearby,,
J100530.57-585032.2,2,gaia_dr3;vsx,0.337655,0.80685,E;ECL,5258294001994069632;Gaia DR3 5258294001994069632,,0.80685,1,151.3774142,-58.8422952,0.000117,ABBA,0hhH,0,False,5613.0,23.61167124853602,9.034567530118139,10.529716553141386,923.7165252317474,-9.100412850676161,168.0,0.2860315186335749,4075.0,9.09297657374469,0.23224768015270986,-13.493121656763782,38.51169882077718,8.962235856473033,630.5041224272263,10.524409630115029,167.0,182.81907908065804,-0.1,373.1492016537366,0.5009567562773847,5258294001994069632,0.390217,19.13147,2.407059,0.3604,1.5355773327652322,1.053,,,0,1,0.2182657539775295,462463786,17.972,5613.0,1.132,,DWARF,Gaia DR3 5258294001994069632,EclBin,,True,False,True,True,False,True,True,True,True,False,True,True,True,False,,13,18,C,multi_survey;wise_quality;tess_usable,,
J150330.35-625131.8,2,gaia_dr3;vsx,0.263524,0.200726,E;ECL,5874427023630134528;Gaia DR3 5874427023630134528,,0.200726,1,225.8764796,-62.8588411,8.7e-05,AABA,0000,0,True,,,,,,,,,3375.0,0.4453731415484399,0.6675591683088185,-5.517252238042696,31.949665084894985,4.780697703221113,399.8015867503655,10.413658818992676,178.0,30.9800263415067,-0.1,161.7394327861547,0.552893734933862,5874427023630134528,0.263524,18.866417,,-0.0676,-0.34631147540983603,1.052,,,3,14,9.310823420439325,1125507971,18.45,,,,,Gaia DR3 5874427023630134528,EclBin,,True,False,True,True,True,True,True,True,False,False,True,True,True,False,,13,18,C,multi_survey;unconfused;tess_usable,,
J182638.15-083834.0,1,vsx,0.106738,12.0446,EA,KELT KS13C017379,,12.0446,1,276.6589933,-8.6427789,0.000221,AAAA,0000,0,True,10936.0,361.6490188831299,24.933220864666488,12.527821123956574,7.428936191079526,17.718262968037724,1179.0,0.004993625543308158,4225.0,15.122600318224379,1.1219657935710634,3.934245844242024,1.5798018960312061,13.282507376187596,3.489037558520723,10.32734919763759,288.0,14.836151448475215,-0.1,1.9076936833277112,0.0027394144217595543,4159250560011862528,0.021689,10.61795,1.473164,0.5206,9.133333333333333,3.274,17551.0,1118.71,0,0,0.0015672342703499792,385835154,9.905,10936.0,22.995,,GIANT,BD-08  4607,EmLine*,B,True,False,True,True,True,True,False,False,True,True,True,False,True,False,,13,18,C,multi_survey;photosphere;dust_over_ff;not_evolved_or_wind,,
J214627.54+565138.0,2,gaia_dr3;vsx,0.274763,3.47946,E;ECL,2175201374067293440;Gaia DR3 2175201374067293440,,3.47946,1,326.6147751,56.8605661,0.000105,AAAA,0000,0,True,,,,,,,,,2900.0,11.48674704543489,0.8010117408226813,-7.0978904848482935,14.048248620271805,13.814383185836553,152.9385032231498,10.175821096760052,185.0,51.32585699784595,-0.1,344.76456713329054,0.33272061046705537,2175201374067293440,0.280783,18.607525,2.413834,0.4268,2.9597780859916782,1.017,4370.6,896.8118,1,3,1.2752789453429718,342332541,17.621,,,,GIANT,Gaia DR3 2175201374067293440,EclBin,,True,False,True,True,True,True,True,True,False,False,True,True,True,False,,13,18,C,multi_survey;unconfused;tess_usable,,
J200341.08+270851.1,2,gaia_dr3;vsx,0.079738,1.64566,E;ECL,1835214928323080320;Gaia DR3 1835214928323080320,,1.64566,1,300.9211757,27.1475448,5.9e-05,AAAA,0hp0,0,False,8625.0,413.008787533943,27.053200547030677,12.08764535395304,8.2999599720327,20.931283120301387,1248.0,0.015146247223821147,3750.0,78.70220566511269,1.308779791223343,8.538574145603516,1.8595509994612214,16.728870575414497,3.7165687627649917,10.045597168184317,865.0,30.784149571666628,0.39,3.580870316336351,0.021917803573898255,1835214928323080320,0.116015,11.193817,1.30586,0.3658,22.58024691358025,1.087,,2733.734281027884,0,0,0.0239143873917654,244322495,10.537,8625.0,18.593,,GIANT,LS  II +27   31,EclBin,OB-e,True,False,True,True,False,True,False,False,True,True,True,True,True,False,,13,18,C,multi_survey;wise_quality;photosphere;dust_over_ff,,
J205501.05+504846.8,1,ztf_chen2020,0.128775,17.7223,EW,ZTFJ205501.04+504846.9,,17.7223,1,313.7544082,50.8130236,0.000133,AAAA,0000,0,True,3960.0,439.790532967222,21.03186222949315,10.014602959699738,261.0516918737847,21.139487456849217,441.0,0.2136446040378257,2500.0,49.039254264441304,1.320075597553658,8.775196035934433,14.71140006566004,20.23867667627348,115.08217494329608,9.96575705452774,360.0,43.57242051660245,-0.1,396.6793093187422,0.2993262218640852,2169679111276250240,0.069581,18.293484,2.493326,0.7424,6.461270670147954,1.035,3608.9,716.2264,0,0,0.0,312654432,17.169,3960.0,1.232,,DWARF,ZTF J205501.04+504846.9,EclBin,,True,False,True,False,True,True,False,True,True,False,True,True,True,False,,13,18,C,multi_survey;period_plausible;photosphere;tess_usable,,
J175701.29-282156.8,1,vsx,0.112703,955.21,E+SR,OGLE-BLG-ECL-203848,,955.21,1,269.2553882,-28.3657831,0.000189,AAAA,hh00,0,True,,,,,,,,,2500.0,239.04369988338198,0.8929191597370139,-4.340129556770774,1.8008077247356296,16.093999151095726,4.3173911806079035,9.931625150737242,278.0,20.135850527396542,-0.1,123.61982924216179,0.016343708499114328,4062642005224002688,0.232911,15.453609,5.45836,0.0691,0.8997395833333334,0.898,,,0,7,3.3709047926539686,135387367,13.997,,,,,OGLE BLG-ECL-203848,EclBin,,True,False,True,False,True,True,False,True,False,True,True,True,True,False,,13,18,C,multi_survey;period_plausible;photosphere;unconfused,,
J103643.71-591031.7,1,gaia_dr3,0.142739,,ECL,5350632637762887936,,,1,159.1821455,-59.1754834,4.8e-05,AAAA,dhhp,0,False,7078.0,5.0429569521895115,3.5376217900315843,9.296351332901137,5.124317582772757,-4.459155446158088,182.0,0.0006512024111410852,7900.0,1.1447997399787986,0.9291118704089523,-2.7612680896617894,1.3843134965234327,4.18642202836554,5.454256231492302,9.432702256386868,191.0,7.636939745968033,-0.1,66.49134946151945,0.0005184795975104553,5350632637762887936,0.142739,9.711021,0.536476,1.6768,149.71428571428572,0.911,6977.4,601.9644,0,0,0.01282731720146407,458114381,9.426,7078.0,4.526,2.6476,DWARF,HD 303121,EclBin,A2,True,False,True,True,False,True,True,True,True,False,True,True,True,False,,13,18,C,multi_survey;wise_quality;tess_usable,,
J194832.19+181203.6,1,vsx,0.080456,,E:/WR,QT Sge,,,1,297.1341462,18.2010119,4.8e-05,AAAA,0000,0,True,10799.0,291.20960584659076,28.172233903251584,10.264217798128188,10.817198208412764,19.181844921853692,982.0,0.005218962131036903,4475.0,47.407126708408896,1.3169449751290219,8.71002309416991,2.434979538263129,21.32816331440593,5.603062469051638,9.291257390893806,721.0,22.936751902215075,0.10999999999999999,0.007992466788967577,0.014713838628489077,1821509378448652416,0.039788,10.353326,0.210058,0.2836,14.039603960396041,0.912,16623.7,2472.2676,0,0,0.010574543576702237,391066940,10.288,10799.0,10.18,,GIANT,HD 187282,WolfRayet*,WN4(h)-w,True,False,True,True,True,True,False,False,True,True,True,False,True,False,,13,18,C,multi_survey;photosphere;dust_over_ff;not_evolved_or_wind,,
J205819.99+455415.2,1,atlas_heinze2018,0.089665,2.00175,DBF,J314.5833+45.9042,,2.00175,1,314.5832972,45.9042292,0.000157,AAAA,dd0d,0,True,,,,,,,,,2500.0,354.20417961598116,0.952218000680224,-1.8160633580457828,1.2050126057748551,6.15732448094557,1.7248274103863743,9.125218638324835,305.0,3.53081253344035,-0.1,12.527607298936694,0.004043277570603352,2163514978530225024,0.084358,14.931412,5.790442,0.0954,1.7666666666666666,1.112,3585.5,10710.164,0,0,0.09924731692132283,329189707,13.296,,,,,ATO J314.5833+45.9042,LongPeriodV*,,True,False,True,True,True,True,False,True,True,True,True,False,False,False,,13,18,C,multi_survey;photosphere;not_evolved_or_wind;nearby,,
J212617.91+404550.1,1,ztf_chen2020,0.069175,178.305,EW,ZTFJ212617.90+404550.1,,178.305,1,321.5746419,40.7639303,0.000139,AAAA,dd00,0,True,3005.0,200.83586848996347,9.243072987718397,11.519181738751795,2.3414606201463815,-5.211607033114752,290.0,0.004099302137503681,2650.0,126.06399791008656,0.7237380451139537,-13.814740864783944,1.054982828142123,1.8861870089717068,1.8124785416168152,9.013004465549407,172.0,190.85254055387276,-0.1,250.96082032939867,0.0022322934532932955,1967022213283717376,0.03812,13.643277,3.987667,0.1285,4.776951672862453,1.02,,,0,0,0.0028923843299893614,352891489,12.107,3005.0,,,,ATO J321.5747+40.7640,LongPeriodV*,M6.0III,True,False,True,False,True,True,False,True,True,True,True,False,True,False,,13,18,C,multi_survey;period_plausible;photosphere;not_evolved_or_wind,,
J162313.17+440828.2,1,ztf_chen2020,0.057928,258.09,EW,ZTFJ162313.17+440828.2,,258.09,1,245.8048888,44.1411752,0.000121,AAAA,0000,0,True,,,,,,,,,2875.0,10.32393364460205,1.038610155381221,1.3454019409666995,1.2328410073764124,6.835266676679674,1.4040200556013518,8.221864894022382,598.0,0.08386130182059481,0.56,3.3411153085349827,0.005781895383246222,1382518881315698432,0.04039,11.331485,2.724101,0.1028,3.472972972972973,1.653,3492.0,3353.9167,0,0,0.0,193554866,10.63,,,,GIANT,V* AY Her,Mira,Me,True,False,True,False,True,True,True,True,True,True,True,False,False,False,,13,18,C,multi_survey;period_plausible;not_evolved_or_wind;nearby,,
J132704.55-595441.5,1,gaia_dr3,1.653701,,ECL,5869590856138262784,,,1,201.7689713,-59.9115349,4.7e-05,AAAA,hhd0,0,True,5219.0,607.9472595465913,8.03301171620895,9.362636931374611,10.576108736238224,9.615263734317233,767.0,0.011364419726693243,2925.0,35.98393239504874,0.6873858655270139,-16.459289264757636,0.9742807461416791,-0.3771246956973042,4.297337926316918,7.934123796790553,40.0,271.0504541914748,-0.1,334.0007465598689,5.45316770003028,5869590856138262656,0.392883,15.05827,2.490321,0.1373,4.767361111111112,1.144,,,1,2,2.7634434731722326,456981204,13.879,5219.0,29.128,,GIANT,Gaia DR3 5869590856138262784,EclBin,,False,False,True,True,True,True,False,True,False,True,True,True,True,False,,13,18,C,match;multi_survey;photosphere;unconfused,,
J105306.16-603756.5,2,gaia_dr3;vsx,2.140395,0.334344,E;ECL,5338204411141269632;Gaia DR3 5338204411141269632,,0.334344,1,163.2756685,-60.6323832,9.9e-05,AAAA,0hdH,0,False,5390.0,669.1175862186784,22.65051511533016,10.012579287521556,7.510951405659814,16.422672225719516,1252.0,0.03357052857290593,2875.0,15.57207562650704,0.8513304272376752,-6.320144428438041,1.035983080464239,1.2570389727871525,2.763241879666811,7.370372816426214,128.0,39.94433142370163,-0.1,89.82029893917745,0.004389759560088701,5338204411184652288,0.045187,13.824165,2.700098,0.0633,4.3061224489795915,1.218,,,0,0,0.12679387849517817,465382229,12.465,5390.0,89.254,,GIANT,2MASS J10530616-6037566,Star,,False,False,True,True,False,True,False,True,True,True,True,True,True,False,,13,18,C,match;multi_survey;wise_quality;photosphere,,
J170509.44-273101.5,2,gaia_dr3;vsx,2.700483,0.5385,E;ECL,4108762257432187648;Gaia DR3 4108762257432187648,,0.5385,1,256.2893354,-27.5171065,0.000135,AAAA,HH00,0,True,3563.0,155.0974951785037,16.951311525056344,8.372729026331802,2.839068109039324,4.165732502881929,589.0,0.011861389257330822,3000.0,65.30669204794901,0.9100663730537859,-3.5764495752496437,1.4259145664845438,10.81015828566812,2.115568282177213,6.815757727422123,352.0,15.220556152814718,-0.1,45.286318952343464,0.0050149294398029445,4108762257431665792,0.075758,13.021432,2.824148,0.04,1.941747572815534,0.725,,,0,0,0.06254346476141873,21203991,11.687,3563.0,128.668,,GIANT,Gaia DR3 4108762257431665792,LongPeriodV*,,False,False,True,True,True,True,False,True,True,True,True,False,True,False,,13,18,C,match;multi_survey;photosphere;not_evolved_or_wind,,
J051931.15-685341.2,2,gaia_dr3;vsx,2.653932,0.75618,E;ECL,4658287586151613952;Gaia DR3 4658287586151613952,,0.75618,1,79.8797985,-68.8947995,0.000112,AAAA,0000,0,True,3942.0,258.75115548708754,8.35562251117045,9.399986800743914,2.5383258358763072,-2.556623573937949,259.0,0.0018179437050531038,3050.0,73.12501493992754,0.6796571340174135,-17.058005187478564,0.8695056009081511,-5.431534635475498,1.657231595785149,6.151223524734613,40.0,320.47733702462693,-0.1,358.31466032366404,0.9632397310366398,4658287581822106112,0.053921,12.845222,2.441231,0.0135,0.7988165680473374,1.152,,,0,0,0.1872312259671209,179384817,11.685,3942.0,112.008,,GIANT,SV* HV  5746,LongPeriodV*,M0,False,False,True,True,True,True,False,True,True,True,True,False,True,False,,13,18,C,match;multi_survey;photosphere;not_evolved_or_wind,,
J190024.97-132810.3,2,vsx;ztf_chen2020,0.094435,224.232;224.232,EB:;EW,ZTF J190024.96-132810.3;ZTFJ190024.96-132810.3,True,224.232,1,285.1040522,-13.4695351,6.6e-05,AAAA,0000,0,True,,,,,,,,,2725.0,62.62176279679818,0.8284314975877396,-7.495213754649031,1.2203666682167147,6.535196244323117,2.0597405054376225,6.138608724743987,259.0,56.56503705794846,-0.1,91.94347178141756,0.0036954669133229968,4102393576800890624,0.06279,14.169311,4.655862,0.0463,0.8165784832451499,1.128,,,0,1,0.978526144579625,311870725,12.681,,,,,ZTF J190024.96-132810.3,EclBin,,True,False,True,False,True,True,False,True,False,True,True,True,True,False,,13,18,C,multi_survey;period_plausible;photosphere;unconfused,,
J192307.31-120910.4,1,atlas_heinze2018,0.147088,0.989361;0.989361,CBH,J290.7804-12.1529,True,0.989361,1,290.7804614,-12.1529044,0.000112,AAAA,0000,0,True,3389.0,114.22208814774417,9.486678724510153,16.573854189963214,1.8983170242058767,0.31817512077490806,396.0,0.003304566353449314,2725.0,21.776041498983826,0.7027057614923616,-15.311440240565515,0.8681749463389148,-5.4953299469417445,1.1877619847068783,5.53657098183499,40.0,264.63892019216763,-0.1,292.9678310888222,0.3807899629328507,4187542231135478272,0.122695,10.843767,2.908891,0.1798,5.973421926910299,0.955,,5561.735261401558,0,0,0.0018370207865087444,151833331,9.6,3389.0,95.496,,GIANT,ATO J290.7804-12.1529,LongPeriodV*,,True,False,True,True,True,True,False,True,True,True,True,False,False,False,,13,18,C,multi_survey;photosphere;not_evolved_or_wind;nearby,,
J042130.86+353538.7,2,crts_drake2014;vsx,0.359491,0.412268;0.412268,1;EW,CSS_J042130.8+353538;J042130.8+353538,True,0.412268,1,65.3785899,35.5941098,0.000132,AAAA,0000,0,True,3224.0,237.1347661604691,6.646821085905748,9.571867468084447,1.8464929816606022,-4.691914805820744,296.0,0.0021784582705590538,2675.0,121.23047916029742,0.6520938114111976,-19.308793622439932,0.8375307745498684,-7.020586609689038,1.2363353441699716,3.9912907628941903,40.0,422.1182589759175,-0.1,438.0485494520865,0.5055039001126064,176519067056844672,0.036219,12.282062,3.556751,0.2306,6.036649214659686,1.214,3619.9,3650.318,0,0,0.0,239706902,10.8,3224.0,,,,CRTS J042130.8+353538,EclBin,,True,False,True,True,True,False,False,True,True,True,True,True,False,False,,13,18,C,multi_survey;ir_excess;photosphere;nearby,,
J194336.78+322520.6,1,vsx,0.640061,0.3529,EW,V2871 Cyg,,0.3529,1,295.9032823,32.4223905,8.7e-05,AAAA,ddd0,0,True,4305.0,54.13739563132704,-4.91556749124229,2.7935099626417155,1.3558175084021427,-6.098939606803149,40.0,0.19149204992636865,4150.0,52.26788404697256,0.830529502705848,-7.384857248745383,0.8463066233465878,-6.572498227820165,1.299685192654029,2.45443345708905,40.0,97.73397496249576,-0.1,103.75809313432454,0.1795162589596945,2034803536056458752,0.177763,10.704635,1.512497,20.9452,1675.616,1.095,4135.3,47.694,0,0,0.006925422739629689,72020273,9.949,4305.0,0.637,3.8217,DWARF,HD 331149B,EclBin,,True,False,True,True,True,False,True,True,True,False,True,True,True,False,,13,18,C,multi_survey;ir_excess;tess_usable,,
J203256.95+471626.8,2,vsx;ztf_chen2020,0.08397,100.273;100.273,EB:;EW,ZTF J203256.94+471626.9;ZTFJ203256.94+471626.9,True,100.273,1,308.237304,47.2741333,0.000112,AAAA,hh00,0,True,,,,,,,,,2500.0,425.4201102024618,0.859083097412819,-5.936506936369774,0.8415702554960173,-6.813172891001272,1.1128699930507548,1.7205940306824952,40.0,81.66149131687241,-0.1,84.6218832666613,0.2931345673452548,2071593538691191168,0.06205,14.661513,5.200351,0.0712,1.4741200828157348,1.145,3631.8,1656.0012,0,0,0.0,188362148,13.105,,,,,ZTF J203256.94+471626.9,EclBin,,True,False,True,False,True,False,False,True,True,True,True,True,True,False,,13,18,C,multi_survey;period_plausible;ir_excess;photosphere,,
J210421.07+440833.9,2,vsx;ztf_chen2020,0.099335,32.2575;32.2575,EA,ZTF J210421.08+440833.9;ZTFJ210421.08+440833.9,True,32.2575,1,316.0878132,44.142768,0.000176,AAAA,0000,0,True,4361.0,335.0589558217233,5.748639739009462,4.708188940668703,1.779285438479401,5.114862842158117,1500.0,0.012631857399874194,3050.0,47.300892468486346,0.7568543873659198,-11.626718827809043,0.6911858470882094,-16.169828889993376,1.0020875297418732,0.022393911640059605,40.0,396.6439597357373,-0.1,396.6444585198722,0.0030512394249353632,2162369661051656960,0.048581,12.480022,2.529838,0.944,76.12903225806451,0.98,5802.2,1071.004,0,0,0.014114615646122625,273547422,11.233,4361.0,16.158,,GIANT,ZTF J210421.08+440833.9,EclBin,,True,False,True,False,True,False,False,True,True,True,True,True,True,False,,13,18,C,multi_survey;period_plausible;ir_excess;photosphere,,
J113228.04-603959.9,3,asassn;gaia_dr3;vsx,0.406188,1.29613;1.2965,EB;EC;ECL,5335958933579596288;J113228.10-603959.6;OGLE-GD-ECL-07638,True,1.2963149999999999,3,173.116849,-60.6666478,0.0001,AAAA,P0o0,0,False,5513.0,177.71886175361368,15.278417961226237,11.231776186591999,36.25254223746546,1.1956711359686478,179.0,0.011629978890446941,3650.0,9.088649164282074,0.7342122655815998,-13.101359537131632,2.2719305302161334,11.918524349590061,22.579154972543115,11.0388343407265,167.0,171.72000965648516,-0.1,435.19231123009195,0.023542741993272196,5335958933579596288,0.406188,14.74176,1.518755,0.1494,7.701030927835052,1.021,15002.6,4325.5054,1,1,0.5789680500066144,318107133,13.98,5513.0,10.284,,GIANT,OGLE GD-ECL-7638,EclBin,,True,True,True,True,False,True,False,True,False,True,True,True,False,False,,12,18,C,wise_quality;photosphere;unconfused;nearby,,
J061434.48+182828.3,3,asas3;gaia_dr3;vsx,0.018859,13.6435;13.646,EB;EC;ECL,061434+1828.5;3373452826804138752;V2789 Ori,True,13.64475,3,93.6437046,18.4745289,0.000183,AAAA,0000,0,True,7387.0,315.3205505012277,27.658885262338508,11.478693710748475,8.163146133767643,18.165306961909735,931.0,0.013089229081355342,3775.0,20.4022968300477,1.203558300276358,6.121033392907253,2.2114078210538968,19.825520459911544,4.085540320887046,9.879340468259269,610.0,11.042073003164091,0.09,6.726801492516371,0.015021324285286821,3373452826804138752,0.034671,11.041349,1.240757,0.2606,15.987730061349694,1.027,,3837.2985418265544,0,0,0.0007214024285395193,46127223,10.459,7387.0,26.636,,GIANT,EM* AS  120,BlueSG,B3Ib,True,True,True,False,True,True,False,False,True,True,True,False,False,False,,12,18,C,period_plausible;photosphere;dust_over_ff;not_evolved_or_wind;nearby,,
J094355.32-550303.7,3,asas3;gaia_dr3;vsx,0.137875,32.998;32.99,EA;ECL;ESD/EC,094355-5503.1;5308011443900113280;ASAS J094355-5503.1,True,32.994,3,145.9805319,-55.0510334,0.000103,AAAA,0000,0,True,7835.0,194.51567949375027,14.345387404026887,12.742898921160272,2.119312925439264,8.312944396758747,1110.0,0.0035360692296063307,4000.0,9.5919386125652,0.7404871542684878,-12.68365429372242,0.8289751692880276,-7.466562630422254,1.020463999865057,0.48384320053527136,40.0,216.62465371834875,-0.1,216.85874799938546,0.013648237467039205,5308011443900113280,0.173258,8.679469,0.56796,1.6684,108.33766233766234,1.086,,599.3766482857827,0,0,0.001202319802215587,442240473,8.376,7835.0,6.722,,GIANT,HD  84511,Be*,Bp_sh,True,True,True,False,True,False,False,True,True,True,True,False,True,False,,12,18,C,period_plausible;ir_excess;photosphere;not_evolved_or_wind,,
J064519.68-421003.7,2,asas3;vsx,0.306911,113.5;113.5,MISC/DCEP-FO/EC;MISC|DCEP-FO|EC,064520-4210.1;ASAS J064520-4210.1,True,113.5,2,101.3320283,-42.1677053,8.1e-05,AAAA,hhh0,1,False,3025.0,60.5768454733201,11.315465680715075,24.419200535304487,3.074344842655872,-6.25021841760411,270.0,0.005577065915291857,2675.0,30.4016644197764,0.6851040148799787,-16.634650328129595,1.1108289965899223,3.6108484295390233,2.3141031789485664,20.551797504846995,185.0,276.7393657530618,-0.1,449.0182213811865,0.0035771012222365144,5563423631325452416,0.253848,10.776677,3.574383,0.3088,11.311355311355312,1.217,3564.1,1650.2476,0,0,0.0,393268331,9.398,3025.0,,,,2MASS J06451970-4210040,LongPeriodV*,,True,True,True,False,False,True,False,True,True,True,True,False,True,False,,12,18,C,period_plausible;wise_quality;photosphere;not_evolved_or_wind,,
J051915.37-694128.4,3,gaia_dr3;ogle_lmc_ecl;vsx,2.805072,1.35292;1.38265,E;ECL;NC,4658168976369714560;Gaia DR3 4658168976369714560;OGLE-LMC-ECL-31700,False,1.367785,2,79.8140649,-69.6912474,5.1e-05,AAAA,0h0d,1,False,,,,,,,,,4775.0,1.0485729668811454,0.8441076603263749,-3.5178425521680547,35.28289836653471,29.304552696314786,252.01515884492005,14.229315617266954,220.0,16.104120817571523,-0.1,1062.368211481801,0.146503934783752,4658168972005342720,0.225655,15.240145,0.953754,-0.0331,-1.3907563025210081,1.018,5784.9,4283.7583,1,1,1.2586377220965579,179309253,13.651,,,,,OGLE LMC-CEP-1579,ClassicalCep,,True,True,False,True,False,True,True,True,False,True,True,True,False,False,,12,18,C,period;wise_quality;unconfused;nearby,,
J041942.74+531017.6,3,asassn;gaia_dr3;vsx,0.861349,7.3821;7.3821,EB;ECL,275302971267574912;ASASSN-V J041942.60+531017.0;J041942.63+531016.6,True,7.3821,2,64.9281061,53.1715745,0.000116,AAUA,000d,0,False,7245.0,149.61146893201854,2.202834421553965,10.756974873280459,108.15487260399088,9.04187370353632,88.0,0.04061384757311717,4300.0,16.881600302157942,0.9599576541280992,-1.5096299456409328,0.816674313069797,-2.437242513653842,68.3475762740898,10.698506933187174,40.0,8.222374785448844,-0.1,122.67718424259157,36.36781100324704,275302971267574912,0.861349,13.96194,1.244953,0.2639,13.129353233830846,1.101,18063.6,3764.8423,2,2,0.5359807905128806,470364079,13.339,7245.0,,,,2MASS J04194278+5310176,EclBin,B1.0V,True,True,True,True,False,True,False,True,False,True,True,True,False,False,,12,18,C,wise_quality;photosphere;unconfused;nearby,,
J001757.92+612606.8,3,gaia_dr3;vsx;ztf_chen2020,0.093301,2.17077;2.17077,EA;ECL,429681451858945408;ZTF J001757.93+612606.8;ZTFJ001757.93+612606.8,True,2.17077,2,4.4913469,61.4352248,0.00014,AAAA,0000,0,True,5568.0,123.13955859639287,18.436543866832178,10.00739586887912,219.89812608354666,3.2755871403077186,193.0,0.07081371788934238,3875.0,0.0752863328931643,0.8030813462401872,-8.874223961670548,13.66100372888356,17.9689135714852,143.81910709777776,9.98321191244412,188.0,80.32464182725309,-0.1,501.2982259501589,0.13728373273906103,429681451858945408,0.103627,16.787823,1.739794,0.3027,5.095959595959596,1.033,9427.4,3949.2637,0,1,0.34616905600720266,84165888,15.919,5568.0,2.721,,DWARF,ZTF J001757.93+612606.8,EclBin,,True,True,True,True,True,True,False,True,False,False,True,True,False,False,,12,18,C,photosphere;unconfused;tess_usable;nearby,,
J180256.19-303657.4,2,gaia_dr3;vsx,2.778016,1.5167,E;ECL,4050144268859518464;OGLE-BLG-ECL-270250,,1.5167,2,270.7341473,-30.6159712,4.2e-05,AAAA,0000,0,True,,,,,,,,,2600.0,137.87909043437713,0.6670812207686557,-18.061867161085654,0.9163747970065983,-3.3026846954169127,2.14611842333973,8.65416812843236,40.0,337.13900481694037,-0.1,412.0333975372199,2.6600487922696425,4050144268859520512,0.10107,14.633687,4.839786,0.071,1.0487444608567207,0.811,3617.6,7129.664,1,1,0.8158803815470964,266109147,12.939,,,,,OGLE BLG-LPV-190623,LongPeriodV*,,True,True,True,True,True,True,False,True,False,True,True,False,False,False,,12,18,C,photosphere;unconfused;not_evolved_or_wind;nearby,,
J204336.46+445505.3,3,asassn;gaia_dr3;vsx,0.241819,4.4314;4.4314,EA;EA/WR;ECL,2070186369963278080;ASASSN-V J204336.48+445505.2;J204336.44+445505.8,True,4.4314,2,310.9019305,44.9181561,0.000132,AAAA,0hhH,0,False,7415.0,314.115034673681,21.64746337330165,10.315832386641247,4.340275004068761,14.804914832452335,1216.0,0.01117988145385316,3675.0,4.6387986066828155,0.9494723521827102,-1.9259713548753152,1.2038362459145708,6.127976092609311,2.0106701422654587,6.737641637938328,262.0,3.7860004475053644,-0.1,14.890829744049045,0.0014887486359543476,2070186369963278080,0.241819,10.347055,1.684608,0.2707,17.69281045751634,1.43,,3694.126339120798,0,0,0.058142148777827106,196054579,9.481,7415.0,46.292,,GIANT,LS III +44   21,WolfRayet*,WN6+O6.5V,True,True,True,True,False,True,False,True,True,True,True,False,False,False,,12,18,C,wise_quality;photosphere;not_evolved_or_wind;nearby,,
J070547.24-122348.7,1,gaia_dr3,0.023606,,ECL,3044960396431590784,,,1,106.4468589,-12.3968794,0.000108,AAAA,0hh0,0,False,6709.0,1097.0227423075146,35.719825407491534,36.11477180648698,473.4898663077849,29.335845527508276,445.0,0.13922167805117866,2500.0,60.488151613059784,1.516038944086796,12.31899235054904,16.617495148781664,34.01330898319312,94.51910828537982,35.80830851527001,242.0,138.39474266864053,-0.1,1585.579206322837,0.3717469951015571,3044960396431590784,0.023606,12.725348,0.794685,0.8617,61.992805755395686,1.111,7161.2,1063.9624,0,0,0.009447375992065632,148503657,12.319,6709.0,2.469,0.3449,DWARF,UCAC4 389-022105,YSO,,True,False,True,True,False,True,False,True,True,False,True,True,True,True,,12,18,C,multi_survey;wise_quality;photosphere;tess_usable,,
J054559.08+232923.9,2,gaia_dr3;vsx,0.033889,8.2725,E;ECL,3427630025312776704;Gaia DR3 3427630025312776704,,8.2725,1,86.4961727,23.4899968,0.000115,AAAA,0000,0,True,,,,,,,,,2500.0,1116.9205841980263,13.793601089516095,33.56743899333199,103.07013979755325,35.84007499507888,815.2427028678215,34.98078740960212,527.0,701.5601643733042,-0.1,763.3997225040017,3.5960227559029367,3427630025312776704,0.033889,19.13682,2.621094,-0.2053,-0.5468833244539159,1.162,,,1,4,5.67162258834906,29445460,17.885,,,,GIANT,Gaia DR3 3427630025312776704,EclBin,,True,False,True,True,True,True,False,True,False,False,True,True,True,False,,12,18,C,multi_survey;photosphere;unconfused;tess_usable,,
J212951.14+545548.6,1,atlas_heinze2018,0.066887,5.55645,DBH,J322.4630+54.9301,,5.55645,1,322.4630873,54.9301681,5e-05,AAAA,hh0p,0,False,4636.0,1080.0018595802676,33.60116619571121,35.787275654131385,89.59745969385291,26.348581806107042,232.0,0.05687316779781678,2500.0,58.90947090406107,1.334118063871098,9.063767503852906,4.102508292438009,27.369480153327185,24.774421526192487,34.73037728432658,215.0,81.23638437364573,-0.1,449.70389195949383,0.08590085418699636,2177522550498327680,0.058309,13.689763,2.136498,0.9175,71.6796875,1.086,5294.0,1041.0734,0,0,0.011053711058876602,429612143,12.632,4636.0,6.238,,GIANT,ATO J322.4630+54.9301,EmLine*,,True,False,True,True,False,True,False,True,True,True,True,False,True,False,,12,18,C,multi_survey;wise_quality;photosphere;not_evolved_or_wind,,
J160651.14-281437.6,1,atlas_heinze2018,0.225177,6.00246,DBF,J241.7130-28.2438,,6.00246,1,241.7131107,-28.2437936,5.2e-05,AAAA,HHH0,1,False,3153.0,64.46849877114539,32.48095556639383,34.61151455538443,22.91028924758249,6.2012901731466,388.0,0.0966143795397293,2900.0,42.761026908964766,1.0794671181636615,2.664287647929336,8.448755079457287,31.907592673256083,19.664702090823766,34.35079212393873,368.0,9.68360595564776,-0.1,898.663371876893,0.09680709655629557,6042025508000371072,0.2461,12.36186,3.319076,0.1286,2.1186161449752885,2.027,,,0,0,0.0016529842088987509,67672598,11.051,3153.0,,,,IRAS 16037-2806,LongPeriodV*,,True,False,True,True,False,True,False,True,True,True,True,False,True,False,,12,18,C,multi_survey;wise_quality;photosphere;not_evolved_or_wind,,
J202048.83+374548.7,2,gaia_dr3;vsx,0.046159,0.240662,E;ECL,2060989985991209472;Gaia DR3 2060989985991209472,,0.240662,1,305.2034756,37.7635459,0.000106,AAAA,hHhh,0,False,6412.0,1321.735235840287,35.208560121956864,33.672913736919035,132.35899231163702,30.527253449971834,601.0,0.10979461733033564,2500.0,93.87103654692787,1.6306659107270427,13.997079513726886,7.135430745547407,31.119164489515043,23.701413679961913,32.49772759383478,347.0,159.34006083981427,-0.1,206.08867880420246,0.13918995451022878,2060989985991209472,0.095716,13.463503,1.371956,0.796,73.02752293577981,0.906,,1256.2814070351758,1,1,0.15103416450878407,13127335,12.761,6412.0,3.6,0.1883,DWARF,2MASS J20204883+3745488,EclBin,,True,False,True,True,False,True,False,True,False,True,True,True,True,False,,12,18,C,multi_survey;wise_quality;photosphere;unconfused,,
J084447.28-455855.3,1,vsx,0.039336,23.9257,EA/WR,V0378 Vel,,23.9257,1,131.1970283,-45.9820527,7.8e-05,AAAA,0h00,0,True,13499.0,775.9529313724261,32.29218667739613,34.62922485562873,23.170054154696853,26.256431827581828,844.0,0.005504969445537799,3250.0,43.75958462174286,1.3026887498969917,8.409277467139386,2.584335272195299,22.187138849010356,5.994034071280331,30.153335436004667,355.0,60.22530060792496,0.0,1.5645467184722084,0.016450602139934548,5329864237502044160,0.035181,10.372577,1.145593,0.1756,13.612403100775195,0.915,,5694.760820045558,0,0,0.00933022968204015,430553024,9.842,13499.0,,,,CD-45  4482,WolfRayet*,WN8h+?,True,False,True,True,True,True,False,False,True,True,True,False,False,False,,12,18,C,multi_survey;photosphere;dust_over_ff;not_evolved_or_wind;nearby,,
J093826.24-570244.6,2,gaia_dr3;vsx,0.064557,29.249,E;ECL,5306155090320029568;Gaia DR3 5306155090320029568,,29.249,1,144.609334,-57.0457422,5.2e-05,AAAA,0000,0,True,5316.0,1271.8697398468973,35.68366678552882,29.285552647914468,500.16483288847485,31.241208948429552,519.0,0.28067952439158206,2500.0,94.68362753405476,2.2503549981007045,20.108763452640314,17.2387684941828,34.091798921656306,112.89125276849015,29.08428822099937,451.0,391.80939390462396,-0.1,815.8878988473708,0.46510334509720525,5306155090320029568,0.082649,16.044693,1.874659,0.378,11.085043988269796,1.033,5138.9,1794.827,0,1,0.3060787945264345,440638880,15.101,5316.0,4.529,,GIANT,Gaia DR3 5306155090320029568,EclBin,,True,False,True,True,True,True,False,True,False,False,True,True,True,False,,12,18,C,multi_survey;photosphere;unconfused;tess_usable,,
J181936.59-124610.2,2,gaia_dr3;vsx,0.19539,6.1661,E;ECL,4152738942907841920;Gaia DR3 4152738942907841920,,6.1661,1,274.9024678,-12.7695224,0.000194,AAAA,0000,0,True,5757.0,1861.633572436243,35.94315056191652,27.105485093553522,715.8066175546132,32.78438486872839,480.0,0.41459440108013496,2500.0,445.94474567189934,2.5857004134455566,22.194532408900887,27.468402837944055,34.87364908306118,125.25280570840468,26.9266961600965,430.0,185.22816386912626,-0.1,909.7499292545417,0.7121693578372801,4152738942907841920,0.19539,16.61858,1.957865,0.5693,8.459138187221397,0.988,9282.0,2696.1714,1,4,1.997130851404594,115211230,15.565,5757.0,2.421,,DWARF,2MASS J18193660-1246101,EclBin,,True,False,True,True,True,True,False,True,False,False,True,True,True,False,,12,18,C,multi_survey;photosphere;unconfused;tess_usable,,
J180215.74-072126.2,2,gaia_dr3;vsx,2.228425,0.94227,E;ECL,4171209570021020288;Gaia DR3 4171209570021020288,,0.94227,1,270.5656178,-7.3572927,4.2e-05,AAAA,0000,0,True,,,,,,,,,2500.0,82.74164563303484,0.7102464494850708,-14.764636532354581,1.5792986873683172,13.275208024829611,3.497988114505399,25.844914716617474,270.0,221.297719677699,-0.1,480.7753958966196,0.011686582783519325,4171209565713874560,0.090752,12.869427,4.648481,0.4403,7.022328548644338,1.228,3564.2,7476.104,0,0,0.010124559207812502,1665246358,11.413,,,,,ATO J270.5656-07.3573,LongPeriodV*,,False,False,True,True,True,True,False,True,True,True,True,False,False,False,,12,18,C,match;multi_survey;photosphere;not_evolved_or_wind;nearby,,
J055733.71+165806.1,1,atlas_heinze2018,0.35985,2.34044,DBH,J089.3904+16.9684,,2.34044,1,89.3904716,16.9683622,8.9e-05,AAAA,0000,0,True,4196.0,593.7032518324179,34.36520935977772,25.675999932672006,147.83571842956556,23.016538158672116,517.0,0.14296044053406187,2550.0,43.31126364646242,1.3177500532302193,8.726812696388219,7.961497439138141,31.645427956165577,56.47874980227919,25.393152488208955,212.0,74.40143448099805,-0.1,784.2002097822776,0.18723162317845407,3349751788516845952,0.37329,15.468012,1.762444,1.464,37.63496143958869,1.118,5921.4,638.3144,1,2,0.5207517580308014,88927664,14.692,4196.0,,,,,,,True,False,True,True,True,True,False,True,False,False,True,True,True,False,,12,18,C,multi_survey;photosphere;unconfused;tess_usable,,
J112827.96-593904.5,2,gaia_dr3;vsx,2.607723,1.42882,E;ECL,5336145163357960064;Gaia DR3 5336145163357960064,,1.42882,1,172.1165281,-59.651264,0.000106,AAAA,hho0,0,False,,,,,,,,,2500.0,55.91919086786436,0.7800262191162203,-8.748185716616138,1.3133013901505868,8.63378010152313,2.9357458731668364,23.863434467294045,233.0,76.79410197872863,-0.1,199.18530618299957,0.007549097195080605,5336145163357959808,0.092228,13.438588,5.50918,0.0563,1.0255009107468125,1.021,,,0,0,0.19349881892961382,451579772,11.805,,,,,IRAS 11261-5922,LongPeriodV*,M7:,False,False,True,True,False,True,True,True,True,True,True,False,True,False,,12,18,C,match;multi_survey;wise_quality;not_evolved_or_wind,,
J234654.83+594823.5,2,gaia_dr3;vsx,0.055552,6.6006,E;ECL,2011530237820285312;Gaia DR3 2011530237820285312,,6.6006,1,356.7284643,59.8065462,0.000106,AAAA,hh00,0,True,6382.0,1912.3227926213008,35.84258607277135,23.081022094111788,1169.7646897565648,33.541842262436035,603.0,0.27922030048900426,2500.0,610.5864669671938,2.9574490366630264,23.95390150686504,17.07546237805795,34.071720627826814,177.87975706351833,22.97090297723911,544.0,368.39783963567936,-0.1,459.6129673053025,0.5319981356905373,2011530237820285312,0.055552,17.60312,1.734705,0.2674,3.028312570781427,1.144,,,0,2,0.6827612425209567,346007710,16.706,6382.0,1.993,,DWARF,Gaia DR3 2011530237820285312,EclBin,,True,False,True,True,True,True,False,True,False,False,True,True,True,False,,12,18,C,multi_survey;photosphere;unconfused;tess_usable,,
J064400.85-254201.4,2,gaia_dr3;vsx,0.049754,20.491,E;ECL,2920462587441265536;Gaia DR3 2920462587441265536,,20.491,1,101.0035478,-25.7004019,4.1e-05,AAAA,0000,1,False,6717.0,933.3218126275427,34.330822128084826,22.883138627700074,106.14617157298707,28.25631355291696,703.0,0.05869739368802259,2575.0,122.5668517024835,1.4745773967789961,11.647763460191939,4.80636424502944,28.661355781896862,24.28050350541349,22.14935798810711,237.0,132.82750058704778,-0.1,168.56950422093985,0.08404557619460216,2920462587441265536,0.121019,12.651152,0.584928,1.2251,97.23015873015873,1.126,6780.8,795.5909,0,1,0.17978638497521715,172630594,12.353,6717.0,1.579,0.37,DWARF,Gaia DR3 2920462587441265536,EclBin,,True,False,True,True,False,True,False,True,True,False,True,True,True,False,,12,18,C,multi_survey;wise_quality;photosphere;tess_usable,,
J202226.35+474717.0,2,gaia_dr3;vsx,2.522233,0.258568,E;ECL,2083458265586622848;Gaia DR3 2083458265586622848,,0.258568,1,305.6098268,47.7880692,4.2e-05,AAAA,dd00,0,True,,,,,,,,,2800.0,254.0513987853834,1.0992189473152505,3.266731757164715,2.0814815256172334,18.803972598179296,3.4285095096094014,21.97306931183241,453.0,2.254046887730025,0.07999999999999999,33.28134607801801,0.019981539508419854,2083458265590447488,0.011548,15.026295,5.439476,0.096,1.7712177121771218,0.92,3411.5,3400.4868,0,0,0.13093481945486965,193334384,13.495,,,,,2MASS J20222635+4747171,LongPeriodV*,,False,False,True,True,True,True,False,True,True,True,True,False,False,False,,12,18,C,match;multi_survey;photosphere;not_evolved_or_wind;nearby,,
J052735.68+353547.7,1,gaia_dr3,0.086122,,ECL,183318446964071296,,,1,81.8986797,35.5965929,9.8e-05,AAAA,0000,0,True,5658.0,1684.5642315950024,35.88451129132315,21.26599803324005,927.7377661512969,33.135539561861194,543.0,0.3866842131518888,2500.0,444.0023957096979,2.9975711157569065,24.11769616357898,23.175264440051297,34.62957602192508,169.50353249024764,21.163349312131636,495.0,245.72416927291454,-0.1,562.840092755042,0.6522358351997876,183318446964071296,0.086122,16.992384,1.761723,0.2981,4.307803468208093,0.956,,,0,2,0.5788378583091633,239720942,16.061,5658.0,2.394,,DWARF,2MASS J05273569+3535477,YSO,,True,False,True,True,True,True,False,True,False,False,True,True,True,True,,12,18,C,multi_survey;photosphere;unconfused;tess_usable,,
J074550.39-341948.4,1,vsx,0.058135,,E/WR,V0443 Pup,,,1,116.4599807,-34.3301374,0.000127,AAAA,dd00,0,True,14194.0,750.0950960086216,30.76850166341718,27.827614133492716,12.934347092952155,25.357430812071108,1060.0,0.005019405685996176,3275.0,12.957763242951582,1.0968578741323165,3.195859224835057,1.7046288854626548,14.960071336534792,3.0685415863035463,20.33078099998636,363.0,7.759001960424114,0.01999999999999999,4.137779852419471,0.007036565016492097,5588584477463342592,0.046894,10.142432,1.292143,0.2717,19.832116788321166,1.168,,3680.5299963194702,0,0,0.0007186574922780802,149683329,9.546,14194.0,,,,HD  63099,WolfRayet*,WC4+O7,True,False,True,True,True,True,False,False,True,True,True,False,False,False,,12,18,C,multi_survey;photosphere;dust_over_ff;not_evolved_or_wind;nearby,,
J062839.24-322216.2,1,vsx,0.389332,0.55834,E:,IY CMa,,0.55834,1,97.1635248,-32.3711739,0.000174,AAAA,0000,0,True,,,,,,,,,15425.0,1.9042910760237595,1.3037831978514127,6.486614410692767,1.6541756902652895,14.312510965905044,2.4248166508158344,19.332608501429032,757.0,26.659636014494083,0.6,8.55144182986618,0.00022816259253880021,2892312723243841024,0.247231,5.922746,-0.236294,2.9141,43.689655172413794,0.927,16493.7,346.9832,1,1,0.2065353523986305,29628522,6.086,,,,,HD  45871,Be*,B3Ve,True,False,True,True,True,True,True,False,False,True,True,False,True,False,,12,18,C,multi_survey;dust_over_ff;unconfused;not_evolved_or_wind,,
J220933.43+574430.5,1,vsx,0.338591,2.12691,EB/WR,CX Cep,,2.12691,1,332.3893182,57.7418173,5.6e-05,AAAA,0000,0,True,8738.0,572.322432170416,30.008313513402697,22.70550743283119,12.523793298824202,22.48374241264442,921.0,0.012751299834813839,3400.0,14.711992236107937,1.232408216127643,6.824957597407525,2.25014546712957,20.10726587391604,4.548786833978011,19.25111868108865,411.0,35.194151459360505,0.09,3.6102141425069423,0.012809503918891995,2198726735325037440,0.041551,11.705532,1.334088,0.1209,4.140410958904109,1.957,26903.1,3625.9397,0,0,0.009016947597206736,329136425,11.051,8738.0,34.051,,GIANT,MR 114,WolfRayet*,WN4+O5V,True,False,True,True,True,True,False,False,True,True,True,False,False,False,,12,18,C,multi_survey;photosphere;dust_over_ff;not_evolved_or_wind;nearby,,
J032820.14+585156.1,1,atlas_heinze2018,0.20444,1.24111,DBH,J052.0840+58.8656,,1.24111,1,52.0839311,58.8655953,7.1e-05,AAAA,0hhh,0,False,5574.0,889.8449959722159,33.90750797650715,18.95534676080166,205.575814485981,25.115608550934375,506.0,0.09533086573527691,2625.0,2.5696143028247116,1.2050157021602972,6.157401655438721,9.212800568513053,31.222108824179056,56.55889737276178,18.711221857153078,228.0,35.11983351465001,-0.1,803.5057778524846,0.18139250316490613,450162158022530560,0.214102,15.145315,1.834911,0.9299,38.11065573770491,1.022,5644.1,1033.7278,1,1,0.1196875011991731,316325364,14.247,5574.0,2.329,,DWARF,ATO J052.0840+58.8656,YSO,,True,False,True,True,False,True,False,True,False,True,True,True,True,True,,12,18,C,multi_survey;wise_quality;photosphere;unconfused,,
J000602.26+650201.4,1,ztf_chen2020,0.014232,1.9889,EA,ZTFJ000602.26+650201.4,,1.9889,1,1.5094245,65.0337268,8.9e-05,AAAA,hh00,0,True,,,,,,,,,2500.0,292.1397468353116,4.310092872230895,27.79435601529331,97.89078953618353,35.82149679436053,368.21026055990484,18.668750334448475,394.0,39.16512306202895,-0.1,1123.1697160149788,2.232283629431219,432123978279620736,0.071832,19.6343,1.965141,0.0758,0.25905673274094326,1.047,,,1,2,2.3583392515220756,406845426,18.497,,,,,ZTF J000602.26+650201.4,EclBin,,True,False,True,True,True,True,False,True,False,False,True,True,True,False,,12,18,C,multi_survey;photosphere;unconfused;tess_usable,,
J130945.88-620503.5,2,gaia_dr3;vsx,0.095757,153.1,E;ECL,5863297285887221760;Gaia DR3 5863297285887221760,,153.1,1,197.4411949,-62.0843065,7.9e-05,AAAA,00d0,0,True,4836.0,1014.61324691246,26.186352807372113,18.874824391990572,109.99013486576932,29.783781786512925,646.0,0.1990456027967453,2500.0,158.30739859647957,2.002128716759004,18.114843141792925,8.056514588776471,23.77428006867818,29.342779693465967,18.39884888396067,550.0,98.98509702443214,-0.1,73.62542641826704,0.2564965033340685,5863297285887221760,0.114111,15.115738,1.816563,0.4957,20.740585774058577,0.991,5507.5,1635.9316,0,0,0.15382253456472703,441665758,14.208,4836.0,4.349,,GIANT,2MASS J13094588-6205034,AGB*_Candidate,,True,False,True,False,True,True,False,False,True,True,True,False,True,False,,12,18,C,multi_survey;period_plausible;photosphere;dust_over_ff;not_evolved_or_wind,,
J132222.67+464535.3,1,ztf_chen2020,0.174226,1.00295,EW,ZTFJ132222.68+464535.1,,1.00295,1,200.5944649,46.759812,1e-05,AAAA,0000,0,True,,,,,,,,,2500.0,423.92937798500384,4.328857458631153,27.83075440309417,47.93232425220561,34.29305690217604,404.373366505682,18.356800344050654,470.0,194.59299945281165,-0.1,705.9379957183402,1.2674784575887579,1551167678501452544,0.118353,17.688614,0.479959,0.0121,0.15532734274711169,0.992,6854.2,5416.9805,0,0,0.0,393910309,17.375,,,,GIANT,PB   159,QSO,,True,False,True,True,True,True,False,True,True,False,False,True,False,False,,12,18,C,multi_survey;photosphere;tess_usable;not_extragalactic;nearby,,
J180242.14-283415.3,1,asassn,0.2628903454033386,5.9787,EA,J180242.16-283415.4,,5.9787,1,270.6755872,-28.5709333,9.6e-05,AAAA,0000,0,True,,,,,,,,,2500.0,122.72727145741068,0.7084445574796571,-14.894240078328401,1.3066554110774211,8.493616076820315,2.6589803407307153,18.308329043259867,245.0,222.68374146659843,-0.1,381.45893097350154,0.006848757680838159,4062494292753683328,0.245799,14.984927,,,,,,,2,11,5.416939554306896,405778906,11.009,,,,,OGLE BLG-LPV-189128,LongPeriodV*,,True,False,True,True,True,True,False,True,False,True,True,False,True,False,,12,18,C,multi_survey;photosphere;unconfused;not_evolved_or_wind,,
J113259.16-643500.4,2,gaia_dr3;vsx,0.141065,3.22236,E;ECL,5237381904993858944;Gaia DR3 5237381904993858944,,3.22236,1,173.2465355,-64.5834466,0.0001,AAAA,0h00,0,True,5910.0,1397.3775743172928,21.295867875223436,17.483684615971274,621.2163537302355,32.1827214148319,652.0,0.2028202413203109,2500.0,384.6369013741047,2.297926851173594,20.441703394912675,10.157606931039703,19.576944572624996,112.96540352523797,17.356854470213708,566.0,219.90055847313164,-0.1,222.94663588667132,0.3336426182332344,5237381904993858944,0.141065,17.76866,1.823019,0.2679,3.299261083743843,0.957,,,1,5,0.8837680047428504,318506465,16.84,5910.0,2.232,,DWARF,Gaia DR3 5237381904993858944,EclBin,,True,False,True,True,True,True,False,True,False,False,True,True,True,False,,12,18,C,multi_survey;photosphere;unconfused;tess_usable,,
J050017.46-680143.5,1,ogle_lmc_ecl,1.136576,45.0467,NC,OGLE-LMC-ECL-04852,,45.0467,1,75.0727703,-68.0287554,0.000122,AAAA,0000,0,True,,,,,,,,,2500.0,20.171273037200947,1.1437326473216016,4.548141542467595,95.89133479829552,35.813787875984296,324.73835085494784,17.18083760103186,263.0,44.46591687201433,-0.1,1550.8257264390115,1.8157762154135657,4661365458605203968,0.80465,19.22747039794922,,-0.0833,-0.3000720565213517,1.2929999828338623,,,7,25,34.970333994800086,682110921,18.569000244140625,,,,,OGLE LMC-ECL-4852,EclBin,,True,False,True,False,True,True,True,True,False,False,True,True,True,False,,12,18,C,multi_survey;period_plausible;unconfused;tess_usable,,
J141805.31-445301.5,2,gaia_dr3;vsx,2.920218,12.8566,E;ECL,6096608911632051328;Gaia DR3 6096608911632051328,,12.8566,1,214.5221558,-44.8837609,0.000143,AAAA,0000,0,True,,,,,,,,,2500.0,32.2370927433917,1.5117373108692764,12.251064205876096,21.405803528971564,28.750406206169014,227.76426681993766,17.158242464260855,189.0,147.94306619128676,-0.1,871.344387262775,0.7503205400730973,6096608911632051200,0.299457,19.86234,1.50247,1.2378,1.3047327922420153,1.665,,,2,3,10.657720049999218,10001013778,16.563,,,,,Gaia DR3 6096608911632051328,EclBin,,False,False,True,True,True,True,True,True,False,False,True,True,True,False,,12,18,C,match;multi_survey;unconfused;tess_usable,,
J192711.31+213546.9,2,vsx;ztf_chen2020,0.090868,252.016;252.016,EB:;EW,ZTF J192711.31+213546.8;ZTFJ192711.31+213546.8,True,252.016,1,291.7971333,21.5963699,0.000119,AAAA,pp00,0,True,,,,,,,,,2500.0,213.6775445024985,1.458317016665375,11.374101619966087,2.4105000593863486,21.17722386171763,4.0837693153260215,16.73204103728738,742.0,28.73246402749985,0.44000000000000006,2.4639157919503125,0.08364257271880969,2018886284185931904,0.045162,15.678591,4.899885,0.0413,0.6383307573415766,1.007,,,0,0,0.16042132853438554,368431858,14.046,,,,,ZTF J192711.31+213546.8,LongPeriodV*,,True,False,True,False,True,True,False,False,True,True,True,False,True,False,,12,18,C,multi_survey;period_plausible;photosphere;dust_over_ff;not_evolved_or_wind,,
J011811.27+634703.8,2,gaia_dr3;vsx,0.29784,0.25014,E;ECL,524689358259944704;Gaia DR3 524689358259944704,,0.25014,1,19.5469741,63.7844105,0.000103,AAAA,0000,0,True,6727.0,992.7305163534688,35.965202690033315,16.690335794557758,1256.0894241095796,29.943005909860123,409.0,0.22649549360939558,2500.0,66.63103404448691,1.568929529140718,13.123754684770812,32.678238646741256,35.08370506495564,236.38107052567563,16.632969911099128,340.0,96.84308674643431,-0.1,1239.325857299428,0.6782275939706033,524689358259944704,0.29784,17.4902,1.87611,0.3809,4.972584856396867,0.99,9183.9,2156.698,2,2,0.33450069211634303,54465567,16.547,6727.0,1.928,,DWARF,Gaia DR3 524689358259944704,EclBin,,True,False,True,True,True,True,False,True,False,False,True,True,True,False,,12,18,C,multi_survey;photosphere;unconfused;tess_usable,,
J200647.51+415245.7,2,gaia_dr3;vsx,0.072692,12.658,E;ECL,2074811362558907136;Gaia DR3 2074811362558907136,,12.658,1,301.6979943,41.8793809,0.000153,AAAA,0h00,0,True,4701.0,384.5963827518392,14.031691103075534,16.438469684515493,1361.9275025803206,22.250935765501225,392.0,0.2344897241650001,2625.0,13.293592256608168,1.3275715157262782,8.929996113415841,23.705924098725923,13.683368406035395,544.209543841453,16.420320221655608,151.0,79.58473787876265,-0.1,425.1605535198042,1.5567560194956804,2074811362558907136,0.072692,18.041008,1.832003,0.2281,2.460625674217907,1.036,4456.5,936.3972,0,4,1.3255224919133337,41536162,17.146,4701.0,1.731,,GIANT,Gaia DR3 2074811362558907136,EclBin,,True,False,True,True,True,True,False,True,False,False,True,True,True,False,,12,18,C,multi_survey;photosphere;unconfused;tess_usable,,
J185003.56-262415.4,1,vsx,0.15465,515,EA+ZAND+BE,V5569 Sgr,,515.0,1,282.5148454,-26.4042958,9.3e-05,AAAA,0000,0,True,5962.0,314.4610049040232,26.77469895206547,24.05178555459047,5.544558435008366,16.237038142861696,863.0,0.018305455820275703,3200.0,4.963650564230014,0.9048889837150661,-3.803983166639636,1.6341847067133468,14.044868852216327,2.2510835307525197,16.30862295997395,422.0,24.893932955589502,-0.1,79.95987034336017,0.006503141842584983,4072362542662424960,0.079995,9.676476,1.025723,0.1873,8.75233644859813,1.024,6162.0,4409.072,0,0,0.0010166510550704351,325751490,9.182,5962.0,45.516,,GIANT,CD-26 13521,Be*,Bep,True,False,True,False,True,True,False,True,True,True,True,False,False,False,,12,18,C,multi_survey;period_plausible;photosphere;not_evolved_or_wind;nearby,,
J110649.64-613023.9,1,gaia_dr3,0.165086,,ECL,5337169083518954240,,,1,166.7068458,-61.506649,9.2e-05,AAAA,0hh0,0,False,6268.0,1446.5037730798394,35.37067583692138,16.34003664177797,148.85769134143183,29.42438928310025,564.0,0.11035579039295274,2500.0,61.64522625428226,1.388682333397831,10.129662039345568,8.726862103209344,32.04410258582603,27.252865234746853,15.846922170679141,417.0,26.194714924922074,-0.1,465.35029462404106,0.18441384855414747,5337169083518954240,0.165086,14.631041,1.301845,0.3676,19.657754010695186,1.044,5476.0,2208.2139,0,2,0.5993994448829489,466709916,13.923,6268.0,4.059,,DWARF,V* V815 Car,EclBin,,True,False,True,True,False,True,False,True,False,True,True,True,True,False,,12,18,C,multi_survey;wise_quality;photosphere;unconfused,,
J052039.21+370144.7,2,gaia_dr3;vsx,0.176671,12.9122,E;ECL,184082646202247680;Gaia DR3 184082646202247680,,12.9122,1,80.163397,37.0291067,0.000156,AAAA,0000,0,True,5418.0,1095.904743324205,20.479000298846042,15.490403602082283,771.1454172673375,30.194559653320496,554.0,0.19717457378615297,2500.0,282.61267155371684,2.040776202144134,18.457166812825314,13.792741101062544,19.36573580729217,190.28503715151572,15.429005193684894,484.0,177.39122405628822,-0.1,321.5635515211227,0.3668216026268305,184082646202247680,0.176671,17.687855,1.587305,0.1687,1.5184518451845184,1.006,5563.2,1035.1624,1,2,1.4052855088402818,333724987,16.84,5418.0,1.828,,DWARF,2MASS J05203922+3701446,YSO,,True,False,True,True,True,True,False,True,False,False,True,True,True,True,,12,18,C,multi_survey;photosphere;unconfused;tess_usable,,
J085139.47-414840.5,2,gaia_dr3;vsx,0.278587,18.701,E;ECL,5524567955556719744;Gaia DR3 5524567955556719744,,18.701,1,132.9144723,-41.8112564,0.000116,AAAA,0h00,0,True,4500.0,252.20169490489948,8.591198639541483,15.379023465909205,117.9563120673439,8.769136617433498,127.0,0.0797882570499624,3100.0,13.674066986585219,0.8759885335302405,-5.123497009287375,1.9025930899015269,5.920401453601062,67.70298179405484,15.28142069543599,118.0,26.26151997403464,-0.1,294.2233711190473,0.14849031621689932,5524567955556719744,0.278587,16.01256,1.830748,0.9601,26.449035812672175,1.095,,1041.5581710238516,1,1,0.17009018789999888,190393003,15.139,4500.0,1.535,,GIANT,GES J08513948-4148408,EclBin,,True,False,True,True,True,True,False,True,False,False,True,True,True,False,,12,18,C,multi_survey;photosphere;unconfused;tess_usable,,
J180020.47-263719.9,1,vsx,2.371655,1.76387,E,OGLE-BLG-ECL-241889,,1.76387,1,270.0853,-26.6221983,0.000117,AAAA,0000,0,True,,,,,,,,,2500.0,1314.2190958031547,2.2092460037625483,19.809506116688038,3.7264841736643985,26.479316169451362,7.302193485315282,15.113707978820019,933.0,42.333279439068086,0.6,0.8501410379663416,0.24979464702978862,4063993408072384128,0.054464,18.075157,,0.3092,0.9815873015873015,1.317,,,3,6,4.886001151462384,195388611,14.074,,,,,OGLE BLG-ECL-241889,EclBin,,False,False,True,True,True,True,False,False,False,True,True,True,True,False,,12,18,C,match;multi_survey;photosphere;dust_over_ff;unconfused,,
J064609.51+021051.6,2,gaia_dr3;vsx,0.048216,4.62708,E;ECL,3126414515618681344;Gaia DR3 3126414515618681344,,4.62708,1,101.5396433,2.1810184,6.2e-05,AAAA,0000,0,True,3849.0,804.534584429693,35.76456486834799,14.848337540416312,600.6625601699127,30.81171867026253,489.0,0.7019809344521502,2500.0,240.88786435608472,2.991692110278605,24.09397038141091,32.04587240527085,35.061850558492665,216.73355481227537,14.804474809605196,460.0,106.9048971018405,-0.1,669.4259918254189,0.8048684154412551,3126414515618681344,0.059135,18.463776,2.263002,0.4705,2.4881015335801164,1.073,3792.9,548.1495,0,1,0.25218682849760976,234168215,17.393,3849.0,1.583,,GIANT,Gaia DR3 3126414515618681344,EclBin,,True,False,True,True,True,True,False,True,False,False,True,True,True,False,,12,18,C,multi_survey;photosphere;unconfused;tess_usable,,
J075433.28-345249.7,2,gaia_dr3;vsx,0.166853,2.0146,E;ECL,5593521795767712640;Gaia DR3 5593521795767712640,,2.0146,1,118.6386885,-34.880489,0.000165,AAAA,hhhd,0,False,,,,,,,,,2500.0,154.41801980943984,1.5589236544320368,11.122026324973291,35.79975462330041,23.453514887516956,459.23407494364903,14.640161784927663,179.0,122.11342898514542,-0.1,666.5484278906983,1.4882404364487012,5593521795767712640,0.166853,20.000462,1.770231,0.0997,0.25081761006289305,0.95,,,0,0,0.0,151230959,19.207,,,,,Gaia DR3 5593521795767712640,EclBin,,True,False,True,True,False,True,False,True,True,False,True,True,True,False,,12,18,C,multi_survey;wise_quality;photosphere;tess_usable,,
J193316.86+084621.6,2,gaia_dr3;vsx,2.146266,2.21874,E;ECL,4296134260138512768;Gaia DR3 4296134260138512768,,2.21874,1,293.3202788,8.7726934,0.00013,AAAA,0h00,0,True,,,,,,,,,2800.0,76.70939282753787,0.7365636070054556,-12.944002247043278,1.37688799002383,9.906420344821969,2.7066456952897817,14.565936828333133,266.0,169.09024691828557,-0.1,291.9741498961857,0.005669433530948793,4296134260138512640,0.027871,13.892827,4.525798,0.1056,2.3259911894273126,0.986,3364.7,6622.552,0,0,0.13024943741692363,375345689,12.333,,,,,ATO J293.3202+08.7727,LongPeriodV*,,False,False,True,True,True,True,False,True,True,True,True,False,False,False,,12,18,C,match;multi_survey;photosphere;not_evolved_or_wind;nearby,,
J164751.39-514604.0,1,tess_ebs,0.097353,1.80141,0.574,51288359,,1.80141,1,251.9641371,-51.7677907,0.000103,AAAA,dd00,0,True,14955.0,370.7313351843302,26.027920187667004,19.002239088743316,5.636353377432292,19.382383094706736,1205.0,0.0024793338560784545,4525.0,15.573877011832298,1.2132056616358646,6.360150171223213,1.7093612066154877,15.01884917189409,2.579315137904654,14.144605952958832,715.0,16.301862272623858,0.5700000000000001,0.612096590689594,0.0075747039242344645,5937028989511111680,0.076921,9.025541,0.370418,0.5191,15.312684365781712,1.416,19984.5,4189.6,0,0,0.0014022176847094303,51288359,8.781,14955.0,,,,HD 151083,Be*,B2Vn,True,False,True,True,True,True,False,False,True,True,True,False,False,False,,12,18,C,multi_survey;photosphere;dust_over_ff;not_evolved_or_wind;nearby,,
J072358.68+055252.8,1,atlas_heinze2018,0.055148,2.00489,CBH,J110.9945+05.8813,,2.00489,1,110.9945354,5.88134,0.000192,AAAA,0000,0,True,3136.0,84.01312199927091,6.360227037104269,18.490310475532826,2.2830882129866903,-8.618954236302837,238.0,0.0026646657540590336,2750.0,44.70087568013186,0.6487270719642988,-19.596825444889433,0.9247285434958927,-2.9459076066593117,1.714808503671023,13.71464157470805,40.0,392.71406685235615,-0.1,528.3098660051835,1.4120817184020804,3140132576740887168,0.046942,11.043552,3.166056,0.2088,5.326530612244898,1.135,,4789.272030651341,0,0,0.0024687342726647864,318128572,9.776,3136.0,,,,ATO J110.9945+05.8813,LongPeriodV*,,True,False,True,False,True,True,False,True,True,True,True,False,False,False,,12,18,C,multi_survey;period_plausible;photosphere;not_evolved_or_wind;nearby,,
J002121.04+623736.9,2,vsx;ztf_chen2020,0.060294,13.6801;13.6801,EB:;EW,ZTF J002121.04+623736.8;ZTFJ002121.04+623736.8,True,13.6801,1,5.3376938,62.6269255,0.000102,AAAA,0h00,0,True,,,,,,,,,2500.0,16.441325813103685,1.4864930613030622,11.844502647892778,13.026210422024132,16.706434742210803,120.49586521501837,13.629438438135894,398.0,102.94824891144395,-0.1,331.466969073545,0.2997026404459861,430604968604949760,0.109034,18.479456,2.575478,,,,,,0,2,2.2671255234562455,428414250,17.278,,,,DWARF,ZTF J002121.04+623736.8,EclBin,,True,False,True,False,True,True,True,True,False,False,True,True,True,False,,12,18,C,multi_survey;period_plausible;unconfused;tess_usable,,
J180901.03-102737.9,2,vsx;ztf_chen2020,0.018404,1.98589;1.98589,EB;EW,ZTF J180901.03-102737.9;ZTFJ180901.03-102737.9,True,1.98589,1,272.254325,-10.4605314,0.000124,AAAA,0000,0,True,,,,,,,,,2500.0,312.78610134245804,0.9436895755122645,-2.1595472408902907,1.5469787948777889,12.796440882063544,2.5423680128383834,13.173582928538346,346.0,6.361577920942311,-0.1,41.066623023119035,0.010772727132868897,4157225225228540160,0.05514,15.875059,6.421342,-0.1677,-1.0925081433224755,1.574,3692.2,4896.4824,0,2,1.084433685208828,205432984,11.65,,,,,ZTF J180901.03-102737.9,EclBin,,True,False,True,False,True,True,False,True,False,True,True,True,False,False,,12,18,C,multi_survey;period_plausible;photosphere;unconfused;nearby,,
J153051.32-680851.6,2,gaia_dr3;vsx,1.992797,0.92477,E;ECL,5823324025255750656;Gaia DR3 5823324025255750656,,0.92477,1,232.7138525,-68.1476718,7.5e-05,AAAA,0000,0,True,,,,,,,,,2900.0,84.21460845559699,0.7016721461533557,-15.387307476137707,1.0787418801876674,2.6417475060732882,1.8088901366077106,13.121997328536375,194.0,236.7968707291655,-0.1,315.8687117022197,0.001783156163012485,5823324020939773056,0.00688,12.38366,3.971766,0.2311,5.987046632124352,1.085,,4327.131112072696,0,0,0.01256297183600272,446916762,10.918,,,,,2MASS J15305131-6808515,LongPeriodV*_Candidate,,False,False,True,True,True,True,False,True,True,True,True,False,False,False,,12,18,C,match;multi_survey;photosphere;not_evolved_or_wind;nearby,,
J100046.46-580000.2,2,vsx;wise_chen2018,0.065929,2.04241;2.04241,EA,J100046.4-580000;WISE J100046.4-580000,True,2.04241,1,150.1935935,-58.0000755,6.9e-05,AAAA,0000,0,True,,,,,,,,,2650.0,2.198867648470261,0.8488713073878559,-6.443296791818457,1.1784355677824856,2.0296207123308845,21.475007532262616,12.939725944842728,108.0,41.516778821765485,-0.1,213.0719413110166,0.08411499589485132,5259142618807481088,0.214431,16.459738,3.210701,0.1042,1.469675599435825,1.258,8696.1,3093.0671,1,2,0.6906266881818138,462030296,15.261,,,,,,,,True,False,True,True,True,True,True,True,False,False,True,True,False,False,,12,18,C,multi_survey;unconfused;tess_usable;nearby,,
J191525.76+110128.4,2,gaia_dr3;vsx,1.296128,0.419998,E;ECL,4309787170859941632;Gaia DR3 4309787170859941632,,0.419998,1,288.8573441,11.024567,0.000181,AAAA,00d0,0,True,,,,,,,,,2500.0,1520.9875400058274,3.9895903951071956,27.11979767267837,4.495557043045844,28.140768030093202,8.274420121487216,12.082534399455245,1500.0,39.338128522546754,0.6,160.38115694660797,1.0030150747040072,4309787170852259072,0.068719,18.391386,,0.1152,0.4608,1.575,,,3,5,6.496930091503598,210219342,17.908,,,,,Gaia DR3 4309787170859941632,EclBin,,True,False,True,True,True,True,False,True,False,False,True,True,True,False,,12,18,C,multi_survey;photosphere;unconfused;tess_usable,,
J193535.54+232033.6,2,gaia_dr3;vsx,2.790403,0.380067,E;ECL,2020990405799868032;Gaia DR3 2020990405799868032,,0.380067,1,293.8981001,23.3426722,0.000162,AAAA,0000,0,True,,,,,,,,,2500.0,168.92386618409645,0.7474336065485335,-12.229424128685139,0.8547277889638523,-6.151170821235561,1.6641094202877127,12.03592799208678,40.0,187.39598828467973,-0.1,310.20566721046043,1.7247715309551672,2020990405858200448,0.066194,13.754386,5.597264,0.2027,3.9901574803149606,0.966,3530.7,5425.45,0,0,0.1250359057153648,374619296,11.988,,,,,ATO J293.8981+23.3427,LongPeriodV*,,False,False,True,True,True,True,False,True,True,True,True,False,False,False,,12,18,C,match;multi_survey;photosphere;not_evolved_or_wind;nearby,,
J202014.68+210610.1,1,vsx,0.237507,0.514195,CBSS/V+E,V Sge,,0.514195,1,305.0612012,21.1028264,7.7e-05,AAAA,0000,1,False,7236.0,187.3197621415178,30.284377861467558,12.56459679299157,15.965801536852565,17.753190021793007,716.0,0.01288943621736559,4225.0,18.836041053329744,1.3611161060014056,9.601846324945225,3.8240026743873754,26.726985717980835,9.660980402867908,12.016698252248762,576.0,24.90404039733842,-0.1,15.293119072600309,0.023109311794753166,1829046152689890560,0.158332,11.163938,0.266849,0.331,16.067961165048544,1.134,28735.5,3443.5781,0,0,0.06757947288709358,288838566,11.058,7236.0,1.777,0.2008,DWARF,V* V Sge,CataclyV*,Be,True,False,True,True,False,True,False,False,True,True,True,True,False,False,,12,18,C,multi_survey;wise_quality;photosphere;dust_over_ff;nearby,,
J194615.93+281619.0,1,vsx,0.093513,,E/WR,QY Vul,,,1,296.5664002,28.2719455,0.000126,AAAA,0h00,0,True,8658.0,204.36672508224976,26.16360354868659,13.539036404720923,7.1645566306454125,16.160606617292167,915.0,0.006538198597363952,4500.0,20.28674476667625,1.2241916589472925,6.62785654367166,2.1845724009383174,19.624483374161677,4.194380011212001,11.983785690381545,621.0,19.947039319491502,0.17,2.994484483914767,0.00945720328155782,2028294667765054464,0.023053,10.023361,0.562078,0.2139,16.082706766917294,0.871,,4675.081813931743,0,0,0.005497963497759934,452026724,9.725,8658.0,19.423,,GIANT,HD 186943,WolfRayet*,WN3+O9.5V,True,False,True,True,True,True,False,False,True,True,True,False,False,False,,12,18,C,multi_survey;photosphere;dust_over_ff;not_evolved_or_wind;nearby,,
J170915.28-341249.4,2,gaia_dr3;vsx,1.483868,0.90524,E;ECL,5978153473121031040;Gaia DR3 5978153473121031040,,0.90524,1,257.3136799,-34.2137317,0.000102,AAAA,0000,0,True,,,,,,,,,2500.0,84.07990310118888,0.6937235221137846,-15.978289626277753,1.3559435932993502,9.500415995831892,2.782246972579897,11.78811911173161,251.0,256.6573472301337,-0.1,401.59630871710897,0.0076641677249606925,5978153473209128960,0.121474,14.88529,5.068622,0.2096,2.891034482758621,1.024,,,0,1,0.7630496447956708,43922897,13.359,,,,,2MASS J17091529-3412494,LongPeriodV*_Candidate,,True,False,True,True,True,True,False,True,False,True,True,False,True,False,,12,18,C,multi_survey;photosphere;unconfused;not_evolved_or_wind,,
J051539.07-664057.3,2,gaia_dr3;vsx,1.46334,0.382571,E;ECL,4658969523885052672;Gaia DR3 4658969523885052672,,0.382571,1,78.9127987,-66.6825875,8.3e-05,AAAA,0000,0,True,,,,,,,,,3875.0,33.9120220044916,0.8942182499117061,-2.6757793722076384,133.09648941799566,33.674334149824894,782.8896990056257,11.786406229551172,221.0,30.488146999454216,-0.1,1280.0399474907977,0.9842885826824013,4658969523885052672,1.488555,16.380037,-0.23811,0.0674,1.2669172932330828,1.029,19983.5,19476.234,0,1,0.40054167734756874,40974092,16.651,,,,,Gaia DR3 4658969523885052672,EclBin,,True,False,True,True,True,True,True,True,False,False,True,True,False,False,,12,18,C,multi_survey;unconfused;tess_usable;nearby,,
J194251.30+253146.7,2,vsx;ztf_chen2020,0.16778,1.02667;1.02667,EA,ZTF J194251.29+253146.5;ZTFJ194251.29+253146.5,True,1.02667,1,295.7137657,25.5296444,0.000169,AAAA,0h00,0,True,,,,,,,,,2500.0,579.0284357463039,1.008744225077658,0.3137208129125845,1.3220146398373636,8.815407999228267,2.4131833466293715,11.560319092732998,274.0,0.07181669132618601,-0.1,9.663945815767853,0.006694969634050969,2021622212704100608,0.061139,16.197311,5.024403,3.4822,13.48122338366241,3.102,,287.17477456780193,0,2,0.5107864491730575,217241830,14.566,,,,,ZTF J194251.29+253146.5,EclBin,,True,False,True,True,True,True,False,True,False,False,True,True,True,False,,12,18,C,multi_survey;photosphere;unconfused;tess_usable,,
J220321.19+511549.9,2,gaia_dr3;vsx,0.074353,13.579,E;ECL,1980127296688675328;Gaia DR3 1980127296688675328,,13.579,1,330.8383228,51.2638617,0.000109,AAAA,dd00,0,True,7068.0,1764.7643934390615,35.46771017715231,12.101813956350181,125.16033572847762,33.59752495397665,859.0,0.18711379467239875,2500.0,437.2583978928347,3.0568098275506186,24.35167186333633,8.19452197051495,31.77469455579485,18.865906557497272,11.552652031165065,768.0,24.465266612152757,0.22,2.041207230193302,0.4182401356807232,1980127296688675328,0.097401,14.483507,0.725211,0.3074,18.858895705521473,0.972,9008.2,5141.633,1,1,0.1942804873240738,325407441,14.132,7068.0,2.767,,DWARF,Gaia DR3 1980127296688675328,EclBin,,True,False,True,True,True,True,False,False,False,True,True,True,False,False,,12,18,C,multi_survey;photosphere;dust_over_ff;unconfused;nearby,,
J050347.04-690602.8,1,ogle_lmc_ecl,1.232749,39.5929,NC,OGLE-LMC-ECL-06244,,39.5929,1,75.9460154,-69.1007844,9.3e-05,AAAA,dd00,0,True,,,,,,,,,3500.0,14.079105017028905,0.7913229933291448,-5.112779849145529,38.61543400580338,15.55322806791633,291.6267620817185,11.510778811778728,210.0,30.867726750941006,-0.1,400.541449972143,0.4103742941864045,4655243893166807808,1.167815,18.135162353515625,,0.0232,0.20000000575493154,1.0850000381469729,,,17,50,41.74073042058213,678669325,17.722000122070312,,,,,OGLE LMC-ECL-6244,EclBin,,True,False,True,False,True,True,True,True,False,False,True,True,True,False,,12,18,C,multi_survey;period_plausible;unconfused;tess_usable,,
J181242.94-194407.4,2,gaia_dr3;vsx,0.426899,0.60207,E;ECL,4094687099795437568;Gaia DR3 4094687099795437568,,0.60207,1,273.1789513,-19.7354017,0.000129,AAAA,00Pp,0,False,7184.0,495.7938800143691,10.35869106300465,11.50994180822025,285.5941831006653,13.311897056280161,613.0,0.036093876572735425,2925.0,33.74531095545929,1.202386662703456,3.2061748502189316,5.21828353382475,8.865377238872574,77.48953573529425,11.40132780303222,163.0,10.266373372122304,-0.1,139.1995573775073,0.1581944389389563,4094687099795437568,0.477003,16.224665,2.95924,0.3719,6.368150684931507,0.988,8023.1,1338.3148,0,1,0.20914953679037904,116962179,14.772,7184.0,9.209,,GIANT,Gaia DR3 4094687099795437568,EclBin,,True,False,True,True,False,True,False,True,True,False,True,True,True,False,,12,18,C,multi_survey;wise_quality;photosphere;tess_usable,,
J222546.24-304136.9,2,gaia_dr3;vsx,1.746375,0.253142,E;ECL,6614154704177898880;Gaia DR3 6614154704177898880,,0.253142,1,336.4426952,-30.6935977,0.000205,AAAA,0000,0,True,,,,,,,,,2500.0,15.419434869854944,1.0444317807362644,1.2830260082565803,34.9249088577419,25.11067792413229,263.08091066171863,11.385359998612223,215.0,0.4901994775347679,-0.1,742.3282186871559,0.9391246393427595,6614154699883360000,0.25052,20.25514,,-0.6954,-0.743982026318605,1.193,,,1,1,3.5263644934699396,62484122,19.276,,,,,WINGS J222546.24-304137.1,Galaxy,,False,False,True,True,True,True,True,True,False,False,True,True,True,False,,12,18,C,match;multi_survey;unconfused;tess_usable,,
J111010.86-575233.4,2,gaia_dr3;vsx,0.228098,3.51887,E;ECL,5340293517628210688;Gaia DR3 5340293517628210688,,3.51887,1,167.545259,-57.8759463,6e-05,AAAA,0000,0,True,6431.0,96.79789269490416,15.864141536830688,11.393936611602472,327.79646973310713,-3.5323630775741424,168.0,0.06778986327532273,4125.0,0.33022102488092764,0.6577272984582505,-12.555621112456112,13.66209557685705,15.481007871588245,218.9904948013571,11.376613579010218,167.0,158.12045574940223,-0.1,526.7325627658506,0.1661103602700913,5340293517628210688,0.228098,16.42496,1.307322,0.1836,4.613065326633166,1.017,5534.1,2356.1885,1,2,0.5909649926106336,308272368,15.77,6431.0,3.236,,DWARF,Gaia DR3 5340293517628210688,EclBin,,True,False,True,True,True,True,False,True,False,False,True,True,True,False,,12,18,C,multi_survey;photosphere;unconfused;tess_usable,,
J055342.42-102214.7,1,crts_drake2014,0.121477,2.23115,1,J055342.4-102214,,2.23115,1,88.4267623,-10.3707741,0.000154,AAAA,hhdH,0,False,4502.0,743.0443760191401,29.97938672544556,11.192795675584891,96.70053618928141,22.62516982663878,571.0,0.10122070339630117,2550.0,8.704405690574387,1.1489258710796069,4.691170368381622,5.7896688756138595,26.417831581114264,32.41485185737981,10.960845644517772,231.0,20.544952209881117,-0.1,381.65280388008046,0.11215491596552894,3011245590347545600,0.044809,16.155725,2.463499,1.3232,24.966037735849056,1.341,5629.1,608.2554,0,0,0.0,66918300,14.999,4502.0,2.091,,GIANT,CRTS J055342.4-102214,YSO,,True,False,True,True,False,True,False,True,True,False,True,True,True,True,,12,18,C,multi_survey;wise_quality;photosphere;tess_usable,,
J094844.71-583157.6,1,asassn,0.9889434840558018,4.3901,EW,J094844.84-583157.7,,4.3901,1,147.1863057,-58.5326764,0.000109,AAAA,hh00,0,True,,,,,,,,,4725.0,6.8881935108335,1.1456422016928183,4.600884147043604,2.1576018582490537,19.417395342442067,5.727027188889471,10.928720596898051,301.0,19.375514474750535,-0.1,5.11325156498412,0.003935135334386872,5257835265126188416,0.152631,11.250463,0.851308,0.1986,18.220183486238533,0.756,7165.8,4395.8086,0,0,0.023480734538186575,443935945,10.966,,,,,CPD-57  2351,EmLine*,OBe,True,False,True,False,True,True,True,False,True,True,True,False,False,False,,12,18,C,multi_survey;period_plausible;dust_over_ff;not_evolved_or_wind;nearby,,
J081345.91+381049.7,1,gaia_dr3,0.118607,,ECL,908001445525035520,,,1,123.4412957,38.1804891,0.000147,AAAA,0000,1,False,,,,,,,,,2500.0,90.2658231368023,1.4048300825369777,10.429225162753188,20.86791223539771,24.039702883051955,165.6658742225632,10.900832664065694,352.0,50.315250449313254,-0.1,562.5101658008207,0.42647946809660936,908001445525035520,0.118607,19.337467,1.262465,1.0502,1.6993527508090616,1.327,,,0,0,0.0,10021819,18.19,,,,DWARF,2MASX J08134590+3810491,Seyfert1,,True,False,True,True,False,True,False,True,True,False,True,True,True,False,,12,18,C,multi_survey;wise_quality;photosphere;tess_usable,,
J180458.89-194639.0,2,gaia_dr3;vsx,0.008638,1.19124,E;ECL,4095024787298349312;Gaia DR3 4095024787298349312,,1.19124,1,271.2453962,-19.7775161,0.000214,AAAA,00dO,0,False,,,,,,,,,2500.0,2361.198149244775,4.069161579877552,27.297186247606913,4.0753051974231616,27.31059419087126,6.790694509549523,10.892356697260462,1500.0,54.53744715503737,0.6,225.31388994302912,0.9236598501890645,4095024787298349312,0.008638,19.691202,4.031834,0.9519,1.6291288721547148,1.346,,,0,2,6.340787018571605,105272253,13.354,,,,,Gaia DR3 4095024787298349312,EclBin,,True,False,True,True,False,True,False,True,False,True,True,True,True,False,,12,18,C,multi_survey;wise_quality;photosphere;unconfused,,
J175344.01-342332.4,2,gaia_dr3;vsx,2.65933,0.425584,E;ECL,4041602467931190272;Gaia DR3 4041602467931190272,,0.425584,1,268.4334041,-34.3923408,8.3e-05,AAAA,dhdd,0,True,,,,,,,,,2650.0,47.49716869989412,0.8337681226173088,-7.2155939908383955,1.2471229590014776,7.171448537565444,1.8388095782939873,10.766960306255584,304.0,53.35551254823927,-0.1,87.59287677944778,0.0039884123576303795,4041602472235016576,0.167526,13.493078,4.71102,0.1054,1.7194127243066883,0.778,,,0,2,0.668918552814742,257261653,11.811,,,,,2MASS J17534402-3423325,LongPeriodV*,,False,False,True,True,True,True,True,True,False,True,True,False,True,False,,12,18,C,match;multi_survey;unconfused;not_evolved_or_wind,,
J054512.81-670802.6,1,ogle_lmc_ecl,2.721652,6.85354,NC,OGLE-LMC-ECL-37712,,6.85354,1,86.3033881,-67.1340811,9.5e-05,AAAA,h000,0,True,,,,,,,,,3825.0,18.689961644098435,1.045571700936372,1.0516063680463121,58.78134723120564,14.230205353859695,550.431429383297,10.625134377199364,203.0,0.4339834475167894,-0.1,312.4150133287344,0.5511559763025698,4659457844461460736,2.731771,16.697132110595703,-0.1752029955387115,-0.5839,-1.2918141817782136,8.550000190734863,,,2,6,2.781362553335867,,,,,,,OGLE LMC-ECL-37712,EclBin,,False,False,True,True,True,True,True,True,False,False,True,True,True,False,,12,18,C,match;multi_survey;unconfused;tess_usable,,
J205143.54+451544.7,2,gaia_dr3;vsx,0.035893,0.259142,E;ECL,2163249991908340864;Gaia DR3 2163249991908340864,,0.259142,1,312.9314451,45.2624234,5.7e-05,AAAA,0000,0,True,3347.0,1482.4383594961375,12.1475264729364,10.690178449979822,64.94274679662549,19.089159559423816,694.0,0.11848242506052598,2500.0,642.6609689158661,1.058837819598489,2.0110839061683463,2.7611159713232443,9.233500225765903,27.90221643514982,10.468240198683878,171.0,4.0326045678666445,-0.1,129.48793381901854,0.08692809381305319,2163249991908340864,0.035893,18.819279,4.471369,0.1281,0.6924324324324324,1.046,,,0,3,2.7267599471552137,276018009,17.128,3347.0,4.138,,GIANT,Gaia DR3 2163249991908340864,EclBin,,True,False,True,True,True,True,False,True,False,False,True,True,True,False,,12,18,C,multi_survey;photosphere;unconfused;tess_usable,,
J052138.79-655529.3,2,gaia_dr3;vsx,1.770441,1.6001,E;ECL,4660548078975323392;Gaia DR3 4660548078975323392,,1.6001,1,80.4116649,-65.9248169,8.6e-05,AAAA,dh00,0,True,,,,,,,,,2625.0,35.8888847290966,0.6875461376293919,-6.091487423611367,69.61467670957266,16.986346595007728,825.6767865771014,10.42712730386324,181.0,39.17144085705081,-0.1,434.3671734887164,2.4333100818812525,4660548078967960704,1.062793,19.942822,0.017275,0.5395,1.2465341959334564,1.096,,,3,8,27.087705120948648,732869530,20.123,,,,,Gaia DR3 4660548078975323392,EclBin,,False,False,True,True,True,True,True,True,False,False,True,True,True,False,,12,18,C,match;multi_survey;unconfused;tess_usable,,
J222136.25+573617.0,2,gaia_dr3;vsx,0.242731,9.1841,E;ECL,2200014362209054464;Gaia DR3 2200014362209054464,,9.1841,1,335.4010451,57.6047469,8.5e-05,AAAA,0000,0,True,4596.0,82.05838995608457,14.883891569190125,10.410882847165436,361.3834061386896,0.9526161904447864,201.0,0.2104203876654,3350.0,4.767142261337208,0.8177871331672577,-5.900369795674368,26.984841091163563,14.7253684947226,253.62175705113214,10.398608440846015,195.0,37.25612934353472,-0.1,359.7818985371093,0.3816817601919831,2200014362209054464,0.242731,18.097582,2.362112,0.2887,2.6126696832579186,1.012,9103.9,2152.7815,0,1,0.2706522169370366,316671138,16.908,4596.0,4.305,,GIANT,Gaia DR3 2200014362209054464,EclBin,,True,False,True,True,True,True,False,True,False,False,True,True,True,False,,12,18,C,multi_survey;photosphere;unconfused;tess_usable,,
J201618.61+461638.9,2,vsx;ztf_chen2020,0.170357,0.401972;0.401972,EW,ZTF J201618.61+461638.7;ZTFJ201618.61+461638.7,True,0.401972,1,304.0775751,46.2774772,3.5e-05,AACA,0000,0,False,5449.0,92.57297675194053,2.4048122588128322,10.30416355513043,285.79289576661733,3.191766855163369,163.0,0.09570172309463669,3925.0,11.402433859236126,0.8790863778874494,-4.148255522193449,11.13645747083134,2.341806508591905,203.20706869558606,10.289459053719694,159.0,17.278032202639878,-0.1,128.56504921926603,0.17854328456436522,2081778688552398336,0.183824,17.289068,1.915998,0.4486,6.655786350148368,1.034,6046.5,1004.7478,0,1,0.18825598842301858,416959770,16.344,5449.0,1.755,,DWARF,ZTF J201618.61+461638.7,EclBin,,True,False,True,True,False,True,False,True,True,False,True,True,True,False,,12,18,C,multi_survey;wise_quality;photosphere;tess_usable,,
J133724.41-662835.2,2,vsx;wise_chen2018,0.042312,16.7823;16.7823,EA,J133724.4-662835;WISE J133724.4-662835,True,16.7823,1,204.3517198,-66.4764513,0.000114,AAAA,hhdH,0,False,3115.0,176.2388363732892,8.706963524348627,13.278409799005262,2.573958642704133,-6.852790817174878,259.0,0.0036900063159919175,2675.0,79.96033721618099,0.6704855146057852,-17.78640497526099,0.9869157842029672,-0.479811517493679,1.8959007832305914,10.261211186031886,40.0,316.58644554666375,-0.1,410.9306721038978,1.9162722931284017,5851638648729025408,0.099212,13.578124,4.135103,0.0787,2.5551948051948052,1.123,,,0,0,0.19503381789039648,342373381,11.871,3115.0,,,,2MASS J13372442-6628351,LongPeriodV*_Candidate,,True,False,True,True,False,True,False,True,True,True,True,False,True,False,,12,18,C,multi_survey;wise_quality;photosphere;not_evolved_or_wind,,
J004907.87-724918.5,1,ogle_lmc_ecl,2.811058,2.7735,NC,OGLE-SMC-ECL-1580,,2.7735,1,12.2828117,-72.8218067,0.000121,AAAA,000d,0,True,,,,,,,,,3450.0,2.400474217526856,0.5822937279750002,-11.287665325486198,50.01571703967151,20.863300475262808,510.25932154988266,10.127181161947918,189.0,132.86598228929248,-0.1,665.2484935081976,0.7176737042022224,4688959218917757568,1.589579,20.906599044799805,,,,,,,8,27,101.23055291755038,614575893,20.552000045776367,,,,,OGLE SMC-ECL- 1580,EclBin,,False,False,True,True,True,True,True,True,False,False,True,True,True,False,,12,18,C,match;multi_survey;unconfused;tess_usable,,
J103530.39-584807.5,1,gaia_dr3,0.499899,,ECL,5350659060402340864,,,1,158.8766271,-58.8021093,2.3e-05,AAAA,00oh,0,False,6212.0,90.99370274023255,16.36113889851547,10.127954930747833,530.9152962309888,1.7033913495053121,194.0,0.12541994007541535,3575.0,1.8342556715865366,0.6798933696042372,-5.061238582891618,24.51299782013084,16.022214451940133,256.98274595508104,10.107581931008715,191.0,26.296524804056943,-0.1,384.4907044289639,0.3087852339095672,5350659060402340864,0.499899,15.464982,1.156449,0.5895,19.07766990291262,1.25,5648.9,1150.6067,0,0,0.06558110549944901,457970869,14.864,6212.0,1.616,,DWARF,Gaia DR3 5350659060402340864,EclBin,,True,False,True,True,False,True,False,True,True,False,True,True,True,False,,12,18,C,multi_survey;wise_quality;photosphere;tess_usable,,
J120835.25-700322.2,2,gaia_dr3;vsx,2.147333,0.379097,E;ECL,5855913206308937216;Gaia DR3 5855913206308937216,,0.379097,1,182.1468861,-70.0561919,7.7e-05,AAAA,0h00,1,False,6169.0,7.284891234367765,17.605023687041374,10.157013384984726,8.289521424913257,0.3559417681991834,221.0,0.0019425082047155426,5600.0,2.052401090184974,0.9574101338064129,-1.6099460426062202,1.8140604192796244,16.24082014540353,7.683026212003985,10.047021138933207,215.0,2.638918529984941,-0.1,78.10886551484528,0.0023150049087567437,5855866270903422336,0.291107,11.62959,0.871171,1.4315,128.96396396396395,0.809,6187.9,709.1892,0,0,0.08707366099999338,312201050,11.174,6169.0,2.922,0.5134,DWARF,Gaia DR3 5855913206308937216,EclBin,,False,False,True,True,False,True,True,True,True,False,True,True,True,False,,12,18,C,match;multi_survey;wise_quality;tess_usable,,
J232808.19+612929.4,1,vsx,0.069043,51.9079,EA+PULS,CzeV4186,,51.9079,1,352.0341631,61.4915026,6.8e-05,AAAA,0hp0,0,False,8671.0,84.60648251856875,24.38990747616661,10.109570827944182,8.66322828903232,3.883703534036029,339.0,0.0012192399660453167,7225.0,73.58027475955785,1.0431019210551788,1.4954536157852267,2.7886362984515745,23.21310464487313,7.82178082412992,9.96765124709376,313.0,1.164602493359194,-0.1,66.61651230597009,0.001759700090320004,2015485662182068608,0.039733,11.9019,0.874884,0.2911,22.392307692307696,0.911,,3435.245620061834,0,0,0.00816942728233771,378049809,11.488,8671.0,10.292,,GIANT,TYC 4280-834-1,Star,,True,False,True,False,False,True,False,True,True,True,True,True,False,False,,12,18,C,multi_survey;period_plausible;wise_quality;photosphere;nearby,,
J185000.25-024159.4,2,gaia_dr3;vsx,0.048064,0.22357,E;ECL,4258843120651366912;Gaia DR3 4258843120651366912,,0.22357,1,282.5010628,-2.6998563,0.000189,AAAA,0000,0,True,,,,,,,,,2500.0,2557.764906350969,7.876677501032357,31.59647677309764,11.277121701720926,23.010661118164787,17.12191443641178,9.736420237592112,1349.0,6.948812572625972,0.6,119.88129518155047,2.1311465131898566,4258843120651366912,0.048064,19.969172,3.321747,-1.1361,-1.3233546884100176,4.156,,,0,3,10.455660707631504,183018502,18.956,,,,,Gaia DR3 4258843120651366912,EclBin,,True,False,True,True,True,True,False,True,False,False,True,True,True,False,,12,18,C,multi_survey;photosphere;unconfused;tess_usable,,
J174912.67-394415.5,2,gaia_dr3;vsx,2.871685,0.356409,E;ECL,5958138375738748288;Gaia DR3 5958138375738748288,,0.356409,1,267.3028056,-39.7376412,0.000167,AAAA,0000,0,True,3366.0,190.24426540755283,19.637462741520345,11.135900719788193,3.4211603145870138,7.292399781996961,677.0,0.024290307069442494,2800.0,62.72588531954631,0.9677941756191086,-1.20435489333418,1.5756921049757073,13.222755875376206,2.417709721442971,9.22695473033429,380.0,3.2018488832233256,-0.1,31.864833880657226,0.008664623504084654,5958138371436408704,0.038823,12.912809,3.094929,0.1247,4.17056856187291,0.849,3829.0,5136.2866,0,0,0.06612348877348813,470218801,11.58,3366.0,119.345,,GIANT,OGLE BLG-LPV-251410,Mira,,False,False,True,True,True,True,False,True,True,True,True,False,False,False,,12,18,C,match;multi_survey;photosphere;not_evolved_or_wind;nearby,,
J182027.87-660442.9,1,vsx,0.072398,604.5,ZAND+EA,AR Pav,,604.5,1,275.1161484,-66.0785945,7.2e-05,AAAA,hh00,0,True,4287.0,192.35023956923064,14.536036954214893,17.685287230619213,2.7416888391206182,3.515756222535478,419.0,0.00351948418259604,3025.0,30.763795727665453,0.6847303456553199,-16.66347831451825,0.9254085463491004,-2.9171491198428403,1.4711570910454643,8.915924767920009,40.0,286.18135091863564,-0.1,350.9818941207776,0.707146222150762,6437030012377624192,0.098236,10.628455,1.645247,0.1702,9.150537634408602,1.347,,5875.440658049354,0,0,0.002033944976730831,304202168,9.816,4287.0,85.725,,GIANT,V* AR Pav,Symbiotic*,B1,True,False,True,False,True,True,False,True,True,True,True,False,False,False,,12,18,C,multi_survey;period_plausible;photosphere;not_evolved_or_wind;nearby,,
J184512.66+032534.4,2,vsx;ztf_chen2020,0.034186,0.991615;0.991615,EW,ZTF J184512.66+032534.4;ZTFJ184512.66+032534.4,True,0.991615,1,281.3027695,3.4262305,0.000154,AAAA,0000,0,True,,,,,,,,,2500.0,598.1061764507682,1.1277752345454972,4.100409194077794,1.8504517116809447,16.633167781714963,4.159410765802747,8.77345693150254,310.0,15.099823704875563,-0.1,4.178504325732435,0.01721151020429405,4280243838875395840,0.02043,17.41892,5.197877,-0.6764,-3.177078440582433,1.188,3864.0,6542.837,0,0,0.05845246089161306,170816802,15.721,,,,,ZTF J184512.66+032534.4,EclBin,,True,False,True,True,True,True,False,False,True,False,True,True,False,False,,12,18,C,multi_survey;photosphere;dust_over_ff;tess_usable;nearby,,
J062531.59+200550.3,1,asassn,0.3424820889023279,1.8067,EB,J062531.58+200550.1,,1.8067,1,96.3816419,20.0973317,0.000119,AAAA,hh00,0,True,9967.0,422.7734210001296,29.973465624780907,9.357318880757532,16.5034479198492,22.450181007277372,1025.0,0.009878451235834845,3900.0,102.06932305991293,1.4437597074322197,11.123872809115072,2.7028360400390103,22.801120897325227,7.2976677416922175,8.595942063638734,785.0,26.892656740553743,0.16,2.57995751542518,0.03005387986565348,3372586102405306496,0.054277,10.945798,0.628539,0.2432,13.740112994350282,0.97,29163.5,3099.8208,0,0,0.002047571197298741,430152140,10.657,9967.0,18.525,,GIANT,EM* MWC  806,EmLine*,B,True,False,True,True,True,True,False,False,True,True,True,False,False,False,,12,18,C,multi_survey;photosphere;dust_over_ff;not_evolved_or_wind;nearby,,
J061852.96+211902.2,1,vsx,0.035336,205.15,EA+BE,NSV 2905,,205.15,1,94.7206777,21.3172867,0.000155,AAAA,0000,0,True,5319.0,89.19730933535061,15.24414875422738,10.22692374671095,3.0190819765264827,8.194494669179058,952.0,0.00858764564177634,3975.0,4.281843279063709,1.0352058706780205,1.2308111683499894,1.2908971126573263,8.155504777126357,2.210696942711758,8.37475684254859,290.0,1.3970868809896204,-0.1,1.3234525041245722,0.0016226503121789704,3376619145415757952,0.024411,10.672241,1.581404,0.3179,14.25560538116592,1.266,5461.8,2337.797,0,0,0.0,429900163,9.798,5319.0,46.214,,GIANT,EM* MWC  800,EmLine*,Be,True,False,True,False,True,True,False,False,True,True,True,False,True,False,,12,18,C,multi_survey;period_plausible;photosphere;dust_over_ff;not_evolved_or_wind,,
J225855.57+391855.7,1,ztf_chen2020,0.136513,212.092,EW,ZTFJ225855.57+391855.9,,212.092,1,344.7315809,39.3154957,0.000167,AAAA,0000,1,False,,,,,,,,,3400.0,30.44509340795687,0.8716521352961619,-5.329034289005949,1.3658380543097197,9.693770536192302,1.7261725208407832,8.156275840440728,398.0,34.89448274723235,-0.1,65.88226958099524,0.0029649141671082347,1928578824308100480,0.079057,12.025344,2.661397,0.0866,2.877076411960133,2.017,,,0,0,0.0367119624095473,397702895,10.909,,,,GIANT,V* ER And,Mira,,True,False,True,False,False,True,True,True,True,True,True,False,True,False,,12,18,C,multi_survey;period_plausible;wise_quality;not_evolved_or_wind,,
J190949.26+104655.3,2,vsx;ztf_chen2020,0.889132,0.779628;0.779628,EW,ZTF J190949.31+104654.7;ZTFJ190949.31+104654.7,True,0.779628,1,287.4552812,10.7820431,0.000204,AAAA,0000,0,True,,,,,,,,,2500.0,1870.8400890822818,2.5532602063680487,22.016698980356853,2.595077185805294,22.245106484505868,4.013325039996626,7.478929988839795,1500.0,30.044372255202553,0.6,138.18385310808148,0.4730572439269705,4312419882736750336,0.077565,18.606537,3.76123,1.0715,2.783839958430761,1.442,,,7,16,16.077061261131472,201595646,17.291,,,,GIANT,ZTF J190949.31+104654.7,EclBin,,True,False,True,True,True,True,False,True,False,False,True,True,True,False,,12,18,C,multi_survey;photosphere;unconfused;tess_usable,,
J181459.01-260337.2,1,vsx,0.085873,581.575,E+SR,OGLE-BLG-ECL-380520,,581.575,1,273.7458962,-26.0603411,9.7e-05,AAAA,0000,0,True,,,,,,,,,2500.0,99.99616554183508,0.6937011666471534,-15.979970859484737,1.329926463581407,8.978268503996906,1.9018737445242508,6.957555207388575,307.0,261.5236721373535,-0.1,346.78749986002543,0.005724559681030544,4064680980834297472,0.150267,15.168031,5.053685,0.0282,0.33293978748524206,0.962,3832.6,4696.869,0,1,1.1049677107081912,378261696,13.239,,,,,OGLE BLG-ECL-380520,EclBin,,True,False,True,False,True,True,False,True,False,True,True,True,False,False,,12,18,C,multi_survey;period_plausible;photosphere;unconfused;nearby,,
J190307.27+075011.3,2,vsx;ztf_chen2020,0.036292,1.92656;1.92656,EB;EW,ZTF J190307.27+075011.3;ZTFJ190307.27+075011.3,True,1.92656,1,285.7803132,7.8364825,0.00021,AAAA,0hhh,0,False,,,,,,,,,2500.0,932.1209464288329,1.2668709469130541,7.623808612014143,1.211678996068364,6.322564270020282,2.181431774511585,6.68203367636871,1500.0,32.35994331252566,0.6,31.759175320870803,0.07449937460631252,4307052066963503360,0.057638,16.762135,6.358679,-0.0769,-0.4738139248305607,1.622,,,0,0,0.09579836699354823,223288296,12.671,,,,,ZTF J190307.27+075011.3,EclBin,,True,False,True,False,False,True,False,False,True,True,True,True,True,False,,12,18,C,multi_survey;period_plausible;wise_quality;photosphere;dust_over_ff,,
J011922.74+710255.3,1,ztf_chen2020,0.139662,240.079,EW,ZTFJ011922.76+710255.4,,240.079,1,19.844791,71.0487109,8.9e-05,AAAA,0000,0,True,3702.0,169.2540042180829,16.448648419099268,8.03523477364785,2.750746544593624,3.7528970943635716,576.0,0.009696876109589478,3050.0,64.54117707250295,0.8797762159194571,-4.9456256673503685,1.353177353770592,9.445853214064615,1.9928083848679465,6.289639635174792,334.0,26.606121419124367,-0.1,56.99939118019126,0.0038886826394221043,533318462951652736,0.032177,12.986816,2.791139,0.1295,7.23463687150838,1.401,,7722.007722007722,0,0,0.05325565085820498,352431611,11.725,3702.0,103.353,,GIANT,V* V1089 Cas,LongPeriodV*,,True,False,True,False,True,True,False,True,True,True,True,False,False,False,,12,18,C,multi_survey;period_plausible;photosphere;not_evolved_or_wind;nearby,,
J202129.12+341207.2,2,vsx;ztf_chen2020,0.069228,101.516;101.516,EB:;EW,ZTF J202129.12+341207.3;ZTFJ202129.12+341207.3,True,101.516,1,305.3713673,34.2020209,0.000121,AAAA,00pp,0,False,,,,,,,,,2500.0,275.547708248753,0.9971570119140997,-0.10318452218582205,1.364642053412025,9.670547627658076,2.2262442237611677,5.48658347396228,316.0,0.055318600782535615,-0.1,8.584529650005814,0.007248851819091716,2056266037364603392,0.024871,15.404196,4.580544,0.037,0.43942992874109266,0.994,3612.6,3631.5176,0,1,0.1273716883167304,135965912,13.934,,,,,ZTF J202129.12+341207.3,EclBin,,True,False,True,False,False,True,False,True,True,True,True,True,False,False,,12,18,C,multi_survey;period_plausible;wise_quality;photosphere;nearby,,
J201033.47+342310.0,2,vsx;ztf_chen2020,0.056604,50.0603;50.0603,EB:;EW,ZTF J201033.47+342310.0;ZTFJ201033.47+342310.0,True,50.0603,1,302.6394868,34.3861145,8.5e-05,AAAA,0000,0,True,,,,,,,,,2500.0,261.67692118860447,0.8595490650501373,-5.913669204301521,0.9447695235097108,-2.115709226407722,1.5541034709199437,3.990832735288271,40.0,39.44777942405263,-0.1,55.37445490965941,1.4390710992176425,2055713532784198016,0.027231,15.139527,5.112198,0.1631,3.242544731610338,1.055,3607.5,3308.3076,0,0,0.11520468362535502,92055115,13.58,,,,,ZTF J201033.47+342310.0,EclBin,,True,False,True,False,True,False,False,True,True,True,True,True,False,False,,12,18,C,multi_survey;period_plausible;ir_excess;photosphere;nearby,,
J182956.71-055453.5,2,vsx;ztf_chen2020,0.133591,1.99046;1.99046,EB;EW,ZTF J182956.71-055453.6;ZTFJ182956.71-055453.6,True,1.99046,1,277.4863008,-5.9148729,0.000108,AAAA,0000,0,True,,,,,,,,,2500.0,286.85726041587264,0.835584135798921,-7.121256007293144,0.9142087823342048,-3.396256700145758,1.4203633059851257,3.871431527045256,40.0,62.246935338653635,-0.1,77.2348287632936,1.091731536293612,4256270263476615296,0.119023,15.394238,6.274212,0.2039,1.4062068965517243,1.348,3659.6,3571.8948,0,0,0.18307003907120506,214036434,11.691,,,,,ZTF J182956.71-055453.6,EclBin,,True,False,True,False,True,False,False,True,True,True,True,True,False,False,,12,18,C,multi_survey;period_plausible;ir_excess;photosphere;nearby,,
J180757.20-362952.2,1,vsx,0.00532,703,NC+NR+EA,V0618 Sgr,,703.0,1,271.9883682,-36.4978603,0.000142,AAAA,0000,0,True,,,,,,,,,2800.0,75.3499861749688,0.6477300623909058,-19.68269640485199,0.8763597218212951,-5.10599787744697,1.1225745876150737,2.1170032617310977,40.0,413.4797920558337,-0.1,417.96145490024645,0.2299042790636706,4038647942747847936,0.087792,12.964915,4.097908,0.1908,3.0285714285714285,1.221,3382.5,4410.0425,0,0,0.20099830869645444,330177203,11.534,,,,,V* V618 Sgr,RCrBV*,Me,True,False,True,False,True,False,False,True,True,True,True,True,False,False,,12,18,C,multi_survey;period_plausible;ir_excess;photosphere;nearby,,
J184309.02-081600.8,2,gaia_dr3;vsx,2.875363,0.74627,E;ECL,4251745876219084160;Gaia DR3 4251745876219084160,,0.74627,1,280.7876177,-8.266912,8.4e-05,AAAA,0000,0,True,3586.0,248.79739448157278,-0.9197651158511579,4.883234075548115,1.7738976097527916,-6.513839760994243,40.0,0.7094606999135188,2825.0,64.38494509110726,0.6104508083939915,-23.094826263103258,0.6441078148166988,-19.996912605589102,1.1432576206980822,1.4025753907842515,40.0,933.2477625041906,-0.1,935.2147316053259,0.261891752791769,4251745876273202560,0.02369,12.953095,3.228051,0.2361,7.87,0.868,,4235.493434985176,0,0,0.10650806739670557,163204564,11.52,3586.0,76.16,,GIANT,Gaia DR3 4251745876219084160,EclBin,,False,False,True,True,True,False,False,True,True,True,True,True,False,False,,12,18,C,match;multi_survey;ir_excess;photosphere;nearby,,
J185735.77+153021.8,2,vsx;ztf_chen2020,0.059241,0.665178;0.665178,EB;EW,ZTF J185735.77+153021.7;ZTFJ185735.77+153021.7,True,0.665178,1,284.399057,15.5060562,0.000113,AAAA,0000,0,True,,,,,,,,,2725.0,143.88083726121403,0.6344751103678019,-20.84996978493699,0.7911308580596771,-9.554963301417445,1.0626016766472768,0.6662980696759216,40.0,526.0186061722217,-0.1,526.4625168418736,0.12695315539896934,4507753105584315392,0.069941,13.782174,4.660088,0.0318,0.7130044843049328,1.112,,,0,0,0.06532141501137169,340309642,11.927,,,,,ZTF J185735.77+153021.7,LongPeriodV*,,True,False,True,True,True,False,False,True,True,True,True,False,True,False,,12,18,C,multi_survey;ir_excess;photosphere;not_evolved_or_wind,,
J060414.38+293904.2,1,atlas_heinze2018,0.162796,3.95657,DBH,J091.0599+29.6512,,3.95657,1,91.0599363,29.6511676,0.000113,AAAA,0000,0,True,3276.0,331.82380527400426,3.466178857842109,4.9341457894908896,1.5382905484253988,-2.3571579719371107,257.0,0.0010805875224589438,2675.0,153.53030408209665,0.685493691039981,-16.604620909283828,0.745236568385294,-12.372173395974157,1.0135138047188488,0.18801026658631037,40.0,428.78412270453293,-0.1,428.81945794141825,0.02889997265247321,3437501402051438208,0.036071,13.096789,3.774769,0.092,2.2660098522167487,1.177,,,0,0,0.0008664286408787343,79969837,11.475,3276.0,,,,ATO J091.0599+29.6512,LongPeriodV*,M4.0III,True,False,True,True,True,False,False,True,True,True,True,False,True,False,,12,18,C,multi_survey;ir_excess;photosphere;not_evolved_or_wind,,
J182058.94-020342.6,2,vsx;ztf_chen2020,0.024321,52.6376;52.6376,EB:;EW,ZTF J182058.94-020342.6;ZTFJ182058.94-020342.6,True,52.6376,1,275.2455967,-2.0618391,0.00019,AAAA,0000,0,True,,,,,,,,,2500.0,166.01558039674777,0.6894117748225111,-16.304570222616537,0.6891819582061767,-16.322075616815187,0.9560661780755961,-0.4619676825356635,40.0,532.4625767249742,-0.1,532.4625767249742,0.0,4271171944536001664,0.041256,14.788802,5.465255,0.1813,2.252173913043478,1.328,,,0,0,0.01376292189814762,168590091,13.169,,,,,ZTF J182058.94-020342.6,EclBin,,True,False,True,False,True,False,False,False,True,True,True,True,True,False,,12,18,C,multi_survey;period_plausible;ir_excess;photosphere;dust_over_ff,,
J144601.69-562022.1,2,gaia_dr3;vsx,2.578006,0.74138,E;ECL,5893029626523171456;Gaia DR3 5893029626523171456,,0.74138,1,221.5070731,-56.3394994,0.000121,AAAA,0000,0,True,4517.0,328.565098272703,2.1970585831252394,3.6809263351568005,1.5129184573874255,-1.2472521007421986,216.0,0.00033597421101848383,3225.0,80.79145944008975,0.6609511393247964,-18.565044691660507,0.6590016461019033,-18.727027505929208,0.9101640164226513,-1.0716549775649504,40.0,696.5108880021209,-0.1,696.5108880021209,0.0,5893029622165030144,0.041333,11.802189,2.098139,0.6992,41.129411764705885,1.002,,1430.2059496567506,0,0,0.017613818837190133,191327250,10.752,4517.0,22.591,,GIANT,Gaia DR3 5893029626523171456,EclBin,,False,False,True,True,True,False,False,False,True,True,True,True,True,False,,12,18,C,match;multi_survey;ir_excess;photosphere;dust_over_ff,,
J182338.78+060907.9,2,vsx;ztf_chen2020,0.066798,112.07;112.07,EB;EW,ZTF J182338.78+060907.8;ZTFJ182338.78+060907.8,True,112.07,1,275.9115844,6.1522077,0.000128,AAAA,0000,0,True,3060.0,121.89425862103157,-6.593793507991747,-0.24031104050474802,0.978981788823286,-13.744895737299947,40.0,0.0,2925.0,112.10081966313994,0.6833184516032259,-16.7726883254569,0.7836220907639624,-9.993308965992314,0.9024477297733753,-1.2099513533568846,40.0,382.65328003019073,-0.1,382.65328003019073,0.0,4476821713183883776,0.097209,12.741818,3.579442,0.148,3.8642297650130546,1.248,,,0,0,0.04473055327051217,318996384,11.363,3060.0,,,,ATO J275.9116+06.1522,EclBin,,True,False,True,False,True,False,False,False,True,True,True,True,True,False,,12,18,C,multi_survey;period_plausible;ir_excess;photosphere;dust_over_ff,,
J184909.72+050955.6,2,vsx;ztf_chen2020,0.050033,61.9911;61.9911,EB:;EW,ZTF J184909.72+050955.6;ZTFJ184909.72+050955.6,True,61.9911,1,282.2905139,5.1654625,9.9e-05,AAAA,0000,0,True,,,,,,,,,2500.0,359.4364006609921,0.7731722486865069,-10.617517733524183,0.7246552795248841,-13.751445699112105,0.8763659912129449,-1.7019008144670804,40.0,304.73040801961304,-0.1,304.73040801961304,0.0,4282291266962763008,0.095306,14.87309,5.646891,-0.1407,-1.0507841672890217,1.152,3767.0,2615.4663,0,0,0.14375648533339108,173929510,11.528,,,,,ZTF J184909.72+050955.6,EclBin,,True,False,True,False,True,False,False,False,True,True,True,True,True,False,,12,18,C,multi_survey;period_plausible;ir_excess;photosphere;dust_over_ff,,
J193939.18+155733.6,1,atlas_heinze2018,0.350686,1.98557,DBF,J294.9132+15.9594,,1.98557,1,294.9132771,15.9593368,0.000181,AAAA,0h00,0,True,,,,,,,,,2500.0,58.65538313517405,0.5520458734570753,-29.367125489815233,0.6295502067871898,-21.296196776686525,0.8394298836488996,-3.708656317998197,40.0,1329.710188370937,-0.1,1329.710188370937,0.0,4318740249224954496,0.089898,13.148309,4.857467,0.1486,2.983935742971888,1.011,,,0,0,0.03640647613968134,402167577,11.636,,,,,ATO J294.9132+15.9594,LongPeriodV*,,True,False,True,True,True,False,True,False,True,True,True,False,True,False,,12,18,C,multi_survey;ir_excess;dust_over_ff;not_evolved_or_wind,,
J180926.91-154036.3,1,vsx,0.237924,65.52,SR|ESD,ASAS J180927-1540.6,,65.52,1,272.3621431,-15.6767748,0.000204,AAAA,0000,0,True,3964.0,169.96299307956687,-3.2392783629141273,3.0995625565349725,1.1822557707618564,-3.965654739300207,40.0,0.12480298110734932,2975.0,50.48845359195917,0.5934928863745284,-24.788811058940414,0.5493091891676154,-29.69374019357026,0.6885753989389525,-9.093518915886543,40.0,1578.8954466726827,-0.1,1578.8954466726827,0.0,4145901870409709696,0.105698,10.072247,2.186419,0.7835,33.05907172995781,0.995,,1276.3241863433313,0,0,0.001501992379575112,365517097,9.023,3964.0,35.813,,GIANT,TYC 6264-2473-1,Star,,True,False,True,False,True,False,False,False,True,True,True,True,True,False,,12,18,C,multi_survey;period_plausible;ir_excess;photosphere;dust_over_ff,,
J084110.89-304021.5,1,atlas_heinze2018,0.177281,1.98411,DBF,J130.2954-30.6727,,1.98411,1,130.2953781,-30.6726545,4.8e-05,AAAA,0000,0,True,,,,,,,,,2700.0,40.89967927010572,0.5537515742202732,-29.16518855153876,0.5235946676621889,-32.92944901880403,0.6203386788458728,-15.102162444049965,40.0,2163.0321464152944,-0.1,2163.0321464152944,0.0,5641976109275550592,0.037777,11.358403,3.653732,0.32,8.465608465608465,1.248,15009.8,1600.562,0,0,0.0,185575635,9.979,,,,,ATO J130.2954-30.6727,LongPeriodV*_Candidate,,True,False,True,True,True,False,True,False,True,True,True,False,True,False,,12,18,C,multi_survey;ir_excess;dust_over_ff;not_evolved_or_wind,,
J181027.34-252339.0,3,gaia_dr3;ogle4_wang2024;vsx,2.843516,1.81193;1.81193,E;ECL;nan,4065000419117703040;OGLE-BLG-ECL-344790,True,1.81193,3,272.6139428,-25.3941811,0.000212,AAAA,00o0,0,False,,,,,,,,,2500.0,95.04516499129369,0.9183899731046719,-3.2160252712690722,1.5264491329227967,12.481797815372829,2.3935163122408243,9.030295149461061,350.0,13.115971637821078,-0.1,53.92991999825707,0.010266172763866337,4065000423344090496,0.045561,15.982522,5.453738,-0.0069,-0.044516129032258066,1.68,3328.0,2898.1445,6,9,4.943521482438601,249142719,14.404,,,,,OGLE BLG-LPV-222581,LongPeriodV*,,True,True,True,True,False,True,False,True,False,True,True,False,True,False,,11,18,C,wise_quality;photosphere;unconfused;not_evolved_or_wind,,
J173944.00-231450.4,2,gaia_dr3;vsx,1.889766,1.0507,E;ECL,4116517383448764544;OGLE-BLG-ECL-057824,,1.0507,2,264.9333705,-23.2473601,0.000103,AAAA,00h0,0,False,,,,,,,,,2500.0,138.63494058941146,0.8874837709659885,-4.58836347140992,1.776706221366898,15.821375060159303,3.1635133984707675,23.95259311019682,344.0,26.323442275343034,-0.1,114.3881779415701,0.014922312653649026,4116517387816809344,0.070077,14.868888,5.728245,0.2328,2.353892821031345,0.896,3933.6,2268.3198,2,2,1.1355316088548253,235794898,13.312,,,,,2MASS J17394400-2314504,LongPeriodV*,,True,True,True,True,False,True,False,True,False,True,True,False,True,False,,11,18,C,wise_quality;photosphere;unconfused;not_evolved_or_wind,,
J203633.18+282140.9,3,gaia_dr3;vsx;ztf_chen2020,2.614548,0.559912;0.559912,EA;ECL,1857303017408052096;ZTF J203633.29+282138.7;ZTFJ203633.29+282138.7,True,0.559912,2,309.138281,28.361375,0.000101,AAAA,0h00,1,False,,,,,,,,,2500.0,156.41452656560477,2.0021270150636985,18.11482777790093,30.43314454493703,35.00200316700847,198.74713817048527,23.48420222663658,381.0,202.99457371228075,-0.1,1237.1490007634568,0.6977523329912019,1857303017408052608,0.264972,18.685495,1.489914,0.1073,0.5482881962187021,1.254,,,3,4,7.08090604741043,243433305,17.875,,,,DWARF,ZTF J203633.29+282138.7,EclBin,,True,True,True,True,False,True,False,True,False,False,True,True,True,False,,11,18,C,wise_quality;photosphere;unconfused;tess_usable,,
J045605.87-692640.0,3,gaia_dr3;ogle_lmc_ecl;vsx,0.21385,2.5354;2.53543,E;ECL;NC,4655267433897950080;Gaia DR3 4655267433897950080;OGLE-LMC-ECL-03244,True,2.535415,2,74.02448,-69.4444603,0.0001,AAAA,0000,1,False,,,,,,,,,3750.0,52.47850527048495,0.8970208676128869,-4.154796408278595,62.07890665909944,35.60821964374713,406.32929830118024,14.44085526541256,219.0,35.14604571569987,-0.1,1493.7459401881772,0.5138757376447711,4655267433897950080,0.236175,15.006355,0.132536,0.0084,0.3800904977375565,1.082,19689.4,10264.961,0,0,0.5418581505014808,30268014,15.092,,,,,OGLE LMC-ECL-3244,EclBin,,True,True,True,True,False,True,True,True,False,False,True,True,False,False,,11,18,C,wise_quality;unconfused;tess_usable;nearby,,
J132301.79-622632.2,2,gaia_dr3;vsx,0.051584,31.029,EA;ECL,5868302365908389504;V1176 Cen,,31.029,2,200.7574618,-62.4422892,9.8e-05,AAAA,000p,0,False,8096.0,86.47643781271329,12.447480844629078,9.754312344092739,3.672532714325805,4.562435833275377,267.0,0.0003928235982621956,5325.0,4.00604259880217,0.9174836114525584,-3.254954799319923,1.1425644805712962,4.515789428105847,2.6983886756819833,8.436685908320591,188.0,10.599886553760072,-0.1,47.62041883820304,0.0006283902708601592,5868302365908389504,0.051584,9.757357,1.270836,0.3193,25.34126984126984,0.919,,3131.850923896023,0,0,0.0010871400447478063,449633350,9.111,8096.0,56.024,,GIANT,CD-61  3757,BlueSG,B1Ia,True,True,True,False,False,True,False,True,True,True,True,False,False,False,,11,18,C,period_plausible;wise_quality;photosphere;not_evolved_or_wind;nearby,,
J175624.26-322832.7,2,gaia_dr3;vsx,2.540056,0.967,E;ECL,4043372475517738496;OGLE-BLG-ECL-196488,,0.967,2,269.1010988,-32.4757638,7.4e-05,AAAA,00d0,0,True,,,,,,,,,2500.0,105.20313687749919,0.6118867561597814,-22.955696520714177,0.904745134706062,-3.8103421601556784,1.2175317953004672,2.282169132042261,40.0,541.4827621316379,-0.1,546.6910060758353,0.564953777765329,4043372475669631232,0.039282,15.15389,5.25571,0.1346,1.7212276214833757,0.963,3421.5,2838.591,1,5,2.159093279333628,260249582,13.587,,,,,OGLE BLG-LPV-130069,LongPeriodV*,,True,True,True,True,True,False,False,True,False,True,True,False,True,False,,11,18,C,ir_excess;photosphere;unconfused;not_evolved_or_wind,,
J093629.74-291418.7,2,asas3;vsx,0.04399,70.4;70.4,MISC/EC;MISC|EC,093630-2914.3;ASAS J093630-2914.3,True,70.4,2,144.1239544,-29.2385488,7.3e-05,AAAA,0000,0,True,3591.0,114.40086545373596,5.396931986739714,3.431562922221058,1.4099876606749,-3.440010104168767,366.0,0.0012256592718142161,3225.0,82.65174954590908,0.8091250309217085,-8.537611888993792,1.0044603092377262,0.16070717045029037,1.1927953644168492,1.9075113795112217,132.0,72.89082633221149,-0.1,76.5552432246871,0.0003335639950878267,5633582158327138560,0.003006,12.240333,2.582943,0.1293,6.563451776649747,1.301,3587.5,6040.2144,0,0,0.0,189624327,11.106,3591.0,89.316,,GIANT,2MASS J09362974-2914188,LongPeriodV*,,True,True,True,False,True,False,False,True,True,True,True,False,False,False,,11,18,C,period_plausible;ir_excess;photosphere;not_evolved_or_wind;nearby,,
J071515.12+021000.7,2,asas3;vsx,0.136197,194;194,EC/SR;EC|SR,071515+0210.0;ASAS J071515+0210.0,True,194.0,2,108.8130039,2.1668786,6.9e-05,AAAA,0000,0,True,3263.0,87.44091691707717,2.5558524656609163,5.6258465580298465,1.3885151335378183,-3.7035394313574104,256.0,0.0007834942067958562,2850.0,36.42522473157595,0.7459095685457421,-12.328356874429161,0.8401996534151926,-6.883325136463538,1.068593281891029,1.2906238997732986,40.0,199.3685795401285,-0.1,201.0342582082216,0.12226038378122689,3114967912380686848,0.025208,11.764508,2.983755,0.2103,6.450920245398773,1.323,,4755.111745126011,0,0,0.0032548200323914782,284336608,10.537,3263.0,,,,ATO J108.8130+02.1668,LongPeriodV*,M5.0III,True,True,True,False,True,False,False,True,True,True,True,False,False,False,,11,18,C,period_plausible;ir_excess;photosphere;not_evolved_or_wind;nearby,,
J011341.20-725049.9,1,ogle_lmc_ecl,2.061616,6.49003,NC,OGLE-SMC-ECL-5752,,6.49003,1,18.4216836,-72.8472192,0.000116,AAAA,0000,0,True,,,,,,,,,2500.0,329.9461781457134,3.6151494820902053,26.18022193942721,217.76174867344702,36.02501047974317,2437.449154284265,36.17635884095031,307.0,573.9448798231329,-0.1,2415.088953909456,5.395174216231066,4687236971381751680,0.0346,17.477827072143555,1.0843009948730469,0.1341,1.0676751995670128,1.715000033378601,,,2,6,3.087508997191375,183303273,16.5939998626709,,,,,LIN 497,Ae*,,False,False,True,True,True,True,False,True,False,False,True,True,True,True,,11,18,C,match;multi_survey;photosphere;unconfused;tess_usable,,
J073208.30-154429.7,2,gaia_dr3;vsx,0.019808,6.8945,E;ECL,3028329767670301568;Gaia DR3 3028329767670301568,,6.8945,1,113.0346155,-15.7415915,7.5e-05,AAAA,0h00,0,True,6626.0,1714.8294776458224,36.14752483218786,36.178753816375284,2906.2218720309484,35.56008422068299,480.0,1.6417899390774053,2500.0,906.5130642127718,14.285273969489198,33.65774426077492,155.86326765754805,35.959008390263264,504.5425897265524,36.119476098148645,473.0,143.79005317810484,-0.1,694.1756649696052,4.766837765588227,3028329767670301568,0.052898,15.351858,1.222965,0.1701,4.622282608695652,1.128,9199.6,4996.711,2,2,0.5191196568424054,56027879,14.782,6626.0,3.723,,DWARF,IRAS 07299-1538,EclBin,,True,False,True,True,True,True,False,True,False,False,True,True,False,False,,11,18,C,multi_survey;photosphere;unconfused;tess_usable;nearby,,
J131116.87-663822.1,1,vsx,0.111188,1030,ZAND+E,IRAS 13079-6622,,1030.0,1,197.8203032,-66.639499,3.1e-05,AAAA,ddh0,0,False,,,,,,,,,2500.0,337.7299770212344,3.0477377628529494,24.31642964910316,31.991367089915382,35.05992641691733,209.88763516359015,36.018775482199906,425.0,535.6469742080405,-0.1,1294.7058621694264,0.8935115773019712,5857807836679775872,0.096662,13.066842,1.932531,0.835,3.1110283159463483,20.553,,,0,0,0.024568201286761605,337910498,11.943,,,,GIANT,[W74] 47,AGB*_Candidate,,True,False,True,False,False,True,False,True,True,True,True,False,True,False,,11,18,C,multi_survey;period_plausible;wise_quality;photosphere;not_evolved_or_wind,,
J202348.86+392910.0,2,gaia_dr3;vsx,0.05419,31.05,E;ECL,2067246344586077440;Gaia DR3 2067246344586077440,,31.05,1,305.9535873,39.4861359,1.8e-05,AAAA,00h0,0,False,6608.0,2148.6085301987177,35.96974481197267,33.895254915406234,997.8757724768119,33.99069356865308,524.0,0.3681606955393275,2500.0,721.8817213638326,3.378240641857862,25.478172834487058,25.359797738501403,34.76409738226761,142.92224865478929,33.691859795167325,477.0,456.1338553325205,-0.1,725.6162227090069,0.7770379513923183,2067246344586077440,0.05419,15.869984,1.76539,0.5891,21.267148014440433,1.011,,1697.5046681378376,0,0,0.009735879723365148,14213808,14.988,6608.0,2.142,,DWARF,2MASS J20234886+3929101,EclBin,,True,False,True,False,False,True,False,True,True,False,True,True,True,False,,11,18,C,multi_survey;period_plausible;wise_quality;photosphere;tess_usable,,
J205902.82+754529.3,1,tess_ebs,0.633728,0.543368,0.581,315810194,,0.543368,1,314.7617675,75.7581604,4.5e-05,AAAA,00p0,0,False,,,,,,,,,2600.0,0.5829246306655015,1.1560563829128652,4.885461396071787,4.39413542342511,27.9549547898112,26.040779718351853,30.707132778168248,219.0,23.179915238746368,-0.1,577.9598720165316,0.0819125278638692,2278280112426236544,0.339252,16.169043,,2.727,53.78698224852071,1.073,,366.70333700036673,1,1,1.6871838126528458,1981631624,15.522,,,,,UCAC4 829-020263,**,,True,False,True,True,False,True,True,True,False,False,True,True,True,False,,11,18,C,multi_survey;wise_quality;unconfused;tess_usable,,
J095103.39-531335.7,1,gaia_dr3,0.14577,,ECL,5308591367570295168,,,1,147.7641366,-53.2265866,0.000124,AAAA,0h00,0,True,7785.0,1838.6871518113446,35.87586829109741,30.11796332474835,728.9143557732882,33.12424748601067,536.0,0.1590526984428301,2500.0,335.1638240447544,2.402737262724125,21.1287164786407,17.24096168495317,34.09206598344333,100.3495759915673,29.858796256198904,463.0,373.92263449645617,-0.1,702.9672324950849,0.48469376962604965,5308591367570295168,0.14577,15.152102,1.084515,0.3167,14.527522935779816,0.968,,3157.562361856647,0,1,0.7994246512472953,131623458,14.599,7785.0,3.12,,DWARF,Gaia DR3 5308591367570295168,EclBin,,True,False,True,True,True,True,False,True,False,False,True,True,False,False,,11,18,C,multi_survey;photosphere;unconfused;tess_usable;nearby,,
J224948.47+614846.9,2,vsx;ztf_chen2020,0.241878,8.78416;8.78416,EB:;EW,ZTF J224948.48+614847.1;ZTFJ224948.48+614847.1,True,8.78416,1,342.4519657,61.8130379,0.000101,AAAA,0000,0,True,4263.0,627.9901924046352,34.30681552563738,29.128797000647165,136.21564749846277,25.426468893511256,569.0,0.15606728620283195,2500.0,116.75416049337083,1.5285104267970282,12.513771466776804,7.213127496336016,31.173798378844005,48.47051830646295,28.738818243603884,216.0,154.34665557983465,-0.1,563.3166570535191,0.17127046183260705,2207098313764743680,0.148351,16.535803,2.503376,1.2157,28.141203703703702,1.038,4808.6,684.1862,1,1,0.23732794435025842,434081311,15.212,4263.0,2.236,,GIANT,ZTF J224948.48+614847.1,YSO,,True,False,True,False,True,True,False,True,False,False,True,True,True,True,,11,18,C,multi_survey;period_plausible;photosphere;unconfused;tess_usable,,
J201719.79+355642.8,1,vsx,0.01091,0.627569,EW|EA,WISE J201719.7+355642,,0.627569,1,304.3324917,35.9452427,0.000162,AAAA,0h00,0,True,,,,,,,,,2500.0,1489.3959463237363,6.705025849858793,30.793583067260684,22.922166329624627,34.612333070284855,91.20312401871583,28.258726586841867,685.0,301.27534843537023,-0.09000000000000001,20.595872258256524,1.1588581960192317,2057424334199634304,0.051187,18.091145,3.118399,0.8069,4.5255187885586095,1.81,8202.6,1108.9406,1,1,0.26341590861983305,416708814,16.9,,,,GIANT,,,,True,False,True,True,True,True,False,False,False,False,True,True,True,False,,11,18,C,multi_survey;photosphere;dust_over_ff;unconfused;tess_usable,,
J052747.63-714852.7,2,gaia_dr3;vsx,2.558971,0.428966,E;ECL,4651696391874283008;Gaia DR3 4651696391874283008,,0.428966,1,81.9484769,-71.8146514,0.000107,AAAA,0000,0,True,8590.0,2007.8757361252865,35.99057147341508,28.52517973720984,610.1784957465329,34.90503534003956,633.0,0.24244679925025078,2500.0,732.9537037614969,5.390548738951052,29.47738072371654,25.181881744783034,34.754014514066164,77.77539674988839,28.204639787136074,598.0,162.27410411235985,-0.1,21.152078084527744,1.00660851236598,4651696391895922688,0.048792,14.088257,0.384285,-0.0137,-0.8954248366013072,0.937,36649.3,18258.9,0,0,0.1050802577598387,280049433,13.945,8590.0,7.935,,GIANT,LHA 120-S 165,post-AGB*,,False,False,True,True,True,True,False,False,True,True,True,False,False,False,,11,18,C,match;multi_survey;photosphere;dust_over_ff;not_evolved_or_wind;nearby,,
J035056.00-204815.9,1,atlas_heinze2018,0.166784,4.75333,DBF,J057.7334-20.8044,,4.75333,1,57.7333709,-20.8044237,3.7e-05,AAAA,0000,1,False,,,,,,,,,2500.0,587.1040762534171,3.203921845907442,24.895298695832636,8.73247028980176,32.04676594838222,59.55128975394056,26.687606340604237,725.0,456.80574926551395,-0.1,191.15781842870732,0.43733058342157977,5093945085525624448,0.216818,14.775575,1.302899,7.9664,360.4705882352941,1.175,3763.4,125.2291,0,0,0.0,121106998,14.121,,,,DWARF,ATO J057.7334-20.8044,EmLine*,,True,False,True,True,False,True,False,False,True,True,True,False,True,False,,11,18,C,multi_survey;wise_quality;photosphere;dust_over_ff;not_evolved_or_wind,,
J174706.08-394943.3,1,gaia_dr3,2.968364,,ECL,5958098312346930816,,,1,266.7753594,-39.8287165,6.3e-05,AAAA,0000,0,True,,,,,,,,,2500.0,26.160143523275806,0.7123656924754675,-14.613046113281833,1.3531881897131286,9.44606738317801,3.0165619855578183,24.19370536548296,240.0,214.34507878082775,-0.1,425.07582197039096,0.008122490169652127,5958098312363456384,0.047281,13.569037,5.195405,-0.0012,-0.016973125884016973,0.883,3652.4,4450.5767,0,0,0.2695173854064862,469071388,11.962,,,,,2MASS J17470608-3949434,LongPeriodV*_Candidate,,False,False,True,True,True,True,True,True,False,True,True,False,False,False,,11,18,C,match;multi_survey;unconfused;not_evolved_or_wind;nearby,,
J181419.44-360126.6,1,vsx,0.171179,79.94,EA:,V1284 Sgr,,79.94,1,273.5810186,-36.0240702,9.7e-05,AAAA,0000,1,False,4179.0,276.175676582431,29.785839367072224,26.11333744829438,9.082411812992808,7.435842302442992,505.0,0.02859727705424326,2975.0,11.706186158731061,0.8223124225260457,-7.820297602809903,3.307030478275376,25.24748947430638,5.151964189676474,23.648486945032257,389.0,136.37335228945724,-0.1,493.2771655893415,0.02428351771362298,4038336613524114048,0.074235,11.475864,1.768255,0.3745,21.647398843930638,0.712,6335.0,2351.517,0,0,0.017702534570202395,56058009,10.624,4179.0,38.615,,GIANT,V* V1284 Sgr,RVTauV*,,True,False,True,False,False,True,False,True,True,True,True,False,True,False,,11,18,C,multi_survey;period_plausible;wise_quality;photosphere;not_evolved_or_wind,,
J221508.94+610241.0,2,vsx;ztf_chen2020,0.131318,15.0996;15.0996,EB:;EW,ZTF J221508.94+610241.2;ZTFJ221508.94+610241.2,True,15.0996,1,333.7872749,61.0447436,9.9e-05,AAAA,dd00,0,True,4097.0,1324.8056001125449,30.97380518118006,21.633379868693538,266.94855969188166,28.314788313704707,557.0,0.28543324940759396,2500.0,286.02311997900864,1.7554736881259583,15.575001028471705,10.61327769120105,28.924600085618472,80.9102573571781,21.44634373395198,210.0,239.68432166003078,-0.1,511.57601622649884,0.27994100041166836,2204553562828879616,0.077889,16.802366,2.349197,0.9804,19.26129666011788,1.058,5515.0,799.4815,0,1,0.36588423131465453,336199004,15.704,4097.0,1.956,,GIANT,ZTF J221508.94+610241.2,EclBin,,True,False,True,False,True,True,False,True,False,False,True,True,True,False,,11,18,C,multi_survey;period_plausible;photosphere;unconfused;tess_usable,,
J133901.74-240113.9,1,crts_south2017,1.873509,0.555587,1,J133901.7-240112,,0.555587,1,204.7572707,-24.020547,0.0001,AAAA,0000,1,False,5132.0,1236.0950080008718,36.01844446849619,21.276241170109596,1675.7642963711528,33.94296168810033,501.0,0.8203240606066167,2500.0,467.4982702981257,4.197036129731157,27.568167683697233,43.21135758033226,35.35366760290358,323.40889903232164,21.223118477058577,474.0,240.37966953900903,-0.1,740.1005998520543,1.1755531433933166,6191976422757560064,0.041877,17.981413,1.214888,-0.0631,-0.35489313835770525,1.07,5540.9,1678.2747,0,0,0.0,49256755,17.265,5132.0,1.096,,DWARF,[VV2006] J133901.8-240114,BLLac,,False,False,True,True,False,True,False,True,True,False,True,True,True,False,,11,18,C,match;multi_survey;wise_quality;photosphere;tess_usable,,
J194052.69+294848.3,2,gaia_dr3;vsx,1.996802,0.381128,E;ECL,2031682503614185984;Gaia DR3 2031682503614185984,,0.381128,1,295.2195554,29.8134239,0.000122,AAAA,0h00,0,True,5383.0,968.6022925533664,35.2582122688013,21.573036925088932,153.2582243252802,27.7559012638693,524.0,0.14060769541336982,2500.0,28.31639119111783,1.4568146210192718,11.348508033608995,10.31951994011753,32.684143799540855,38.03763875861329,21.143849435119563,396.0,67.70012064525,-0.1,617.634394131713,0.22271022168942597,2031682503600001920,0.111427,15.584437,1.959351,0.0826,3.176923076923077,0.983,4960.3,2686.4114,1,2,1.0644227825228691,216218189,14.603,5383.0,18.079,,GIANT,Gaia DR3 2031682503614185984,EclBin,,False,False,True,True,True,True,False,True,False,False,True,True,True,False,,11,18,C,match;multi_survey;photosphere;unconfused;tess_usable,,
J063957.56+440224.7,1,atlas_heinze2018,0.056095,2.00721,DBH,J099.9898+44.0402,,2.00721,1,99.989861,44.0402075,3.5e-05,AAAA,dhh0,0,False,3269.0,63.53896196601881,18.05058167325868,22.212930236473806,3.52187414788193,1.1440815797335713,396.0,0.010280215486582887,3000.0,37.176864558553575,0.9281137686454606,-2.803157926035732,1.737087333932652,15.356786978724488,3.039171411025722,20.813964721965544,355.0,11.087511998576053,-0.1,66.0896014098819,0.008792327919904577,964233871784567552,0.05538,12.123199,3.067056,0.2595,5.965517241379311,1.327,,3853.5645472061656,0,0,0.0,274217494,10.889,3269.0,,,,V* CV Aur,LongPeriodV*,M5.0III,True,False,True,True,False,True,False,True,True,True,True,False,False,False,,11,18,C,multi_survey;wise_quality;photosphere;not_evolved_or_wind;nearby,,
J174210.08-393656.4,2,gaia_dr3;vsx,2.594897,0.300638,E;ECL,5961151415614332416;Gaia DR3 5961151415614332416,,0.300638,1,265.5420027,-39.6156937,7.4e-05,AAAA,0000,0,True,,,,,,,,,2500.0,91.93867282387784,0.7755663308254229,-10.473024700552546,1.60056807469207,13.579730689066196,2.608724429590164,20.289149013618417,335.0,119.41158728835555,-0.1,240.55993139041578,0.010769381871360697,5961151415614329600,0.009867,14.860689,6.251979,-0.181,-2.1650717703349285,0.856,,,0,0,0.5314531557423297,147858585,13.119,,,,,2MASS J17421008-3936564,Mira,,False,False,True,True,True,True,False,True,False,True,True,False,True,False,,11,18,C,match;multi_survey;photosphere;unconfused;not_evolved_or_wind,,
J221540.39+521555.9,2,gaia_dr3;vsx,0.047351,6.1542,E;ECL,2001249121215647488;Gaia DR3 2001249121215647488,,6.1542,1,333.9183089,52.2655525,0.000126,AAAA,00hh,0,False,8047.0,1553.6414066795412,28.26365346603573,20.086807065669454,1035.3921144938176,32.28363295358945,547.0,0.11102986354700088,2500.0,200.99377565167208,1.9016552489675194,17.15978309853578,13.976131864198383,26.527662528273133,142.9358091855685,19.965559891752775,457.0,257.85127466711623,-0.1,561.702520473074,0.3540645336185504,2001249121215647488,0.080415,15.593076,0.622582,0.2013,6.57843137254902,1.087,10396.7,4079.157,0,0,0.015450190794542972,430839125,15.301,8047.0,1.855,,DWARF,2MASS J22154039+5215559,YSO,A2e,True,False,True,True,False,True,False,True,True,False,True,True,False,True,,11,18,C,multi_survey;wise_quality;photosphere;tess_usable;nearby,,
J080006.97-284829.6,2,gaia_dr3;vsx,0.597251,28.709,E;ECL,5597766189838132736;Gaia DR3 5597766189838132736,,28.709,1,120.0290488,-28.8082484,3e-06,AAAA,0000,0,True,6453.0,672.4409893139053,36.01444074181571,18.71038077931606,2032.7587501845996,28.77516611556078,370.0,0.3082401597917244,2500.0,45.40621032888221,1.429605662669356,10.875689567389635,45.48534182255525,35.39553935581548,417.27802854539004,18.674728545254055,204.0,110.09235128336195,-0.1,1456.5373474084477,1.382437061340103,5597766189838132736,0.60299,16.866308,0.914078,0.2219,4.473790322580645,1.004,10434.0,4424.7456,1,4,2.054392308900487,130348983,16.389,6453.0,1.285,,DWARF,Gaia DR3 5597766189838132736,EclBin,,True,False,True,True,True,True,False,True,False,False,True,True,False,False,,11,18,C,multi_survey;photosphere;unconfused;tess_usable;nearby,,
J185724.79+043830.6,2,gaia_dr3;vsx,2.205244,0.261314,E;ECL,4281591565250403456;Gaia DR3 4281591565250403456,,0.261314,1,284.3532924,4.6418468,0.000212,AAAA,0h00,0,True,,,,,,,,,2500.0,2154.402214346348,6.45200191439244,30.581907989736003,8.240426510411657,31.79929740413314,15.867326041572774,18.496550835444673,1416.0,66.23688205382034,0.6,155.13065309861068,1.7800554117107668,4281591569545752704,0.093823,19.4614,0.402254,0.1494,0.291796875,1.319,,,1,1,1.6234390940277386,227625987,17.907,,,,,Gaia DR3 4281591565250403456,EclBin,,False,False,True,True,True,True,False,True,False,False,True,True,True,False,,11,18,C,match;multi_survey;photosphere;unconfused;tess_usable,,
J213910.89+573517.9,1,ztf_chen2020,0.056351,18.4319,EW,ZTFJ213910.89+573518.0,,18.4319,1,324.7953976,57.5883244,0.000125,AAAA,0000,0,True,4175.0,1016.3849889415222,25.410794492001596,18.60306381078995,160.64742253041447,26.13336949773086,664.0,0.161376949162539,2500.0,87.07206110567495,1.4648055819628578,11.484032527932278,5.297063623463708,22.019168929166945,51.54532050739874,18.356422148901625,185.0,131.52706480900633,-0.1,271.8506467335802,0.16683396225194594,2178400063859655168,0.005826,17.203627,2.212122,1.1184,19.586690017513135,0.933,,894.134477825465,0,1,0.5509665006425786,421631842,16.164,4175.0,1.074,,DWARF,ZTF J213910.89+573518.0,TTauri*,M0,True,False,True,False,True,True,False,True,False,False,True,True,True,True,,11,18,C,multi_survey;period_plausible;photosphere;unconfused;tess_usable,,
J183234.88-132527.7,2,gaia_dr3;vsx,2.672722,7.1255,E;ECL,4104788106957964544;Gaia DR3 4104788106957964544,,7.1255,1,278.145366,-13.4243815,0.000164,AAAA,00h0,0,False,,,,,,,,,2500.0,89.10360540817882,0.7397574184440557,-12.73186704047349,1.4687386789858135,11.550195225943073,3.9038991251369146,18.355008171803988,232.0,162.79167167529624,-0.1,384.46974844206585,0.011311635742559216,4104788102669997696,0.039951,14.768101,2.744869,-0.0994,-0.5500830105146652,1.185,,,1,6,2.424273524251784,186192749,13.832,,,,,Gaia DR3 4104788106957964544,EclBin,,False,False,True,True,False,True,False,True,False,True,True,True,True,False,,11,18,C,match;multi_survey;wise_quality;photosphere;unconfused,,
J174350.87-255108.0,2,gaia_dr3;vsx,2.613595,3.4124,E;ECL,4067128150107606912;Gaia DR3 4067128150107606912,,3.4124,1,265.9619976,-25.8522237,9.4e-05,AAAA,00d0,0,True,,,,,,,,,2500.0,202.21235681223374,1.209208085077671,6.261530310623536,2.0284123466118698,18.349071873902513,2.8373329427671874,17.148179649572775,629.0,2.904850034599521,0.42000000000000004,22.90906819398854,0.042183137136161085,4067128150158967936,0.160905,15.195143,5.979731,-0.2331,-2.072,1.038,,,1,3,1.1568956411862532,203184511,13.413,,,,,OGLE BLG-LPV-248557,Mira,,False,False,True,True,True,True,False,True,False,True,True,False,True,False,,11,18,C,match;multi_survey;photosphere;unconfused;not_evolved_or_wind,,
J182643.92-142316.3,2,gaia_dr3;vsx,0.576473,2.01631,E;ECL,4104249857339940736;Gaia DR3 4104249857339940736,,2.01631,1,276.6830307,-14.3878775,0.000121,AAAA,0ddd,0,True,,,,,,,,,2500.0,1249.6647572473887,1.9051718834844538,17.194911982267488,3.383680640629908,25.495396354654698,8.494609552752006,16.805639952817643,829.0,86.94512630084526,0.32999999999999996,8.379145850495876,0.1746451579804181,4104249861642964352,0.152623,18.353159,,,,,,,3,9,7.939298180070625,176703926,17.851,,,,,Gaia DR3 4104249857339940736,EclBin,,True,False,True,True,True,True,False,False,False,False,True,True,True,False,,11,18,C,multi_survey;photosphere;dust_over_ff;unconfused;tess_usable,,
J092254.75-554411.9,1,tess_ebs,0.042314,1.53782,0.613,436802660,,1.53782,1,140.7281297,-55.7366639,0.00012,AAAA,0hhd,0,False,13174.0,208.31598872670062,25.788184860730134,18.961591193181906,6.932374099350597,15.859494504843958,893.0,0.001808670286090422,5250.0,13.392671958813253,1.1811307379956089,5.550054528542311,2.0508464307490306,18.5442459009209,3.944488291144168,16.54045303070323,420.0,22.52698640897782,0.16,3.107064949332984,0.003144145587031854,5310311416074775936,0.090235,9.250718,0.304378,0.6977,42.03012048192771,1.047,18658.3,1416.9586,0,0,0.00025274633337317106,436802660,9.173,13174.0,,,,HD  81354,Be*,B3/5Ve,True,False,True,True,False,True,False,False,True,True,True,False,True,False,,11,18,C,multi_survey;wise_quality;photosphere;dust_over_ff;not_evolved_or_wind,,
J130939.14-660620.3,2,gaia_dr3;vsx,0.330017,52.27,E;ECL,5858633741731138176;Gaia DR3 5858633741731138176,,52.27,1,197.4131207,-66.1056591,0.000119,AAAA,0000,0,True,6149.0,454.6994002778497,24.27867044411358,16.618510060302334,196.22740445610486,14.742911273955983,507.0,0.14879915364286495,2500.0,38.55503762252191,1.809850144356524,7.964463607149912,14.760389565254815,23.00406324354478,43.17694146721899,16.316769232980644,421.0,17.246307481973314,-0.1,214.7074391675183,0.34091838063209995,5858633741731138176,0.35224,15.787449,1.521353,0.3636,9.880434782608695,1.174,5396.7,1705.2476,1,2,0.9677748077726024,337496668,14.97,6149.0,3.944,,DWARF,Gaia DR3 5858633741731138176,EclBin,,True,False,True,False,True,True,False,True,False,False,True,True,True,False,,11,18,C,multi_survey;period_plausible;photosphere;unconfused;tess_usable,,
J193241.20+275517.5,2,vsx;ztf_chen2020,2.648525,0.336217;0.336217,EW,ZTF J193241.37+275518.9;ZTFJ193241.37+275518.9,True,0.336217,1,293.1716702,27.9215502,5.2e-05,AAAA,hh00,0,True,,,,,,,,,2700.0,81.14359215891858,0.7130758591220133,-14.562449131939537,1.3086272966123964,8.535351778568184,2.5052416354018203,15.910984952223929,256.0,213.21081037313715,-0.1,341.96737209627463,0.005271728871736883,2025353027473937792,0.031119,14.077621,4.686032,0.1399,3.0479302832244004,1.05,,,2,4,1.297468888986694,350945816,12.564,,,,,ZTF J193241.20+275517.6,LongPeriodV*,,False,False,True,True,True,True,False,True,False,True,True,False,True,False,,11,18,C,match;multi_survey;photosphere;unconfused;not_evolved_or_wind,,
J031344.01+585555.1,2,vsx;ztf_chen2020,0.034795,2.02715;2.02715,EB:;EW,ZTF J031344.00+585555.1;ZTFJ031344.00+585555.1,True,2.02715,1,48.4333751,58.9319807,0.000111,AAAA,0000,0,True,4941.0,1207.475058230344,28.819351385168897,15.475496255948777,442.8924700440321,30.36206840634962,546.0,0.2663965772528052,2500.0,207.19770840629317,1.9348301461361148,17.486098835535877,13.896263751906394,27.232559056267604,103.24097647464835,15.360281153981042,468.0,128.78968086627174,-0.1,416.21071519022803,0.3507997483919034,461958612120124288,0.009878,17.303108,2.059715,0.3609,4.260920897284533,1.013,,,0,1,0.7702496032503215,384808858,16.266,4941.0,2.585,,GIANT,ZTF J031344.00+585555.1,TTauri*,K3,True,False,True,False,True,True,False,True,False,False,True,True,True,True,,11,18,C,multi_survey;period_plausible;photosphere;unconfused;tess_usable,,
J024119.48+585412.8,1,ztf_chen2020,0.796656,14.2401,EW,ZTFJ024119.52+585413.5,,14.2401,1,40.3311925,58.9035642,5.4e-05,AAAA,0h00,0,True,,,,,,,,,2500.0,262.02499189350493,1.8311365581884005,16.4268661137972,7.772772137481405,31.53505504503908,40.506991741512785,15.346848270641221,544.0,112.94878377498833,-0.1,158.44405043663994,0.22125276929440518,464201061785332480,0.968767,17.54977,2.600167,1.1196,13.328571428571427,1.034,,893.1761343336907,1,1,0.7428271026640868,245674155,16.195,,,,,ZTF J024119.52+585413.5,EclBin,,True,False,True,False,True,True,False,True,False,False,True,True,True,False,,11,18,C,multi_survey;period_plausible;photosphere;unconfused;tess_usable,,
J175529.65-322425.8,2,gaia_dr3;vsx,1.954089,0.77034,E;ECL,4043541559801589888;Gaia DR3 4043541559801589888,,0.77034,1,268.873568,-32.4071772,0.00018,AAAA,0o0d,0,True,,,,,,,,,2500.0,186.51182053073273,0.7276749838952077,-13.544193767368975,1.3937749282099154,10.22488608526966,2.4251952171804154,15.191570825770736,289.0,186.8211394086335,-0.1,307.41776192993194,0.007446001857098969,4043541564105332096,0.109595,15.300293,5.599627,0.2751,3.3796068796068797,0.856,,,1,1,1.4517653771907855,259044405,13.694,,,,,OGLE BLG-LPV-121788,LongPeriodV*,,False,False,True,True,True,True,False,True,False,True,True,False,True,False,,11,18,C,match;multi_survey;photosphere;unconfused;not_evolved_or_wind,,
J190346.83+162616.8,1,vsx,0.140687,434.33,ZAND+EA,V1413 Aql,,434.33,1,285.9451574,16.438021,3.4e-05,AAAA,hh00,0,True,4991.0,548.8717584030196,26.103124438364112,25.96096741409666,6.130558029229296,18.242617661394423,924.0,0.03563306720349396,2650.0,2.2599324421825306,0.8170713007226488,-8.102610364565582,1.1888414645955991,5.748790487124565,1.9184541616829454,14.851226958318616,258.0,66.00727548769785,-0.1,111.53360931381722,0.0034107726849681086,4513784888949326720,0.054064,11.752253,1.733137,0.069,2.3154362416107386,2.455,,,0,1,0.38742688007788145,355716492,10.826,4991.0,54.859,,GIANT,EM* AS  338,Symbiotic*,M5IIIe,True,False,True,False,True,True,False,True,False,True,True,False,True,False,,11,18,C,multi_survey;period_plausible;photosphere;unconfused;not_evolved_or_wind,,
J175013.92-353836.0,2,gaia_dr3;vsx,2.832968,0.5547,E;ECL,4040670185298088832;Gaia DR3 4040670185298088832,,0.5547,1,267.558041,-35.6433383,0.000107,AAAA,00d0,0,True,,,,,,,,,2500.0,93.63211686294487,0.6208818166252095,-22.098802410282982,1.354141799857845,9.464901774300502,2.7939472301810633,14.832621916473537,249.0,490.2959837878566,-0.1,708.7891759305033,0.007613498645142795,4040670185298048896,0.071577,14.835825,5.049795,0.1207,1.5695708712613785,1.009,3538.7,2961.535,1,6,2.8050551022506744,444567764,13.339,,,,,OGLE BLG-LPV-60871,LongPeriodV*,,False,False,True,True,True,True,False,True,False,True,True,False,True,False,,11,18,C,match;multi_survey;photosphere;unconfused;not_evolved_or_wind,,
J223403.66+555035.6,2,gaia_dr3;vsx,0.04223,30.1,E;ECL,2006587834280977152;Gaia DR3 2006587834280977152,,30.1,1,338.5152789,55.843225,7.2e-05,AAAA,00P0,0,False,5986.0,1105.6541410944164,28.51996811269753,14.25508521942771,462.0688722449649,29.893340037427883,634.0,0.11925174984157215,2500.0,141.89095410646524,1.7111105101825486,15.040494109813492,8.142040567671994,25.740183977829943,98.0138202811306,14.140247711335439,517.0,148.73850228465267,-0.1,265.4282783586723,0.213786227051684,2006587834280977152,0.1026,16.82432,1.309908,0.2455,4.712092130518234,0.974,,,0,0,0.16435842550881327,64653890,16.178,5986.0,2.428,,DWARF,Gaia DR3 2006587834280977152,EclBin,,True,False,True,False,False,True,False,True,True,False,True,True,True,False,,11,18,C,multi_survey;period_plausible;wise_quality;photosphere;tess_usable,,
J112529.80-601117.6,2,gaia_dr3;vsx,0.042536,19.939,E;ECL,5336022121145223808;Gaia DR3 5336022121145223808,,19.939,1,171.3741973,-60.1882465,0.000107,AAAA,0000,0,True,5896.0,1684.1296072885239,19.67020697951862,14.408344656799313,212.45805798532356,31.3571585613096,1074.0,0.17664996804462177,2500.0,277.27209980885146,1.8522475982714166,16.652130700110444,3.289684460628026,14.532568198754694,37.57580543671057,14.091221986875851,855.0,165.98606871753077,0.12,131.93337076363895,0.1739057965601038,5336022121145223808,0.058272,15.593506,1.111854,0.4116,14.913043478260871,1.001,5748.6,1878.0686,0,2,0.8467648576426469,315841829,15.001,5896.0,1.909,,DWARF,Gaia DR3 5336022121145223808,EclBin,,True,False,True,True,True,True,False,False,False,False,True,True,True,False,,11,18,C,multi_survey;photosphere;dust_over_ff;unconfused;tess_usable,,
J070559.97-781020.9,2,gaia_dr3;vsx,2.32563,15.209,E;ECL,5211561459256742656;Gaia DR3 5211561459256742656,,15.209,1,106.4999101,-78.1724793,0.000102,AAAA,0000,1,False,4845.0,268.02196395534963,26.586426699950366,14.077712414560624,619.5890805856285,23.78135037208713,433.0,0.1824759526484561,2675.0,10.755990027271453,1.702113716707862,14.928698644989058,23.511442042370795,25.988928712527926,283.1488342187208,14.050671398635004,388.0,124.81449872203119,-0.1,640.7280789761904,0.4230103001425715,5211561459256742656,2.32563,17.77207,1.489578,0.1936,2.456852791878173,0.966,4871.9,1071.7628,0,1,0.12334137909017366,278054944,17.003,4845.0,1.787,,GIANT,Gaia DR3 5211561459256742656,EclBin,,False,False,True,True,False,True,False,True,True,False,True,True,True,False,,11,18,C,match;multi_survey;wise_quality;photosphere;tess_usable,,
J182416.79-200713.7,2,gaia_dr3;vsx,2.453673,8.2277,E;ECL,4091428353559180032;Gaia DR3 4091428353559180032,,8.2277,1,276.0699699,-20.1204881,3.6e-05,AAAA,0000,0,True,,,,,,,,,2500.0,118.45417203931922,0.6914280114951077,-16.151490062309563,1.222368565325415,6.58376447776896,2.5998975098751793,13.919351979068136,219.0,261.1395078761494,-0.1,404.0127887767533,0.005887438631691267,4091428353559181312,0.067805,14.272645,5.238587,0.1362,2.2254901960784315,1.028,,,0,3,1.26251173423358,132800136,12.712,,,,,2MASS J18241678-2007136,LongPeriodV*,,False,False,True,True,True,True,False,True,False,True,True,False,True,False,,11,18,C,match;multi_survey;photosphere;unconfused;not_evolved_or_wind,,
J175059.60-254042.5,2,gaia_dr3;vsx,2.150058,1.54474,E;ECL,4067015381398363648;Gaia DR3 4067015381398363648,,1.54474,1,267.7483417,-25.6784995,9.7e-05,AAAA,d00d,0,True,,,,,,,,,2500.0,1211.1210529295922,2.355837227979703,20.82885224684898,3.345033591944813,25.371821659028356,5.497364562584209,13.878671645762028,1134.0,25.531761051318867,0.6,32.08088295282809,0.3310774352351259,4067015381414024832,0.13618,17.601484,6.178444,0.3009,1.4349070100143062,1.203,,,3,7,2.45284663508139,129745231,14.497,,,,,2MASS J17505961-2540426,LongPeriodV*_Candidate,,False,False,True,True,True,True,False,True,False,True,True,False,True,False,,11,18,C,match;multi_survey;photosphere;unconfused;not_evolved_or_wind,,
J211416.76+470655.4,2,gaia_dr3;vsx,0.035035,9.1579,E;ECL,2164438843172444160;Gaia DR3 2164438843172444160,,9.1579,1,318.5698609,47.1153963,0.000114,AAAA,hh00,0,True,6750.0,945.8613341083906,25.569841951644893,13.727786944539503,874.8626814267127,29.145356614509353,452.0,0.14123286792683887,2500.0,38.298107665212015,1.3345654753947875,9.072861946339513,17.9967916445758,24.414446987605977,157.81531401014212,13.656410314550316,203.0,79.46083654394066,-0.1,635.9648724678584,0.5307576161942122,2164438843172444160,0.142291,17.319794,1.360132,0.0901,1.5092127303182579,0.979,8107.1,3214.9573,0,1,0.7974035539042875,137695327,16.634,6750.0,1.934,,DWARF,Gaia DR3 2164438843172444160,EclBin,,True,False,True,True,True,True,False,True,False,False,True,True,False,False,,11,18,C,multi_survey;photosphere;unconfused;tess_usable;nearby,,
J074233.18-330405.7,2,gaia_dr3;vsx,0.127373,59.3,E;ECL,5594949722077327744;Gaia DR3 5594949722077327744,,59.3,1,115.6382517,-33.0682649,0.000114,AAAA,hh00,0,True,6794.0,1102.6729399469582,21.422422937080857,13.390772898907787,1001.9714454271224,31.211752957675785,540.0,0.1389685485945419,2500.0,202.90346836019356,1.761099163048199,15.640855326250666,13.540634447367966,20.111052998393298,168.3422272517075,13.324526265117289,450.0,124.64383249148078,-0.1,336.4585056363772,0.3256162151042255,5594949722077327744,0.127373,18.122528,1.889223,0.0861,0.8670694864048338,1.008,5271.4,926.0151,1,1,0.1319812994542561,149139640,17.174,6794.0,3.225,,DWARF,Gaia DR3 5594949722077327744,EclBin,,True,False,True,False,True,True,False,True,False,False,True,True,True,False,,11,18,C,multi_survey;period_plausible;photosphere;unconfused;tess_usable,,
J172259.93-255956.9,2,gaia_dr3;vsx,2.446858,0.345488,E;ECL,4109897778032909952;Gaia DR3 4109897778032909952,,0.345488,1,260.7497386,-25.9991397,0.000126,AAAA,0000,0,True,,,,,,,,,2600.0,151.60260378328846,0.666295615837285,-18.125834987756917,1.417625044616971,10.661743330888722,3.253433420364491,13.193264573149133,244.0,330.0150923007953,-0.1,528.7729410468588,0.008362430352462346,4109897778096108544,0.097932,14.871559,5.080675,0.1328,1.8444444444444446,1.085,,,0,2,0.7591110273298478,84807056,13.31,,,,,2MASS J17225993-2559568,LongPeriodV*_Candidate,,False,False,True,True,True,True,False,True,False,True,True,False,True,False,,11,18,C,match;multi_survey;photosphere;unconfused;not_evolved_or_wind,,
J191614.84+181025.2,2,gaia_dr3;vsx,2.710886,0.382936,E;ECL,4515197589557359872;Gaia DR3 4515197589557359872,,0.382936,1,289.0618746,18.1736694,9.6e-05,AAAA,hh00,0,True,,,,,,,,,2500.0,592.1051643655273,1.2981633554353798,8.31242972550211,1.6795175593266074,14.642633769695648,2.3536322370157263,13.009037553936851,851.0,15.015035619463479,0.6,1.13979376221145,0.05403520904415858,4515197589578005632,0.066977,16.359167,6.799088,-0.255,-2.2767857142857144,1.006,3840.9,4862.7563,0,0,0.14756177361417683,353654131,12.147,,,,,ZTF J191614.83+181025.1,LongPeriodV*,,False,False,True,True,True,True,False,False,True,True,True,False,False,False,,11,18,C,match;multi_survey;photosphere;dust_over_ff;not_evolved_or_wind;nearby,,
J063153.33+093413.1,1,atlas_heinze2018,0.041634,0.996364,DBH,J097.9722+09.5703,,0.996364,1,97.9722317,9.5703092,0.00018,AAAA,0000,0,True,,,,,,,,,2550.0,7.273046756534902,1.0891698177957183,2.9629569840153662,4.789137601042443,16.208077769011147,49.288730258664515,12.226530143626505,180.0,8.70139255171849,-0.1,278.4813282124395,0.1500633745437675,3327230320046303616,0.059351,17.106153,2.136495,1.6251,19.300475059382425,1.15,,615.3467478924374,1,1,0.2679091830149301,229280638,15.958,,,,GIANT,ATO J097.9722+09.5703,EmLine*,,True,False,True,True,True,True,True,True,False,False,True,False,True,False,,11,18,C,multi_survey;unconfused;tess_usable;not_evolved_or_wind,,
J210925.70+490005.7,2,gaia_dr3;vsx,0.281892,10.064,E;ECL,2165576081790325888;Gaia DR3 2165576081790325888,,10.064,1,317.3571178,49.0016054,7.3e-05,AAAA,dd00,0,True,7494.0,198.76157248055236,14.331026551171744,11.617350865091334,203.9870451057092,12.658110684085647,468.0,0.012327033397429557,4250.0,3.648342877654187,1.039142603039606,1.3632566292076753,6.791479447125139,13.418388382156955,119.74575444813509,11.577088093075425,159.0,1.8499014894429082,-0.1,274.4125661119407,0.08338455143898263,2165576081790325888,0.332749,15.839069,1.705745,0.073,2.579505300353357,1.007,9538.0,4697.104,0,1,0.3817261888171754,358325228,14.99,7494.0,10.157,,GIANT,Gaia DR3 2165576081790325888,EclBin,,True,False,True,True,True,True,False,True,False,False,True,True,False,False,,11,18,C,multi_survey;photosphere;unconfused;tess_usable;nearby,,
J115533.43-783445.3,2,gaia_dr3;vsx,2.198768,0.257416,E;ECL,5200125984277006464;Gaia DR3 5200125984277006464,,0.257416,1,178.8893105,-78.5792711,8e-05,AAAA,0000,0,True,6948.0,631.2974909214718,29.15900043763481,10.742665607634684,1493.4917242855595,31.45152855744777,448.0,0.21578884636876194,2500.0,38.150459358938946,2.950325135679441,23.92435311901451,45.89074227164877,28.704785116649536,398.36313129871115,10.722878327305944,420.0,62.953760290072616,-0.1,600.0204484812145,1.0535000660352998,5200125988571874432,0.41382,19.14329,0.799925,-0.09,-0.4205607476635514,1.052,,,1,4,2.8866097833871085,904178066,18.806,6948.0,,,DWARF,Gaia DR3 5200125984277006464,EclBin,,False,False,True,True,True,True,False,True,False,False,True,True,True,False,,11,18,C,match;multi_survey;photosphere;unconfused;tess_usable,,
J030453.76+574207.5,2,gaia_dr3;vsx,0.052877,5.3166,E;ECL,460327452260671232;Gaia DR3 460327452260671232,,5.3166,1,46.2240077,57.7021041,5.8e-05,AAAA,000p,0,False,6673.0,1420.7365319674655,35.57042166073842,10.922849310974515,248.2180340595213,30.879492233515276,575.0,0.12207446871530696,2500.0,135.6518898932583,1.736009738210256,15.343854400518799,11.204883878104544,32.961257526466355,44.01101810218868,10.717844035186443,474.0,31.198354861432506,-0.1,367.9886487581557,0.27039535009865073,460327452260671232,0.064033,16.115685,1.405353,0.4361,9.979405034324943,0.978,9561.7,3130.702,0,0,0.09778748770203385,251674085,15.405,6673.0,2.202,,DWARF,Gaia DR3 460327452260671232,EclBin,,True,False,True,True,False,True,False,True,True,False,True,True,False,False,,11,18,C,multi_survey;wise_quality;photosphere;tess_usable;nearby,,
J075010.83-283151.6,1,asassn,1.1037817341822844,86.652,EA,J075010.77-283151.1,,86.652,1,117.5451657,-28.5310079,0.000142,AAAA,0000,0,True,8323.0,234.4995163304983,29.067527960991562,11.53900180913991,11.626819226864322,17.794617077890095,808.0,0.008613296234321196,4275.0,16.363712906993904,1.2855186922862643,8.03820753989631,2.9418838344234626,23.889155193662774,6.496981685730838,10.681654246478281,602.0,17.22236955598354,-0.060000000000000005,8.413521423897711,0.016456557802254756,5600568570087420672,0.027763,11.250532,0.881374,0.1481,4.501519756838906,2.007,23510.8,3662.002,0,0,0.0023332493638400726,127972931,10.821,8323.0,13.584,,GIANT,CD-28  4944,EmLine*,OB+e,True,False,True,False,True,True,False,False,True,True,True,False,False,False,,11,18,C,multi_survey;period_plausible;photosphere;dust_over_ff;not_evolved_or_wind;nearby,,
J163027.47-472834.2,2,gaia_dr3;vsx,1.292354,28.459,E;ECL,5941979128260192256;Gaia DR3 5941979128260192256,,28.459,1,247.6144639,-47.4761808,6.8e-05,ABBA,ddPP,0,False,7601.0,495.93003165297455,4.62867023035246,10.593353576904972,208.22920418378624,2.2258761921237724,238.0,0.0318472842387358,3125.0,20.868921498049538,0.5856494225403828,-4.771211548612657,9.894249886637457,4.299568922291675,62.605265888205295,10.474447399789431,218.0,23.442966167982416,-0.1,150.96480089010674,0.1196911170299765,5941979128260192256,1.354483,16.008398,2.19289,0.2865,6.241830065359476,0.973,,3490.4013961605588,0,0,0.16675057494540482,226591688,14.925,7601.0,6.646,,GIANT,Gaia DR3 5941979128260192256,EclBin,,True,False,True,True,False,True,False,True,True,False,True,True,False,False,,11,18,C,multi_survey;wise_quality;photosphere;tess_usable;nearby,,
J131230.99-644057.6,1,vsx,0.34487,32.8316,EA,OGLE-GD-ECL-08640,,32.8316,1,198.1291631,-64.6826861,7.9e-05,AAAA,0000,0,True,4439.0,321.41411975667734,19.570385618999005,10.564615283757899,133.29365015015222,4.513595036083006,209.0,0.08771108041693179,2800.0,23.096096103644634,0.6744208579756966,-10.919648621154867,7.410019455125703,18.061797786560632,59.34062907653625,10.465093428960097,200.0,120.73716859725975,-0.1,554.9854457689597,0.1483877775419901,5858970295302767744,0.30113,17.778791,2.849081,0.0279,0.24452234881682736,1.178,,,3,11,2.066077087175437,442500712,16.478,4439.0,11.912,,GIANT,,,,True,False,True,False,True,True,False,True,False,False,True,True,True,False,,11,18,C,multi_survey;period_plausible;photosphere;unconfused;tess_usable,,
J201032.79+424710.1,2,vsx;ztf_chen2020,0.380231,0.706767;0.706767,EA,ZTF J201032.76+424709.9;ZTFJ201032.76+424709.9,True,0.706767,1,302.6366424,42.7861514,0.000152,AACA,0000,0,False,,,,,,,,,2500.0,3.2290690173278147,0.7692953415771971,-7.078312781511803,25.231804187865666,2.646461274681844,254.5085406560161,10.107198073580866,174.0,51.18875515225965,-0.1,159.26172200990078,0.8325647234029553,2074945533027152256,0.429524,19.204416,2.438868,0.0578,0.13460642757335817,2.503,,,1,3,0.9944875556233324,185771463,18.091,,,,DWARF,ZTF J201032.76+424709.9,EclBin,,True,False,True,True,False,True,True,True,False,False,True,True,True,False,,11,18,C,multi_survey;wise_quality;unconfused;tess_usable,,
J190622.17+051540.6,2,gaia_dr3;vsx,0.058165,0.260072,E;ECL,4305515739990838144;Gaia DR3 4305515739990838144,,0.260072,1,286.5923941,5.2613055,6.3e-05,AAAA,0000,0,True,,,,,,,,,2500.0,1942.6782039094637,3.0165056600409046,24.193481342872847,4.783649460117293,20.945561614966948,12.915564799173165,9.449736198997439,1095.0,33.29707001419927,0.6,17.71323491772101,0.4833301892143868,4305515739990838144,0.058165,19.869915,3.754158,-0.32,-0.529625951671632,1.201,,,0,4,2.6331606980675457,179178821,18.603,,,,,Gaia DR3 4305515739990838144,EclBin,,True,False,True,True,True,True,False,False,False,False,True,True,True,False,,11,18,C,multi_survey;photosphere;dust_over_ff;unconfused;tess_usable,,
J124038.46-631351.7,2,gaia_dr3;vsx,2.832468,2.55539,E;ECL,6055095888067184640;Gaia DR3 6055095888067184640,,2.55539,1,190.1602533,-63.2310368,6.8e-05,AAAA,000d,0,True,,,,,,,,,2500.0,2126.006879376685,3.094129578760668,24.494474059551738,3.2990864843343197,25.221137687306708,6.434988211652104,8.990316869882216,1500.0,37.61958019294558,0.6,143.51244642847993,0.6694972220332973,6055095888067183872,0.125437,19.042908,4.511045,0.365,1.3634665670526709,1.14,,,1,3,11.135571883424094,339176547,17.553,,,,,Gaia DR3 6055095888067184640,EclBin,,False,False,True,True,True,True,False,True,False,False,True,True,True,False,,11,18,C,match;multi_survey;photosphere;unconfused;tess_usable,,
J173849.48-224710.5,2,gaia_dr3;vsx,1.740774,0.56965,E;ECL,4116754431408929024;Gaia DR3 4116754431408929024,,0.56965,1,264.7061867,-22.7862618,0.000159,AAAA,h000,0,True,,,,,,,,,2500.0,128.46083987769754,0.6480331752955572,-19.656561784360424,1.1445965767151516,4.572025393560604,2.066362433531392,8.362725787945395,216.0,386.58479680666653,-0.1,468.7806606869299,0.0038879202609100327,4116754435655838208,0.057836,15.165679,5.333674,0.0857,1.118798955613577,0.951,,,0,5,1.1960507488628784,235022869,13.688,,,,,OGLE BLG-LPV-15438,LongPeriodV*,,False,False,True,True,True,True,False,True,False,True,True,False,True,False,,11,18,C,match;multi_survey;photosphere;unconfused;not_evolved_or_wind,,
J174731.44-172852.7,2,gaia_dr3;vsx,2.474022,0.440812,E;ECL,4120750748074643328;Gaia DR3 4120750748074643328,,0.440812,1,266.8810285,-17.4813139,0.000127,AAAA,0000,0,True,,,,,,,,,2625.0,80.00091863341495,0.7721102545684863,-10.681900494741717,1.06237608149177,2.124921396054693,1.596568470962088,6.994699713589437,198.0,114.12053595086554,-0.1,146.5311402489812,0.0017719705566278893,4120750748119727232,0.088474,13.4057,4.369607,0.1515,3.1761006289308176,0.856,,,1,2,0.49218829969973726,420156216,11.74,,,,,2MASS J17473144-1728526,LongPeriodV*,,False,False,True,True,True,True,False,True,False,True,True,False,True,False,,11,18,C,match;multi_survey;photosphere;unconfused;not_evolved_or_wind,,
J173934.81-354246.9,1,vsx,0.142695,601.779,E,OGLE-BLG-ECL-057022,,601.779,1,264.8950545,-35.7130462,0.000121,AAAA,0o00,0,True,,,,,,,,,2500.0,273.6070873989142,0.8779477410596453,-5.031300087942034,1.397410070791434,10.292433385937022,2.0695595331330865,6.033487406042096,334.0,28.05109659821311,-0.1,66.91679632284917,0.007564896645974331,4041217540192198272,0.141974,16.155952,5.747938,-0.0956,-0.9183477425552354,0.892,,,1,6,2.3883334006903185,107044863,14.55,,,,,OGLE BLG-ECL-57022,EclBin,,True,False,True,False,True,True,False,True,False,False,True,True,True,False,,11,18,C,multi_survey;period_plausible;photosphere;unconfused;tess_usable,,
J170338.30-441927.8,2,gaia_dr3;vsx,2.302921,0.354357,E;ECL,5963830856716612992;Gaia DR3 5963830856716612992,,0.354357,1,255.9096035,-44.3243965,6.9e-05,AAAA,00P0,0,False,4854.0,326.84060550411334,6.195327437007425,6.881682368966276,2.880525818340991,1.016452549989012,206.0,0.0009612358771965651,3300.0,69.48461932379954,0.6933535968165401,-16.00612364426014,0.7297704615062082,-13.401382535737438,1.6889431191617092,4.299871120735959,40.0,435.7937435489618,-0.1,454.28193963945097,0.8038654616188373,5963830852376335360,0.076588,11.893679,2.134729,0.5398,30.156424581005584,0.961,4742.7,1477.4385,0,0,0.03021155146417395,123907556,10.821,4854.0,21.752,,GIANT,Gaia DR3 5963830856716612992,EclBin,,False,False,True,True,False,False,False,True,True,True,True,True,True,False,,11,18,C,match;multi_survey;wise_quality;ir_excess;photosphere,,
J173443.24-433214.5,2,gaia_dr3;vsx,2.271666,0.480037,E;ECL,5958433525888597632;Gaia DR3 5958433525888597632,,0.480037,1,263.6801778,-43.5373839,5.4e-05,AAAA,ddd0,0,True,3058.0,95.45650416502279,5.94312171177906,5.027217061973806,1.7706710893754083,-8.777787854897063,281.0,0.0022108899970554575,2875.0,82.08420659375274,0.7396462582699511,-12.739219605767838,1.073194829168319,2.4683395120566196,1.5774108048723325,4.228015409485793,212.0,162.334876260366,-0.1,184.27557485761596,0.0013885564643117314,5958433525939655680,0.036339,13.566621,3.901729,0.0509,1.1311111111111112,1.036,,,0,0,0.18446899990260895,16020709,12.019,3058.0,,,,2MASS J17344323-4332144,LongPeriodV*_Candidate,,False,False,True,True,True,False,False,True,True,True,True,False,True,False,,11,18,C,match;multi_survey;ir_excess;photosphere;not_evolved_or_wind,,
J223158.92+501736.8,1,atlas_heinze2018,0.058245,1.98668,DBH,J337.9955+50.2935,,1.98668,1,337.9955006,50.2935704,8.2e-05,AAAA,0000,0,True,3369.0,103.44248143489312,5.32345552567984,4.996242185729601,1.8213857778055147,-4.736732547753065,264.0,0.0015856929295585927,3000.0,58.564292947505514,0.7640416239582536,-11.176902045258863,0.9712643695392642,-1.0707456979528434,1.4909771877614255,3.648283336501156,40.0,126.06966573300086,-0.1,139.3796069823883,0.7547676233974412,1988192656846140416,0.045628,13.00116,2.895719,0.1698,8.00943396226415,1.356,,5889.2815076560655,0,1,0.19692907399414825,420188186,11.785,3369.0,66.717,,GIANT,ATO J337.9955+50.2935,LongPeriodV*,,True,False,True,True,True,False,False,True,True,True,True,False,False,False,,11,18,C,multi_survey;ir_excess;photosphere;not_evolved_or_wind;nearby,,
J051440.43+412423.2,1,atlas_heinze2018,0.300735,0.995392,DBH,J078.6685+41.4063,,0.995392,1,78.6684909,41.4064523,3.7e-05,AAAA,0h00,0,True,3394.0,389.87388530855793,20.072932745578235,21.30079375714533,2.4305038859359587,8.315850251833817,1253.0,0.08688511217227358,2500.0,79.38934860534152,0.8523789530976553,-3.7607102949622164,1.0434891089686646,1.5083275175600863,1.0910432724715393,3.020013951053376,369.0,14.3912110303527,-0.1,15.640447679284813,0.000724178907042021,189136688839546368,0.295908,11.168816,2.969324,0.2919,10.06551724137931,1.147,,3425.8307639602604,0,0,0.0,414892010,9.904,3394.0,88.348,,GIANT,Case  339,C*,C,True,False,True,True,True,False,False,True,True,True,True,False,False,False,,11,18,C,multi_survey;ir_excess;photosphere;not_evolved_or_wind;nearby,,
J063428.26-251322.8,1,atlas_heinze2018,0.021319,2.02791,DBF,J098.6177-25.2230,,2.02791,1,98.6177762,-25.2230019,0.000145,AAAA,0000,0,True,3366.0,110.12164212290472,0.2733788084125581,11.036378294820986,1.5522425917551252,-9.653979802967816,118.0,0.0009710849152798029,2850.0,54.886160117045634,0.606938669447173,-23.437893522274116,0.7278487290561331,-13.532321403188488,1.1017195839611542,2.8641105789104695,40.0,732.4586809361301,-0.1,740.6617047288792,0.18130510925018867,2923318195232438144,0.028712,10.583548,2.783166,0.1906,9.774358974358973,1.156,3660.9,6245.4253,0,0,0.0,172198807,9.415,3366.0,118.068,,GIANT,ATO J098.6177-25.2230,LongPeriodV*,,True,False,True,True,True,False,False,True,True,True,True,False,False,False,,11,18,C,multi_survey;ir_excess;photosphere;not_evolved_or_wind;nearby,,
J120618.67-563110.2,2,gaia_dr3;vsx,2.042047,0.257945,E;ECL,6075419054825340288;Gaia DR3 6075419054825340288,,0.257945,1,181.577799,-56.5195246,0.000119,AAAA,0000,0,True,,,,,,,,,2825.0,74.01317285671965,0.6867769038640887,-16.50597419762655,0.8521647719305611,-6.278522055072874,1.113035748670509,2.162025668072632,40.0,311.86706996588697,-0.1,316.5413783981548,0.2066546521794413,6075419050528597248,0.038354,12.888737,3.987521,0.0612,1.5299999999999998,0.995,,,0,0,0.07301229902898644,66942081,11.385,,,,,2MASS J12061868-5631102,LongPeriodV*,,False,False,True,True,True,False,False,True,True,True,True,False,True,False,,11,18,C,match;multi_survey;ir_excess;photosphere;not_evolved_or_wind,,
J195336.22+401019.8,1,kepler_ebs,0.098392,236.728,nan,5039392,,236.728,1,298.4009214,40.1721781,0.000156,AAAA,dH00,0,True,4339.3,158.28896620934125,-1.0280249624474191,3.4494211741389953,1.452115115231387,-5.454415701532351,40.0,0.2377396451679537,3550.0,75.7813152232595,0.7112600558386276,-14.692020101621322,0.7516508443625218,-11.957753688389975,1.1041992702712191,1.0454793664324855,40.0,358.8434184454047,-0.1,359.9363550442851,0.09836159703642958,2073575786370595456,0.055176,11.598659,1.818807,0.4865,29.484848484848484,1.235,,2055.498458376156,0,0,0.0014838745968451046,170740081,10.707,4339.3,25.326,,GIANT,2MASS J19533622+4010197,RGB*,G9IIIb,True,False,True,False,True,False,False,True,True,True,True,False,True,False,,11,18,C,multi_survey;period_plausible;ir_excess;photosphere;not_evolved_or_wind,,
J031848.05+554011.8,1,vsx,0.048264,69.91,EB,V0894 Per,,69.91,1,49.7002206,55.669958,3.5e-05,AAAA,0000,0,True,6826.0,188.7934462354711,12.454855512229894,5.640745757912217,1.8247933394857672,10.8382496307716,1500.0,0.009054217174344709,4100.0,6.9450791783383155,0.9646541050682532,-1.3260821543994121,0.9279672892526051,-2.809313176268912,1.0770492692095923,0.8927667782637428,40.0,9.650746984719037,-0.1,10.447766922946133,0.047816115714053406,447717978034274176,0.03725,10.590232,1.873041,0.4613,22.177884615384617,1.521,,2167.7866897897247,0,0,0.0,456231396,9.613,6826.0,34.964,,GIANT,V* V894 Per,RVTauV*,,True,False,True,False,True,False,False,True,True,True,True,False,True,False,,11,18,C,multi_survey;period_plausible;ir_excess;photosphere;not_evolved_or_wind,,
J164848.64-274153.0,1,asassn,1.9483163319364096,0.99762,EA,J164848.65-274153.0,,0.99762,1,252.2026788,-27.6980753,2e-05,AAAA,0000,0,True,3157.0,77.32483625460691,-3.2746954720060355,1.7419697364312459,1.1557630230901832,-11.539245559981602,40.0,0.20662450290907616,2975.0,64.43597645558238,0.7039154930119609,-15.22292908245512,0.8323804479708695,-7.287958156914602,1.042453060180272,0.526377754013418,40.0,284.85192460368876,-0.1,285.12897748631616,0.06685556257052144,6033857442276838272,0.040463,12.527388,3.442241,0.0933,2.835866261398176,1.076,3532.8,2569.403,0,1,0.21548528617945706,191013530,11.118,3157.0,,,,2MASS J16484865-2741529,LongPeriodV*,,False,False,True,True,True,False,False,True,True,True,True,False,True,False,,11,18,C,match;multi_survey;ir_excess;photosphere;not_evolved_or_wind,,
J212626.52+654622.6,2,vsx;ztf_chen2020,0.067599,60.6776;60.6776,EB:;EW,ZTF J212626.52+654622.7;ZTFJ212626.52+654622.7,True,60.6776,1,321.6105028,65.7729649,6.1e-05,AAAA,0000,0,True,3938.0,629.1541508840927,7.734005640829463,6.326326658222946,2.1287255615185963,3.6738970032632485,294.0,0.0015648398175896372,2675.0,141.40022961563815,0.6223605885570996,-21.96030130473098,0.6193452028273819,-22.243421650180135,0.996938319039686,-0.03664161202514047,40.0,977.0259827100033,-0.1,977.0259827100033,0.0,2220747994708361728,0.03704,13.753972,3.197424,0.1553,11.854961832061068,1.112,3823.5,3002.1475,0,0,0.0,427146543,12.244,3938.0,65.163,,GIANT,ZTF J212626.52+654622.7,EclBin,,True,False,True,False,True,False,False,False,True,True,True,True,False,False,,11,18,C,multi_survey;period_plausible;ir_excess;photosphere;dust_over_ff;nearby,,
J090906.48-481834.0,1,gaia_dr3,2.4257,,ECL,5326805533573046272,,,1,137.2770012,-48.3094459,0.000152,AAAA,0h00,0,True,4121.0,27.17395290976788,-6.674023415427223,1.1127509164188616,1.074912755114538,-10.053663919617987,40.0,0.04580190284969529,3675.0,8.949079302770349,0.6980672371121966,-15.65366556121829,0.7287563427436371,-13.470394319794282,0.9190851758335201,-1.4056841265701094,40.0,428.4647164969087,-0.1,428.4647164969087,0.0,5326805533573046528,0.152196,10.619449,1.784105,1.3139,46.264084507042256,2.468,5035.8,633.5327,1,1,0.19767658176694416,382678556,9.75,4121.0,13.642,,GIANT,CD-47  4689A,SB*,,False,False,True,True,True,False,True,False,False,True,True,True,True,False,,11,18,C,match;multi_survey;ir_excess;dust_over_ff;unconfused,,
J202502.83+320536.3,2,vsx;ztf_chen2020,0.038641,147.269;147.269,EB:;EW,ZTF J202502.83+320536.3;ZTFJ202502.83+320536.3,True,147.269,1,306.261811,32.0934193,7.3e-05,AAAA,hh00,0,True,,,,,,,,,2500.0,123.83120437944575,0.6673779199793924,-18.03774762738533,0.6966698840704211,-15.75765396632409,0.8806048887839414,-1.4432102360356978,40.0,575.7468537770526,-0.1,575.7468537770526,0.0,1862182581299687424,0.044722,14.157907,4.49121,0.0381,1.0554016620498616,1.121,3616.6,8701.551,0,0,0.1053894405111156,406200512,12.702,,,,,ZTF J202502.83+320536.3,EclBin,,True,False,True,False,True,False,False,False,True,True,True,True,False,False,,11,18,C,multi_survey;period_plausible;ir_excess;photosphere;dust_over_ff;nearby,,
J173514.52-161314.9,1,atlas_heinze2018,0.467191,1.02991,DBH,J263.8105-16.2207,,1.02991,1,263.8105088,-16.2208295,0.00017,AAAA,0h00,0,True,,,,,,,,,2750.0,106.60667462671483,0.6125261782263042,-22.893952489993037,0.7316053888176487,-13.277000186926923,0.8751414639083919,-1.70224828506715,40.0,703.3094438017299,-0.1,703.3094438017299,0.0,4124830863949405824,0.069514,13.52513,4.351606,0.0104,0.19152854511970532,1.077,,,0,0,0.04784651083992247,431666516,11.889,,,,,ATO J263.8105-16.2207,LongPeriodV*,,True,False,True,True,True,False,False,False,True,True,True,False,True,False,,11,18,C,multi_survey;ir_excess;photosphere;dust_over_ff;not_evolved_or_wind,,
J015941.60+492042.9,1,atlas_heinze2018,0.025201,1.99587,DBF,J029.9233+49.3452,,1.99587,1,29.9233399,49.345267,0.000132,AAAA,0000,0,True,3501.0,276.5305396514844,-2.6686786516496137,2.1333262223124714,1.2324789894344101,-7.737534728726643,40.0,0.2285045261998359,2825.0,116.78611608853683,0.608089439790796,-23.325049266467794,0.6351486167835135,-20.789483786240705,0.8219793235113518,-2.449416509671465,40.0,982.2602006193661,-0.1,982.2602006193661,0.0,356899378432079104,0.007847,12.255964,2.759751,0.3015,11.292134831460674,1.346,3685.7,2674.4673,0,0,0.0,241119917,11.083,3501.0,76.493,,GIANT,ATO J029.9233+49.3452,LongPeriodV*_Candidate,,True,False,True,True,True,False,False,False,True,True,True,False,True,False,,11,18,C,multi_survey;ir_excess;photosphere;dust_over_ff;not_evolved_or_wind,,
J203220.57+345158.6,1,atlas_heinze2018,0.197076,0.999496,DBH,J308.0858+34.8663,,0.999496,1,308.0857351,34.8662873,6.1e-05,AAAA,hh00,0,True,,,,,,,,,2500.0,190.71189713316713,0.7884114195427742,-9.712753883795685,0.7687906788561422,-10.884294765251244,0.9178298211219709,-2.4923657877171728,40.0,219.01734776384686,-0.1,219.01734776384686,0.0,2056510369460785408,0.045249,13.251157,5.148216,0.2227,4.124074074074074,1.251,,,0,0,0.019204056607030583,312895127,11.683,,,,,ATO J308.0858+34.8663,LongPeriodV*,,True,False,True,True,True,False,False,False,True,True,True,False,True,False,,11,18,C,multi_survey;ir_excess;photosphere;dust_over_ff;not_evolved_or_wind,,
J084608.00-433322.8,1,gaia_dr3,0.060676,,ECL,5523999508042091648,,,1,131.5333722,-43.5563561,0.000137,AAAA,0000,0,True,3519.0,336.4360776976125,3.0204094644623325,4.336617961829299,1.514015278064956,2.592482859653022,248.0,0.0007985379064951381,2625.0,50.89095425691127,0.6857995706206618,-16.5810729714592,0.6205777104194037,-22.127366687161416,0.8342677143603556,-2.5375059957503305,40.0,770.9912740714245,-0.1,770.9912740714245,0.0,5523999508042091648,0.060676,13.100706,2.88269,0.4185,26.656050955414013,1.443,,2389.4862604540026,0,1,0.3956422945098076,28549901,11.867,3519.0,29.961,,GIANT,Gaia DR3 5523999508042091648,EclBin,,True,False,True,True,True,False,False,False,False,True,True,True,True,False,,11,18,C,multi_survey;ir_excess;photosphere;dust_over_ff;unconfused,,
J193301.14+091525.6,1,atlas_heinze2018,0.262668,2.00543,DBH,J293.2548+09.2571,,2.00543,1,293.2547834,9.2571289,3.5e-05,AAAA,0000,0,True,,,,,,,,,2550.0,74.50618098693425,0.5548431928356243,-29.036604009551397,0.669471324399481,-17.86817631221391,0.8674057455300752,-2.720801737273422,40.0,1169.7988592254087,-0.1,1169.7988592254087,0.0,4302358556764464768,0.033638,13.644001,4.774644,-0.1634,-2.4984709480122325,1.115,,,0,0,0.051302287352372584,27720376,12.155,,,,,ATO J293.2548+09.2571,LongPeriodV*,,True,False,True,True,True,False,False,False,True,True,True,False,True,False,,11,18,C,multi_survey;ir_excess;photosphere;dust_over_ff;not_evolved_or_wind,,
J192104.69+020212.4,2,vsx;ztf_chen2020,0.083007,55.1332;55.1332,EB:;EW,ZTF J192104.68+020212.3;ZTFJ192104.68+020212.3,True,55.1332,1,290.2695478,2.0367817,0.000125,AAAA,0000,0,True,3265.0,167.93877011826717,-7.663997185435596,0.4504358067055732,1.0378916282519013,-9.753389873478369,40.0,0.045598268962794924,2800.0,75.18874250166955,0.6358690834898103,-20.724922241178497,0.6278502399906117,-21.451849623687526,0.7765847579330525,-3.549486952749303,40.0,902.3031118079352,-0.1,902.3031118079352,0.0,4288852813087958016,0.107047,12.710239,3.566616,0.203,5.3989361702127665,1.239,,4926.108374384236,0,0,0.02630390875284357,110843341,11.211,3265.0,,,,ZTF J192104.68+020212.3,EclBin,,True,False,True,False,True,False,False,False,True,True,True,True,False,False,,11,18,C,multi_survey;period_plausible;ir_excess;photosphere;dust_over_ff;nearby,,
J223650.48+652107.2,2,vsx;ztf_chen2020,0.057995,67.8523;67.8523,EB:;EW,ZTF J223650.48+652107.3;ZTFJ223650.48+652107.3,True,67.8523,1,339.2103355,65.352014,2.1e-05,AAAA,0000,0,True,3756.0,738.3952272432201,9.94964451339453,7.683686278523281,1.8518548648486461,7.235193102337285,1304.0,0.025857090015538903,2500.0,135.47671969687715,0.6252993082935934,-21.687006608284136,0.5903956531750169,-25.10871405091213,0.7587473834103008,-5.311116028484403,40.0,1128.981730386256,-0.1,1128.981730386256,0.0,2212419812602895232,0.016138,13.387171,3.348176,0.1447,9.582781456953642,1.066,,6910.850034554251,0,0,0.008184599197476536,338925816,11.84,3756.0,136.451,,GIANT,ZTF J223650.48+652107.3,EclBin,,True,False,True,False,True,False,False,False,True,True,True,True,False,False,,11,18,C,multi_survey;period_plausible;ir_excess;photosphere;dust_over_ff;nearby,,
J210512.52+482141.6,2,vsx;ztf_chen2020,0.064949,70.1755;70.1755,EB:;EW,ZTF J210512.53+482141.6;ZTFJ210512.53+482141.6,True,70.1755,1,316.3021832,48.3615771,0.000119,AAAA,0000,0,True,,,,,,,,,2500.0,144.45554632829644,0.6496133418595778,-19.520713625239363,0.6253312594024726,-21.68404933872286,0.709682660028896,-7.528025651439991,40.0,907.9274263715116,-0.1,907.9274263715116,0.0,2165452489808047744,0.068165,13.707756,4.852723,0.2799,8.430722891566264,0.984,,3572.704537334763,0,0,0.01574159532295228,267273820,12.181,,,,,ZTF J210512.53+482141.6,EclBin,,True,False,True,False,True,False,False,False,True,True,True,True,False,False,,11,18,C,multi_survey;period_plausible;ir_excess;photosphere;dust_over_ff;nearby,,
J213105.19+445022.6,1,ztf_chen2020,0.048537,61.8335,EW,ZTFJ213105.19+445022.6,,61.8335,1,322.7716448,44.8396219,7.9e-05,AAAA,dd00,0,True,3104.0,92.46998574745395,-7.734067536336074,-2.104529180821512,0.9247183068965097,-14.738495003558707,40.0,0.0,2725.0,46.12626618876398,0.5729777608518573,-26.972164073216963,0.6303351132067516,-21.224612263646197,0.6970977368312142,-11.232692628906758,40.0,1304.1551842301524,-0.1,1304.1551842301524,0.0,1971105150943720960,0.046692,11.52731,3.479336,0.2838,9.957894736842105,1.051,,3523.6081747709654,0,0,0.004117277099945468,240354933,10.125,3104.0,,,,ZTF J213105.19+445022.6,EclBin,,True,False,True,False,True,False,False,False,True,True,True,True,False,False,,11,18,C,multi_survey;period_plausible;ir_excess;photosphere;dust_over_ff;nearby,,
J051308.33-690803.4,3,gaia_dr3;ogle_lmc_ecl;vsx,1.744438,1.24051;1.24053,E;ECL;NC,4658243189212581888;Gaia DR3 4658243189212581888;OGLE-LMC-ECL-10166,True,1.24052,2,78.284748,-69.1342893,0.000103,AAAA,0000,1,False,,,,,,,,,2500.0,63.86345115628861,1.7580505640619237,15.60521938833841,135.67085592252604,35.924449410208034,855.5405921328338,21.264061573437317,280.0,48.34065095159687,-0.1,1659.931828624511,2.996758362913429,4658243189212581888,1.804973,16.600033,-0.05028,-0.0335,-0.7444444444444445,1.061,17294.1,18571.316,0,4,2.088249429729559,231790589,16.642,,,,DWARF,OGLE J051308.42-690801.8,EclBin,,True,True,True,True,False,True,False,True,False,False,True,True,False,False,,10,18,C,wise_quality;photosphere;unconfused;tess_usable;nearby,,
J175239.50-311131.9,2,gaia_dr3;vsx,2.733873,0.371237,EC;ECL,4055699860619670528;OGLE-BLG-ECL-151873,,0.371237,2,268.1646004,-31.1922053,9.2e-05,AAAA,00h0,0,False,,,,,,,,,2500.0,204.68143397332298,0.7977725219742875,-9.174114526869342,1.613371112761976,13.759165902389807,3.2831319066743174,19.359867672470685,291.0,87.40076131184382,-0.1,229.53842722081623,0.011953248957837285,4055699856293016448,0.045696,15.654328,5.833734,-0.1242,-0.7890724269377383,1.106,3715.4,3571.7495,0,6,2.775968088143581,445171849,13.95,,,,,OGLE BLG-LPV-89909,LongPeriodV*,,True,True,True,True,False,True,False,True,False,True,True,False,False,False,,10,18,C,wise_quality;photosphere;unconfused;not_evolved_or_wind;nearby,,
J174013.96-275020.5,2,gaia_dr3;vsx,1.929966,0.345486,E;ECL,4060841417449120768;OGLE-BLG-ECL-060321,,0.345486,2,265.0581937,-27.8390491,5.2e-05,AAAA,00dd,0,True,,,,,,,,,2500.0,600.7083136587771,1.0155502662618807,0.5541654816785156,2.1387332801571914,19.26941149854795,3.4570899730643077,10.57089689808286,415.0,1.4482856246935791,-0.1,65.91674873716214,0.02503338996761682,4060841413151579520,0.122713,17.120464,5.78576,-0.0577,-0.33663943990665113,1.24,3150.9,3305.668,2,13,4.668172607577661,202103656,15.463,,,,,2MASS J17401396-2750206,LongPeriodV*_Candidate,,True,True,True,True,True,True,False,True,False,False,True,False,False,False,,10,18,C,photosphere;unconfused;tess_usable;not_evolved_or_wind;nearby,,
J175035.63-325405.6,2,gaia_dr3;vsx,2.656451,0.988757,E;ECL,4043468579759997824;OGLE-BLG-ECL-130735,,0.988757,2,267.6484667,-32.9015733,1.9e-05,AAAA,h0o0,0,False,,,,,,,,,2500.0,180.5954396098558,0.7730612979588606,-10.624235780416079,1.152574839075105,4.7908971895748085,1.7451115371621875,5.943302228733593,254.0,113.24744956970784,-0.1,148.86405295357636,0.003248711869359921,4043468584057708032,0.074894,15.504379,5.478584,0.0539,0.5667718191377498,1.071,3653.1,6883.1636,1,2,1.199341523713146,444474093,13.943,,,,,OGLE BLG-LPV-64757,LongPeriodV*,,True,True,True,True,False,True,False,True,False,True,True,False,False,False,,10,18,C,wise_quality;photosphere;unconfused;not_evolved_or_wind;nearby,,
J063645.94-224538.0,2,asas3;vsx,0.011394,519;519,MISC/ED;MISC|ED,063646-2245.6;ASAS J063646-2245.6,True,519.0,2,99.1914184,-22.7605628,8.7e-05,AAAA,0000,0,True,3437.0,163.85699134476775,-2.9688001775775765,1.5558248493761582,1.099235654845986,-11.922094574154928,40.0,0.10290606470343132,2975.0,107.60742952515298,0.612900771570343,-22.857840759615755,0.7148114729293538,-14.43921559500239,0.8377726005861172,-3.337196843838452,40.0,742.1087139654369,-0.1,742.1087139654369,0.0,2924804941112026240,0.083452,11.548268,2.699347,0.2953,11.445736434108527,1.499,,3386.3867253640365,0,0,0.001220975079659759,48232830,10.428,3437.0,71.33,,GIANT,ATO J099.1914-22.7605,LongPeriodV*,,True,True,True,False,True,False,False,False,True,True,True,False,False,False,,10,18,C,period_plausible;ir_excess;photosphere;dust_over_ff;not_evolved_or_wind;nearby,,
J183555.95-162121.5,2,gaia_dr3;vsx,0.059514,2.68224,E;ECL,4102825336944868480;Gaia DR3 4102825336944868480,,2.68224,1,278.9831341,-16.3559995,0.000204,AAAA,0h00,0,True,,,,,,,,,2500.0,2772.203706511343,169.2615087458551,35.97738853253904,1612.9221675261192,36.168768540551525,6832.308468270876,36.18590975664574,492.0,330.61993475816917,-0.1,642.5722862673217,54.072910869956424,4102825336944868480,0.080792,17.26263,0.90276,0.3535,3.506944444444444,1.164,,,2,10,5.877118511638972,433593220,16.696,,,,DWARF,PTB 43,PlanetaryNeb,,True,False,True,True,True,True,False,True,False,False,True,False,True,False,,10,18,C,multi_survey;photosphere;unconfused;tess_usable;not_evolved_or_wind,,
J004530.29-731240.7,1,ogle_lmc_ecl,0.446709,0.740618,NC,OGLE-SMC-ECL-0884,,0.740618,1,11.3762481,-73.2113251,3.9e-05,AAAA,0000,1,False,,,,,,,,,2500.0,291.6265816805762,1.4252396297059018,10.798138830986375,94.48073477073807,35.80815300045589,2147.3223930225,36.17435271573304,152.0,115.83693172587866,-0.1,2523.2915385493634,7.090212492259843,4685853957566938240,0.355692,17.455631256103516,,-0.0859,-0.89479165888883,1.2289999723434448,,,3,13,6.753075797915741,612985064,16.763999938964844,,,,,LIN  69,EclBin,,True,False,True,True,False,True,False,True,False,False,True,True,True,False,,10,18,C,multi_survey;wise_quality;photosphere;unconfused;tess_usable,,
J052337.32-695615.9,2,gaia_dr3;vsx,1.207791,1.03605,E;ECL,4657971236105236608;Gaia DR3 4657971236105236608,,1.03605,1,80.9055351,-69.9377525,5.3e-05,AAAA,0h00,0,True,,,,,,,,,2500.0,2012.2921036194136,77.95584613627156,35.72695419228683,400.04043679223514,36.100737953885194,717.5595484236071,36.140770304838945,641.0,13.01810119357984,0.21,135.5388524212616,17.121523542331833,4657971201699144064,0.078203,19.622993,,,,,,,17,59,164.5274967825658,373519602,19.166,,,,,OGLE LMC-LPV-49955,Mira,,True,False,True,True,True,True,False,True,False,False,True,False,True,False,,10,18,C,multi_survey;photosphere;unconfused;tess_usable;not_evolved_or_wind,,
J003503.75+662147.7,1,ztf_chen2020,0.455583,9.12452,EW,ZTFJ003503.76+662148.2,,9.12452,1,8.7656546,66.3632636,5.8e-05,AAAA,hho0,0,False,,,,,,,,,2500.0,788.9394084544364,5.112482904596153,29.11221849403669,25.946995221257826,34.796393802928414,193.48224901271703,36.0041550052206,566.0,754.1130811848577,-0.1,499.5892184378207,0.9917706712259861,527714282243771136,0.43386,16.073196,2.731837,2.0191,17.37607573149742,2.305,,495.2701698776683,0,0,0.03590793248989964,397805374,14.96,,,,GIANT,IRAS 00321+6604,EclBin,,True,False,True,False,False,True,False,False,True,False,True,True,True,False,,10,18,C,multi_survey;period_plausible;wise_quality;photosphere;dust_over_ff;tess_usable,,
J153100.77-580518.9,2,gaia_dr3;vsx,2.096173,0.86404,E;ECL,5882221255402050432;Gaia DR3 5882221255402050432,,0.86404,1,232.7532345,-58.0886018,0.0001,AAAA,0000,0,True,,,,,,,,,2500.0,1067.933011805228,8.78039726079954,22.906705705959563,33.648783560771,35.115649167743534,109.62848784329294,35.86108089233826,612.0,293.92575249228867,-0.04000000000000001,0.08750647029019006,1.5088741015329248,5882221255420893696,0.231746,,,-0.4668,-2.2039660056657224,1.622,,,0,0,,282565073,15.805,,,,,IRAS 15270-5755,Mira,,False,False,True,True,True,True,False,False,True,False,True,False,True,False,,10,18,C,match;multi_survey;photosphere;dust_over_ff;tess_usable;not_evolved_or_wind,,
J131329.85-602953.4,2,gaia_dr3;vsx,0.354417,315.6;7.387,E;ECL,5869687956726173568;5869687956731958016;Gaia DR3 5869687956726173568;Gaia DR3 5869687956731958016,False,161.4935,1,198.3744048,-60.4981841,5.8e-05,AAAA,00h0,0,False,6861.0,927.8082536860517,34.16600701202543,36.07088550938128,300.78799053733536,30.412634490977197,167.0,0.05123299972161386,2500.0,47.71647179020617,1.47195297802248,11.604003724603547,3.1546351611475014,24.718816207489873,48.921886383192316,35.45143145067085,154.0,134.66117482441064,-0.1,864.9490209229446,0.15644890581367457,5869687956726173568,0.36282,14.355709,1.041056,0.5354,30.770114942528735,1.012,15003.2,2422.1301,1,1,0.7937893385367232,442848230,13.806,6861.0,,,,Gaia DR3 5869687956726173568,EclBin,,True,False,False,False,False,True,False,True,False,True,True,True,True,False,,10,18,C,multi_survey;period;period_plausible;wise_quality;photosphere;unconfused,,
J065127.85-012216.0,1,nsvs_hoffman2009,1.499199,31.7463,Cepheid,V* SZ Mon,,31.7463,1,102.8660528,-1.3711122,0.000216,AAAA,HHH0,0,False,5450.0,422.88203307493023,35.46034853751652,35.91449865371068,130.79196982581314,19.441199621940545,579.0,0.2152256793785626,2675.0,27.672883862568312,2.8911913398029983,14.493954293073816,14.156882815471535,33.63476786218803,35.164393947111236,35.16200646766766,513.0,80.01887769540943,-0.07,57.70103606888259,0.35970525472220394,3112344688094507136,0.089318,10.387336730957031,1.4000589847564695,0.6579,12.849609699608447,3.388000011444092,5141.60009765625,949.4561767578124,0,1,0.20931395603506123,282032339,9.744000434875488,5450.0,68.447998046875,,GIANT,V* SZ Mon,post-AGB*,F8(e),True,False,True,False,False,True,False,False,True,True,True,False,True,False,,10,18,C,multi_survey;period_plausible;wise_quality;photosphere;dust_over_ff;not_evolved_or_wind,,
J190522.94+094534.1,1,vsx,0.042753,,EA:+ZAND:,Gaia19bua,,,1,286.3455865,9.75949,0.000144,AAAA,0hd0,0,True,,,,,,,,,2500.0,732.707985355968,1.5922508685499004,13.461618454418874,5.919250200079605,30.07705290341374,17.620602437439164,34.13729255339716,384.0,139.51005955035964,-0.1,96.28045539731872,0.12070886643317484,4310762884374317312,0.047373,16.409613,6.961686,-0.1118,-0.5581627558662007,2.103,3532.7,4984.363,1,2,0.7944258080814377,223656799,11.958,,,,,OGLE GD-LPV-24208,Mira,,True,False,True,True,True,True,False,False,False,True,True,False,False,False,,10,18,C,multi_survey;photosphere;dust_over_ff;unconfused;not_evolved_or_wind;nearby,,
J054048.50-693335.9,2,gaia_dr3;vsx,2.329022,5.6815,E;ECL,4657599188763133440;Gaia DR3 4657599188763133440,,5.6815,1,85.2020911,-69.5599981,1.8e-05,AAAA,hhhh,0,False,,,,,,,,,2525.0,16.64766551808453,0.8433657222348127,-6.721619569153558,4.965315333635359,28.90240351803499,15.412566124235463,33.84304451838801,292.0,61.51593811947909,-0.1,1178.5234524866696,0.07446572669520657,4657599188763136896,0.016944,12.557771,2.922832,-0.0108,-0.5454545454545454,0.939,,,2,3,0.8887638157240604,404850824,11.467,,,,,W61  8-88,LongPeriodV*,M0,False,False,True,True,False,True,True,True,False,True,True,False,True,False,,10,18,C,match;multi_survey;wise_quality;unconfused;not_evolved_or_wind,,
J181404.71-191227.3,2,gaia_dr3;vsx,2.591224,0.271235,E;ECL,4094730393066954368;Gaia DR3 4094730393066954368,,0.271235,1,273.5196278,-19.2076055,7.5e-05,AAAA,00hh,0,False,,,,,,,,,2500.0,2012.752446686138,19.953830602856886,21.943059257224746,45.06936965419305,35.3881956648541,103.28459219545752,33.60075380525066,815.0,159.90219432269748,0.56,1.2601202383737309,3.330878250438817,4094730393067855744,0.015895,20.579695,,,,,,,1,13,1023.168712361701,118373870,12.955,,,,,Gaia DR3 4094730393066954368,EclBin,,False,False,True,True,False,True,False,False,False,True,True,True,True,False,,10,18,C,match;multi_survey;wise_quality;photosphere;dust_over_ff;unconfused,,
J161630.47-515205.2,2,gaia_dr3;vsx,1.429237,1.55848,E;ECL,5934706266824792320;Gaia DR3 5934706266824792320,,1.55848,1,244.1269693,-51.868117,0.000123,AAAA,00hh,0,False,,,,,,,,,2500.0,674.86918947278,1.351081728918956,9.404369248665803,4.783401374320647,28.625208492042887,12.761181307569593,32.27919474917292,372.0,57.83047471666152,-0.1,116.76515844945803,0.08601785216827272,5934706271203919104,0.065592,16.079185,,-0.152,-1.039671682626539,1.325,,,5,7,3.276637186398974,411020943,15.669,,,,,Gaia DR3 5934706266824792320,EclBin,,True,False,True,True,False,True,False,True,False,False,True,True,True,False,,10,18,C,multi_survey;wise_quality;photosphere;unconfused;tess_usable,,
J224805.82+594954.3,2,gaia_dr3;vsx,0.008594,7.5673,E;ECL,2008528334859934592;Gaia DR3 2008528334859934592,,7.5673,1,342.0242856,59.8317509,0.000134,AAAA,00hh,0,False,,,,,,,,,2500.0,399.3684566471792,3.7863884689880205,26.63296758973271,120.91505337302479,35.891895814642545,993.1947769327778,30.989800835719652,351.0,383.4405829798302,-0.1,1876.0810663707384,2.900514347668654,2008528334859934592,0.027757,19.902573,1.88525,1.3908,3.533536585365854,1.197,,,1,2,2.818343213413054,317155799,19.014,,,,,Gaia DR3 2008528334859934592,EclBin,,True,False,True,True,False,True,False,True,False,False,True,True,True,False,,10,18,C,multi_survey;wise_quality;photosphere;unconfused;tess_usable,,
J173412.99-162743.6,2,gaia_dr3;vsx,2.740306,0.99547,E;ECL,4124450364198392704;Gaia DR3 4124450364198392704,,0.99547,1,263.5541509,-16.4621211,0.00017,AAAA,0000,1,False,,,,,,,,,2500.0,233.16740502559043,2.2743238407166126,20.278254510675556,3.129734569707473,24.62754031643549,5.911008202795232,29.098575145626143,956.0,129.46275333484837,0.6,27.14543142734513,0.24256669156783361,4124450359843123712,0.225574,13.591123,5.293349,0.1258,1.3242105263157895,0.683,3477.0,1862.0441,0,0,0.08322743196792416,431537906,11.773,,,,,OGLE BLG-LPV-242210,Mira,,False,False,True,True,False,True,False,False,True,True,True,False,True,False,,10,18,C,match;multi_survey;wise_quality;photosphere;dust_over_ff;not_evolved_or_wind,,
J124350.99-630514.7,1,vsx,0.01744,6.24,E:/WR,CD Cru,,6.24,1,190.9624974,-63.0874435,0.000129,AAAA,000h,0,False,5782.0,300.3289138014378,27.23677485048919,31.805969036124008,8.25296336605523,18.203202878907817,793.0,0.021169862874483962,3425.0,7.747906690070679,1.2271884467577236,6.700050091446232,2.1628662148744353,19.458222336273334,4.252230198807131,27.680094977322668,395.0,34.69508214162963,0.13999999999999999,3.131269411071778,0.01120613235019494,6055101523064612864,0.100402,10.294653,1.435826,0.2638,15.796407185628741,1.078,,3790.7505686125855,0,0,0.00459816920643249,434254182,9.547,5782.0,51.482,,GIANT,HD 311884,WolfRayet*,WN6+O5V,True,False,True,True,False,True,False,False,True,True,True,False,False,False,,10,18,C,multi_survey;wise_quality;photosphere;dust_over_ff;not_evolved_or_wind;nearby,,
J121419.37-594834.1,2,gaia_dr3;vsx,2.572466,0.354365,E;ECL,6058931019001364864;Gaia DR3 6058931019001364864,,0.354365,1,183.5807097,-59.8094813,8.2e-05,AAAA,hh00,0,True,,,,,,,,,2500.0,268.6957383676084,0.9289218127578064,-2.7692377764394895,1.940145782616296,17.53734733205962,4.199411364040196,27.573044971641117,311.0,9.655748547073845,-0.1,111.02148254896343,0.018427684251792635,6058931019009329920,0.049382,15.239045,5.947323,0.1027,0.97438330170778,1.427,3328.5,10203.552,1,1,0.45105624012903023,390069376,13.5,,,,,2MASS J12141938-5948341,LongPeriodV*_Candidate,,False,False,True,True,True,True,False,True,False,True,True,False,False,False,,10,18,C,match;multi_survey;photosphere;unconfused;not_evolved_or_wind;nearby,,
J132813.65-601449.4,2,gaia_dr3;vsx,2.72153,0.384664,E;ECL,5869523648482081664;Gaia DR3 5869523648482081664,,0.384664,1,202.0568833,-60.2470742,7.9e-05,AAAA,00p0,0,False,3603.0,289.185855719588,22.959725536324157,30.51580937807986,6.376858565770191,-0.6921885893886037,340.0,0.012512845409385033,2800.0,100.497138871835,0.6774417483935201,-17.232141988253595,1.722504289435864,15.180398871275157,3.912849192864383,26.941883623326323,278.0,303.0183655486687,-0.1,639.9117674856891,0.010302623142078271,5869523648481692416,0.063693,11.731544,2.978005,0.2633,12.843902439024388,0.867,,3797.9491074819603,0,0,0.04265314790434136,313819148,10.379,3603.0,61.202,,GIANT,2MASS J13281366-6014495,LongPeriodV*_Candidate,,False,False,True,True,False,True,False,True,True,True,True,False,False,False,,10,18,C,match;multi_survey;wise_quality;photosphere;not_evolved_or_wind;nearby,,
J053503.56-690401.2,2,gaia_dr3;vsx,1.324091,0.83987,E;ECL,4657695361694998912;Gaia DR3 4657695361694998912,,0.83987,1,83.7648538,-69.0670127,0.000108,AAAA,00dD,1,False,,,,,,,,,2500.0,401.0992148864616,3.966882649872227,27.067869933407874,94.42881858964726,34.652847484491076,1057.9340890019942,25.82642678878,382.0,390.8238387458577,-0.1,1452.1286658413023,2.2114921894264787,4657695361694998912,1.349124,19.847178,0.980669,-0.2154,-0.5308033514046329,1.151,,,1,6,4.271626695418504,728307670,18.028,,,,,[GC2009] J053503.50-690401.5,YSO,,True,False,True,True,False,True,False,True,False,False,True,True,True,True,,10,18,C,multi_survey;wise_quality;photosphere;unconfused;tess_usable,,
J152513.56-601614.2,2,gaia_dr3;vsx,2.172966,0.61545,E;ECL,5875854361552008832;Gaia DR3 5875854361552008832,,0.61545,1,231.3065039,-60.2706206,5.8e-05,AAAA,0000,0,True,,,,,,,,,2500.0,277.4355935958846,0.8929828420205107,-4.337239100277624,1.5300242612292057,12.537198361251372,3.287398649934314,25.182135313364714,274.0,19.57920174795836,-0.1,103.32458577329271,0.010867605163999284,5875854361552007040,0.02579,14.270536,5.613358,0.0683,0.8939790575916231,1.13,3588.7,3138.499,2,2,0.6202993918944799,456324427,12.692,,,,,2MASS J15251356-6016142,LongPeriodV*,,False,False,True,True,True,True,False,True,False,True,True,False,False,False,,10,18,C,match;multi_survey;photosphere;unconfused;not_evolved_or_wind;nearby,,
J125047.71-621207.9,2,gaia_dr3;vsx,2.051938,0.68144,E;ECL,6055258542767476736;Gaia DR3 6055258542767476736,,0.68144,1,192.6987947,-62.2022046,6.6e-05,AAAA,00o0,0,False,,,,,,,,,2500.0,2179.6810060090393,3.596662474257206,26.1287650242106,5.441954254877708,29.54080053182736,11.13547999037342,24.705844713616543,1048.0,113.24762958811097,0.6,38.42054362263774,0.5692954865489374,6055258542757143040,0.124256,,,-0.2827,-1.0881447267128561,1.352,,,0,0,,435224777,17.344,,,,,Gaia DR3 6055258542767476736,EclBin,,False,False,True,True,False,True,False,False,True,False,True,True,True,False,,10,18,C,match;multi_survey;wise_quality;photosphere;dust_over_ff;tess_usable,,
J053555.79+303219.7,1,gaia_dr3,0.031236,,ECL,3447581282273082624,,,1,83.9824955,30.5388312,0.000171,AAAA,0000,0,True,6640.0,951.1526833100661,35.816317330522125,24.652718113008614,1067.9991044497538,27.845580856225904,417.0,0.1492374100320775,2625.0,55.50836908312107,1.4284082802022975,10.854468494304836,24.56129848375496,34.717701389505514,252.325177343992,24.57802909522664,192.0,115.18983015790877,-0.1,1490.8461321576665,0.7287273435385182,3447581282273082624,0.031236,16.489298,1.702725,0.2723,4.281446540880503,1.047,,,0,1,0.316798982747393,115630877,15.632,6640.0,4.501,,DWARF,ZTF J053555.79+303219.8,LongPeriodV*,,True,False,True,True,True,True,False,True,False,False,True,False,True,False,,10,18,C,multi_survey;photosphere;unconfused;tess_usable;not_evolved_or_wind,,
J180237.69-285813.1,1,vsx,2.858358,0.43407,E,OGLE-BLG-ECL-267086,,0.43407,1,270.6570708,-28.9703243,0.00016,AAAA,do00,0,True,,,,,,,,,2500.0,135.4846879565729,0.7350024416023752,-13.04836678263529,1.7319844351185631,15.295403092026975,3.4729460741619325,23.427556088106154,300.0,177.91967726859787,-0.1,406.9316523965104,0.013664181431067022,4062408255922894336,0.187184,14.643336,5.28527,0.2676,2.5805207328833175,0.886,3546.4,6028.037,2,7,2.432999376111565,405773317,12.823,,,,,OGLE BLG-LPV-188600,LongPeriodV*,,False,False,True,True,True,True,False,True,False,True,True,False,False,False,,10,18,C,match;multi_survey;photosphere;unconfused;not_evolved_or_wind;nearby,,
J052607.41-675910.2,1,ogle_lmc_ecl,0.769144,3.73582,NC,OGLE-LMC-ECL-15551,,3.73582,1,81.5308924,-67.9861733,0.000107,AAAA,0000,1,False,,,,,,,,,2500.0,69.49095322114886,1.0998402739078335,3.2853315960612854,72.9096142194349,35.69482226456892,537.6983978883197,22.116673552828107,219.0,2.763887965937947,-0.1,1736.5803009494548,1.9385746846967644,4658641384052343424,0.16388,16.622411727905273,-0.0635240003466606,-0.0854,-1.0530209367005683,1.6269999742507937,,,4,8,2.48413934984226,373842770,16.68600082397461,,,,,OGLE LMC-ECL-15551,EclBin,,True,False,True,True,False,True,False,True,False,False,True,True,True,False,,10,18,C,multi_survey;wise_quality;photosphere;unconfused;tess_usable,,
J181649.79-240534.1,1,gaia_dr3,2.945072,,ECL,4065517125013202432,,,1,274.2074882,-24.0928083,7.2e-05,AAAA,0000,0,True,3258.0,382.85251613214706,23.923941677407857,25.8219861409554,5.966675581141495,11.698719911018584,616.0,0.042242950055878165,2500.0,90.4252777016499,0.9523873775764378,-1.8093039725176079,1.703997031717138,14.952198686389028,3.3421265386030594,21.73920919351523,317.0,4.32526336999582,-0.1,55.57899810092877,0.013888446441796126,4065517125060501376,0.087871,13.265768,4.40753,0.0814,1.608695652173913,0.871,3584.2,11372.345,0,0,0.27117737558271593,379062439,11.396,3258.0,,,,OGLE BLG-LPV-229655,LongPeriodV*,,False,False,True,True,True,True,False,True,False,True,True,False,False,False,,10,18,C,match;multi_survey;photosphere;unconfused;not_evolved_or_wind;nearby,,
J102631.39-583826.1,1,vsx,0.111147,8.255,E/WR,V0398 Car,,8.255,1,156.6308253,-58.6405897,6.2e-05,AAAA,00h0,0,False,13155.0,343.01304952833345,27.630594373757198,23.03408270240201,9.177453794280416,18.348038751651085,877.0,0.0023466125288442046,4525.0,23.996544010989084,1.1786546567070455,5.485684542448236,2.111961473873725,19.054906152659914,4.382849470665208,19.952675874293593,370.0,24.213541739272927,0.04999999999999999,2.8397771789602215,0.004556547933688791,5255569549619300096,0.007102,9.497594,0.753374,0.2995,26.98198198198198,0.828,,3338.8981636060103,0,0,0.0035961346633426056,464576825,9.158,13155.0,,,,HD  90657,WolfRayet*,WN5+O4-6,True,False,True,True,False,True,False,False,True,True,True,False,False,False,,10,18,C,multi_survey;wise_quality;photosphere;dust_over_ff;not_evolved_or_wind;nearby,,
J234447.79+620336.1,2,gaia_dr3;vsx,0.202459,3.53741,E;ECL,2012926548876614016;Gaia DR3 2012926548876614016,,3.53741,1,356.1991521,62.0600299,8.8e-05,AAAA,00P0,0,False,5889.0,716.911359147957,19.329399255669948,18.689236482763153,616.7243044902605,23.112247765221905,574.0,0.05231293484840887,2625.0,15.54901822425397,1.0393652663085369,1.3707178225842402,5.245261725729299,16.580046998143708,170.55970159306986,18.60983585301278,133.0,1.9055916744959296,-0.1,530.0274249104643,0.5304879104083438,2012926548876614016,0.230807,17.04951,1.484734,0.3217,5.461799660441426,1.017,5708.3,1500.9957,1,2,0.7757188223481319,272531834,16.287,5889.0,,,,Gaia DR3 2012926548876614016,EclBin,,True,False,True,True,False,True,False,True,False,False,True,True,True,False,,10,18,C,multi_survey;wise_quality;photosphere;unconfused;tess_usable,,
J162845.54-474008.1,2,gaia_dr3;vsx,2.224006,3.46499,E;ECL,5941964521035162112;Gaia DR3 5941964521035162112,,3.46499,1,247.1897613,-47.6689383,8.8e-05,AAAA,ddd0,0,True,,,,,,,,,2500.0,2605.6758803773014,8.49885951758072,31.93284642404233,15.276218220853654,33.82208599300464,34.432607237275064,17.570066578089715,1062.0,67.35885194224538,0.6,24.327174124243438,1.729801689943284,5941964525330094208,0.041676,19.788628,2.565268,0.9472,1.2199896960329728,1.208,,,1,5,137.59914652258556,225839383,14.728,,,,,Gaia DR3 5941964521035162112,EclBin,,False,False,True,True,True,True,False,False,False,False,True,True,True,False,,10,18,C,match;multi_survey;photosphere;dust_over_ff;unconfused;tess_usable,,
J052707.95-665437.1,2,gaia_dr3;vsx,2.301316,2.33949,E;ECL,4660224307182698752;Gaia DR3 4660224307182698752,,2.33949,1,81.78313,-66.9103115,0.000101,AAAA,0000,0,True,,,,,,,,,2500.0,661.7219009694522,2.435796467372438,21.33314815327059,204.03101934649138,36.013825920439984,1122.6651836359997,16.94951716851786,295.0,25.81327371422124,-0.1,1487.2172516967687,4.30862167095084,4660224307182698752,2.301316,16.929916,-0.084583,0.0393,0.7690802348336595,0.984,18286.6,19772.28,0,1,0.5507531128627041,373849147,17.047,,,,DWARF,Gaia DR3 4660224307182698752,EclBin,,False,False,True,True,True,True,False,True,False,False,True,True,False,False,,10,18,C,match;multi_survey;photosphere;unconfused;tess_usable;nearby,,
J051929.57-674307.0,2,gaia_dr3;vsx,0.764761,1.26372,E;ECL,4658760788461137024;Gaia DR3 4658760788461137024,,1.26372,1,79.8732313,-67.718621,5.7e-05,AAAA,0000,1,False,,,,,,,,,3850.0,19.378007433820187,1.0484997516053771,1.6200701067470265,94.37967518106373,33.569758908012545,556.3895243835293,16.93413763930487,235.0,4.150718909204498,-0.1,1401.707955082105,0.6609714650294466,4658760788461137024,0.764761,15.261196,-0.081597,0.0245,0.9280303030303031,0.968,24315.3,21892.45,1,1,0.4122364130894052,179438235,15.47,,,,,Gaia DR3 4658760788461137024,EclBin,,True,False,True,True,False,True,True,True,False,False,True,True,False,False,,10,18,C,multi_survey;wise_quality;unconfused;tess_usable;nearby,,
J145605.68-601413.4,2,gaia_dr3;vsx,0.441263,1.51456,E;ECL,5878010602569452416;Gaia DR3 5878010602569452416,,1.51456,1,224.023688,-60.2370703,0.000108,AAUA,00Pp,0,False,3685.0,512.9813747195147,6.201301584588747,16.858321179741335,159.5814487365967,10.819868147696967,108.0,0.25071022039504853,2500.0,9.022100900129601,0.7670149727325442,-10.993278630517832,1.0790934212379542,0.7958031186745219,70.7967138971118,16.725003684795556,79.0,120.85358373640109,-0.1,401.21122590831703,0.88992830370455,5878010602569452416,0.441263,17.720041,3.968159,0.287,2.467755803955288,0.949,7994.5,1542.6976,0,2,1.0098310850995793,296804168,15.866,3685.0,14.389,,GIANT,Gaia DR3 5878010602569452416,EclBin,,True,False,True,True,False,True,False,True,False,False,True,True,True,False,,10,18,C,multi_survey;wise_quality;photosphere;unconfused;tess_usable,,
J225801.20+593512.9,1,gaia_dr3,0.088987,,ECL,2013530352548685696,,,1,344.5050033,59.5869246,7.5e-05,AABA,00oO,0,False,3928.0,1412.1806895065604,8.127964134287337,16.687433495960335,1031.0615662052319,31.367876901439057,538.0,0.6223659428446318,2500.0,652.1930003644529,2.8542992315074756,23.511664881745716,16.632391675594672,7.789754102613743,315.87027515133735,16.650752609421392,495.0,218.5323697865454,-0.1,239.7149222786448,0.6227284764770041,2013530352548685696,0.088987,18.839622,2.56809,0.2295,1.353183962264151,1.085,3895.0,603.1745,0,1,2.3637372539473525,428375579,17.636,3928.0,1.718,,GIANT,Gaia DR3 2013530352548685696,EclBin,,True,False,True,True,False,True,False,True,False,False,True,True,True,False,,10,18,C,multi_survey;wise_quality;photosphere;unconfused;tess_usable,,
J063949.97-271109.6,1,crts_south2017,1.420895,0.527202,1,J063949.9-271110,,0.527202,1,99.9582278,-27.1860028,0.000152,AAAA,0000,1,False,3924.0,865.6979690467043,32.24925102624127,16.347240545506036,159.2378783444263,26.264081936746763,607.0,0.2098613564367342,2500.0,109.1550205829703,1.6124499493326772,13.746350884006606,7.546428228915335,29.433188143687644,56.740806059134066,16.160624079312377,499.0,156.0729073602178,-0.1,294.5854535475601,0.1905894904786659,2919695235699582080,0.046646,16.679,2.12336,1.1633,26.02460850111857,1.006,6358.3,721.4727,1,2,0.297969876997085,172404262,15.773,3924.0,1.11,,DWARF,CRTS J063949.9-271110,RRLyrae,,True,False,True,True,False,True,False,True,False,False,True,True,True,False,,10,18,C,multi_survey;wise_quality;photosphere;unconfused;tess_usable,,
J130516.16-633825.2,1,gaia_dr3,0.093781,,ECL,5862308618782789632,,,1,196.3173352,-63.6403424,9.3e-05,AAAA,00pp,0,False,10372.0,1847.3758112013857,35.86181612767371,15.70878210560693,593.2208444919779,33.3843872005345,595.0,0.06901972773309044,2500.0,254.19910018589226,2.2580457740912934,20.163539343713644,13.740038339028516,33.55721076701619,67.31967329023877,15.501567213129203,513.0,97.3485340266196,-0.1,302.05948277377837,0.3824937919747592,5862308618782789632,0.093781,15.402884,1.338255,0.4363,16.71647509578544,0.965,9406.5,1482.077,0,2,0.5972641655023279,440087306,14.759,10372.0,2.222,,DWARF,2MASS J13051616-6338251,EclBin,,True,False,True,True,False,True,False,True,False,False,True,True,True,False,,10,18,C,multi_survey;wise_quality;photosphere;unconfused;tess_usable,,
J174115.83-212645.5,2,gaia_dr3;vsx,2.471466,1.03193,E;ECL,4117364183545481984;Gaia DR3 4117364183545481984,,1.03193,1,265.3159669,-21.4459825,0.000194,AAAA,hh00,0,True,,,,,,,,,2500.0,105.77307473387778,0.757067735637087,-11.613243320547726,1.2005767841998551,6.046357031768414,2.365614623201262,14.244781957748055,224.0,135.06001516674513,-0.1,233.7554223434755,0.005125475949770663,4117363977447219584,0.074329,14.34716,5.166268,0.1787,2.75346687211094,0.958,4047.5,4011.7507,0,1,0.5880225840448925,236699977,12.761,,,,,2MASS J17411582-2126454,LongPeriodV*,,False,False,True,True,True,True,False,True,False,True,True,False,False,False,,10,18,C,match;multi_survey;photosphere;unconfused;not_evolved_or_wind;nearby,,
J095911.11-580903.5,2,gaia_dr3;vsx,0.140695,12.8182,E;ECL,5259136532825192832;Gaia DR3 5259136532825192832,,12.8182,1,149.7963186,-58.1509894,0.000107,AAAA,00PP,0,False,,,,,,,,,2500.0,568.7116709332555,2.598919202580521,22.265723189867472,25.718638912723534,21.740005768904464,319.4493701060514,12.585318962619587,461.0,110.93338371301776,-0.1,350.12749345607085,0.6481557014751065,5259136532825192832,0.140695,19.94618,2.791702,-0.2208,-0.4055841293166789,2.298,,,0,1,4.881013400668789,461871214,19.018,,,,,Gaia DR3 5259136532825192832,EclBin,,True,False,True,True,False,True,False,True,False,False,True,True,True,False,,10,18,C,multi_survey;wise_quality;photosphere;unconfused;tess_usable,,
J052528.23-695319.2,2,gaia_dr3;vsx,1.515069,0.463538,E;ECL,4657960790740159616;Gaia DR3 4657960790740159616,,0.463538,1,81.3676499,-69.8886673,5.5e-05,AAAA,hho0,0,False,6440.0,593.2168086408449,26.889486380628842,12.981816337150642,31.738244897895907,5.818013978099831,300.0,0.009247162036703182,3350.0,62.33311807110423,0.63077230834147,-21.18481673611654,3.397443247079505,21.890334608403617,13.722045428250492,12.427317393691407,241.0,458.2523603050679,-0.1,1082.3716532171384,0.023886232834263214,4657960786358274560,0.024351,14.324174,1.815673,0.0104,0.6303030303030303,1.062,4622.8,5915.7407,0,1,0.7217890426316652,373774468,13.415,6440.0,35.9,,GIANT,Gaia DR3 4657960790740159616,EclBin,,False,False,True,True,False,True,False,True,False,True,True,True,False,False,,10,18,C,match;multi_survey;wise_quality;photosphere;unconfused;nearby,,
J045527.17-662646.8,2,gaia_dr3;vsx,0.861503,10.7538,E;ECL,4662155049585876864;Gaia DR3 4662155049585876864,,10.7538,1,73.8632319,-66.446342,3.1e-05,AAAA,0000,1,False,,,,,,,,,2500.0,12.67438520718482,1.4075641039207236,10.141223870463353,59.8581631791042,11.479545407908967,585.1637857478927,12.316826873996707,281.0,44.4176066455243,-0.1,271.8376963081941,1.5549153034163112,4662155049585876864,0.891672,16.280704,-0.021017,0.0271,0.7002583979328165,1.006,18197.4,13182.506,0,1,0.5357627731848967,30111897,15.002,,,,,Gaia DR3 4662155049585876864,EclBin,,True,False,True,True,False,True,True,True,False,False,True,True,False,False,,10,18,C,multi_survey;wise_quality;unconfused;tess_usable;nearby,,
J110833.69-610035.4,1,gaia_dr3,0.012788,,ECL,5337296901767930112,,,1,167.1403957,-61.0098536,0.000103,AAAA,0hdD,0,False,8048.0,1594.2365878905932,35.89376767932778,12.178652378286005,591.3135039814113,31.96448949457955,499.0,0.12264610212942216,2500.0,246.3263791263123,1.886800643062832,17.009950470321886,19.69614435711576,34.35373010043189,87.60628692191091,12.060031969644596,426.0,38.0637831104366,-0.1,696.5525092746873,0.44562227200885973,5337296901767930112,0.012788,14.867974,0.667402,0.3718,18.04854368932039,0.947,,2689.6180742334586,0,1,0.3066417438890537,466883582,14.543,8048.0,1.857,,DWARF,2MASS J11083371-6100354,EclBin,,True,False,True,True,False,True,False,True,False,False,True,True,True,False,,10,18,C,multi_survey;wise_quality;photosphere;unconfused;tess_usable,,
J234306.55+630048.9,1,ztf_chen2020,0.015274,1.72167,EW,ZTFJ234306.55+630048.9,,1.72167,1,355.7773211,63.0135987,7e-05,AAAA,0000,0,True,3848.0,942.1303484563871,34.24022933956962,12.063169494251595,89.62567857966953,27.95557584432151,697.0,0.2535096907923525,2500.0,178.00597267589274,2.0003513430755033,18.098781736772445,7.174001864062776,31.14643439406127,33.10667307837899,11.830799082425779,607.0,65.55625073979324,-0.1,50.13517708182829,0.23379135798066347,2016218594060124032,0.082751,16.85544,2.61426,1.2383,24.766,1.004,,807.5587498990552,0,1,1.212747173572537,272144585,15.63,3848.0,1.574,,GIANT,ZTF J234306.55+630048.9,EclBin,,True,False,True,False,True,True,False,False,False,False,True,True,True,False,,10,18,C,multi_survey;period_plausible;photosphere;dust_over_ff;unconfused;tess_usable,,
J052042.74-692115.1,2,gaia_dr3;vsx,2.275845,23.55,E;ECL,4658271265274472320;Gaia DR3 4658271265274472320,,23.55,1,80.1781221,-69.3542158,7.2e-05,AAAA,hh00,1,False,,,,,,,,,2800.0,33.74350182995151,0.7036267982809576,-15.244024058047163,1.3032589812106183,8.421433244541554,2.576104784778096,11.452963842245143,249.0,233.34399409273692,-0.1,350.5601965700599,0.004832484054480525,4658271260944580992,0.116962,14.700463,3.880077,-0.124,-3.2804232804232805,1.315,,,1,3,1.2979864857948615,179507942,13.336,,,,,OGLE LMC-LPV-43650,LongPeriodV*,,False,False,True,True,False,True,True,True,False,True,True,False,True,False,,10,18,C,match;multi_survey;wise_quality;unconfused;not_evolved_or_wind,,
J120743.97-615509.8,2,gaia_dr3;vsx,0.04109,102.4,E;ECL,6057673070297003008;Gaia DR3 6057673070297003008,,102.4,1,181.9332288,-61.9194086,0.00011,AAAA,0000,0,True,,,,,,,,,2500.0,1491.8808789415475,6.7296780442563895,30.813355672917673,18.325232380837853,25.036293901534545,61.887586405625505,11.012294037540435,820.0,44.66289667051355,0.26,6.103464429720075,1.1692966615802585,6057673070297003008,0.111996,19.527542,2.831806,0.5218,1.5067860236788913,1.022,,,1,7,6.397959482967094,380685246,18.508,,,,,2MASS J12074398-6155100,EclBin,,True,False,True,False,True,True,False,False,False,False,True,True,True,False,,10,18,C,multi_survey;period_plausible;photosphere;dust_over_ff;unconfused;tess_usable,,
J025017.96+620634.2,2,gaia_dr3;vsx,0.174834,14.1398,E;ECL,467253443505004544;Gaia DR3 467253443505004544,,14.1398,1,42.5748715,62.1095064,0.000122,AAAA,0h0H,0,False,5487.0,701.7808555814729,17.23361467994474,10.954672133362092,887.2832733075659,26.9106512022091,451.0,0.1756167137792044,2500.0,61.84203226598774,1.3593650469008665,9.567595376836941,17.12345125616416,16.489190582972753,224.9807482955941,10.91828583429328,357.0,74.99471106280251,-0.1,325.46750605389303,0.357910654549211,467253443505004544,0.174834,18.272688,1.630981,0.1362,1.0381097560975607,1.001,5155.7,1225.2633,0,1,0.3387063133240912,424280878,17.457,5487.0,1.618,,DWARF,Gaia DR3 467253443505004544,EclBin,,True,False,True,True,False,True,False,True,False,False,True,True,True,False,,10,18,C,multi_survey;wise_quality;photosphere;unconfused;tess_usable,,
J231917.62+600929.1,2,gaia_dr3;vsx,0.735248,2.08116,E;ECL,2013829389656036352;Gaia DR3 2013829389656036352,,2.08116,1,349.8234222,60.1581098,5.8e-05,AAAA,hhO0,0,False,5960.0,124.60751406034095,16.705676150175194,10.525957140236466,694.818114167611,-1.664404261947132,194.0,0.18910524525303202,3225.0,1.199958911329376,0.6548357547677751,-9.86710486661205,39.92542319677139,16.539720287518865,404.65293093587974,10.51507840084022,189.0,101.4936365090886,-0.1,481.48897941389885,0.6828963636657563,2013829389656036352,0.745651,18.788284,2.006723,-0.1977,-1.169130691898285,1.07,4784.0,883.2828,1,2,0.816331702850201,265271793,17.845,5960.0,1.997,,DWARF,Gaia DR3 2013829389656036352,EclBin,,True,False,True,True,False,True,False,True,False,False,True,True,True,False,,10,18,C,multi_survey;wise_quality;photosphere;unconfused;tess_usable,,
J101026.98-560453.3,2,gaia_dr3;vsx,0.090073,0.248424,E;ECL,5259074513494067072;Gaia DR3 5259074513494067072,,0.248424,1,152.6124525,-56.0814762,4.4e-05,AAAA,0ho0,0,False,,,,,,,,,2500.0,837.3696352734501,1.2663997501809878,7.613179373750477,3.3145610243959593,14.040196194086558,28.535144380645516,10.373139775043295,184.0,57.821581222022594,-0.1,88.66917245835299,0.09102092015566794,5259074513494067072,0.090073,19.537785,3.809168,-0.5211,-1.8144150417827298,1.067,,,1,1,0.30566182373039824,462950732,18.242,,,,,Gaia DR3 5259074513494067072,EclBin,,True,False,True,True,False,True,False,True,False,False,True,True,True,False,,10,18,C,multi_survey;wise_quality;photosphere;unconfused;tess_usable,,
J173744.35-345545.6,2,gaia_dr3;vsx,0.271576,10.7327,E;ECL,4053298389762331008;Gaia DR3 4053298389762331008,,10.7327,1,264.4348199,-34.929345,0.000116,AAAA,hhDH,0,False,,,,,,,,,2500.0,501.94763760098544,4.143029665878866,24.959783686935918,4.983945057819555,11.571859472395001,44.51714469763345,9.737128760317866,1500.0,76.43835092910305,0.6,103.22961633644667,1.1400472284967744,4053298389762331008,0.307072,17.54931,2.06341,1.4428,5.204906204906205,2.494,,693.0967563071805,4,15,8.219740143144925,105062360,16.683,,,,DWARF,Gaia DR3 4053298389762331008,EclBin,,True,False,True,True,False,True,False,True,False,False,True,True,True,False,,10,18,C,multi_survey;wise_quality;photosphere;unconfused;tess_usable,,
J173501.67-362918.3,1,vsx,2.20168,0.922855,E,OGLE-BLG-ECL-036862,,0.922855,1,263.7569857,-36.4884384,0.000143,AAAA,dddd,0,True,,,,,,,,,2500.0,649.2307017628166,1.119374463980524,3.859571622003858,1.8950933090707511,17.093884993124814,3.62563978109563,9.250301425429164,407.0,10.366770716324506,-0.1,6.587845128877029,0.020691875440427884,5962717635595190912,0.249099,17.603882,3.573604,-0.3743,-1.4638247946812672,1.491,,,4,8,15.785286530129783,465399790,16.419,,,,,OGLE BLG-ECL-36862,EclBin,,False,False,True,True,True,True,False,False,False,False,True,True,True,False,,10,18,C,match;multi_survey;photosphere;dust_over_ff;unconfused;tess_usable,,
J090808.68-455820.2,2,gaia_dr3;vsx,2.219388,0.52536,E;ECL,5330611424357482240;Gaia DR3 5330611424357482240,,0.52536,1,137.0361843,-45.9722804,6.7e-05,AAAA,000p,0,False,4034.0,546.5071958901102,12.207434680402523,10.108371914518127,5.016889234126843,7.459751097061326,217.0,0.0036526737447020526,2725.0,81.00104083987229,0.7137685633011255,-14.513193292730001,0.7457463747579672,-12.338974547741895,2.38513696493592,7.331709771751938,40.0,362.8843591495977,-0.1,416.63704061916826,2.8090910715082265,5330611424357482112,0.026298,14.175939,3.173906,0.235,13.352272727272725,1.07,,4255.319148936171,1,1,0.3819417114607611,32061329,12.673,4034.0,66.552,,GIANT,Gaia DR3 5330611424357482240,EclBin,,False,False,True,True,False,True,False,True,False,True,True,True,False,False,,10,18,C,match;multi_survey;wise_quality;photosphere;unconfused;nearby,,
J180235.68-323231.0,2,gaia_dr3;vsx,2.419217,0.314451,E;ECL,4042938653816793728;Gaia DR3 4042938653816793728,,0.314451,1,270.6486753,-32.5419649,8e-05,AAAA,0000,0,True,3417.0,261.00457819315034,20.991291370409563,9.410166242832569,3.4566294536241764,3.0154040802797093,510.0,0.01603548961377312,2725.0,76.76518446153187,0.7849824986086786,-9.913269248293872,1.5714251829995811,13.160389184822982,2.2264650441016545,7.293731323272112,348.0,110.62582863625826,-0.1,204.3181827071578,0.008067630151050569,4042938447657570944,0.055101,13.387573,3.482673,0.0103,0.40234375,0.727,3653.2,3359.3804,0,0,0.4801528311530294,266244880,12.015,3417.0,109.864,,GIANT,2MASS J18023568-3232310,LongPeriodV*,,False,False,True,True,True,True,False,True,False,True,True,False,False,False,,10,18,C,match;multi_survey;photosphere;unconfused;not_evolved_or_wind;nearby,,
J052537.23-694249.4,2,gaia_dr3;vsx,2.279353,15.72,E;ECL,4657969552428251264;Gaia DR3 4657969552428251264,,15.72,1,81.4051361,-69.7137464,0.000103,AAAA,hh00,0,True,4140.0,939.3158346617686,25.300339638147435,11.309851577543055,6.0002637962801275,15.232922014505787,868.0,0.04302538192103866,2500.0,96.70740059077575,0.7440130784877992,-12.452033289310512,1.1918888933689609,5.826625842412844,2.0435714557465623,6.930533971359608,243.0,155.4594470998409,-0.1,211.2655849704119,0.004311109946047318,4657969548092341504,0.006853,14.400918,2.58031,-0.0677,-1.5635103926096998,2.645,4392.4,13937.536,0,2,1.414776429957347,373776269,13.182,4140.0,34.023,,GIANT,BMB-O 104,C*,C,False,False,True,True,True,True,False,True,False,True,True,False,False,False,,10,18,C,match;multi_survey;photosphere;unconfused;not_evolved_or_wind;nearby,,
J192324.20+194123.2,2,gaia_dr3;vsx,2.433954,0.59104,E;ECL,4515862759727958016;Gaia DR3 4515862759727958016,,0.59104,1,290.8508494,19.6897849,6.5e-05,AAAA,0000,0,True,,,,,,,,,2500.0,357.70304021911966,0.9045964949300982,-3.8169150590257512,1.0478765068405547,1.6535427121677635,1.4350405025716184,4.9870752072612055,201.0,14.573816234212362,-0.1,25.096462989653578,0.001500365929553978,4515768923314747520,0.084834,14.830115,5.813544,0.0933,1.4030075187969924,1.028,3560.0,7006.2163,0,0,0.16249220768162273,358131219,13.151,,,,,2MASS J19232420+1941231,LongPeriodV*_Candidate,,False,False,True,True,True,False,False,True,True,True,True,False,False,False,,10,18,C,match;multi_survey;ir_excess;photosphere;not_evolved_or_wind;nearby,,
J120537.03-633251.5,2,gaia_dr3;vsx,1.783564,1.01244,E;ECL,6054298570338883456;Gaia DR3 6054298570338883456,,1.01244,1,181.4043209,-63.5476493,0.000124,AAAA,0h00,0,True,3866.0,923.4316154571098,13.942911541120178,10.545155441839924,4.124916887207802,10.542240930211653,993.0,0.029929149893545833,2500.0,135.4543482568264,0.6571339461133835,-18.883115600657177,0.7528511281371518,-9.633234287906705,1.5561919363084968,4.974978919284741,40.0,449.37158518168684,-0.1,474.12167288081145,1.4444887223210647,6054298566028761856,0.077937,14.624144,3.741422,0.0743,2.279141104294479,1.215,3878.4,4539.255,3,3,0.5774614187896779,379654089,12.867,3866.0,106.453,,GIANT,Gaia DR3 6054298570338883456,EclBin,,False,False,True,True,True,False,False,True,False,True,True,True,False,False,,10,18,C,match;multi_survey;ir_excess;photosphere;unconfused;nearby,,
J163515.09-514227.6,1,vsx,0.091497,514,ZAND+EA,Hen 3-1213,,514.0,1,248.8128809,-51.7076719,9.1e-05,AAAA,0000,0,True,4682.0,452.7900353805038,17.398783046924184,13.173519908211912,3.375289225414208,12.225615002156996,1171.0,0.02600598691546703,2750.0,77.69404881516343,0.6725246052043169,-17.622745177683445,0.7232033339402171,-13.851713508200124,1.2074295070371994,3.215918816375487,40.0,502.4313375200253,-0.1,512.7732485443369,0.4097661926020772,5934206543151802752,0.120796,11.091812,2.440815,0.2612,9.710037174721188,1.11,,3828.4839203675347,0,0,0.006191976595109054,26292371,9.825,4682.0,106.412,,GIANT,WRAY 15-1511,Symbiotic*,M2e,True,False,True,False,True,False,False,True,True,True,True,False,False,False,,10,18,C,multi_survey;period_plausible;ir_excess;photosphere;not_evolved_or_wind;nearby,,
J103845.83-605949.8,2,gaia_dr3;vsx,2.506355,0.35189,E;ECL,5254112284408106368;Gaia DR3 5254112284408106368,,0.35189,1,159.6909847,-60.9971766,6.4e-05,AAAA,000p,0,False,3756.0,227.3167738885585,1.4674959323163947,5.663153561050653,2.185599097434483,-7.719984306554734,146.0,0.0012242527202852198,2950.0,65.06159613942705,0.6023952306317538,-23.88763341939022,0.7008700081905397,-15.446338514566104,1.4353774716284944,3.1665825046730935,40.0,809.2089376419369,-0.1,819.2356486446384,0.7025485702581606,5254112284436139520,0.107292,12.634171,2.842792,0.2479,12.520202020202019,1.144,,4033.884630899556,0,0,0.049593483338935644,461077579,11.328,3756.0,64.811,,GIANT,Gaia DR3 5254112284408106368,EclBin,,False,False,True,True,False,False,False,True,True,True,True,True,False,False,,10,18,C,match;multi_survey;wise_quality;ir_excess;photosphere;nearby,,
J151159.64-685757.2,1,vsx,0.178961,516,SR|EC|ESD,ASAS J151201-6857.9,,516.0,1,227.9985224,-68.9659013,5.5e-05,AAAA,hh00,0,True,3190.0,90.81963598805304,-2.312627571893051,8.333501664661732,1.3818181877094893,-18.676841711741368,40.0,0.4914814023251731,2875.0,65.0834705665958,0.5611889229908417,-28.299030495150273,0.7683579639633351,-10.910806198176996,1.1169399810641503,3.157584645389632,40.0,919.8809115025338,-0.1,929.851159652423,0.20325356757282012,5799397449646072960,0.10502,11.361127,3.1863,0.2738,9.187919463087248,1.111,3558.3,7289.0576,0,0,0.004401686100992026,261951779,10.037,3190.0,,,,2MASS J15115966-6857571,LongPeriodV*,,True,False,True,False,True,False,False,True,True,True,True,False,False,False,,10,18,C,multi_survey;period_plausible;ir_excess;photosphere;not_evolved_or_wind;nearby,,
J130743.88-480019.5,1,vsx,0.082654,504,ZAND+EA,Hen 3-863,,504.0,1,196.9328457,-48.0054393,7.2e-05,AAAA,0000,0,True,4036.0,170.75850628568045,5.60363183994294,4.310885971704359,1.7267283430063856,-2.6099245552359998,292.0,0.0009597443457734565,3350.0,90.84410870794686,0.7633888617380874,-11.217405795655488,0.9145878145451766,-3.3798504856869904,1.3130826193035867,2.4422232445597833,40.0,137.25364560655908,-0.1,143.21803646627203,0.3497299045077617,6085314998772436992,0.097561,11.839401,1.84526,0.1685,8.51010101010101,1.096,,5934.718100890207,0,0,0.0011987845635428982,244906894,10.957,4036.0,35.878,,GIANT,Hen 3-863,Symbiotic*,,True,False,True,False,True,False,False,True,True,True,True,False,False,False,,10,18,C,multi_survey;period_plausible;ir_excess;photosphere;not_evolved_or_wind;nearby,,
J191907.36+151837.6,2,vsx;ztf_chen2020,0.043396,95.6863;95.6863,EB;EW,ZTF J191907.35+151837.6;ZTFJ191907.35+151837.6,True,95.6863,1,289.7806801,15.3104529,0.000158,AAAA,0000,0,True,,,,,,,,,2500.0,437.32966010731786,0.924839299490225,-2.9412206626393114,0.9460660962075149,-2.0632100387835366,1.2225750658709964,2.3814814551482186,40.0,12.907642203397176,-0.1,18.57906857168847,0.5780531827224006,4320750744950482688,0.068937,14.859053,5.73483,-0.1619,-1.9648058252427183,1.015,3791.5,4167.622,0,2,2.081174226552863,299990089,13.217,,,,,ZTF J191907.35+151837.6,EclBin,,True,False,True,False,True,False,False,True,False,True,True,True,False,False,,10,18,C,multi_survey;period_plausible;ir_excess;photosphere;unconfused;nearby,,
J193629.79+012019.4,1,ztf_chen2020,0.10491,215.13,EW,ZTFJ193629.78+012019.3,,215.13,1,294.1241488,1.3387245,0.000166,AAAA,0h00,0,True,3452.0,193.93798078930027,13.055741068573067,8.038448434733702,1.9276718252597496,6.684189991484374,958.0,0.021774201992732795,2675.0,14.406890782115038,0.824464172143374,-7.705433014376708,0.9533721979739938,-1.7700499663375047,1.1428730560237113,2.088157746112949,40.0,62.50678974898518,-0.1,66.86717759502943,0.3055954934664009,4239959931854819712,0.065362,12.329922,3.171103,0.2258,7.895104895104895,1.057,3573.7,4993.823,0,0,0.014205073327978553,214090822,10.914,3452.0,60.005,,GIANT,V* V1267 Aql,Mira,,True,False,True,False,True,False,False,True,True,True,True,False,False,False,,10,18,C,multi_survey;period_plausible;ir_excess;photosphere;not_evolved_or_wind;nearby,,
J082800.01-710548.2,2,asassn;vsx,0.311906,0.308077;0.30808,EB,ASASSN-V J082759.99-710548.5;J082800.10-710548.2,True,0.30807850000000003,1,127.0000656,-71.0967404,9.8e-05,AAAA,hhOO,0,False,4603.0,65.54319698090583,-1.1524555053152423,3.489325185314077,1.4735759674579556,-4.932288026923581,40.0,0.20955155030070177,3925.0,27.789679343521843,0.7693291051284485,-10.851348284129744,0.8128823153951124,-8.330867452700929,1.2212917506624397,1.9672978661994394,40.0,187.15523485767108,-0.1,191.02537299231005,0.15596260259382563,5221682738669737216,0.394889,11.559702,1.491285,1.0878,97.12500000000001,0.999,,919.2866335723478,1,1,0.2319863329604694,307575988,10.813,4603.0,8.036,,GIANT,UCAC4 095-015315,Blend,,True,False,True,True,False,False,False,True,False,True,True,True,True,False,,10,18,C,multi_survey;wise_quality;ir_excess;photosphere;unconfused,,
J190513.09+105239.7,2,vsx;ztf_chen2020,0.129336,65.037;65.037,EB:;EW,ZTF J190513.09+105239.6;ZTFJ190513.09+105239.6,True,65.037,1,286.3045624,10.8777138,0.000175,AAAA,0000,0,True,,,,,,,,,2500.0,217.39320895502118,0.7130738529162809,-14.562591925389485,0.7652259954790108,-11.10358848891102,1.129129541687832,1.9102614119045584,40.0,335.35886727328614,-0.1,339.00785957830794,0.3353602784998614,4312538698746918784,0.175916,15.004067,5.786791,0.2027,2.6883289124668437,1.188,3668.0,7732.8574,0,1,0.35318794028838746,223644346,13.368,,,,,ZTF J190513.09+105239.6,EclBin,,True,False,True,False,True,False,False,True,False,True,True,True,False,False,,10,18,C,multi_survey;period_plausible;ir_excess;photosphere;unconfused;nearby,,
J174109.45+281403.4,1,vsx,0.112163,508.6,EA:,ROTSE1 J174109.49+281402.2,,508.6,1,265.2893949,28.2342838,0.000142,AAAA,0000,0,True,3714.0,106.17773525225778,-1.047888097767778,1.9397283670529268,1.204417039041836,-12.190367284972172,40.0,0.16922575459928724,3450.0,95.00833325602096,0.701288140637576,-15.415550409162998,0.8901446871448355,-4.466460796557229,1.0958352711749546,0.999495437474274,40.0,257.5884927893629,-0.1,258.58745759416,0.09829596843362574,4595511038449438720,0.085257,11.670068,2.240916,0.1618,9.688622754491018,1.448,3830.8,4221.9175,0,0,0.00024234384830605068,359412188,10.706,3714.0,60.614,,GIANT,ROTSE1 J174109.49+281402.2,Mira,,True,False,True,False,True,False,False,True,True,True,True,False,False,False,,10,18,C,multi_survey;period_plausible;ir_excess;photosphere;not_evolved_or_wind;nearby,,
J203519.25+452714.8,2,vsx;ztf_chen2020,0.100997,51.3668;51.3668,EB:;EW,ZTF J203519.24+452714.9;ZTFJ203519.24+452714.9,True,51.3668,1,308.8302143,45.4541138,0.000117,AAAA,hhh0,0,False,3289.0,899.9789518727137,11.50157426262375,5.724643453365829,2.1635858253986293,9.5568883171403,1500.0,0.06269338348484861,2500.0,239.20559303930781,0.7706021605887099,-10.773632719978044,0.7424811381271511,-12.552397512692927,1.0617920772895966,0.6194659834131642,40.0,273.63390459777196,-0.1,274.0175834062471,0.16046916016976548,2071114701377682816,0.025373,14.873196,4.306563,0.1508,4.422287390029325,1.035,3661.7,3510.4763,0,0,0.07848256709669107,188736321,12.991,3289.0,,,,ZTF J203519.24+452714.9,EclBin,,True,False,True,False,False,False,False,True,True,True,True,True,False,False,,10,18,C,multi_survey;period_plausible;wise_quality;ir_excess;photosphere;nearby,,
J095310.02+335352.5,1,vsx,0.410348,25245,E-DO/GS,AS LMi,,25245.0,1,148.2917838,33.8979362,9.4e-05,AAAA,HH00,0,True,3871.0,120.95463432286307,-5.06457829680732,6.643841773013325,1.3459069490349462,-9.023385505530507,40.0,0.2538362819151792,3225.0,64.16046476183149,0.6296795126417812,-21.284391631844166,0.6507837604957473,-19.420517102353795,0.9819058992801781,-0.4763675433580016,40.0,830.4087376968992,-0.1,830.4087376968992,0.0,795188391420888192,0.286871,10.010967,1.997865,0.6897,34.65829145728643,1.043,4939.5,1356.8516,0,0,0.0,4918441,9.091,3871.0,35.602,,GIANT,2MASS J09531000+3353527,AGB*_Candidate,M2.0III,True,False,True,False,True,False,False,False,True,True,True,False,True,False,,10,18,C,multi_survey;period_plausible;ir_excess;photosphere;dust_over_ff;not_evolved_or_wind,,
J113654.75-521105.9,1,wise_chen2018,0.032546,16.7539,EW,J113654.7-521105,,16.7539,1,174.2281599,-52.1849967,8.7e-05,AAAA,0000,0,True,3112.0,90.28480318680447,-4.727823892384967,0.5001851975866052,1.0387621307901302,-14.367801231465165,40.0,0.05359843325701481,2950.0,78.55263698768923,0.6689951548262273,-17.906654069807868,0.8098021465233184,-8.50021191281068,0.9456002390520678,-0.7711319883092195,40.0,393.496507081849,-0.1,393.496507081849,0.0,5345684934197986688,0.065748,12.85636,3.434397,0.0384,1.2387096774193547,1.154,,,0,0,0.05572474471430753,92905524,11.476,3112.0,,,,2MASS J11365477-5211059,LongPeriodV*,,True,False,True,False,True,False,False,False,True,True,True,False,True,False,,10,18,C,multi_survey;period_plausible;ir_excess;photosphere;dust_over_ff;not_evolved_or_wind,,
J182448.72+000300.3,1,vsx,0.124263,0.98034,EB:,LS Ser,,0.98034,1,276.2030345,0.0501111,9e-05,AAAA,0000,0,True,4175.0,346.2703168716399,12.820367079036586,4.805767868748798,1.7125338122771223,8.449114403185915,1382.0,0.028064291073905834,2875.0,21.182783902408772,0.801281786648085,-8.975434209546146,0.8406975429673067,-6.857814940073227,0.8976478973936951,-1.317004373501303,40.0,129.32254552200436,-0.1,129.32254552200436,0.0,4273157933110435968,0.027325,12.168562,2.772229,0.2857,14.502538071065992,1.174,5134.2,3225.2244,0,0,0.004495659438217953,131694625,10.842,4175.0,83.802,,GIANT,V* LS Ser,LongPeriodV*,,True,False,True,True,True,False,False,False,True,True,True,False,False,False,,10,18,C,multi_survey;ir_excess;photosphere;dust_over_ff;not_evolved_or_wind;nearby,,
J113754.69-590632.1,2,gaia_dr3;vsx,2.606802,0.484889,E;ECL,5336416811406311808;Gaia DR3 5336416811406311808,,0.484889,1,174.4778774,-59.1089214,5.1e-05,AAAA,0ho0,0,False,3709.0,426.65327980316295,2.919227166370725,3.6897867680422967,1.5305468657384351,-1.721286073379615,240.0,0.0006835089782628769,2775.0,142.1398599696454,0.6316691350045034,-21.10335581789657,0.648225994900654,-19.639949453516607,0.8855190978245909,-1.3761293561337384,40.0,832.9729733182494,-0.1,832.9729733182494,0.0,5336416811431507456,0.044249,13.559234,3.022386,0.0428,3.1240875912408756,1.041,,,0,0,0.15115694970491053,265538536,12.186,3709.0,74.803,,GIANT,Gaia DR3 5336416811406311808,EclBin,,False,False,True,True,False,False,False,False,True,True,True,True,True,False,,10,18,C,match;multi_survey;wise_quality;ir_excess;photosphere;dust_over_ff,,
J192840.51+013449.4,1,vsx,1.086328,1.966,E,[KRE2007] V46,,1.966,1,292.1687982,1.5803897,8.3e-05,AAAA,0000,0,True,3630.0,247.24319229095582,4.670145090392276,4.300895004700284,1.422667969729266,-1.4822209416036345,350.0,0.001034759790798305,2850.0,78.95727180538856,0.6854345751732449,-16.60917432871966,0.7510387193300744,-11.996996916812375,0.9080134232973586,-1.4665444968884458,40.0,421.94335966515956,-0.1,421.94335966515956,0.0,4287920354185972992,0.028849,12.111853,2.847328,0.1591,5.602112676056337,1.125,3713.8,14020.756,0,0,0.004336565035285436,223881921,10.849,3630.0,102.836,,GIANT,2MASS J19284051+0134494,LongPeriodV*,,True,False,True,True,True,False,False,False,True,True,True,False,False,False,,10,18,C,multi_survey;ir_excess;photosphere;dust_over_ff;not_evolved_or_wind;nearby,,
J154232.04-574310.7,2,gaia_dr3;vsx,2.04617,0.92762,E;ECL,5882385563701644416;Gaia DR3 5882385563701644416,,0.92762,1,235.6335037,-57.7196597,6.9e-05,AAAA,00PP,0,False,3938.0,540.1506651861935,5.99806557092376,4.7522564795603355,1.865535683721563,4.522471272147536,1466.0,0.015734414657584635,2650.0,67.75670816889624,0.6235393047652751,-21.850373791519146,0.567189029408558,-27.616809459898924,0.8479208313412916,-1.837100348477559,40.0,1243.5019372638458,-0.1,1243.5019372638458,0.0,5882385632448077952,0.125394,13.198335,3.094793,0.2602,17.231788079470196,0.908,5606.6,2488.2134,0,0,0.1361637552339585,64427616,11.736,3938.0,57.113,,GIANT,Gaia DR3 5882385563701644416,EclBin,,False,False,True,True,False,False,False,False,True,True,True,True,True,False,,10,18,C,match;multi_survey;wise_quality;ir_excess;photosphere;dust_over_ff,,
J080101.79+012015.8,1,asas3,0.922817,305,ESD,080102+0120.3,,305.0,1,120.2574736,1.337742,0.000113,AAAA,0000,0,True,3624.0,105.01749803313132,-3.2125943839586553,5.166733341296048,1.2351008037492117,-11.490179057301019,40.0,0.2090216365163248,3050.0,55.81374095359379,0.5925702746745166,-24.883754866234494,0.675650760451014,-17.37375445903577,0.8933735479610195,-3.239635934360003,40.0,931.5438412329106,-0.1,931.5438412329106,0.0,3084793400599709056,0.056231,10.201703071594238,2.341618061065674,0.3553,14.74273856551129,1.1460000276565552,,2814.5229383619476,0,0,0.0,452839691,9.178000450134276,3624.0,68.91600036621094,,GIANT,IRAS F07584+0128,LongPeriodV*,,True,False,True,False,True,False,False,False,True,True,True,False,True,False,,10,18,C,multi_survey;period_plausible;ir_excess;photosphere;dust_over_ff;not_evolved_or_wind,,
J185713.73+090941.4,2,vsx;ztf_chen2020,0.061425,55.7851;55.7851,EB:;EW,ZTF J185713.73+090941.5;ZTFJ185713.73+090941.5,True,55.7851,1,284.3072314,9.1615152,0.000126,AAAA,0hhH,0,False,,,,,,,,,2500.0,161.16181941320338,0.625280146510384,-21.688780292903022,0.6182011982367063,-22.351557130054683,0.792289494919829,-4.009041347983027,40.0,986.0677092617544,-0.1,986.0677092617544,0.0,4310434748864038144,0.066134,14.010913,4.482533,0.0828,1.4325259515570934,1.268,,,0,0,0.06308697792056112,104987171,12.541,,,,,ZTF J185713.73+090941.5,EclBin,,True,False,True,False,False,False,False,False,True,True,True,True,True,False,,10,18,C,multi_survey;period_plausible;wise_quality;ir_excess;photosphere;dust_over_ff,,
J081016.54+464520.4,1,atlas_heinze2018,0.150658,0.994985,CBH,J122.5689+46.7556,,0.994985,1,122.5689409,46.7556761,6.4e-05,AAAA,0000,0,True,3645.4,134.11478246388296,0.17026340419533106,3.3221681873452096,1.1806256946558031,-8.782561154021648,136.0,0.0002132041640166948,3025.0,67.35618752863414,0.6166111535406921,-22.502520359932472,0.7218140095567896,-13.948034511279431,0.8328194329029911,-4.3590239914673425,40.0,719.9121794352054,-0.1,719.9121794352054,0.0,929856163272739840,0.174772,10.931283,2.558583,0.2279,8.972440944881889,1.127,,4387.889425186486,0,0,0.0,407586495,9.815,3645.4,80.663,,GIANT,[WWV2004] J0810166+464521,LongPeriodV*,,True,False,True,True,True,False,False,False,True,True,True,False,False,False,,10,18,C,multi_survey;ir_excess;photosphere;dust_over_ff;not_evolved_or_wind;nearby,,
J173037.85-093317.2,1,atlas_heinze2018,0.341483,1.01629,DBH,J262.6577-09.5547,,1.01629,1,262.6577441,-9.5547843,0.000178,AAAA,0000,0,True,3242.0,390.1315973451773,3.041808447142736,4.800969344482696,1.4209881505515283,1.099468618581081,273.0,0.0009370121991270942,2500.0,113.10658816732813,0.6451440380829198,-19.906663865458953,0.6130725782388333,-22.841292930691118,0.7742227816140228,-4.725673243717371,40.0,940.3319166043956,-0.1,940.3319166043956,0.0,4166735828997759872,0.019553,13.011373,4.056091,0.2633,6.1662763466042145,1.061,3563.9,3732.9568,0,0,0.005027017151539797,3046517,11.259,3242.0,,,,ATO J262.6577-09.5547,LongPeriodV*,,True,False,True,True,True,False,False,False,True,True,True,False,False,False,,10,18,C,multi_survey;ir_excess;photosphere;dust_over_ff;not_evolved_or_wind;nearby,,
J195912.40+423311.8,2,vsx;ztf_chen2020,0.015562,128.548;128.548,EB:;EW,ZTF J195912.40+423311.8;ZTFJ195912.40+423311.8,True,128.548,1,299.8016694,42.5533043,0.00012,AAAA,hh00,0,True,,,,,,,,,2625.0,45.6602174594256,0.5806728511863191,-26.135121590690034,0.6590683941208815,-18.721465589472448,0.8291626857397641,-5.08410637968127,40.0,1059.385992057869,-0.1,1059.385992057869,0.0,2075501718417238400,0.072938,12.405715,4.295375,0.2864,7.2875318066157755,1.15,,3491.6201117318437,0,0,0.003281560236398058,269145510,10.815,,,,,ZTF J195912.40+423311.8,LongPeriodV*,M6.0III,True,False,True,False,True,False,True,False,True,True,True,False,False,False,,10,18,C,multi_survey;period_plausible;ir_excess;dust_over_ff;not_evolved_or_wind;nearby,,
J093351.35+144600.0,1,atlas_heinze2018,0.179083,1.00359,CBH,J143.4639+14.7666,,1.00359,1,143.463974,14.766684,1.6e-05,AAAA,0000,0,True,3441.0,96.94714526815845,-6.359395041708521,0.5819021654415286,1.0286684638578762,-8.734535071619721,40.0,0.029628223704859673,3025.0,64.76994301915573,0.6673454993381265,-18.040382151002078,0.6729219064447416,-17.590972768911836,0.8033230159730028,-5.111923031314534,40.0,661.0294681888761,-0.1,661.0294681888761,0.0,618696365476243968,0.184988,10.713063,2.69727,0.2548,9.688212927756656,1.278,,3924.6467817896387,0,0,0.0001842342624204793,193018818,9.569,3441.0,95.429,,GIANT,ASAS J093351+1446.0,LongPeriodV*,M5.0III,True,False,True,True,True,False,False,False,True,True,True,False,False,False,,10,18,C,multi_survey;ir_excess;photosphere;dust_over_ff;not_evolved_or_wind;nearby,,
J055301.39+021002.8,1,atlas_heinze2018,0.14951,2.01967,CBF,J088.2557+02.1675,,2.01967,1,88.2558247,2.1674666,8.7e-05,AAAA,0000,0,True,,,,,,,,,2500.0,208.42962856337053,0.7197791288805294,-14.089782679883285,0.7044569408624172,-15.18341201369543,0.7358825550306882,-6.088817059508478,40.0,466.13166952813117,-0.1,466.13166952813117,0.0,3316092782650519296,0.051785,13.572263,4.850951,0.4087,8.157684630738522,1.151,,2446.782481037436,0,0,0.0,159056633,12.068,,,,,ATO J088.2557+02.1675,LongPeriodV*_Candidate,,True,False,True,False,True,False,False,False,True,True,True,False,True,False,,10,18,C,multi_survey;period_plausible;ir_excess;photosphere;dust_over_ff;not_evolved_or_wind,,
J140308.39-545855.3,2,gaia_dr3;vsx,2.716816,0.335211,E;ECL,5896621765327492608;Gaia DR3 5896621765327492608,,0.335211,1,210.7849614,-54.9820372,0.000128,AAAA,0000,0,True,3031.0,80.116195269921,-14.862544690209123,-7.01246971868082,0.7748078670669487,-20.19492419860845,40.0,0.0,2850.0,67.84598759467394,0.5850920505965482,-25.664370922488782,0.6305514334172808,-21.204914898110598,0.6844637601020113,-11.122709469492314,40.0,1232.0230166259344,-0.1,1232.0230166259344,0.0,5896621765327492736,0.076389,11.61559,3.63156,0.3745,8.791079812206572,1.06,,2670.2269692923896,0,0,0.01391750818574603,209710619,10.2,3031.0,,,,2MASS J14030840-5458554,LongPeriodV*,,False,False,True,True,True,False,False,False,True,True,True,False,True,False,,10,18,C,match;multi_survey;ir_excess;photosphere;dust_over_ff;not_evolved_or_wind,,
J223224.08+563749.8,1,atlas_heinze2018,0.087448,4.0401,DBH,J338.1004+56.6305,,4.0401,1,338.1003573,56.6305062,6.4e-05,AAAA,dh00,0,True,,,,,,,,,2500.0,91.86691372850316,0.5917613877139741,-24.96723909003413,0.5932009354002751,-24.818823108094158,0.6750809956895474,-11.360193261392514,40.0,1368.3909991859846,-0.1,1368.3909991859846,0.0,2006869476746273920,0.067873,12.896924,4.626371,0.2457,5.150943396226415,1.018,,4070.00407000407,0,0,0.001275156825862356,64377587,11.19,,,,,ATO J338.1004+56.6305,LongPeriodV*,,True,False,True,True,True,False,False,False,True,True,True,False,False,False,,10,18,C,multi_survey;ir_excess;photosphere;dust_over_ff;not_evolved_or_wind;nearby,,
J212931.71+425656.2,1,ztf_chen2020,0.160482,124.552,EW,ZTFJ212931.71+425656.3,,124.552,1,322.382159,42.9489608,6.9e-05,AAAA,0000,0,True,3355.0,143.60198050043581,-0.8167034874653196,5.092503515716699,1.1701400496867282,-3.544391459025972,40.0,0.18923628617194418,2725.0,56.91013656822858,0.6124949873748805,-14.615081717719779,0.6375823312670308,-20.57198288444113,0.7458619386920416,-11.933666396022838,40.0,779.2194870649304,-0.1,779.2194870649304,0.0,1967485558663559040,0.045743,10.653275,3.026292,0.336,14.672489082969433,1.225,,2976.190476190476,0,0,0.010828497473308123,240252777,9.328,3355.0,64.347,,GIANT,V* V613 Cyg,LongPeriodV*,,True,False,True,False,True,False,False,False,True,True,True,False,True,False,,10,18,C,multi_survey;period_plausible;ir_excess;photosphere;dust_over_ff;not_evolved_or_wind,,
J075310.87-025719.2,1,atlas_heinze2018,0.143467,0.990637,CBH,J118.2952-02.9553,,0.990637,1,118.2953113,-2.9553563,0.000114,AAAA,0000,0,True,3140.0,83.59249428893118,-14.80613730303567,-4.550313609397946,0.8443067006824299,-13.549788294292412,40.0,0.0,2775.0,52.77905604527717,0.5422897059238944,-22.90992398252629,0.5493740567605688,-29.685960798325105,0.6446732288770664,-13.600658535458575,40.0,1591.0987980029704,-0.1,1591.0987980029704,0.0,3080943838593400832,0.128418,10.535988,3.136962,0.3152,9.788819875776397,1.256,,3172.58883248731,0,0,0.0,123016984,9.257,3140.0,,,,ATO J118.2952-02.9553,LongPeriodV*,,True,False,True,True,True,False,False,False,True,True,True,False,False,False,,10,18,C,multi_survey;ir_excess;photosphere;dust_over_ff;not_evolved_or_wind;nearby,,
J114518.15-541644.5,1,asas3,1.156139,0.97884,DCEP-FO/RRAB/EC/ESD/,114518-5416.7,,0.97884,1,176.3256524,-54.2790313,0.000117,AAAA,0000,0,True,3251.0,124.35889333563429,-7.940228634644586,-3.048907117153139,0.8856024984032057,-11.617108208489194,40.0,0.0,2750.0,59.50659610461745,0.5737960416709006,-26.88208785951244,0.5822503424940916,-25.966260820423418,0.6173212296776908,-14.631526714664448,40.0,1610.9749226827416,-0.1,1610.9749226827416,0.0,5344459635880612480,0.164238,11.466958999633787,3.225759983062744,0.2138,6.896774306263816,1.1510000228881836,,4677.268475210477,0,0,0.002617777729503686,267706994,10.098999977111816,3251.0,,,,2MASS J11451816-5416445,LongPeriodV*,,True,False,True,True,True,False,False,False,True,True,True,False,False,False,,10,18,C,multi_survey;ir_excess;photosphere;dust_over_ff;not_evolved_or_wind;nearby,,
J171623.90-234337.7,1,vsx,0.148812,75.9696,EC,ASAS J171624-2343.7,,75.9696,1,259.0996148,-23.7271443,0.000193,AAAA,0000,0,True,3927.0,239.94725994963406,5.828855045438262,6.656644395004949,1.3142484247024346,2.4381033576426576,868.0,0.004314341627679739,2750.0,40.99065981360645,0.6125544962609408,-22.891221017775916,0.600754418046995,-24.05172395986702,0.6392906294345568,-15.707924272605071,40.0,1349.2323100802028,-0.1,1349.2323100802028,0.0,4114106949065726848,0.048113,10.527273,2.51003,1.3463,36.48509485094851,1.616,,742.7764985515857,0,0,0.006355068187652247,79000661,9.355,3927.0,25.988,,GIANT,2MASS J17162390-2343376,LongPeriodV*,,True,False,True,False,True,False,False,False,True,True,True,False,True,False,,10,18,C,multi_survey;period_plausible;ir_excess;photosphere;dust_over_ff;not_evolved_or_wind,,
J193910.66+054349.9,1,atlas_heinze2018,0.177671,2.02327,DBF,J294.7944+05.7306,,2.02327,1,294.7944169,5.7305536,9.9e-05,AAAA,0000,0,True,3004.0,102.65361220184616,-17.43918833738369,-7.363465007449839,0.7701738863995891,-16.611489040998535,40.0,0.0,2675.0,66.21800917470512,0.5632276483128921,-28.065594014814092,0.528414420453225,-32.29898841623949,0.5949906925475147,-16.79679706349752,40.0,2113.0346117090603,-0.1,2113.0346117090603,0.0,4291664814069412992,0.061335,11.738533,3.859514,0.3178,7.125560538116592,1.063,17985.7,3943.2195,0,0,0.005834267912280491,393147530,10.239,3004.0,,,,NSVS  14093211,LongPeriodV*,,True,False,True,True,True,False,False,False,True,True,True,False,False,False,,10,18,C,multi_survey;ir_excess;photosphere;dust_over_ff;not_evolved_or_wind;nearby,,
J052917.52-671330.0,3,gaia_dr3;ogle_lmc_ecl;vsx,2.467729,1.96984;1.96981,C;E;ECL,4660183453422186624;Gaia DR3 4660183453422186624;OGLE-LMC-ECL-34026,True,1.9698250000000002,2,82.3230086,-67.2250097,0.000107,AAAA,0h00,1,False,,,,,,,,,2500.0,3023.0264606524383,89.01943014322362,35.78465280928769,695.8890661160233,36.139199675586525,1507.627560127391,36.16720142248954,548.0,29.45583569664703,-0.1,185.43254520758057,23.882886365493242,4660183831381560960,2.355841,20.554796,1.037519,1.0216,1.195692883895131,0.978,,,2,17,121.50301871469073,287400902,16.338,,,,,IRAS 05293-6715,AGB*,,True,True,True,True,False,True,False,True,False,False,True,False,True,False,,9,18,C,wise_quality;photosphere;unconfused;tess_usable;not_evolved_or_wind,,
J175944.96-250812.9,2,gaia_dr3;vsx,2.136597,0.336962,E;ECL,4064468500171210624;OGLE-BLG-ECL-235213,,0.336962,2,269.937371,-25.1369316,5.1e-05,AAAA,hhhp,0,False,,,,,,,,,2500.0,1488.5287797262067,1.9902743000172884,18.007177204350587,4.0398769586545376,27.2327144762059,13.630826603727959,15.72005010496182,786.0,106.90924445790272,0.10999999999999999,20.397581787911435,0.19405821198148887,4064468500171207936,0.095206,18.354713,4.754026,0.4879,1.7550359712230215,1.274,3719.7,9635.401,3,7,3.6268561205293675,137464654,16.976,,,,,OGLE BLG-ECL-235213,EclBin,,True,True,True,True,False,True,False,False,False,False,True,True,False,False,,9,18,C,wise_quality;photosphere;dust_over_ff;unconfused;tess_usable;nearby,,
J190805.55+104326.2,3,gaia_dr3;vsx;ztf_chen2020,2.938565,0.953651;0.953651,ECL;EW,4312426582908533504;ZTF J190805.73+104324.6;ZTFJ190805.73+104324.6,True,0.953651,2,287.0231509,10.7239453,0.000102,AAAA,hho0,0,False,,,,,,,,,2500.0,466.69354622121114,1.0045507055834715,0.16394944133424716,1.3020482137135547,8.395610284302261,2.1997894818429957,6.2997076479315535,289.0,0.010694794363274838,-0.1,5.800028533091433,0.006125423763079708,4312426582884603904,0.068726,16.338867,6.082124,-0.214,-1.621212121212121,1.253,3977.3,2492.1367,0,0,0.7085765229171844,198633956,14.692,,,,,2MASS J19080555+1043260,LongPeriodV*_Candidate,,True,True,True,True,False,True,False,True,False,False,True,False,True,False,,9,18,C,wise_quality;photosphere;unconfused;tess_usable;not_evolved_or_wind,,
J084837.62-293343.4,2,asas3;vsx,0.03675,60.9;60.9,MISC/EC/ESD;MISC|EC|ESD,084838-2933.7;ASAS J084838-2933.7,True,60.9,2,132.1567683,-29.5620808,6.9e-05,AAAA,0h00,1,False,3569.0,142.00293929718754,3.5881117302628867,3.334448083061007,1.2398976722908854,-4.771014031749172,366.0,0.0007204985388497626,2875.0,40.090705169619845,0.6406197219750219,-20.302849763705055,0.7444830450925274,-12.421326480672864,0.8134316217083556,-3.9527628181946013,40.0,582.1193939639451,-0.1,582.1193939639451,0.0,5642475081394797440,0.062785,11.206118,2.551571,0.3725,15.020161290322582,1.368,,2684.5637583892617,0,0,0.003278920542795694,1567341,10.043,3569.0,51.18,,GIANT,2MASS J08483764-2933433,LongPeriodV*,,True,True,True,False,False,False,False,False,True,True,True,False,True,False,,9,18,C,period_plausible;wise_quality;ir_excess;photosphere;dust_over_ff;not_evolved_or_wind,,
J175127.53-384747.1,2,gaia_dr3;vsx,2.544359,0.367295,E;ECL,4036666863436861696;Gaia DR3 4036666863436861696,,0.367295,1,267.8647491,-38.7964293,0.000112,AAAA,0000,0,True,,,,,,,,,2500.0,428.8813727831248,2.26752705338392,11.671474796192912,12.229471246429087,33.23186327754085,28.259321828152885,34.91052475351595,482.0,36.97252169775944,-0.1,103.97221237511265,0.326662434867277,4036666867653778560,0.082148,16.437471,5.79079,-0.1112,-0.715112540192926,1.518,,,1,8,3.710204601240003,368467473,15.223,,,,GIANT,IRAS 17479-3847,Mira,,False,False,True,True,True,True,False,True,False,False,True,False,True,False,,9,18,C,match;multi_survey;photosphere;unconfused;tess_usable;not_evolved_or_wind,,
J190545.04+093744.8,2,vsx;ztf_chen2020,1.89955,0.504289;0.504318,EW,ZTF J190545.16+093745.4;ZTFJ190545.16+093745.4,True,0.5043035,1,286.4376678,9.629137,0.000181,AAAA,HHdh,0,False,,,,,,,,,2500.0,396.54767462874753,1.0014035720914276,0.0507257705791309,2.192120075037858,19.681524149860987,5.19300085811501,28.27933437669077,309.0,0.10126926760559848,-0.1,86.82619346679623,0.0237736375482375,4310705258765390976,0.090902,15.267483,5.642215,0.0623,0.5816993464052288,1.248,3817.3,2321.547,1,1,0.5129028403109632,223825362,13.557,,,,,2MASS J19054504+0937449,LongPeriodV*_Candidate,,False,False,True,True,False,True,False,True,False,True,True,False,True,False,,9,18,C,match;multi_survey;wise_quality;photosphere;unconfused;not_evolved_or_wind,,
J180040.78-304630.0,2,gaia_dr3;vsx,2.443485,0.455543,E;ECL,4044145780119483776;Gaia DR3 4044145780119483776,,0.455543,1,270.1699405,-30.7750082,8.8e-05,AAAA,hhh0,0,False,,,,,,,,,2500.0,170.12221586316645,0.7370139918320942,-12.913976015702854,2.044235546615692,18.487177128112613,4.3519609612854895,27.87513801233274,307.0,179.4211534471479,-0.1,512.0999902925853,0.019256108374184806,4044145775763533696,0.033368,14.72259,5.661985,0.3543,3.717733473242393,0.871,,,0,3,1.6272051412090802,264066247,13.078,,,,,OGLE BLG-LPV-173328,LongPeriodV*,,False,False,True,True,False,True,False,True,False,True,True,False,True,False,,9,18,C,match;multi_survey;wise_quality;photosphere;unconfused;not_evolved_or_wind,,
J175632.21-262043.9,2,gaia_dr3;vsx,0.028274,3.56698,E;ECL,4064236468834673408;Gaia DR3 4064236468834673408,,3.56698,1,269.1342238,-26.3455372,8e-05,AAAA,000h,0,False,,,,,,,,,2500.0,2356.147848906081,4.059010922666548,27.27494433798126,9.278449813774996,32.29064072299594,23.94580701619951,23.64533667060169,815.0,131.28800698811693,0.38,3.9309285604535136,0.598037663364736,4064236468834673408,0.028274,19.98685,3.460512,0.0665,0.07433489827856025,1.206,,,3,6,196.05014939766102,135000915,14.806,,,,,Gaia DR3 4064236468834673408,EclBin,,True,False,True,True,False,True,False,False,False,False,True,True,True,False,,9,18,C,multi_survey;wise_quality;photosphere;dust_over_ff;unconfused;tess_usable,,
J214454.85+475307.9,1,ztf_chen2020,0.069967,14.9065,EW,ZTFJ214454.85+475308.0,,14.9065,1,326.2285639,47.885541,7.9e-05,AAAA,hhdh,0,False,3776.0,747.8606416054663,34.516955819351935,21.58655557604117,169.42322688921567,25.113332602141092,552.0,0.22288735100295437,2500.0,79.60989313062613,1.5918689857093857,13.456165719395635,8.998342604116191,32.169220953259874,67.47091185898744,21.392885787410858,209.0,178.7935062099881,-0.1,535.356918837338,0.23383733695299216,1977776197221515904,0.027922,16.586782,2.312387,1.3036,33.002531645569626,0.953,3751.6,623.6634,1,2,0.31444506294537156,240606833,15.513,3776.0,1.25,,DWARF,ZTF J214454.85+475308.0,EclBin,,True,False,True,False,False,True,False,True,False,False,True,True,True,False,,9,18,C,multi_survey;period_plausible;wise_quality;photosphere;unconfused;tess_usable,,
J175411.45-241800.7,2,gaia_dr3;vsx,0.814106,0.394766,E;ECL,4067756074274235392;Gaia DR3 4067756074274235392,,0.394766,1,268.5477343,-24.3002141,0.000136,AAAA,00hh,0,False,,,,,,,,,2500.0,2138.1111530553085,3.432817997316772,25.648496185336246,6.974386025105661,31.002046561558352,15.561807420026541,20.734018734175194,872.0,82.16013240764396,0.52,1.1357005720989166,0.48611857790028984,4067756074307401088,0.032339,19.534262,,0.4136,0.7102867937489267,1.232,,,4,5,5.619794985238909,132942686,16.09,,,,,Gaia DR3 4067756074274235392,EclBin,,True,False,True,True,False,True,False,False,False,False,True,True,True,False,,9,18,C,multi_survey;wise_quality;photosphere;dust_over_ff;unconfused;tess_usable,,
J170944.91-272932.2,2,gaia_dr3;vsx,2.774664,0.78896,E;ECL,4108543111036909440;Gaia DR3 4108543111036909440,,0.78896,1,257.4371615,-27.4922851,0.000199,AAAA,0hd0,1,False,,,,,,,,,2675.0,82.88424539593977,0.6739128956802,-17.51188604809234,2.2084850421110356,19.803861593049387,5.035353595604913,20.235199322947317,295.0,323.82845520852135,-0.1,789.7246659168771,0.018493438097683355,4108543111057141760,0.085823,13.77431,3.828403,0.1657,4.53972602739726,0.932,,,0,2,0.5546550086864561,24031333,12.377,,,,,2MASS J17094492-2729320,LongPeriodV*,,False,False,True,True,False,True,False,True,False,True,True,False,True,False,,9,18,C,match;multi_survey;wise_quality;photosphere;unconfused;not_evolved_or_wind,,
J105145.23-600547.0,2,gaia_dr3;vsx,0.174946,3.27846,E;ECL,5338291994165790592;Gaia DR3 5338291994165790592,,3.27846,1,162.938474,-60.0963971,0.000106,AAAA,0hhh,0,False,6294.0,814.3184245380594,15.007030726935024,19.36160007736853,730.3483748156252,23.019721964799945,436.0,0.11635777577436791,2500.0,35.9641480592643,1.150330778903278,4.1732131809434225,13.118311621408022,14.126355916270837,165.2083517310864,19.270790784784694,177.0,17.157874995042715,-0.1,525.2015103217906,0.535119462531674,5338291994165790592,0.253098,16.328957,1.181319,0.3839,10.723463687150838,1.021,9637.7,3275.7483,1,3,1.4002666495869507,465207656,15.706,6294.0,1.527,,DWARF,2MASS J10514522-6005468,EclBin,,True,False,True,True,False,True,False,True,False,False,True,True,False,False,,9,18,C,multi_survey;wise_quality;photosphere;unconfused;tess_usable;nearby,,
J175031.68-232626.8,1,vsx,2.577015,0.424681,E,OGLE-BLG-ECL-130121,,0.424681,1,267.6320095,-23.4407847,3.3e-05,AAAA,ddd0,0,True,,,,,,,,,2500.0,242.9153013884365,0.9678263308482558,-1.2031124567339144,1.833380620827871,16.451057718137577,3.562925090702206,16.617117212710667,332.0,2.6151586188633886,-0.1,56.95790495344112,0.016492740868794202,4068654478404001536,0.168499,16.31617,5.856245,-0.3814,-2.7360114777618367,2.337,,,3,6,1.7243434349275892,335420220,14.706,,,,,2MASS J17503167-2326267,LongPeriodV*_Candidate,,False,False,True,True,True,True,False,True,False,False,True,False,True,False,,9,18,C,match;multi_survey;photosphere;unconfused;tess_usable;not_evolved_or_wind,,
J175514.06-324915.6,1,vsx,2.79304,0.351045,EC,OGLE-BLG-ECL-182406,,0.351045,1,268.8085899,-32.8210206,0.000107,AAAA,00h0,0,False,,,,,,,,,2500.0,116.48295867886743,0.744565746285691,-12.415926938017071,1.7400360885174095,15.392094057381469,3.2532115893226266,15.666527601124322,311.0,163.72366077279258,-0.1,356.19043720261703,0.013584853058971237,4043338631149188096,0.056258,15.291879,4.578792,-0.7496,-3.0080256821829856,2.479,,,2,3,1.5785051213013124,258419325,13.792,,,,,OGLE BLG-LPV-119552,LongPeriodV*,,False,False,True,True,False,True,False,True,False,True,True,False,True,False,,9,18,C,match;multi_survey;wise_quality;photosphere;unconfused;not_evolved_or_wind,,
J175936.50-290801.4,2,gaia_dr3;vsx,2.663885,0.425838,E;ECL,4062358090748921600;Gaia DR3 4062358090748921600,,0.425838,1,269.9020913,-29.1337337,0.000117,AAAA,00o0,0,False,,,,,,,,,2500.0,69.71066915299961,0.6802639442623609,-17.01050573133768,1.5308500611753162,12.549958251596145,2.728266001003176,15.631315142123038,298.0,297.1942652634364,-0.1,488.13464203257195,0.009641097861250237,4062358090747071360,0.080422,14.780032,4.489689,0.2086,2.177453027139875,1.201,3875.2,2321.8262,3,8,3.059599591406434,137715827,13.386,,,,,ISOGAL-P J175936.5-290759,LongPeriodV*,,False,False,True,True,False,True,False,True,False,True,True,False,True,False,,9,18,C,match;multi_survey;wise_quality;photosphere;unconfused;not_evolved_or_wind,,
J154321.63-560557.6,2,gaia_dr3;vsx,1.955609,0.379391,E;ECL,5884262842303497856;Gaia DR3 5884262842303497856,,0.379391,1,235.8401265,-56.099347,3.3e-05,AAAA,0000,0,True,,,,,,,,,2500.0,952.41081300781,1.806128689380905,16.153206743628733,1.7709401910396716,15.755052624024867,3.3170953029253316,14.870997183462462,1500.0,86.7748722718678,0.6,80.96750141104764,0.2546519707847997,5884262842335477120,0.140622,16.038815,5.601633,-0.014,-0.173053152039555,1.008,3908.3,4501.3496,0,0,0.29795196574766447,66174725,14.424,,,,,2MASS J15432163-5605575,LongPeriodV*_Candidate,,False,False,True,True,True,True,False,False,False,True,True,False,False,False,,9,18,C,match;multi_survey;photosphere;dust_over_ff;unconfused;not_evolved_or_wind;nearby,,
J174949.38-333947.1,2,gaia_dr3;vsx,2.336133,0.214621,E;ECL,4041881194274891776;Gaia DR3 4041881194274891776,,0.214621,1,267.4557583,-33.6631004,0.000126,AAAA,00h0,0,False,,,,,,,,,2500.0,597.0214724199784,1.7025942510282546,14.93469970185395,3.8209061067904986,26.719315652401775,5.996811818116515,14.591676871836684,715.0,5.744592868199562,0.36,32.222128651659645,0.14345903596891785,4041881198485583232,0.059699,16.624235,5.258696,-0.2147,-1.2157417893544733,1.242,,,4,10,5.6270357976232415,444255342,14.396,,,,,OGLE BLG-LPV-56450,Mira,,False,False,True,True,False,True,False,True,False,True,True,False,True,False,,9,18,C,match;multi_survey;wise_quality;photosphere;unconfused;not_evolved_or_wind,,
J123424.45-645845.8,2,gaia_dr3;vsx,2.314863,0.437055,E;ECL,5861091562483628032;Gaia DR3 5861091562483628032,,0.437055,1,188.601893,-64.979416,9.1e-05,AAAA,0hhh,0,False,8853.0,577.4208070953719,16.71171527377428,14.626041037691584,318.4754211719875,7.513877666936174,204.0,0.026982899314076225,3225.0,31.218594236143794,0.6442165004479348,-10.707553456979825,10.513540406609193,15.594697304173682,95.31958663709098,14.51818541872941,196.0,116.13354014256011,-0.1,568.6239928954898,0.15548755121288535,5861091562522264448,0.195089,17.123915,2.259825,0.1163,1.8286163522012577,1.013,5176.9,1646.2924,2,8,3.150421077464858,179979094,16.035,8853.0,10.271,,GIANT,Gaia DR3 5861091562483628032,EclBin,,False,False,True,True,False,True,False,True,False,False,True,True,True,False,,9,18,C,match;multi_survey;wise_quality;photosphere;unconfused;tess_usable,,
J131641.86-614130.1,2,gaia_dr3;vsx,0.157895,4.34701,E;ECL,5869323228079627136;Gaia DR3 5869323228079627136,,4.34701,1,199.1744366,-61.6916946,8.1e-05,AABA,00hO,0,False,5307.0,425.6941097074914,5.193764475933111,14.586086578457754,170.55775456608797,15.121673146123703,644.0,0.024456052666339347,3150.0,8.069470687194556,0.9734670407321937,-0.98643279779191,2.3299233901413046,3.755998055404687,80.33960020049204,14.489484737582476,123.0,0.973702880635566,-0.1,222.5817120749148,0.15924779274388598,5869323228079627136,0.236287,16.478275,3.047191,0.2324,4.94468085106383,1.014,7991.8,6285.521,1,3,2.823330976156977,443404037,14.976,5307.0,13.889,,GIANT,Gaia DR3 5869323228079627136,EclBin,,True,False,True,True,False,True,False,True,False,False,True,True,False,False,,9,18,C,multi_survey;wise_quality;photosphere;unconfused;tess_usable;nearby,,
J020445.67+624821.4,2,gaia_dr3;vsx,0.252293,1.20339,E;ECL,508818114072751232;Gaia DR3 508818114072751232,,1.20339,1,31.1903203,62.8059465,0.000129,AAAA,00P0,0,False,5343.0,222.66038042809026,35.998280753386986,14.26876859974687,828.9384014179421,16.542695828103458,292.0,0.4479995632978455,2675.0,22.52090976676367,1.1805045825353868,5.355292306925983,94.61464681504468,35.808695152463926,393.6351603511272,14.249710197648147,258.0,8.106448633786838,-0.1,1453.701994604181,1.6278060169594863,508818114072751232,0.252293,18.475126,1.938198,0.0231,0.16499999999999998,0.986,9259.1,3349.495,3,3,0.5832431022775849,12003917,17.502,5343.0,2.193,,DWARF,Gaia DR3 508818114072751232,EclBin,,True,False,True,True,False,True,False,True,False,False,True,True,False,False,,9,18,C,multi_survey;wise_quality;photosphere;unconfused;tess_usable;nearby,,
J164651.71-470541.5,2,gaia_dr3;vsx,0.06713,0.82693,E;ECL,5939656616086945792;Gaia DR3 5939656616086945792,,0.82693,1,251.7154744,-47.0948621,8.1e-05,AAAA,00o0,0,False,,,,,,,,,2500.0,1174.8549443971137,1.7501932792779007,15.512801043594774,2.6530242206204004,22.54971552489839,4.684845467083735,13.99969242879388,931.0,32.472007060090476,0.6,0.7650144895593832,0.15245683401235183,5939656616086945792,0.06713,17.935312,3.834996,0.7098,2.269181585677749,1.786,,,3,6,2.0473186532146683,236407863,16.668,,,,GIANT,Gaia DR3 5939656616086945792,EclBin,,True,False,True,True,False,True,False,False,False,False,True,True,True,False,,9,18,C,multi_survey;wise_quality;photosphere;dust_over_ff;unconfused;tess_usable,,
J164923.34-495723.8,2,gaia_dr3;vsx,2.884209,0.440497,E;ECL,5937646571389637120;Gaia DR3 5937646571389637120,,0.440497,1,252.3472773,-49.9566307,4.5e-05,AAAA,0hh0,0,False,,,,,,,,,2500.0,106.09442295893912,0.7730120663573253,-10.627217362873026,1.2660226516767168,7.604667099982933,2.4490380418154314,13.110295962844758,245.0,113.41394616304807,-0.1,202.80408739310067,0.005983561734087513,5937646567095906432,0.10328,14.770971,5.024389,-0.0332,-0.4896755162241888,1.054,,,0,1,0.47237695473787733,53447639,13.234,,,,,2MASS J16492335-4957238,LongPeriodV*_Candidate,,False,False,True,True,False,True,False,True,False,True,True,False,True,False,,9,18,C,match;multi_survey;wise_quality;photosphere;unconfused;not_evolved_or_wind,,
J004655.86-731054.8,1,ogle_lmc_ecl,1.184575,10.0004,NC,OGLE-SMC-ECL-6591,,10.0004,1,11.7327803,-73.1819017,4.6e-05,AAAA,0000,1,False,,,,,,,,,4800.0,60.541518462392006,1.0456038843247777,1.4798202586420008,23.197807114555975,14.841897172734487,409.1278943733317,12.893838541080415,165.0,2.1237097918933943,-0.1,376.9678199140793,0.1982713672180608,4685853545247877504,1.238991,14.2910737991333,-0.1036269962787628,0.0042,0.23204418712729127,1.0130000114440918,25294.900390625,15655.1533203125,0,0,0.3054994174491185,180609331,13.241999626159668,,,,,[MA93]  151,EmLine*,OBe,True,False,True,True,False,True,False,True,False,True,True,False,False,False,,9,18,C,multi_survey;wise_quality;photosphere;unconfused;not_evolved_or_wind;nearby,,
J185850.26+084512.0,2,vsx;ztf_chen2020,0.151173,1.98554;1.98554,EB;EW,ZTF J185850.27+084512.1;ZTFJ185850.27+084512.1,True,1.98554,1,284.7094496,8.753357,0.000176,AAAA,0h00,0,True,,,,,,,,,2500.0,722.121743608474,1.2891845989368216,8.1182630008431,1.711474022747184,15.044986465362497,3.3290810355742777,11.686142983910823,800.0,43.469188765398656,0.27,4.936304722572083,0.05025247904920096,4310218900973259904,0.064466,17.180824,5.883519,-0.1208,-0.5968379446640316,1.722,3938.1,5448.035,0,1,0.31797552442789895,222387513,16.739,,,,GIANT,ZTF J185850.27+084512.1,EclBin,,True,False,True,False,True,True,False,False,False,False,True,True,False,False,,9,18,C,multi_survey;period_plausible;photosphere;dust_over_ff;unconfused;tess_usable;nearby,,
J081222.38-350223.3,2,gaia_dr3;vsx,0.05748,30.29,E;ECL,5544774333580648448;Gaia DR3 5544774333580648448,,30.29,1,123.0932753,-35.0398201,9.3e-05,AAAA,dddD,0,False,4658.0,1007.9919274731036,34.60344834493293,11.051791739704495,408.0772692939294,30.96139862401042,506.0,0.41254973727026467,2500.0,339.7908361849784,2.4588592383582824,21.472508714908667,23.932544249004824,33.56031246892515,110.34252698684125,10.978535869928919,461.0,38.26447198548086,-0.1,537.7177725433796,0.5883021665752022,5544774333580648448,0.087924,17.477789,1.471321,0.3329,4.688732394366197,0.967,,,0,1,0.5334429916674083,145861901,16.699,4658.0,1.307,,DWARF,Gaia DR3 5544774333580648448,EclBin,,True,False,True,False,False,True,False,True,False,False,True,True,True,False,,9,18,C,multi_survey;period_plausible;wise_quality;photosphere;unconfused;tess_usable,,
J173733.67-333637.0,1,vsx,2.329554,2.60968,E,OGLE-BLG-ECL-047414,,2.60968,1,264.3903012,-33.6103013,0.0001,AAAA,0dd0,0,True,,,,,,,,,2500.0,440.40560844758124,0.8482831109027058,-6.472859404643556,1.728208048765715,15.249742716757707,3.3431054728708123,10.146232653470204,309.0,45.88524231174703,-0.1,154.33507494348947,0.01402331348672832,4053695691437520000,0.209128,17.038027,5.388976,-0.6139,-1.8287161155793863,2.091,,,6,18,8.378792553843576,105191814,15.423,,,,,2MASS J17373368-3336369,LongPeriodV*_Candidate,,False,False,True,True,True,True,False,True,False,False,True,False,True,False,,9,18,C,match;multi_survey;photosphere;unconfused;tess_usable;not_evolved_or_wind,,
J175152.43-332545.8,1,vsx,2.918313,6.3631,E,Gaia DR3 4043388766443889408,,6.3631,1,267.9684906,-33.4294077,5.7e-05,AAAA,hhh0,0,False,,,,,,,,,2500.0,128.60924280596183,0.671730816260849,-17.68633749631792,1.1361887255810095,4.33804193247204,2.511912635519214,8.067917844323667,188.0,312.8515097625941,-0.1,393.015938783705,0.005034516796110878,4043388766355694592,0.022043,14.867862,4.961094,-0.0553,-0.6110497237569061,1.202,,,0,3,1.1224242778187588,444880446,13.393,,,,,OGLE BLG-LPV-79273,LongPeriodV*,,False,False,True,True,False,True,False,True,False,True,True,False,True,False,,9,18,C,match;multi_survey;wise_quality;photosphere;unconfused;not_evolved_or_wind,,
J175440.48-232648.9,1,gaia_dr3,2.687297,,ECL,4067871724860749952,,,1,268.6687064,-23.4469375,5.7e-05,AAAA,hhhh,0,False,,,,,,,,,2500.0,385.37051912278827,0.949901599852578,-1.9087467182199986,1.1965581857729015,5.945116617886933,1.9502391807061332,7.5573813266387955,260.0,3.7235176983791027,-0.1,17.049218725979685,0.004213024391470731,4067871729194393856,0.170948,16.843082,3.225723,0.0799,0.42658836091831287,1.203,,,3,7,44.257858906544236,223600404,15.62,,,,,Gaia DR3 4067871724860749952,EclBin,,False,False,True,True,False,True,False,True,False,False,True,True,True,False,,9,18,C,match;multi_survey;wise_quality;photosphere;unconfused;tess_usable,,
J174304.18-272746.3,2,gaia_dr3;vsx,2.329272,1.73984,E;ECL,4060692090060912512;Gaia DR3 4060692090060912512,,1.73984,1,265.7674235,-27.4628845,6.1e-05,AAAA,0000,0,True,,,,,,,,,2500.0,439.84113197189487,1.0900137972416417,2.9886850619176815,1.447062197262961,11.181081556485253,2.3261689442774243,6.9549163922343,374.0,7.312337588524123,0.0,0.5109394285459676,0.009657141916535945,4060692090085919616,0.06243,16.029257,6.591223,-0.3167,-2.273510409188801,0.83,3416.1,9217.116,2,3,1.1220182460874937,202786019,14.189,,,,,2MASS J17430418-2727464,LongPeriodV*,,False,False,True,True,True,True,False,False,False,True,True,False,False,False,,9,18,C,match;multi_survey;photosphere;dust_over_ff;unconfused;not_evolved_or_wind;nearby,,
J175505.53-343338.5,2,gaia_dr3;vsx,2.508158,7.2378,E;ECL,4040835081918629120;Gaia DR3 4040835081918629120,,7.2378,1,268.7730458,-34.5606946,0.00011,AAAA,0000,0,True,,,,,,,,,2525.0,90.69867319054816,0.6124053311014365,-22.905611878412724,0.8267417154325942,-7.584504681355805,1.3246403193219158,4.29177669749865,40.0,582.1919356177424,-0.1,600.6111140071827,0.8194321381739489,4040835077535794560,0.123203,14.449897,4.905073,-0.0579,-0.8367052023121387,0.834,,,0,4,1.228120617178665,258567451,12.945,,,,,2MASS J17550553-3433384,LongPeriodV*,,False,False,True,True,True,False,False,True,False,True,True,False,True,False,,9,18,C,match;multi_survey;ir_excess;photosphere;unconfused;not_evolved_or_wind,,
J175545.15-284117.7,1,vsx,2.499164,0.925955,EC,OGLE-BLG-ECL-188660,,0.925955,1,268.9381489,-28.6882742,0.000139,AAAA,dddh,0,False,,,,,,,,,2500.0,155.41682703808422,0.6817778043981555,-16.89237347288648,0.9160054581912491,-3.3186088659306803,1.3603545595235944,4.108697661475352,40.0,296.3655204591865,-0.1,313.24684282592557,0.9358826785210396,4062607027055185280,0.549028,15.403296,5.283357,-0.127,-0.9379615952732645,0.899,,,3,9,4.619821090419459,1439468365,13.931,,,,,OGLE BLG-ECL-188660,EclBin,,False,False,True,True,False,False,False,True,False,True,True,True,True,False,,9,18,C,match;multi_survey;wise_quality;ir_excess;photosphere;unconfused,,
J175527.00-301351.1,1,vsx,2.996499,0.485453,EC,OGLE-BLG-ECL-185113,,0.485453,1,268.8625071,-30.2308729,0.000106,AAAA,hh00,0,True,,,,,,,,,2500.0,72.59823419803419,0.6779350525322153,-17.19326811829477,0.9996392331175249,-0.013061300944187735,1.3589308180464166,2.8114965130662415,40.0,295.60863945146673,-0.1,303.51315182813744,0.9321870867834222,4056270026128751872,0.053263,15.498056,4.805224,-0.1254,-0.7992351816443595,0.84,,,3,11,4.848188700884029,259209186,14.142,,,,,OGLE BLG-LPV-121414,LongPeriodV*,,False,False,True,True,True,False,False,True,False,True,True,False,True,False,,9,18,C,match;multi_survey;ir_excess;photosphere;unconfused;not_evolved_or_wind,,
J050815.47-444908.6,1,gaia_dr3,0.483694,,ECL,4810658663408687744,,,1,77.0644936,-44.8190585,0.000164,AAAA,HH00,1,False,5029.0,22.638558369103105,-0.8634287266417094,1.925405793698074,1.1974941867604398,-3.708776656150225,40.0,0.06742098684977717,4850.0,21.302504607775646,0.8852810702465601,-4.689828635242536,0.9457379554350177,-2.076483095901591,1.1568520252523342,1.5829007716928918,40.0,26.306293030890156,-0.1,28.811849528531877,0.059550962954651836,4810658663408687744,0.483694,9.6915,1.086276,15.8502,1454.1467889908256,1.039,4796.7,63.0505,0,1,1.2335932945035764,200363294,9.125,5029.0,0.87,1.159,DWARF,HD 273417B,EclBin,K0IV(e),True,False,True,True,False,False,True,True,False,False,True,True,True,False,,9,18,C,multi_survey;wise_quality;ir_excess;unconfused;tess_usable,,
J171924.35-280904.6,1,gaia_dr3,2.975342,,ECL,4107919481810799232,,,1,259.851476,-28.151279,0.000176,AAAA,0000,0,True,3177.0,310.2324677916318,12.672202591422673,5.755215933437321,1.9122926185452187,4.583569009386813,774.0,0.016247098476119624,2500.0,74.72841309882054,0.7641289108887843,-11.171491156115115,0.9285853648653111,-2.7833540440147666,1.1219561660231618,1.3113230153503819,40.0,132.54929513550587,-0.1,134.2688424360792,0.31673312347118465,4107919481741452544,0.080556,13.761127,3.982167,0.1709,4.040189125295509,1.035,,,1,3,0.5507432468060727,81891229,12.121,3177.0,,,,2MASS J17192436-2809047,LongPeriodV*,,False,False,True,True,True,False,False,True,False,True,True,False,True,False,,9,18,C,match;multi_survey;ir_excess;photosphere;unconfused;not_evolved_or_wind,,
J210532.21+352505.7,1,vsx,0.418705,,EB:,V2326 Cyg,,,1,316.3842271,35.4182752,0.000185,AAAA,00pp,0,False,3407.0,144.28072644158274,2.557349417049333,3.0850221943583254,1.3539307010898143,-13.163873338245825,257.0,0.0006525832539111548,3050.0,100.57853489045077,0.639148834983244,-20.432860753949083,0.9015389727978989,-3.952600505600884,1.1217480584458344,1.280864562412189,40.0,433.12487893210863,-0.1,434.76546337439237,0.17843308671092786,1868001231186624896,0.045006,12.130272,2.825256,0.1489,7.635897435897436,1.258,,6715.916722632639,0,0,0.024412718561203296,163362724,10.939,3407.0,93.51,,GIANT,V* V2326 Cyg,LongPeriodV*,,True,False,True,True,False,False,False,True,True,True,True,False,False,False,,9,18,C,multi_survey;wise_quality;ir_excess;photosphere;not_evolved_or_wind;nearby,,
J121712.47-633112.0,2,gaia_dr3;vsx,2.369552,1.19689,E;ECL,6054148006002709248;Gaia DR3 6054148006002709248,,1.19689,1,184.3019784,-63.5200075,8.7e-05,AAAA,0hh0,0,False,3679.0,763.6178245964406,7.306681568817802,6.483316378918089,2.680909669045907,7.166663163978951,1240.0,0.025894386475627657,2500.0,112.70085670794496,0.6371780590475665,-20.607997590788866,0.6133607985748047,-16.295395255184477,1.1310194429014826,1.1978452046551147,40.0,690.2296123532418,-0.1,691.6643043589637,0.3402567348528625,6054148006002708736,0.044127,14.5412,3.63912,0.0583,1.9965753424657533,1.057,,,1,1,0.44204413292070405,308636511,12.882,3679.0,102.436,,GIANT,Gaia DR3 6054148006002709248,EclBin,,False,False,True,True,False,False,False,True,False,True,True,True,True,False,,9,18,C,match;multi_survey;wise_quality;ir_excess;photosphere;unconfused,,
J181955.31-304817.3,2,gaia_dr3;vsx,1.977984,3.00437,E;ECL,4046341917196126976;Gaia DR3 4046341917196126976,,3.00437,1,274.9804628,-30.8048177,9e-05,AAAA,0000,0,True,,,,,,,,,2700.0,79.40389589376761,0.6372341169683112,-20.60300092596077,0.7726436873030957,-10.649539329785291,1.0111437608319545,0.15340820681840964,40.0,537.8963437242122,-0.1,537.9198691697034,0.02320271749431699,4046341917196126848,0.087023,13.896829,4.445076,0.0825,1.1239782016348774,0.953,4398.3,2379.3398,2,2,1.3070373156965533,63999623,12.455,,,,,2MASS J18195529-3048174,LongPeriodV*_Candidate,,False,False,True,True,True,False,False,True,False,True,True,False,True,False,,9,18,C,match;multi_survey;ir_excess;photosphere;unconfused;not_evolved_or_wind,,
J222127.59+550729.8,1,atlas_heinze2018,0.034744,2.03102,CBF,J335.3649+55.1249,,2.03102,1,335.3649749,55.1249708,9.3e-05,AAAA,hh00,0,True,3208.0,271.06818344636605,7.4115614339650655,5.177484970773191,1.5118836287323822,-1.1493793329023738,433.0,0.0028485663620975883,2625.0,96.85323796804225,0.7118639135503655,-14.648857035769778,0.851522134961819,-6.310573620980999,1.0007030096957996,0.010742913529398896,40.0,254.41235217392102,-0.1,254.41246729043408,0.0015854061190971574,2005181593263159808,0.03086,13.579149,3.574219,0.1261,3.200507614213198,1.725,,,1,1,0.22288244770044624,395234191,12.077,3208.0,,,,ATO J335.3649+55.1249,LongPeriodV*_Candidate,,True,False,True,False,True,False,False,True,False,True,True,False,True,False,,9,18,C,multi_survey;period_plausible;ir_excess;photosphere;unconfused;not_evolved_or_wind,,
J211947.48+510201.1,2,gaia_dr3;vsx,2.42412,0.94513,E;ECL,2171992728570553856;Gaia DR3 2171992728570553856,,0.94513,1,319.9478486,51.0336522,0.000106,AAAA,0000,0,True,,,,,,,,,2500.0,441.2150444876014,0.8883902507403567,-4.546753541932914,0.8212189965337158,-7.878897468505085,0.9750189175197667,-0.3197446441421622,40.0,82.85222972775293,-0.1,82.85222972775293,0.0,2171992728569441536,0.021395,14.948968,4.638932,0.1559,3.936868686868687,1.001,4541.0,4679.194,0,0,0.10506271742576952,63433083,13.467,,,,,ZTF J211947.49+510201.1,LongPeriodV*,,False,False,True,True,True,False,False,False,True,True,True,False,False,False,,9,18,C,match;multi_survey;ir_excess;photosphere;dust_over_ff;not_evolved_or_wind;nearby,,
J205101.22+353454.0,1,vsx,1.01007,958,NC+E,V1329 Cyg,,958.0,1,312.7551175,35.5816875,0.00011,AAAA,0000,0,True,3560.0,253.63291453172215,6.570210064495263,17.924620860551745,1.9812791999102635,-0.8236709120183293,278.0,0.001710863061570708,2600.0,53.79905310371073,0.5698332226934967,-27.320721549494213,0.6310186389172397,-21.16241887328399,0.9890602179804844,-0.400303142815803,40.0,1194.430041159472,-0.1,1194.430041159472,0.0,1869918087965179520,0.037811,12.08993,2.624029,0.1853,6.837638376383763,1.66,7219.6,3235.217,0,0,0.0024814610982601634,230861869,10.964,3560.0,58.011,,GIANT,V* V1329 Cyg,Symbiotic*,M4IIIe,True,False,True,False,True,False,False,False,True,True,True,False,False,False,,9,18,C,multi_survey;period_plausible;ir_excess;photosphere;dust_over_ff;not_evolved_or_wind;nearby,,
J084702.18-614058.1,1,vsx,0.01889,190,MISC|EC|ESD,ASAS J084702-6141.1,,190.0,1,131.7590906,-61.6828315,0.000135,AAAA,0000,0,True,3126.0,76.16330320382728,-2.335099064242934,6.429780816246547,1.224864939284859,-7.175251939602845,40.0,0.30692936880548577,2800.0,52.281951879402285,0.7037598448834292,-15.23430016890214,0.7584253455607847,-11.527671554922087,0.9768899369113531,-0.8285488546774422,40.0,365.6576063189588,-0.1,365.6576063189588,0.0,5300992333452573696,0.105091,11.321956,3.405683,0.2244,8.731517509727626,0.956,3445.0,3404.5964,0,0,0.001349489758876588,355626805,9.955,3126.0,,,,2MASS J08470219-6140582,LongPeriodV*,,True,False,True,False,True,False,False,False,True,True,True,False,False,False,,9,18,C,multi_survey;period_plausible;ir_excess;photosphere;dust_over_ff;not_evolved_or_wind;nearby,,
J174600.78-365212.6,2,gaia_dr3;vsx,2.536057,3.3993,E;ECL,4040123423013731328;Gaia DR3 4040123423013731328,,3.3993,1,266.5032513,-36.870188,4.2e-05,AAAA,hh00,0,True,,,,,,,,,2500.0,41.673339805839575,0.5917193818865794,-24.97158069384413,0.6655351506608322,-18.18789965668645,0.8624323786463379,-2.5099577105826856,40.0,960.6794239797773,-0.1,960.6794239797773,0.0,4040123418631571072,0.054144,13.192378,4.624493,0.1297,2.690871369294606,0.77,,,0,1,0.7067328551614194,153378655,11.41,,,,,2MASS J17460078-3652126,LongPeriodV*,,False,False,True,True,True,False,True,False,False,True,True,False,True,False,,9,18,C,match;multi_survey;ir_excess;dust_over_ff;unconfused;not_evolved_or_wind,,
J064131.36-230610.6,1,asas3,0.727372,56.4,MISC/DCEP-FO/EC,064131-2306.2,,56.4,1,100.3806759,-23.1029554,4e-05,AAAA,0000,0,True,3300.0,81.34254732641139,-1.109967107359361,5.3685635158753,1.2465489055743406,-8.76131128600254,40.0,0.2876809697774185,2800.0,31.24475226224392,0.6123033303253591,-22.915456543749222,0.6928751621461676,-16.04216623022924,0.8745563646572371,-3.8933653992036423,40.0,797.6275400984825,-0.1,797.6275400984825,0.0,2925493029233124736,0.056731,10.878325462341309,2.929011106491089,0.2521,11.947867555086628,1.187000036239624,3512.0,3306.929443359375,0,0,0.0001279018289450853,48748569,9.640999794006348,3300.0,93.61299896240234,,GIANT,ASAS J064131-2306.2,LongPeriodV*,,True,False,True,False,True,False,False,False,True,True,True,False,False,False,,9,18,C,multi_survey;period_plausible;ir_excess;photosphere;dust_over_ff;not_evolved_or_wind;nearby,,
J190116.28-002207.9,2,vsx;ztf_chen2020,0.107126,74.1386;74.1386,EB;EW,ZTF J190116.27-002207.9;ZTFJ190116.27-002207.9,True,74.1386,1,285.3178483,-0.3688708,9.1e-05,AAAA,hhd0,0,True,3061.0,425.8530501329359,-2.417420723588132,1.7147350943491269,1.1571694473686795,-4.759491803601139,40.0,0.22796376116409417,2500.0,139.56301322812152,0.6150407696555101,-22.652383081040433,0.598079763777916,-24.321134533113113,0.7206313694426331,-4.8942972744186015,40.0,1128.6021900383753,-0.1,1128.6021900383753,0.0,4265595874450585984,0.088017,13.83869,4.719245,0.0119,0.17814371257485032,1.12,3772.7,3607.4292,0,0,0.05804904581494625,306583756,11.88,3061.0,,,,ZTF J190116.27-002207.9,LongPeriodV*,,True,False,True,False,True,False,False,False,True,True,True,False,False,False,,9,18,C,multi_survey;period_plausible;ir_excess;photosphere;dust_over_ff;not_evolved_or_wind;nearby,,
J130821.73-702508.4,2,gaia_dr3;vsx,2.664315,0.233119,E;ECL,5843914648233925504;Gaia DR3 5843914648233925504,,0.233119,1,197.0905705,-70.4190021,8.3e-05,AAAA,0h00,0,True,3435.0,102.63170673501527,-5.646480842742476,-0.5931892509147471,0.9708274958611084,-9.234985564921939,40.0,0.0,3050.0,68.61387643618912,0.6800999418501322,-17.023335035763505,0.707872827452551,-14.935500433028025,0.784993503483059,-5.406885221825704,40.0,542.0975167268308,-0.1,542.0975167268308,0.0,5843914643911995392,0.064585,11.594875,2.958901,0.1878,8.90047393364929,0.988,,5324.813631522897,0,0,0.007498833797721736,337232433,10.324,3435.0,73.423,,GIANT,2MASS J13082175-7025083,LongPeriodV*,,False,False,True,True,True,False,False,False,True,True,True,False,False,False,,9,18,C,match;multi_survey;ir_excess;photosphere;dust_over_ff;not_evolved_or_wind;nearby,,
J063616.10-012017.9,1,atlas_heinze2018,0.038242,2.00553,CBF,J099.0671-01.3383,,2.00553,1,99.0671041,-1.3383098,8.8e-05,AAAA,0000,0,True,3224.0,303.2284477410386,4.344530037467387,5.241325419535524,1.293476390252155,0.6662790002086673,474.0,0.001780312013269691,2500.0,77.18263783624941,0.6188814049713709,-22.28721332849849,0.6209585868319752,-22.09159591349513,0.686146246829029,-10.566644498453263,40.0,1096.4124639118481,-0.1,1096.4124639118481,0.0,3118915163421188480,0.084021,12.366936,3.782187,0.2217,4.355599214145383,1.356,3685.3,5274.622,0,0,0.0004916920654104269,52560460,10.753,3224.0,,,,ATO J099.0671-01.3383,LongPeriodV*,,True,False,True,False,True,False,False,False,True,True,True,False,False,False,,9,18,C,multi_survey;period_plausible;ir_excess;photosphere;dust_over_ff;not_evolved_or_wind;nearby,,
J160545.98-433723.8,1,vsx,0.441949,153.6,SR|EA,ASAS J160546-4337.4,,153.6,1,241.4416001,-43.6233009,5.4e-05,AAAA,0000,0,True,3335.0,219.07683408689792,3.402924484551684,9.958609103010058,1.37962725645578,0.639002056855822,308.0,0.0009331091176492247,2525.0,58.21942661681835,0.6205329806175306,-9.09516594150505,0.5854580173883559,-25.625705319368784,0.7089634988189859,-14.856846968132276,40.0,960.1247184531402,-0.1,960.1247184531402,0.0,5991831603937352960,0.315448,10.487293,3.439686,0.3245,8.092269326683292,1.007,,3081.664098613251,0,0,0.002267197736953587,161491884,8.981,3335.0,116.083,,GIANT,IRAS 16023-4329,LongPeriodV*,,True,False,True,False,True,False,False,False,True,True,True,False,False,False,,9,18,C,multi_survey;period_plausible;ir_excess;photosphere;dust_over_ff;not_evolved_or_wind;nearby,,
J084539.23-304257.9,1,atlas_heinze2018,0.065365,1.98107,DBF,J131.4135-30.7161,,1.98107,1,131.4134796,-30.7161047,0.000115,AAAA,0000,1,False,,,,,,,,,2675.0,56.64980628264556,0.5450187082942044,-30.21239781160829,0.5887109386411172,-25.284136080381092,0.6062302684557589,-18.08274783384566,40.0,1879.0622880805522,-0.1,1879.0622880805522,0.0,5641931063657772800,0.070913,11.71299,3.750409,0.2822,8.373887240356083,1.244,,3543.586109142452,0,0,0.0018759098969414586,186013608,10.299,,,,,ATO J131.4135-30.7161,LongPeriodV*,,True,False,True,True,False,False,True,False,True,True,True,False,False,False,,9,18,C,multi_survey;wise_quality;ir_excess;dust_over_ff;not_evolved_or_wind;nearby,,
J173720.38-250602.5,2,gaia_dr3;vsx,2.621567,0.885889,E;ECL,4062217043969147008;OGLE-BLG-ECL-046429,,0.885889,2,264.3349197,-25.1007109,0.000106,AAAA,00hd,0,False,,,,,,,,,2500.0,358.55706090569623,0.8546263632208418,-6.15619594952372,1.4468765858173667,11.177873151876913,2.4176061055356843,10.976562577265176,315.0,40.391507756292064,-0.1,97.75602123376781,0.008542268297187091,4062217078341341056,0.09452,16.431768,5.95828,0.059,0.5358764759309718,0.985,3161.7,4274.5166,0,4,1.0925931785697778,200268063,14.799,,,,,2MASS J17372037-2506024,LongPeriodV*_Candidate,,True,True,True,True,False,True,False,True,False,False,True,False,False,False,,8,18,C,wise_quality;photosphere;unconfused;tess_usable;not_evolved_or_wind;nearby,,
J053751.57-701639.3,3,gaia_dr3;ogle_lmc_ecl;vsx,2.474864,0.92221;0.922198,E;ECL;NC,4657221811613104256;Gaia DR3 4657221811613104256;OGLE-LMC-ECL-21070,True,0.922204,2,84.4648918,-70.2776032,3.4e-05,AAAA,hh00,1,False,5019.0,859.9620969573805,13.442454447774898,9.938022072439841,87.34930378067801,13.568368150073953,416.0,0.058111411422208055,2775.0,114.47514189546,0.7250153591520322,-13.726641629139296,6.397112573635173,12.052807243934856,31.322432524077907,9.732157314983608,226.0,196.57665602743987,-0.1,428.4057388778574,0.0929595740984312,4657221811466964480,0.233584,16.79585,2.559735,-0.0477,-0.9501992031872509,1.134,4859.3,4011.1497,0,7,2.4680913236618816,277293966,15.606,5019.0,10.582,,GIANT,OGLE LMC-LPV-75695,LongPeriodV*,,True,True,True,True,False,True,False,True,False,False,True,False,False,False,,8,18,C,wise_quality;photosphere;unconfused;tess_usable;not_evolved_or_wind;nearby,,
J054030.81-661737.3,2,gaia_dr3;vsx,0.062269,0.499736,E;ECL,4659906032909694080;Gaia DR3 4659906032909694080,,0.499736,1,85.1283979,-66.2936958,6.6e-05,AAAA,h000,1,False,,,,,,,,,2500.0,406.83829612385773,4.929892164793041,28.850030666544537,385.0282742690058,36.097210593711154,4219.360937173982,36.18262941097433,300.0,533.1393549649771,-0.1,2450.584232746768,9.633936252032335,4659906032909694080,0.062269,15.795956,0.294483,-0.6025,-4.0382037533512065,4.916,,,0,2,0.4264340814897615,404926941,15.636,,,,DWARF,LHA 120-N  69,PlanetaryNeb,[WC8],True,False,True,True,False,True,False,True,False,False,True,False,True,False,,8,18,C,multi_survey;wise_quality;photosphere;unconfused;tess_usable;not_evolved_or_wind,,
J175516.43-324349.7,2,gaia_dr3;vsx,2.799936,0.499368,E;ECL,4043342449449832704;Gaia DR3 4043342449449832704,,0.499368,1,268.8184733,-32.7304886,0.000119,AAAA,00hd,0,False,,,,,,,,,2500.0,170.0571264857149,0.8181388734686433,-8.044812265023566,1.8667331139347603,16.80375044218578,3.774298865869353,25.744210860805023,314.0,71.24222216822372,-0.1,244.53791676375684,0.01639839453710682,4043342449449847936,0.02829,15.085924,5.593711,0.1728,1.7024630541871921,1.026,3543.4,6256.568,3,7,3.1872817350078315,258898810,13.506,,,,,OGLE BLG-LPV-119903,LongPeriodV*,,False,False,True,True,False,True,False,True,False,True,True,False,False,False,,8,18,C,match;multi_survey;wise_quality;photosphere;unconfused;not_evolved_or_wind;nearby,,
J164356.05-450806.9,2,gaia_dr3;vsx,2.152434,0.61937,E;ECL,5943280537678288000;Gaia DR3 5943280537678288000,,0.61937,1,250.983567,-45.1352772,4.2e-05,AAAA,p0dh,0,False,,,,,,,,,2500.0,2893.795565779218,9.283142029659569,32.29261228587469,17.232575826227105,34.091044482146984,47.00069211297475,23.100777709057066,999.0,156.57281650355884,0.6,31.799848885937063,1.7912963933399308,5943280537682136704,0.05907,20.897392,,,,,,,5,19,333.0571435761456,234738350,20.481,,,,,Gaia DR3 5943280537678288000,EclBin,,False,False,True,True,False,True,False,False,False,False,True,True,True,False,,8,18,C,match;multi_survey;wise_quality;photosphere;dust_over_ff;unconfused;tess_usable,,
J191816.73+100812.8,2,gaia_dr3;vsx,2.845615,0.403162,E;ECL,4309461852856043520;Gaia DR3 4309461852856043520,,0.403162,1,289.5697472,10.1368889,8.4e-05,AAAA,0h00,0,True,,,,,,,,,2500.0,1809.78286711561,2.885538217900604,23.648934260396697,5.307402611478464,29.372201470938286,12.423274715918259,22.68956531477665,881.0,117.96003316173028,0.52,7.729625741855044,0.3704659749892873,4309462054716086784,0.131768,18.99683,4.981991,-0.1056,-0.3319710782772713,1.323,,,1,1,0.5543892494792237,131594046,18.538,,,,,2MASS J19181674+1008128,LongPeriodV*_Candidate,,False,False,True,True,True,True,False,False,False,False,True,False,True,False,,8,18,C,match;multi_survey;photosphere;dust_over_ff;unconfused;tess_usable;not_evolved_or_wind,,
J053236.51+122748.3,2,vsx;wise_chen2018,0.043521,10.8016;10.8016,EB;EW,J053236.5+122748;WISE J053236.5+122748,True,10.8016,1,83.1521585,12.463442,9.9e-05,AAAA,0h00,1,False,,,,,,,,,2500.0,935.8801666151799,4.910474387525196,28.821001022505193,15.943315970710294,33.921214378796336,63.377150398361835,16.6969508409806,726.0,116.32385413502097,-0.020000000000000004,13.171937726421366,0.8001597081260302,3340984729470702208,0.122462,16.524591,1.633297,2.8511,27.127497621313037,2.041,4032.0,334.2234,0,0,0.02976070397360147,302831500,15.592,,,,,ATO J083.1521+12.4634,EmLine*,,True,False,True,False,False,True,False,False,True,False,True,False,True,False,,8,18,C,multi_survey;period_plausible;wise_quality;photosphere;dust_over_ff;tess_usable;not_evolved_or_wind,,
J052728.95-700152.6,2,gaia_dr3;vsx,0.69223,1.38083,E;ECL,4657909148035350656;Gaia DR3 4657909148035350656,,1.38083,1,81.8706525,-70.0312922,6.9e-05,AAAA,0h00,1,False,,,,,,,,,2500.0,1701.1172605093652,9.723594627342468,32.46920809822591,28.34536462861176,34.91441228410147,43.51471095880767,15.83261477288523,819.0,3.6110657274832736,0.52,46.17997400025262,1.7849266236405548,4657909147983622784,0.163405,19.050089,2.549824,-0.5507,-1.0998601957259835,1.955,,,8,39,73.68407307031995,373926793,18.053,,,,,OGLE LMC-LPV-57872,Mira,,True,False,True,True,False,True,False,True,False,False,True,False,True,False,,8,18,C,multi_survey;wise_quality;photosphere;unconfused;tess_usable;not_evolved_or_wind,,
J160518.25-522813.4,2,gaia_dr3;vsx,2.672981,0.315514,E;ECL,5981353876556197248;Gaia DR3 5981353876556197248,,0.315514,1,241.3260597,-52.4703905,5e-06,AAAA,0000,0,True,,,,,,,,,2500.0,974.8818389883791,1.6904738269000408,14.78229398120895,3.0497458860904927,24.324248666450437,8.80679139149957,15.523423142995913,781.0,93.67917152990285,0.13,13.138232629268206,0.13178912808535204,5981353876575778944,0.055779,16.66724,6.931048,-0.3939,-2.4165644171779137,1.273,4008.0,2284.8496,1,2,0.4461643780323856,214901016,16.194,,,,,2MASS J16051828-5228133,LongPeriodV*_Candidate,,False,False,True,True,True,True,False,False,False,False,True,False,True,False,,8,18,C,match;multi_survey;photosphere;dust_over_ff;unconfused;tess_usable;not_evolved_or_wind,,
J190846.30+100140.0,2,gaia_dr3;vsx,1.855846,1.53149,E;ECL,4312236809743973632;Gaia DR3 4312236809743973632,,1.53149,1,287.1929563,10.0277855,0.000124,AAAA,0ohd,0,False,,,,,,,,,2500.0,1511.1177616441023,2.2620907095582505,20.19219906119306,3.4163725139180894,25.59774645822077,7.003566782534324,14.101667041601749,1042.0,48.3696233732426,0.6,11.027915222907442,0.28278280528496247,4312236814044500736,0.066579,18.583038,,-0.8076,-2.487985212569316,1.474,,,4,8,7.089068876288155,199801124,15.075,,,,,Gaia DR3 4312236809743973632,EclBin,,False,False,True,True,False,True,False,False,False,False,True,True,True,False,,8,18,C,match;multi_survey;wise_quality;photosphere;dust_over_ff;unconfused;tess_usable,,
J054647.22-694026.2,1,ogle_lmc_ecl,0.491284,131.79,NC,OGLE-LMC-ECL-24122,,131.79,1,86.6967786,-69.673951,0.000127,AAAA,0000,1,False,,,,,,,,,3050.0,11.15888304911636,0.772350042870271,-10.667347996289243,9.999921423610427,15.76067334053649,112.95550596486443,12.513070912064205,182.0,114.83668627665119,-0.1,518.7680810713811,0.20946773020182216,4657603861714436608,0.637269,17.166065216064453,1.7508139610290527,-0.1789,-2.826224389270128,1.184000015258789,,,2,4,1.813059784479149,389616896,16.398000717163086,,,,DWARF,2MASS J05464732-6940263,LongPeriodV*,,True,False,True,False,False,True,True,True,False,False,True,False,True,False,,8,18,C,multi_survey;period_plausible;wise_quality;unconfused;tess_usable;not_evolved_or_wind,,
J050534.35-682911.0,1,ogle_lmc_ecl,0.094036,176.139,NC,OGLE-LMC-ECL-29285,,176.139,1,76.3931484,-68.4864061,5.3e-05,AAAA,0000,0,True,5438.0,197.6957841241698,21.35195791125095,12.125400012789,165.1162950528927,-2.433229697636441,232.0,0.07055949641719879,3850.0,71.10122378624456,0.7116569804943121,-14.663640126602955,19.22122441283298,21.00510026824845,112.68899040591097,12.09102677731217,218.0,236.17804302568607,-0.1,802.4295075713713,0.13538502926297827,4661292517111816576,0.119792,16.635639190673828,1.7322850227355957,-0.0473,-1.1370192276738929,0.9819999933242798,4804.0,3368.4755859375,0,0,0.8174099056820043,31104460,15.788999557495115,5438.0,5.724999904632568,,GIANT,2MASS J05053433-6829111,LongPeriodV*,,True,False,True,False,True,True,False,True,False,False,True,False,False,False,,8,18,C,multi_survey;period_plausible;photosphere;unconfused;tess_usable;not_evolved_or_wind;nearby,,
J174639.01-332612.9,1,vsx,2.981047,4.33436,E,OGLE-BLG-ECL-101043,,4.33436,1,266.6625531,-33.4369429,0.000122,AAAA,0000,0,True,,,,,,,,,2500.0,589.8037284179118,1.328450379030959,8.948031320536858,2.5798861444423,22.16298821444755,5.027529124950879,11.914767012760521,634.0,19.807699995121684,0.06,6.617834256142839,0.06665698059321033,4041935005852915712,0.124977,16.562813,6.317956,0.178,1.39389193422083,0.993,,,2,11,6.224877752715473,111883702,14.957,,,,,OGLE BLG-LPV-35173,LongPeriodV*,,False,False,True,True,True,True,False,False,False,False,True,False,True,False,,8,18,C,match;multi_survey;photosphere;dust_over_ff;unconfused;tess_usable;not_evolved_or_wind,,
J172925.50-300239.6,1,vsx,2.426016,1.11257,E,OGLE-BLG-ECL-020628,,1.11257,1,262.3562719,-30.04436,0.000132,AAAA,dh00,0,True,,,,,,,,,2500.0,327.1316976588539,0.8073036227201377,-8.638527374766339,1.3592273490411872,9.564898245767612,2.5225870359711,11.298799306482602,273.0,75.7654088935545,-0.1,150.7468073989729,0.007281273719437491,4058645069968272384,0.1191,16.221182,6.323656,0.1086,0.6391995291347852,0.968,3236.1,3765.9026,0,7,2.4632893572441836,161901423,14.612,,,,,2MASS J17292551-3002396,LongPeriodV*_Candidate,,False,False,True,True,True,True,False,True,False,False,True,False,False,False,,8,18,C,match;multi_survey;photosphere;unconfused;tess_usable;not_evolved_or_wind;nearby,,
J050833.52-684020.3,2,gaia_dr3;vsx,2.706406,0.217186,E;ECL,4661274787482504832;Gaia DR3 4661274787482504832,,0.217186,1,77.1396732,-68.6723202,6.3e-05,AAAA,0000,0,True,4521.0,404.70161522190443,19.286042343778686,10.853689700872035,49.18483291186299,-0.5050846185244383,212.0,0.031142557805560217,3075.0,94.80659516418278,0.632501245352015,-21.027979842304617,3.8706882918347687,16.77571045953249,27.13174607220614,10.670602203762321,200.0,444.3104810569512,-0.1,837.4621490613745,0.05097159630925744,4661274783171674752,0.199095,15.862476,2.482359,-0.0256,-0.6826666666666668,1.221,3698.7,20647.094,3,7,3.3446325276608895,40272987,14.664,4521.0,15.833,,GIANT,OGLE LMC-LPV-20886,LongPeriodV*,,False,False,True,True,True,True,False,True,False,False,True,False,False,False,,8,18,C,match;multi_survey;photosphere;unconfused;tess_usable;not_evolved_or_wind;nearby,,
J192033.55+155343.5,1,gaia_dr3,2.661888,,ECL,4320882273989203200,,,1,290.1398239,15.8954365,0.000103,AAAA,0000,0,True,,,,,,,,,2500.0,638.9911785768112,1.1477451416005784,4.658765071868445,1.4564670573452858,11.342579702020434,2.3760453266160466,9.24684176190908,371.0,19.313448903384774,0.18999999999999997,0.3075961953463794,0.009981027383103936,4320882273989203840,0.013053,15.879585,4.279838,0.1849,1.7626310772163967,1.218,4154.9,1078.2865,2,4,1.3740641882135116,1919535952,17.349,,,,,ZTF J192033.51+155341.2,LongPeriodV*,,False,False,True,True,True,True,False,False,False,False,True,False,True,False,,8,18,C,match;multi_survey;photosphere;dust_over_ff;unconfused;tess_usable;not_evolved_or_wind,,
J174731.29-343146.3,1,vsx,2.711277,2.24981,E,OGLE-BLG-ECL-107423,,2.24981,1,266.8803887,-34.5295498,0.000136,AAAA,00o0,0,False,,,,,,,,,2500.0,100.14781821627105,0.6849602263384493,-16.645739662463257,1.1649855995051313,5.1254092388935435,2.338162075822218,7.966431437193194,209.0,277.21979426982153,-0.1,356.25670491881607,0.004752389269951187,4041734924757607040,0.06045,15.199199,5.170608,0.2753,3.341019417475728,0.968,3611.3,7694.9434,2,5,4.42144330606682,112763523,13.745,,,,,OGLE BLG-LPV-40123,LongPeriodV*,,False,False,True,True,False,True,False,True,False,True,True,False,False,False,,8,18,C,match;multi_survey;wise_quality;photosphere;unconfused;not_evolved_or_wind;nearby,,
J180456.56-262142.0,1,vsx,1.572284,2.15248,E,OGLE-BLG-ECL-292212,,2.15248,1,271.2356694,-26.3616777,8.5e-05,AAAA,ddh0,0,False,,,,,,,,,2500.0,169.74053076389097,0.8480383250463276,-6.485174366927956,1.2186266814487146,6.492852623599848,2.1618459211000016,7.780130048904176,248.0,42.29636335411697,-0.1,80.60107440370459,0.0048747116111383035,4063356069364084224,0.064011,14.901999,4.665733,-0.0489,-0.6174242424242423,1.054,3365.5,4356.517,1,5,1.7489074697255864,407373573,13.536,,,,,OGLE BLG-LPV-202228,LongPeriodV*,,False,False,True,True,False,True,False,True,False,True,True,False,False,False,,8,18,C,match;multi_survey;wise_quality;photosphere;unconfused;not_evolved_or_wind;nearby,,
J180106.31-265558.6,1,vsx,0.202386,821.301,ZAND+EA,G003.46-01.92,,821.301,1,270.2763089,-26.9329539,2.8e-05,AAAA,0dhd,0,False,4254.0,1182.6577957996012,25.070028649643664,11.659692012174629,7.683845397878758,17.76033593317081,1053.0,0.05987276939639732,2500.0,132.7451654409201,0.7638877401599299,-11.186444264788244,1.046368706943626,1.603774512828164,2.341201523774664,7.678820951135672,144.0,125.13707849250024,-0.1,182.02600252639022,0.004518533426378756,4063947640951673856,0.19335,14.475618,3.405316,0.0665,1.654228855721393,0.983,7590.0,5362.0757,1,1,0.6148672728998389,196001852,12.755,4254.0,64.264,,GIANT,MPA J1801-2655,LongPeriodV*,,True,False,True,False,False,True,False,True,False,True,True,False,False,False,,8,18,C,multi_survey;period_plausible;wise_quality;photosphere;unconfused;not_evolved_or_wind;nearby,,
J182240.71+293116.3,1,ztf_chen2020,0.065711,219.449,EW,ZTFJ182240.71+293116.3,,219.449,1,275.6696516,29.5212182,0.000111,AAAA,0000,1,False,3662.0,107.44969040108137,11.162136454904354,5.31422517522658,1.6842114573349516,5.012549031833239,938.0,0.013489913397702936,3150.0,44.9561234420892,0.9724174762260304,-1.0265599365211884,1.1515243997808402,4.762253316201663,1.3220904544451637,3.186859464055269,411.0,1.5756289149711498,-0.04000000000000001,5.528225427042306,0.0016952616524653567,4586884854336515840,0.122014,11.983816,2.365637,0.1454,6.213675213675214,2.288,,6877.57909215956,0,0,0.0007774282962493119,85167786,10.989,3662.0,74.06,,GIANT,ROTSE1 J182240.62+293115.0,Mira,,True,False,True,False,False,False,False,True,True,True,True,False,False,False,,8,18,C,multi_survey;period_plausible;wise_quality;ir_excess;photosphere;not_evolved_or_wind;nearby,,
J180627.03-261244.1,1,vsx,2.972723,2.81652,E,OGLE-BLG-ECL-308148,,2.81652,1,271.6126334,-26.2122717,0.000173,AAAA,0000,0,True,,,,,,,,,2500.0,198.7975453426035,0.6855129451615964,-16.60313802366488,0.9679899836158659,-1.1967904038749209,1.3293058576894607,2.4675863519789183,40.0,277.09652261458484,-0.1,283.18548190814624,0.8552458449114454,4063353595461114880,0.152407,15.725924,6.478394,-0.1124,-0.9631533847472151,1.145,3576.6,9894.899,0,4,1.7030365767609967,443782052,14.068,,,,,OGLE BLG-LPV-209821,LongPeriodV*,,False,False,True,True,True,False,False,True,False,True,True,False,False,False,,8,18,C,match;multi_survey;ir_excess;photosphere;unconfused;not_evolved_or_wind;nearby,,
J172322.93-481359.8,2,gaia_dr3;vsx,2.389477,0.322394,E;ECL,5950177396174120320;Gaia DR3 5950177396174120320,,0.322394,1,260.8455462,-48.2333045,0.000109,AAAA,hd00,0,True,,,,,,,,,2775.0,131.4829978677451,0.590760069776692,-25.070900545918303,0.8353104592477442,-7.135446665771991,1.1644461476371766,1.51812398499855,40.0,679.4647319980181,-0.1,681.7693537372312,0.31650254234926245,5950177396192917376,0.066975,14.424218,4.454019,0.229,3.550387596899225,1.104,4035.0,7974.66,0,0,0.27494934773560903,214288355,12.94,,,,,2MASS J17232292-4813599,LongPeriodV*,,False,False,True,True,True,False,False,True,False,True,True,False,False,False,,8,18,C,match;multi_survey;ir_excess;photosphere;unconfused;not_evolved_or_wind;nearby,,
J183017.39+021317.2,1,ztf_chen2020,0.222859,123.807,EW,ZTFJ183017.39+021317.4,,123.807,1,277.5724621,2.2214486,6.5e-05,AAAA,0000,0,True,3422.0,365.7123503042713,15.958578651974062,10.326789535484442,2.2787771919357533,10.86068708931889,1183.0,0.0515281976654529,2500.0,34.99810808039382,0.789482144388983,-9.650497236675905,0.8709586066195873,-5.362096110374021,1.0709065385304168,1.2184480658882857,40.0,121.88419639137165,-0.1,123.36878730124438,0.18415139007250367,4276897818839774080,0.21561,12.769835,3.712794,0.0851,1.6026365348399245,1.183,3663.8,8220.832,1,1,0.3183971729737901,404706223,11.13,3422.0,147.85,,GIANT,NSVS  13890541,LongPeriodV*,,True,False,True,False,True,False,False,True,False,True,True,False,False,False,,8,18,C,multi_survey;period_plausible;ir_excess;photosphere;unconfused;not_evolved_or_wind;nearby,,
J190550.09+155047.4,2,vsx;ztf_chen2020,0.078404,139.184;139.184,EB;EW,ZTF J190550.09+155047.4;ZTFJ190550.09+155047.4,True,139.184,1,286.4587282,15.8465203,2.6e-05,AAAA,hh00,0,True,,,,,,,,,2575.0,163.51658723351943,0.6317673734047018,-21.094446642761746,0.7113876174064607,-14.68289604035798,0.9672690899985327,-0.3827047540631352,40.0,660.7095782250649,-0.1,660.7095782250649,0.0,4512954517165825792,0.045333,14.073236,4.549883,0.0485,1.1022727272727273,1.136,,,1,1,0.1835615576505672,366331984,12.579,,,,,ZTF J190550.09+155047.4,LongPeriodV*,,True,False,True,False,True,False,False,False,False,True,True,False,True,False,,8,18,C,multi_survey;period_plausible;ir_excess;photosphere;dust_over_ff;unconfused;not_evolved_or_wind,,
J175733.86-330244.6,2,gaia_dr3;vsx,2.517024,7.4395,E;ECL,4043275928925706112;Gaia DR3 4043275928925706112,,7.4395,1,269.3911201,-33.0457384,7.2e-05,AAAA,0000,0,True,,,,,,,,,2500.0,76.01451777908338,0.600946638568671,-24.03245448261294,0.7912088079653108,-9.550456387934453,0.9385235364306461,-0.808174896366672,40.0,669.4232323398181,-0.1,669.4232323398181,0.0,4043275928925700736,0.080333,14.298439,4.832601,0.1225,1.6531713900134952,1.032,,,0,2,0.8829905151884657,261339290,12.833,,,,,2MASS J17573386-3302446,LongPeriodV*,,False,False,True,True,True,False,False,False,False,True,True,False,True,False,,8,18,C,match;multi_survey;ir_excess;photosphere;dust_over_ff;unconfused;not_evolved_or_wind,,
J160408.44-592455.5,2,gaia_dr3;vsx,2.76811,0.70565,E;ECL,5834712869761033216;Gaia DR3 5834712869761033216,,0.70565,1,241.0351802,-59.4154394,9.9e-05,AAAA,0ho0,0,False,,,,,,,,,2550.0,44.85462959824054,0.5398873751620563,-30.843527621719154,0.6916157730527086,-16.137279937729463,0.9637296136338499,-0.9286854066550475,40.0,1212.5974565249323,-0.1,1212.5974565249323,0.0,5834712865460983680,0.041978,12.718851,4.443937,0.2789,5.312380952380952,0.906,,3585.5145213338114,0,0,0.13804137293037605,426199051,11.155,,,,,2MASS J16040844-5924554,LongPeriodV*,,False,False,True,True,False,False,True,False,True,True,True,False,False,False,,8,18,C,match;multi_survey;wise_quality;ir_excess;dust_over_ff;not_evolved_or_wind;nearby,,
J122947.09-650358.2,2,gaia_dr3;vsx,2.418813,0.79084,E;ECL,5861197871528728064;Gaia DR3 5861197871528728064,,0.79084,1,187.4462488,-65.0661709,0.000113,AAAA,0dd0,0,True,3242.0,478.72399782630134,6.033014533637529,3.562457940275704,1.4323884198991137,1.5387097252247064,621.0,0.003928610063224496,2500.0,152.47718205675216,0.673431139977928,-17.550303890222754,0.694621781753919,-15.91082592971726,0.8044562918558084,-2.8686521309916473,40.0,569.396713453574,-0.1,569.396713453574,0.0,5861197871571579904,0.077381,14.435687,4.382459,0.0796,2.0151898734177216,1.081,,,0,1,0.38056865658696987,450959171,12.549,3242.0,,,,2MASS J12294710-6503582,LongPeriodV*,,False,False,True,True,True,False,False,False,False,True,True,False,True,False,,8,18,C,match;multi_survey;ir_excess;photosphere;dust_over_ff;unconfused;not_evolved_or_wind,,
J200407.40+294105.9,1,atlas_heinze2018,0.378318,1.96648,DBH,J301.0308+29.6851,,1.96648,1,301.0308674,29.6849988,0.000183,AAAA,0hPP,0,False,,,,,,,,,2500.0,172.37033743474163,0.6335592697162652,-20.932425572182453,0.6138220037493303,-22.769219168272542,0.8283168721264305,-3.409663290138369,40.0,968.2295856199049,-0.1,968.2295856199049,0.0,2029414348514299008,0.065456,13.44673,4.919867,0.2612,6.233890214797135,1.068,3711.7,4041.9727,0,0,0.01317981165813987,244283435,11.903,,,,,ATO J301.0308+29.6851,LongPeriodV*,,True,False,True,True,False,False,False,False,True,True,True,False,False,False,,8,18,C,multi_survey;wise_quality;ir_excess;photosphere;dust_over_ff;not_evolved_or_wind;nearby,,
J175835.23+012512.8,1,vsx,0.862877,23.91,SR|EC|ESD,ASAS J175835+0125.2,,23.91,1,269.6468239,1.4202363,7.2e-05,AAAA,HH00,1,False,3655.0,166.89555513971465,-9.16596611031539,-3.525332641780908,0.8825151638863036,-7.8442801336040935,40.0,0.0,3350.0,148.85168275594427,0.7398321566939303,-12.726924804743229,0.6982529764632879,-15.639874523758984,0.7660893725031938,-8.085576297364936,40.0,471.95683416502345,-0.1,471.95683416502345,0.0,4467922128620201216,0.608241,10.194635,2.619225,0.4198,17.204918032786885,1.05,3766.4,3579.3047,0,0,0.001226558772070603,325764063,9.013,3655.0,88.488,,GIANT,2MASS J17583525+0125136,LongPeriodV*_Candidate,,True,False,True,True,False,False,False,False,True,True,True,False,False,False,,8,18,C,multi_survey;wise_quality;ir_excess;photosphere;dust_over_ff;not_evolved_or_wind;nearby,,
J055047.52+142231.3,1,vsx,0.344131,45.5,SR|ESD|ED,ASAS J055047+1422.5,,45.5,1,87.69803,14.3753851,2.7e-05,AAAA,HHH0,0,False,3528.0,162.54753520556142,-6.705373790369665,-7.59233607372484,0.8079141994235736,-4.149903975179721,40.0,0.0,3125.0,125.3665831620817,0.7107467067539955,-8.663983171235389,0.6871633863986453,-16.47633562768986,0.6502614393680064,-17.175165090123453,40.0,641.5205359807276,-0.1,641.5205359807276,0.0,3347098495160412160,0.395119,9.936059,2.738981,0.4793,19.97083333333333,1.111,,2086.375964948884,0,0,0.0,247845518,8.722,3528.0,88.149,,GIANT,2MASS J05504752+1422310,AGB*_Candidate,M4.0III,True,False,True,False,False,False,False,False,True,True,True,False,True,False,,8,18,C,multi_survey;period_plausible;wise_quality;ir_excess;photosphere;dust_over_ff;not_evolved_or_wind,,
J050527.88-685635.5,3,gaia_dr3;ogle_lmc_ecl;vsx,1.349017,1.51282;4.2916,E;ECL;NC,4661253346999109376;Gaia DR3 4661253346999109376;OGLE-LMC-ECL-06995,False,2.90221,2,76.3662061,-68.9432141,9.3e-05,AAAA,0000,1,False,,,,,,,,,2500.0,2344.104007841285,83.9457199203262,35.76008053485831,405.7455458961095,36.10201001906737,899.5137701641063,36.15097263650624,632.0,75.32108450654795,0.10999999999999999,63.88096356039357,18.288516875200717,4661253346966701824,1.080807,20.642452,,-1.0193,-0.8572750210260723,1.042,,,6,40,291.6544823705836,681651065,20.163,,,,,MSX LMC   93,LongPeriodV*,,True,True,False,True,False,True,False,False,False,False,True,False,True,False,,7,18,C,period;wise_quality;photosphere;dust_over_ff;unconfused;tess_usable;not_evolved_or_wind,,
J045346.37-681612.9,1,ogle_lmc_ecl,1.349134,23.751,NC,OGLE-LMC-ECL-02357,,23.751,1,73.4432088,-68.2702722,2.5e-05,AAAA,0000,1,False,,,,,,,,,2500.0,2392.1088482581317,918.8798026455396,36.15182060008563,5061.905028077871,36.18405710463725,11578.92290076134,36.18808121444038,605.0,75.1829797162286,0.009999999999999995,78.28429684660948,212.4420045745535,4661530144764159360,1.232901,18.58555603027344,0.0081460000947117,0.2254,1.8430090093664104,1.0260000228881836,9787.7001953125,18287.951171875,4,13,4.024746002970364,30107339,18.600000381469727,,,,,IRAS 04539-6821,C*,C,True,False,True,True,False,True,False,True,False,False,True,False,False,False,,7,18,C,multi_survey;wise_quality;photosphere;unconfused;tess_usable;not_evolved_or_wind;nearby,,
J045306.86-695724.6,1,ogle_lmc_ecl,0.059124,1.52627,NC,OGLE-LMC-ECL-02152,,1.52627,1,73.278613,-69.9568492,7.2e-05,AAAA,0000,1,False,,,,,,,,,2500.0,380.8914698798274,2.019537059618036,18.270660800670676,166.84259891081842,35.97428856182067,632.2095607924756,25.80997266168669,293.0,0.09879217873810539,-0.1,1849.0436744842395,3.328483375933394,4655318522468322560,0.157495,17.16975975036621,0.2138479948043823,-0.0711,-1.061194003417037,1.22599995136261,7904.7998046875,12352.5966796875,0,1,0.4333794976149442,30032780,17.094999313354492,,,,,OGLE LMC-ECL-2152,EmLine*,B1.7V[e],True,False,True,True,False,True,False,True,False,False,True,False,False,False,,7,18,C,multi_survey;wise_quality;photosphere;unconfused;tess_usable;not_evolved_or_wind;nearby,,
J175243.17-293342.8,1,vsx,2.666764,10.2487,E,OGLE-BLG-ECL-152582,,10.2487,1,268.1798794,-29.5619053,0.000122,AAAA,ddh0,0,False,,,,,,,,,2500.0,493.92740488614834,1.0713969279700275,2.4117494827505483,2.1271866552767293,19.177557959293676,3.528252475448118,15.560197386468188,437.0,0.3910931836413092,-0.07,43.62573755913143,0.026848970707570505,4056548477465560448,0.074506,16.375525,5.421313,0.1817,0.8977272727272727,1.118,,,5,22,19.056454661015763,131266542,14.825,,,,,OGLE BLG-LPV-90731,LongPeriodV*,,False,False,True,True,False,True,False,True,False,False,True,False,True,False,,7,18,C,match;multi_survey;wise_quality;photosphere;unconfused;tess_usable;not_evolved_or_wind,,
J054047.31-702512.1,2,gaia_dr3;vsx,1.541593,4.31481,E;ECL,4657169451564427520;Gaia DR3 4657169451564427520,,4.31481,1,85.1971538,-70.4200445,6.6e-05,AAAA,0000,1,False,,,,,,,,,2500.0,165.50891108870752,0.6683068313257418,-17.962372232835186,4.90265240892785,27.879911772388546,22.02851182260436,11.026047187645272,234.0,333.98073273087937,-0.1,1221.4666717709188,0.09179478778583952,4657169447353334912,0.069547,17.918152,,-0.2409,-1.829157175398633,1.222,,,2,18,7.139378599255433,404846237,17.494,,,,,OGLE LMC-LPV-79093,LongPeriodV*,,False,False,True,True,False,True,False,True,False,False,True,False,True,False,,7,18,C,match;multi_survey;wise_quality;photosphere;unconfused;tess_usable;not_evolved_or_wind,,
J010439.84-724948.2,1,ogle_lmc_ecl,2.294104,3.3117,NC,OGLE-SMC-ECL-4923,,3.3117,1,16.1660182,-72.8300595,0.000114,AAAA,0000,1,False,,,,,,,,,2500.0,1835.5153719554914,22.98990961357645,34.61698546322184,54.8772770261598,35.53171333750156,57.96243652849401,10.46082846517536,972.0,3.489987768414813,0.6,98.3510764364094,4.8526591080068515,4687411072154566400,0.060589,18.32866668701172,2.768580913543701,0.2525,1.6810919396719224,0.996999979019165,,,2,13,26.3291907462875,182734996,17.395000457763672,,,,,OGLE J010439.80-724947.9,Mira,,False,False,True,True,False,True,False,True,False,False,True,False,True,False,,7,18,C,match;multi_survey;wise_quality;photosphere;unconfused;tess_usable;not_evolved_or_wind,,
J052145.42-695226.8,2,gaia_dr3;vsx,1.947403,0.441136,E;ECL,4657952230833907840;Gaia DR3 4657952230833907840,,0.441136,1,80.4392618,-69.8741208,0.000101,AAAA,hh00,1,False,4940.0,510.6814918741917,10.02521192637734,10.662034548898765,35.95773991157895,7.238747691375284,413.0,0.022209650987136256,2900.0,32.10803479685829,0.6615800663371393,-18.51299099865204,2.8220565625606997,7.7033400304952195,15.483187211922933,10.258713585169307,207.0,344.376934073936,-0.1,507.3134877641388,0.03396931756050532,4657952235159687168,0.321822,16.058668,2.651243,-0.011,-0.35369774919614144,1.008,,,3,5,3.0870326494508094,179512712,14.807,4940.0,15.921,,GIANT,OGLE LMC-LPV-45832,LongPeriodV*,,False,False,True,True,False,True,False,True,False,False,True,False,True,False,,7,18,C,match;multi_survey;wise_quality;photosphere;unconfused;tess_usable;not_evolved_or_wind,,
J134438.52-610833.3,1,gaia_dr3,2.630521,,ECL,5865883199804023296,,,1,206.1605138,-61.1425881,0.000104,AAAA,0h00,0,True,,,,,,,,,2500.0,189.19137427701378,0.8316526893074733,-7.3260056969512615,0.7998290969660963,-9.05746812610439,0.8724715102164292,-2.559697196778572,40.0,142.26013806635538,-0.1,142.26013806635538,0.0,5865883199804022400,0.084749,13.702445,5.117179,0.2143,4.483263598326359,0.99,3621.0,7663.751,2,2,0.462806004077793,322303936,12.156,,,,,2MASS J13443851-6108333,LongPeriodV*,,False,False,True,True,True,False,False,False,False,True,True,False,False,False,,7,18,C,match;multi_survey;ir_excess;photosphere;dust_over_ff;unconfused;not_evolved_or_wind;nearby,,
J174729.79-325431.4,2,gaia_dr3;vsx,2.428104,0.489991,E;ECL,4053985751997441536;Gaia DR3 4053985751997441536,,0.489991,1,266.8741574,-32.9087408,0.000109,AAAA,hho0,0,False,,,,,,,,,2500.0,908.4084338204173,1.2268053235069563,6.6908401967544995,2.5201759042587395,21.8306192313205,4.852716386034641,21.549959518656518,458.0,23.615038557375527,0.009999999999999995,20.353680933737625,0.041304163015962285,4053985756346863488,0.049925,17.051767,5.784789,0.531,2.2198996655518397,1.685,,,1,1,2.1148585596371685,112866899,15.373,,,,,2MASS J17472979-3254312,LongPeriodV*_Candidate,,False,False,True,True,False,True,False,False,False,False,True,False,True,False,,6,18,C,match;multi_survey;wise_quality;photosphere;dust_over_ff;unconfused;tess_usable;not_evolved_or_wind,,
J173303.27-303426.8,1,vsx,2.873929,0.626438,E,OGLE-BLG-ECL-029020,,0.626438,1,263.2636383,-30.5741177,0.000149,AAAA,hhhh,0,False,,,,,,,,,2500.0,897.6821684859732,1.4758941909190941,11.66966114269507,3.0542910982865137,24.341908359393056,5.642407933881057,21.269331876845623,632.0,34.03422050056233,0.24000000000000002,14.180574782524836,0.09120559585232951,4058369371798536448,0.179636,16.7224,6.562359,-0.0248,-0.11923076923076924,1.255,,,3,11,5.516722335884086,101334293,15.056,,,,,2MASS J17330326-3034267,LongPeriodV*,,False,False,True,True,False,True,False,False,False,False,True,False,True,False,,6,18,C,match;multi_survey;wise_quality;photosphere;dust_over_ff;unconfused;tess_usable;not_evolved_or_wind,,
J051822.42-692733.6,2,gaia_dr3;vsx,1.918727,40.92,E;ECL,4658173236974862336;Gaia DR3 4658173236974862336,,40.92,1,79.5934259,-69.4593545,8.1e-05,AAAA,hho0,1,False,,,,,,,,,2500.0,1485.9043187302,9.372722270952513,32.32987328960942,24.4861751343267,34.713180689023375,27.056711226642218,20.10784689546945,915.0,7.411613993838173,0.6,178.33796171171474,1.797610514139099,4658173133895644288,0.106685,17.298073,2.092792,,,,,,9,26,14.606476449555002,680086049,15.98,,,,,OGLE LMC-LPV-38929,Mira,,False,False,True,False,False,True,False,True,False,False,True,False,True,False,,6,18,C,match;multi_survey;period_plausible;wise_quality;photosphere;unconfused;tess_usable;not_evolved_or_wind,,
J174347.53-273616.2,1,vsx,2.17479,0.325113,E,OGLE-BLG-ECL-080408,,0.325113,1,265.9480721,-27.6045239,7.8e-05,AAAA,ddhd,0,False,,,,,,,,,2500.0,1195.9191702804383,1.485433720995987,11.827139742557462,3.2011681092203434,24.88558163144588,6.941647189318865,15.234871950497125,643.0,38.75395034049213,0.06,4.972176188629158,0.09730634206866906,4060678960324087168,0.134772,18.270208,5.566679,0.826,2.2415196743554953,1.102,,,3,13,3.3298373379167683,203116313,16.854,,,,,2MASS J17434753-2736163,LongPeriodV*_Candidate,,False,False,True,True,False,True,False,False,False,False,True,False,True,False,,6,18,C,match;multi_survey;wise_quality;photosphere;dust_over_ff;unconfused;tess_usable;not_evolved_or_wind,,
J053132.39-695411.5,2,gaia_dr3;vsx,2.613683,14.7011,E;ECL,4657996078156715776;Gaia DR3 4657996078156715776,,14.7011,1,82.8849926,-69.9032126,2.5e-05,AAAA,hh00,1,False,4653.0,319.1882869003996,17.98033736113484,10.556998482939028,55.737781799642654,-0.19508300305571913,208.0,0.03194313350210789,3325.0,96.66893243307406,0.693725167174661,-15.978165914465622,4.564068729253456,16.304777285477925,34.36389389684815,10.437039044773263,199.0,256.99624884417113,-0.1,630.0793323413495,0.051556801241921926,4657996078156713600,0.138451,15.924576,2.074054,-0.0001,-0.0031446540880503146,0.918,4511.4,3432.0752,1,3,1.6639456933427588,425064621,14.934,4653.0,13.765,,GIANT,OGLE LMC-LPV-65777,LongPeriodV*,,False,False,True,True,False,True,False,True,False,False,True,False,False,False,,6,18,C,match;multi_survey;wise_quality;photosphere;unconfused;tess_usable;not_evolved_or_wind;nearby,,
J194950.20+292757.8,2,vsx;ztf_chen2020,0.009776,109.035;109.035,EB;EW,ZTF J194950.21+292757.8;ZTFJ194950.21+292757.8,True,109.035,1,297.4592026,29.4660785,0.000164,AAAA,0oo0,0,False,,,,,,,,,2500.0,135.99435298332182,0.6690487561869828,-17.902319977664177,0.7476751916168438,-12.213778696594039,0.8006948326837133,-2.875067194536346,40.0,477.93546200514743,-0.1,477.93546200514743,0.0,2031830486641680000,0.057542,14.321504,5.062049,0.1225,2.364864864864865,1.144,,,0,1,0.5611067571164772,435737309,12.777,,,,,ZTF J194950.21+292757.8,LongPeriodV*,,True,False,True,False,False,False,False,False,False,True,True,False,True,False,,6,18,C,multi_survey;period_plausible;wise_quality;ir_excess;photosphere;dust_over_ff;unconfused;not_evolved_or_wind,,
J132447.61-635741.8,2,gaia_dr3;vsx,2.51507,0.423741,E;ECL,5864915767100758656;Gaia DR3 5864915767100758656,,0.423741,1,201.1983858,-63.9616217,5.5e-05,AAAA,00hp,0,False,3001.0,175.6135440379061,-10.384329113747723,-2.2577101645466877,0.871353855721636,-13.977687036096853,40.0,0.0,2625.0,100.80586602224923,0.5806977800401878,-26.132445975272404,0.5912200171037306,-25.02324089008972,0.6526170170683244,-8.139844669620544,40.0,1375.324388539539,-0.1,1375.324388539539,0.0,5864915767044036096,0.112334,12.824371,4.291629,0.1598,3.4072494669509594,0.948,,,1,2,0.41436749353678815,449766400,11.125,3001.0,,,,2MASS J13244761-6357417,LongPeriodV*,,False,False,True,True,False,False,False,False,False,True,True,False,True,False,,6,18,C,match;multi_survey;wise_quality;ir_excess;photosphere;dust_over_ff;unconfused;not_evolved_or_wind,,
J113008.91-613617.8,2,gaia_dr3;vsx,2.420635,2.16292,E;ECL,5334387319132539776;Gaia DR3 5334387319132539776,,2.16292,1,172.5371652,-61.6049453,6e-05,AAAA,00o0,0,False,,,,,,,,,2500.0,733.5391422985836,1.6218745396318928,13.876776244539942,2.211426244201307,19.825656800634263,3.4996653240122058,12.117128044703385,1013.0,21.380810224624252,0.6,5.880183516146997,0.13412909139076107,5334387319132539392,0.114075,16.828026,6.428366,-0.064,-0.7199100112485939,1.009,3591.1,5692.87,2,4,1.2341547494155327,317409574,15.244,,,,,2MASS J11300891-6136176,LongPeriodV*_Candidate,,False,False,True,True,False,True,False,False,False,False,True,False,False,False,,5,18,C,match;multi_survey;wise_quality;photosphere;dust_over_ff;unconfused;tess_usable;not_evolved_or_wind;nearby,,
J174230.26-270556.1,2,gaia_dr3;vsx,2.479357,0.50174,E;ECL,4060986106387610880;Gaia DR3 4060986106387610880,,0.50174,1,265.6261119,-27.0989266,0.000113,AAAA,hhhh,0,False,,,,,,,,,2500.0,318.230697383882,1.129882365679239,4.160255706289396,1.6356426770657781,14.06460953557729,2.7838285768881006,11.791876897180742,389.0,13.545084927702243,0.07,1.4782846357346124,0.014267852907022902,4060986106387611136,0.200514,16.373974,6.446203,0.0884,0.6592095451155855,0.999,4005.6,3942.7217,1,2,1.3866435966493247,192669433,14.731,,,,,2MASS J17423025-2705561,LongPeriodV*_Candidate,,False,False,True,True,False,True,False,False,False,False,True,False,False,False,,5,18,C,match;multi_survey;wise_quality;photosphere;dust_over_ff;unconfused;tess_usable;not_evolved_or_wind;nearby,,
J174514.31-222921.4,2,gaia_dr3;vsx,2.543324,26.101,E;ECL,4117011377711705856;Gaia DR3 4117011377711705856,,26.101,1,266.3096332,-22.4892905,0.000203,AAAA,HHdD,0,False,,,,,,,,,2500.0,159.88009541190252,0.6844046099213501,-16.688633989112162,0.7091990238873628,-14.83989390424579,0.7996909556726511,-3.5319290391157834,40.0,511.2074782491704,-0.1,511.2074782491704,0.0,4117011343451442816,0.060727,14.824941,5.633896,0.0672,0.9032258064516129,0.912,3695.0,6262.6885,0,1,0.6352086742214276,239518487,13.148,,,,,2MASS J17451431-2229214,LongPeriodV*,,False,False,True,True,False,False,False,False,False,True,True,False,False,False,,5,18,C,match;multi_survey;wise_quality;ir_excess;photosphere;dust_over_ff;unconfused;not_evolved_or_wind;nearby,,
