designation,survey,sep_arcsec,survey_id,period_d,survey_class
J120743.97-615509.8,gaia_dr3,0.111996,6057673070297003008,,ECL
J061434.48+182828.3,gaia_dr3,0.034671,3373452826804138752,,ECL
J205143.54+451544.7,gaia_dr3,0.035893,2163249991908340864,,ECL
J224805.82+594954.3,gaia_dr3,0.027757,2008528334859934592,,ECL
J080006.97-284829.6,gaia_dr3,0.60299,5597766189838132736,,ECL
J095103.39-531335.7,gaia_dr3,0.14577,5308591367570295168,,ECL
J163027.47-472834.2,gaia_dr3,1.354483,5941979128260192256,,ECL
J175059.60-254042.5,gaia_dr3,2.157642,4067015381398363648,,ECL
J125047.71-621207.9,gaia_dr3,2.141742,6055258542767476736,,ECL
J033359.90+564753.9,gaia_dr3,0.183735,448596934500298880,,ECL
J202048.83+374548.7,gaia_dr3,0.095716,2060989985991209472,,ECL
J212921.39+520414.0,gaia_dr3,0.050624,2172480465046655104,,ECL
J001520.86+631705.6,gaia_dr3,0.753776,431392906121976448,,ECL
J002142.71+632242.8,gaia_dr3,0.032039,431027838208432512,,ECL
J060937.66+205743.4,gaia_dr3,0.035797,3375235783690685568,,ECL
J162845.54-474008.1,gaia_dr3,2.224006,5941964521035162112,,ECL
J130945.88-620503.5,gaia_dr3,0.114111,5863297285887221760,,ECL
J113228.04-603959.9,gaia_dr3,0.406188,5335958933579596288,,ECL
J175411.45-241800.7,gaia_dr3,0.814106,4067756074274235392,,ECL
J190846.30+100140.0,gaia_dr3,1.939725,4312236809743973632,,ECL
J175043.69-253524.1,gaia_dr3,1.781469,4067019745100891392,,ECL
J210925.70+490005.7,gaia_dr3,0.332749,2165576081790325888,,ECL
J185724.79+043830.6,gaia_dr3,2.205244,4281591565250403456,,ECL
J180458.89-194639.0,gaia_dr3,0.008638,4095024787298349312,,ECL
J132329.40-614449.8,gaia_dr3,0.56076,5868538481696475904,,ECL
J023933.15+610457.9,gaia_dr3,0.030549,465637230128502784,,ECL
J112529.80-601117.6,gaia_dr3,0.058272,5336022121145223808,,ECL
J192033.55+155343.5,gaia_dr3,2.661888,4320882273989203200,,ECL
J211947.48+510201.1,gaia_dr3,2.42412,2171992728570553856,,ECL
J074450.39-221808.1,gaia_dr3,0.056678,5711987340376628096,,ECL
J085125.73-415632.3,gaia_dr3,0.016068,5524542731207705088,,ECL
J130415.15-611856.7,gaia_dr3,0.206752,5863544023161862144,,ECL
J203553.17+431315.0,gaia_dr3,0.114606,2069723819159596416,,ECL
J174230.26-270556.1,gaia_dr3,2.602707,4060986106387610880,,ECL
J112827.96-593904.5,gaia_dr3,2.607723,5336145163357960064,,ECL
J073208.30-154429.7,gaia_dr3,0.052898,3028329767670301568,,ECL
J174013.96-275020.5,gaia_dr3,2.01019,4060841417449120768,,ECL
J085139.47-414840.5,gaia_dr3,0.278587,5524567955556719744,,ECL
J111311.68-585058.2,gaia_dr3,0.066118,5339358108121018240,,ECL
J190433.37+100221.4,gaia_dr3,2.645902,4310785527442291456,,ECL
J120726.23-604131.7,gaia_dr3,0.12268,6058601062438520704,,ECL
J174350.87-255108.0,gaia_dr3,2.613595,4067128150107606912,,ECL
J090509.15-440929.4,gaia_dr3,0.083085,5331081186401399168,,ECL
J212547.19+520005.2,gaia_dr3,0.067225,2172515134023436416,,ECL
J114404.19-604723.8,gaia_dr3,1.776171,5335056200165599744,,ECL
J131641.86-614130.1,gaia_dr3,0.236287,5869323228079627136,,ECL
J011811.27+634703.8,gaia_dr3,0.29784,524689358259944704,,ECL
J134438.52-610833.3,gaia_dr3,2.630521,5865883199804023296,,ECL
J175440.48-232648.9,gaia_dr3,2.687297,4067871724860749952,,ECL
J181936.59-124610.2,gaia_dr3,0.19539,4152738942907841920,,ECL
J093623.07-503850.9,gaia_dr3,1.276714,5313019341404026624,,ECL
J020445.67+624821.4,gaia_dr3,0.252293,508818114072751232,,ECL
J090808.68-455820.2,gaia_dr3,2.219388,5330611424357482240,,ECL
J222127.32+582906.9,gaia_dr3,0.107775,2200300548770474880,,ECL
J202348.86+392910.0,gaia_dr3,0.05419,2067246344586077440,,ECL
J201701.99+373634.0,gaia_dr3,0.091039,2060667691656973056,,ECL
J190805.55+104326.2,gaia_dr3,2.93991,4312426582908533504,,ECL
J174304.18-272746.3,gaia_dr3,2.473119,4060692090060912512,,ECL
J225051.52+604854.8,gaia_dr3,0.060031,2206776118199489152,,ECL
J130204.59-612815.9,gaia_dr3,0.107934,5863536292219380736,,ECL
J193535.54+232033.6,gaia_dr3,2.790403,2020990405799868032,,ECL
J191541.31+144449.7,gaia_dr3,2.562077,4320344200532224640,,ECL
J204336.46+445505.3,gaia_dr3,0.241819,2070186369963278080,,ECL
J085103.07-410222.7,gaia_dr3,0.061551,5525401110489911936,,ECL
J073153.48-143308.7,gaia_dr3,0.040379,3030158702183550592,,ECL
J041942.74+531017.6,gaia_dr3,0.861349,275302971267574912,,ECL
J192324.20+194123.2,gaia_dr3,2.433954,4515862759727958016,,ECL
J152208.20-543137.7,gaia_dr3,0.055917,5886905655970479744,,ECL
J131329.85-602953.4,gaia_dr3,0.36282,5869687956726173568,,ECL
J131329.85-602953.4,gaia_dr3,1.755632,5869687956731958016,,ECL
J060715.75+250938.2,gaia_dr3,0.110532,3426575005251210112,,ECL
J132813.65-601449.4,gaia_dr3,2.725363,5869523648482081664,,ECL
J211404.37+520345.2,gaia_dr3,0.062681,2175344246155374592,,ECL
J131335.67-602451.8,gaia_dr3,2.265535,5869689193650568960,,ECL
J025017.96+620634.2,gaia_dr3,0.174834,467253443505004544,,ECL
J111010.86-575233.4,gaia_dr3,0.228098,5340293517628210688,,ECL
J210423.04+503307.0,gaia_dr3,0.053007,2169141351311658112,,ECL
J113754.69-590632.1,gaia_dr3,2.701423,5336416811406311808,,ECL
J214627.54+565138.0,gaia_dr3,0.280783,2175201374067293440,,ECL
J201834.12+402504.4,gaia_dr3,0.04695,2062293834983003904,,ECL
J025053.50+622203.7,gaia_dr3,0.047547,467263618282769792,,ECL
J132704.55-595441.5,gaia_dr3,1.653701,5869590856138262784,,ECL
J003000.90+652553.2,gaia_dr3,0.044498,527360312518603776,,ECL
J223802.45+613815.8,gaia_dr3,0.591976,2201865561837540864,,ECL
J011749.71+653008.9,gaia_dr3,0.110554,524944754197496832,,ECL
J204142.75+463029.3,gaia_dr3,0.08176,2166605533908798976,,ECL
J181117.97-130837.3,gaia_dr3,0.94268,4147676207250335232,,ECL
J121419.37-594834.1,gaia_dr3,2.601231,6058931019001364864,,ECL
J215044.62+574107.0,gaia_dr3,0.083255,2202269872874354944,,ECL
J191614.84+181025.2,gaia_dr3,2.729942,4515197589557359872,,ECL
J092427.58-461754.5,gaia_dr3,0.115208,5422763929120045184,,ECL
J190441.01+125627.0,gaia_dr3,0.097036,4314187485137693696,,ECL
J230402.19+632348.7,gaia_dr3,0.193512,2207689919743551360,,ECL
J144601.69-562022.1,gaia_dr3,2.700878,5893029626523171456,,ECL
J092331.61-454205.1,gaia_dr3,0.134226,5422843166980485632,,ECL
J174514.31-222921.4,gaia_dr3,2.543324,4117011377711705856,,ECL
J170915.28-341249.4,gaia_dr3,1.483868,5978153473121031040,,ECL
J194052.69+294848.3,gaia_dr3,1.996802,2031682503614185984,,ECL
J173720.38-250602.5,gaia_dr3,2.621567,4062217043969147008,,ECL
J230446.67+640525.2,gaia_dr3,0.079196,2208494384295878144,,ECL
J214937.75+583643.7,gaia_dr3,0.061489,2202391094030960256,,ECL
J221632.31+611346.8,gaia_dr3,0.039576,2204562015324510336,,ECL
J020731.77+652855.6,gaia_dr3,0.050713,518517662052109312,,ECL
J235953.92+660910.2,gaia_dr3,0.12034,2017590612770292096,,ECL
J184059.94+031626.3,gaia_dr3,2.676295,4280413094948237184,,ECL
J060317.89+300351.2,gaia_dr3,0.08115,3437714436723632768,,ECL
J203147.88+461150.3,gaia_dr3,0.012726,2071395484855901056,,ECL
J114356.05-574245.9,gaia_dr3,0.023876,5341822251103049856,,ECL
J062809.07+194918.2,gaia_dr3,0.00698,3372518929117312256,,ECL
J173944.00-231450.4,gaia_dr3,1.889766,4116517383448764544,,ECL
J155252.14-483315.3,gaia_dr3,0.051994,5983009088275833984,,ECL
J060442.50+300803.0,gaia_dr3,0.061961,3437717838340328320,,ECL
J060629.19+295951.1,gaia_dr3,0.146729,3437604726079901056,,ECL
J131043.04-581638.6,gaia_dr3,0.029499,6063004464732765952,,ECL
J173849.48-224710.5,gaia_dr3,1.765563,4116754431408929024,,ECL
J174115.83-212645.5,gaia_dr3,2.471466,4117364183545481984,,ECL
J233034.93+663345.5,gaia_dr3,0.041677,2210381249327114624,,ECL
J225036.88+645801.7,gaia_dr3,0.049546,2211491171955061248,,ECL
J183257.18+021657.1,gaia_dr3,0.044661,4276915896367552384,,ECL
J200647.51+415245.7,gaia_dr3,0.072692,2074811362558907136,,ECL
J171924.35-280904.6,gaia_dr3,2.975342,4107919481810799232,,ECL
J200641.03+421432.3,gaia_dr3,0.060778,2074871801338131200,,ECL
J174731.44-172852.7,gaia_dr3,2.49826,4120750748074643328,,ECL
J195229.56+382320.2,gaia_dr3,0.532956,2072210502176607232,,ECL
J120618.67-563110.2,gaia_dr3,2.074752,6075419054825340288,,ECL
J172259.93-255956.9,gaia_dr3,2.448195,4109897778032909952,,ECL
J071357.20+021834.6,gaia_dr3,0.196551,3115031653991733504,,ECL
J202226.35+474717.0,gaia_dr3,2.522233,2083458265586622848,,ECL
J133544.99-560258.7,gaia_dr3,1.463455,6064452491513911680,,ECL
J215348.09+623651.9,gaia_dr3,0.017397,2204369875668251264,,ECL
J140308.39-545855.3,gaia_dr3,2.82147,5896621765327492608,,ECL
J201635.52+470123.2,gaia_dr3,0.298227,2084055811491788928,,ECL
J103530.39-584807.5,gaia_dr3,0.499899,5350659060402340864,,ECL
J110224.54-603006.3,gaia_dr3,0.238975,5338089409141472128,,ECL
J124038.46-631351.7,gaia_dr3,2.832468,6055095888067184640,,ECL
J210640.25+464831.9,gaia_dr3,0.064212,2165109579628683520,,ECL
J090906.48-481834.0,gaia_dr3,2.4257,5326805533573046272,,ECL
J070418.57-065641.8,gaia_dr3,0.030805,3052580733568435456,,ECL
J052705.83+343311.8,gaia_dr3,0.008316,182828618832166144,,ECL
J084608.00-433322.8,gaia_dr3,0.060676,5523999508042091648,,ECL
J105802.39-600523.6,gaia_dr3,0.130451,5338137439714783488,,ECL
J082646.01-384212.4,gaia_dr3,0.071414,5529668894935401472,,ECL
J113008.91-613617.8,gaia_dr3,2.420635,5334387319132539776,,ECL
J191525.76+110128.4,gaia_dr3,1.296128,4309787170859941632,,ECL
J225801.20+593512.9,gaia_dr3,0.088987,2013530352548685696,,ECL
J064609.51+021051.6,gaia_dr3,0.059135,3126414515618681344,,ECL
J091559.79-491225.1,gaia_dr3,0.074969,5325777765085610112,,ECL
J122007.93-624708.4,gaia_dr3,0.507362,6054615985627302528,,ECL
J160518.25-522813.4,gaia_dr3,2.672981,5981353876556197248,,ECL
J223949.47+583254.4,gaia_dr3,0.04319,2008171543344280832,,ECL
J214335.03+530215.8,gaia_dr3,0.067064,2173415771492887936,,ECL
J200336.35+310625.0,gaia_dr3,0.070453,2030693561586426752,,ECL
J153100.77-580518.9,gaia_dr3,2.096173,5882221255402050432,,ECL
J002247.65+611141.0,gaia_dr3,0.028193,428909251100205824,,ECL
J094355.32-550303.7,gaia_dr3,0.173258,5308011443900113280,,ECL
J132447.61-635741.8,gaia_dr3,2.596738,5864915767100758656,,ECL
J223653.95+565420.9,gaia_dr3,0.046887,2006888825592397440,,ECL
J191816.73+100812.8,gaia_dr3,2.862434,4309461852856043520,,ECL
J164651.71-470541.5,gaia_dr3,0.06713,5939656616086945792,,ECL
J182643.92-142316.3,gaia_dr3,0.576473,4104249857339940736,,ECL
J001757.92+612606.8,gaia_dr3,0.103627,429681451858945408,,ECL
J230801.01+590458.4,gaia_dr3,0.077748,2013302379987551616,,ECL
J223048.25+563617.7,gaia_dr3,0.323073,2007525545903203200,,ECL
J120537.03-633251.5,gaia_dr3,1.783564,6054298570338883456,,ECL
J110649.64-613023.9,gaia_dr3,0.165086,5337169083518954240,,ECL
J232827.54+600636.6,gaia_dr3,0.264881,2012277635148875136,,ECL
J211416.76+470655.4,gaia_dr3,0.142291,2164438843172444160,,ECL
J061602.04+142902.1,gaia_dr3,0.093201,3344816282680222976,,ECL
J105306.16-603756.5,gaia_dr3,2.248435,5338204411141269632,,ECL
J145605.68-601413.4,gaia_dr3,0.441263,5878010602569452416,,ECL
J053555.79+303219.7,gaia_dr3,0.031236,3447581282273082624,,ECL
J185000.25-024159.4,gaia_dr3,0.048064,4258843120651366912,,ECL
J190622.17+051540.6,gaia_dr3,0.058165,4305515739990838144,,ECL
J121712.47-633112.0,gaia_dr3,2.502399,6054148006002709248,,ECL
J052145.58+350631.8,gaia_dr3,0.101692,183587896031732736,,ECL
J154321.63-560557.6,gaia_dr3,1.955609,5884262842303497856,,ECL
J105205.79-602438.2,gaia_dr3,0.116452,5338255332322386304,,ECL
J161630.47-515205.2,gaia_dr3,1.448169,5934706266824792320,,ECL
J130516.16-633825.2,gaia_dr3,0.093781,5862308618782789632,,ECL
J181404.71-191227.3,gaia_dr3,2.62695,4094730393066954368,,ECL
J175944.96-250812.9,gaia_dr3,2.157749,4064468500171210624,,ECL
J175632.21-262043.9,gaia_dr3,0.028274,4064236468834673408,,ECL
J181242.94-194407.4,gaia_dr3,0.477003,4094687099795437568,,ECL
J084748.55-444117.6,gaia_dr3,0.078107,5523673021809208704,,ECL
J060814.39+183724.8,gaia_dr3,0.023943,3373611117822105472,,ECL
J112754.19-615955.3,gaia_dr3,0.127109,5334289600010056576,,ECL
J131820.70-632427.8,gaia_dr3,0.186657,5862188840770706048,,ECL
J103643.71-591031.7,gaia_dr3,0.142739,5350632637762887936,,ECL
J231917.62+600929.1,gaia_dr3,0.745651,2013829389656036352,,ECL
J030453.76+574207.5,gaia_dr3,0.064033,460327452260671232,,ECL
J105145.23-600547.0,gaia_dr3,0.253098,5338291994165790592,,ECL
J110833.69-610035.4,gaia_dr3,0.012788,5337296901767930112,,ECL
J081222.38-350223.3,gaia_dr3,0.087924,5544774333580648448,,ECL
J034930.30+533517.3,gaia_dr3,0.046112,444258467775953152,,ECL
J025534.43+583049.2,gaia_dr3,0.12838,461357866456816256,,ECL
J185422.97+001909.0,gaia_dr3,2.857976,4266293578949458176,,ECL
J104858.38-612758.3,gaia_dr3,1.686729,5242121040662582144,,ECL
J183234.88-132527.7,gaia_dr3,2.672722,4104788106957964544,,ECL
J235117.42+600156.6,gaia_dr3,0.074727,2011584049469395328,,ECL
J101147.39-583758.9,gaia_dr3,0.112211,5258206895738705792,,ECL
J184309.02-081600.8,gaia_dr3,2.878663,4251745876219084160,,ECL
J205050.82+410947.2,gaia_dr3,0.006419,2065375177655099776,,ECL
J233306.45+592955.7,gaia_dr3,2.43931,2011274365141444096,,ECL
J092429.65-530026.9,gaia_dr3,0.078042,5312309400493615872,,ECL
J092405.70-525157.7,gaia_dr3,0.08528,5312358019526915584,,ECL
J173224.94-364153.9,gaia_dr3,0.256594,5974604764982749440,,ECL
J221843.61+544715.0,gaia_dr3,0.200179,2005076418115691648,,ECL
J085722.48-481433.3,gaia_dr3,0.078629,5328516030073812224,,ECL
J073157.06-223444.5,gaia_dr3,0.049636,5618714841276809856,,ECL
J173744.35-345545.6,gaia_dr3,0.307072,4053298389762331008,,ECL
J170338.30-441927.8,gaia_dr3,2.374193,5963830856716612992,,ECL
J195533.41+250034.1,gaia_dr3,0.065943,1834493202017977984,,ECL
J085640.46-475229.3,gaia_dr3,0.071797,5328575334983694848,,ECL
J100810.40-575030.1,gaia_dr3,0.117589,5258444566361556992,,ECL
J151509.84-592847.7,gaia_dr3,0.043352,5876736509111789184,,ECL
J160415.99-562627.3,gaia_dr3,0.078153,5836210851377856000,,ECL
J113259.16-643500.4,gaia_dr3,0.141065,5237381904993858944,,ECL
J083838.64-461406.6,gaia_dr3,0.17914,5521667100299017728,,ECL
J175035.63-325405.6,gaia_dr3,2.732467,4043468579759997824,,ECL
J152513.56-601614.2,gaia_dr3,2.172966,5875854361552008832,,ECL
J171047.03-442701.4,gaia_dr3,0.365575,5965046568635067648,,ECL
J125208.71-654053.4,gaia_dr3,0.100803,5861484874082357888,,ECL
J054559.08+232923.9,gaia_dr3,0.033889,3427630025312776704,,ECL
J124645.61-653628.5,gaia_dr3,0.195728,5861532947733354880,,ECL
J175936.50-290801.4,gaia_dr3,2.715624,4062358090748921600,,ECL
J124640.44-653524.0,gaia_dr3,0.179736,5861533188251545088,,ECL
J225826.31+565118.1,gaia_dr3,0.095729,2009833523884538112,,ECL
J074906.00-310742.6,gaia_dr3,0.042765,5595565070634119680,,ECL
J100530.57-585032.2,gaia_dr3,0.390217,5258294001994069632,,ECL
J112808.54-635837.2,gaia_dr3,0.160858,5333673151932763904,,ECL
J095911.11-580903.5,gaia_dr3,0.140695,5259136532825192832,,ECL
J114519.52-642950.0,gaia_dr3,0.165148,5332709189485357824,,ECL
J070547.24-122348.7,gaia_dr3,0.023606,3044960396431590784,,ECL
J175239.50-311131.9,gaia_dr3,2.733873,4055699860619670528,,ECL
J174729.79-325431.4,gaia_dr3,2.428104,4053985751997441536,,ECL
J223026.80+551028.0,gaia_dr3,0.581778,2006450975133521280,,ECL
J231908.57+582521.6,gaia_dr3,0.160683,2010442103563019392,,ECL
J104142.92-612155.7,gaia_dr3,0.255338,5254043633672158080,,ECL
J122947.09-650358.2,gaia_dr3,2.418813,5861197871528728064,,ECL
J123424.45-645845.8,gaia_dr3,2.314863,5861091562483628032,,ECL
J103845.83-605949.8,gaia_dr3,2.600151,5254112284408106368,,ECL
J200341.08+270851.1,gaia_dr3,0.116015,1835214928323080320,,ECL
J154232.04-574310.7,gaia_dr3,2.075882,5882385563701644416,,ECL
J071958.97-180155.0,gaia_dr3,0.035851,2931523369480955904,,ECL
J234654.83+594823.5,gaia_dr3,0.055552,2011530237820285312,,ECL
J223403.66+555035.6,gaia_dr3,0.1026,2006587834280977152,,ECL
J084118.23-451652.0,gaia_dr3,0.083865,5522106797555959552,,ECL
J070132.37-132625.3,gaia_dr3,0.081043,2948727668434458240,,ECL
J063027.35+014406.3,gaia_dr3,0.004431,3123854268434443648,,ECL
J175624.26-322832.7,gaia_dr3,2.619624,4043372475517738496,,ECL
J180040.78-304630.0,gaia_dr3,2.443485,4044145780119483776,,ECL
J150330.35-625131.8,gaia_dr3,0.263524,5874427023630134528,,ECL
J084935.85-494920.0,gaia_dr3,0.021232,5327931983242555136,,ECL
J175516.43-324349.7,gaia_dr3,2.871306,4043342449449832704,,ECL
J181649.79-240534.1,gaia_dr3,2.945072,4065517125013202432,,ECL
J194324.98+161923.7,gaia_dr3,0.123112,4318858863391850496,,ECL
J221540.39+521555.9,gaia_dr3,0.080415,2001249121215647488,,ECL
J175529.65-322425.8,gaia_dr3,1.954089,4043541559801589888,,ECL
J075433.28-345249.7,gaia_dr3,0.166853,5593521795767712640,,ECL
J173404.61-392341.3,gaia_dr3,0.068545,5961690829150011264,,ECL
J010507.84+591738.8,gaia_dr3,0.055099,426176548085984000,,ECL
J184054.68-124114.4,gaia_dr3,2.575569,4106199772515487232,,ECL
J093826.24-570244.6,gaia_dr3,0.082649,5306155090320029568,,ECL
J175249.99-330419.2,gaia_dr3,2.801342,4043424534856387968,,ECL
J164923.34-495723.8,gaia_dr3,2.989343,5937646571389637120,,ECL
J182416.79-200713.7,gaia_dr3,2.506266,4091428353559180032,,ECL
J220321.19+511549.9,gaia_dr3,0.097401,1980127296688675328,,ECL
J033226.58+520357.1,gaia_dr3,0.080469,442431354329823488,,ECL
J130939.14-660620.3,gaia_dr3,0.35224,5858633741731138176,,ECL
J174949.38-333947.1,gaia_dr3,2.336133,4041881194274891776,,ECL
J063209.81+022451.3,gaia_dr3,0.009317,3124006074056325760,,ECL
J181027.34-252339.0,gaia_dr3,2.901232,4065000419117703040,,ECL
J174210.08-393656.4,gaia_dr3,2.594897,5961151415614332416,,ECL
J180235.68-323231.0,gaia_dr3,2.474217,4042938653816793728,,ECL
J092527.12-572144.1,gaia_dr3,0.117894,5306601835634200704,,ECL
J074233.18-330405.7,gaia_dr3,0.127373,5594949722077327744,,ECL
J172330.04-442501.9,gaia_dr3,0.188422,5953236168829640320,,ECL
J175505.53-343338.5,gaia_dr3,2.538558,4040835081918629120,,ECL
J072224.82-243058.7,gaia_dr3,0.030549,5616893564685632768,,ECL
J175733.86-330244.6,gaia_dr3,2.564647,4043275928925706112,,ECL
J175013.92-353836.0,gaia_dr3,2.832968,4040670185298088832,,ECL
J175344.01-342332.4,gaia_dr3,2.65933,4041602467931190272,,ECL
J174600.78-365212.6,gaia_dr3,2.544188,4040123423013731328,,ECL
J170009.41-490039.9,gaia_dr3,2.363944,5938463749077003008,,ECL
J180256.19-303657.4,gaia_dr3,2.851409,4050144268859518464,,ECL
J183555.95-162121.5,gaia_dr3,0.080792,4102825336944868480,,ECL
J102247.90-620315.5,gaia_dr3,0.126377,5253069913034543744,,ECL
J115421.55-661457.2,gaia_dr3,0.320067,5236252607819119360,,ECL
J114741.84-685910.2,gaia_dr3,0.097225,5234016093743844480,,ECL
J172322.93-481359.8,gaia_dr3,2.389477,5950177396174120320,,ECL
J231201.40+532028.6,gaia_dr3,0.026344,1995545679513855744,,ECL
J071848.88-271140.0,gaia_dr3,0.028501,5615989628689465088,,ECL
J182021.64-283837.4,gaia_dr3,2.668234,4051324285359879040,,ECL
J174912.67-394415.5,gaia_dr3,2.871685,5958138375738748288,,ECL
J170623.10-510257.5,gaia_dr3,2.863283,5925992607132021888,,ECL
J175127.53-384747.1,gaia_dr3,2.544359,4036666863436861696,,ECL
J174706.08-394943.3,gaia_dr3,2.968364,5958098312346930816,,ECL
J173443.24-433214.5,gaia_dr3,2.288482,5958433525888597632,,ECL
J042016.75+421851.7,gaia_dr3,0.055619,229136921858228096,,ECL
J100129.13-620428.5,gaia_dr3,0.080675,5255874114348186112,,ECL
J230357.58+541153.7,gaia_dr3,0.028716,1996532422482551552,,ECL
J160408.44-592455.5,gaia_dr3,2.76811,5834712869761033216,,ECL
J193316.86+084621.6,gaia_dr3,2.146266,4296134260138512768,,ECL
J052039.21+370144.7,gaia_dr3,0.176671,184082646202247680,,ECL
J101026.98-560453.3,gaia_dr3,0.090073,5259074513494067072,,ECL
J192825.22+173357.0,gaia_dr3,1.179558,4322983509413214208,,ECL
J052626.13+353000.3,gaia_dr3,0.047819,182953443464034176,,ECL
J012908.53+624247.1,gaia_dr3,0.050269,512375957598407936,,ECL
J234447.79+620336.1,gaia_dr3,0.230807,2012926548876614016,,ECL
J132301.79-622632.2,gaia_dr3,0.051584,5868302365908389504,,ECL
J111159.53-601522.9,gaia_dr3,0.086697,5337673725022922368,,ECL
J234506.28+620909.6,gaia_dr3,0.11597,2012928236801826176,,ECL
J222136.25+573617.0,gaia_dr3,0.242731,2200014362209054464,,ECL
J052735.68+353547.7,gaia_dr3,0.086122,183318446964071296,,ECL
J230725.05+604514.3,gaia_dr3,0.040784,2014806340091264256,,ECL
J232537.66+613847.9,gaia_dr3,0.057862,2015669349341459328,,ECL
J111500.04-601219.6,gaia_dr3,0.06654,5337759796166267776,,ECL
J164356.05-450806.9,gaia_dr3,2.152434,5943280537678288000,,ECL
J235510.36+722736.9,gaia_dr3,0.003625,2227793527780746880,,ECL
J154359.83-411640.1,gaia_dr3,1.094589,6007874509346162304,,ECL
J030932.49+704205.4,gaia_dr3,0.088696,542301576027223552,,ECL
J204531.80+622345.4,gaia_dr3,0.085777,2195215066970951424,,ECL
J081024.33-104650.3,gaia_dr3,2.717189,5728389167636556160,,ECL
J141805.31-445301.5,gaia_dr3,2.920218,6096608911632051328,,ECL
J164353.78-185712.0,gaia_dr3,0.093571,4130784921205604736,,ECL
J173202.87+024925.5,gaia_dr3,0.373825,4376824940267661056,,ECL
J135336.30-364911.6,gaia_dr3,2.196755,6115758998275792896,,ECL
J053643.61+825703.2,gaia_dr3,0.076293,558128942827121792,,ECL
J112457.49-310125.7,gaia_dr3,0.060932,3481728295204092288,,ECL
J075739.78+773434.9,gaia_dr3,0.178664,1138343737065678720,,ECL
J081345.91+381049.7,gaia_dr3,0.118607,908001445525035520,,ECL
J095436.27+452108.6,gaia_dr3,0.232795,820654592547388672,,ECL
J151811.34+313849.3,gaia_dr3,0.13233,1277156564676743552,,ECL
J141148.17+114704.6,gaia_dr3,0.06229,1226267691913326592,,ECL
J201245.10+472341.4,gaia_dr3,0.050643,2084134705758394112,,ECL
J024405.05+675230.0,gaia_dr3,0.035605,517546999440656512,,ECL
J052539.72+483844.8,gaia_dr3,0.045378,212644380582894720,,ECL
J170944.91-272932.2,gaia_dr3,2.774664,4108543111036909440,,ECL
J100928.65-465442.5,gaia_dr3,0.085681,5407677843621400960,,ECL
J180215.74-072126.2,gaia_dr3,2.283514,4171209570021020288,,ECL
J045003.60+563126.9,gaia_dr3,0.042586,274653542151645696,,ECL
J170509.44-273101.5,gaia_dr3,2.700483,4108762257432187648,,ECL
J152817.41-450805.8,gaia_dr3,0.03239,5999680605109166848,,ECL
J173412.99-162743.6,gaia_dr3,2.778019,4124450364198392704,,ECL
J121748.62-534125.5,gaia_dr3,0.101428,6077078213569689984,,ECL
J153051.32-680851.6,gaia_dr3,2.159095,5823324025255750656,,ECL
J055103.61+082048.8,gaia_dr3,0.027343,3335137969015544960,,ECL
J192424.40-011501.1,gaia_dr3,2.715933,4214805790181918336,,ECL
J130821.73-702508.4,gaia_dr3,2.702966,5843914648233925504,,ECL
J120835.25-700322.2,gaia_dr3,2.203565,5855913206308937216,,ECL
J203633.18+282140.9,gaia_dr3,2.718259,1857303017408052096,,ECL
J181955.31-304817.3,gaia_dr3,1.977984,4046341917196126976,,ECL
J073937.23-363011.8,gaia_dr3,0.071449,5587216100884856448,,ECL
J060417.81-100334.9,gaia_dr3,0.042241,3005127181799003648,,ECL
J072114.64-463619.9,gaia_dr3,0.059258,5510387828968085120,,ECL
J072301.97-444015.7,gaia_dr3,0.042237,5511490501691609216,,ECL
J061706.96-120322.7,gaia_dr3,0.053867,3000756726159384832,,ECL
J064400.85-254201.4,gaia_dr3,0.121019,2920462587441265536,,ECL
J053135.16+095155.4,gaia_dr3,0.075695,3338172522325457408,,ECL
J061439.95-062917.4,gaia_dr3,0.082787,3007796967830937600,,ECL
J024542.12+480837.8,gaia_dr3,0.022213,438165588512859008,,ECL
J063358.64-144723.3,gaia_dr3,0.011105,2950400021319407744,,ECL
J191447.17-104557.6,gaia_dr3,0.086815,4199973721920957952,,ECL
J070213.46-491128.4,gaia_dr3,0.045301,5508341672187105280,,ECL
J115533.43-783445.3,gaia_dr3,2.278251,5200125984277006464,,ECL
J045912.77+165543.8,gaia_dr3,0.049447,3405515582300888192,,ECL
J205308.70+202237.6,gaia_dr3,0.083431,1813788435978691968,,ECL
J012138.98+402256.9,gaia_dr3,0.232072,371795149649488000,,ECL
J070559.97-781020.9,gaia_dr3,2.32563,5211561459256742656,,ECL
J050815.47-444908.6,gaia_dr3,0.483694,4810658663408687744,,ECL
J045527.17-662646.8,gaia_dr3,0.891672,4662155049585876864,,ECL
J045439.87-671306.0,gaia_dr3,0.132973,4661729018926196096,,ECL
J045300.81-680132.3,gaia_dr3,0.120762,4661587151814849920,,ECL
J045847.65-661118.2,gaia_dr3,0.461126,4662138041514235648,,ECL
J050416.88-655352.1,gaia_dr3,0.658803,4662249401424080000,,ECL
J045605.87-692640.0,gaia_dr3,0.236175,4655267433897950080,,ECL
J050234.70-690546.7,gaia_dr3,1.361332,4655290764166851584,,ECL
J050527.88-685635.5,gaia_dr3,1.349017,4661253346999109376,,ECL
J050833.52-684020.3,gaia_dr3,2.733202,4661274787482504832,,ECL
J051539.07-664057.3,gaia_dr3,1.488555,4658969523885052672,,ECL
J051308.33-690803.4,gaia_dr3,1.804973,4658243189212581888,,ECL
J052138.79-655529.3,gaia_dr3,1.78721,4660548078975323392,,ECL
J051929.57-674307.0,gaia_dr3,0.764761,4658760788461137024,,ECL
J051931.15-685341.2,gaia_dr3,2.653932,4658287586151613952,,ECL
J051822.42-692733.6,gaia_dr3,1.950776,4658173236974862336,,ECL
J051915.37-694128.4,gaia_dr3,2.876047,4658168976369714560,,ECL
J052042.74-692115.1,gaia_dr3,2.317761,4658271265274472320,,ECL
J052707.95-665437.1,gaia_dr3,2.301316,4660224307182698752,,ECL
J052145.42-695226.8,gaia_dr3,1.947403,4657952230833907840,,ECL
J052337.32-695615.9,gaia_dr3,1.239903,4657971236105236608,,ECL
J052917.52-671330.0,gaia_dr3,2.467729,4660183453422186624,,ECL
J052537.23-694249.4,gaia_dr3,2.288077,4657969552428251264,,ECL
J052528.23-695319.2,gaia_dr3,1.515069,4657960790740159616,,ECL
J052728.95-700152.6,gaia_dr3,0.69223,4657909148035350656,,ECL
J053132.39-695411.5,gaia_dr3,2.645372,4657996078156715776,,ECL
J052747.63-714852.7,gaia_dr3,2.558971,4651696391874283008,,ECL
J053749.52-664011.4,gaia_dr3,0.185117,4659527590418747520,,ECL
J053503.56-690401.2,gaia_dr3,1.349124,4657695361694998912,,ECL
J054030.81-661737.3,gaia_dr3,0.062269,4659906032909694080,,ECL
J053751.57-701639.3,gaia_dr3,2.552035,4657221811613104256,,ECL
J054048.50-693335.9,gaia_dr3,2.329022,4657599188763133440,,ECL
J054047.31-702512.1,gaia_dr3,1.549258,4657169451564427520,,ECL
J011102.40-724533.0,gaia_dr3,0.59073,4687248103927865728,,ECL
J004518.17-731525.0,gaia_dr3,2.074744,4685852102139246976,,ECL
J012523.32-731638.7,gaia_dr3,0.724534,4686450751830606592,,ECL
J020116.67-735926.4,gaia_dr3,2.831138,4638318255931797504,,ECL
J222546.24-304136.9,gaia_dr3,1.746375,6614154704177898880,,ECL
J023507.40-350842.6,gaia_dr3,0.057739,4966057241670321152,,ECL
J092254.75-554411.9,tess_ebs,0.042314,436802660,1.5378205,0.613
J155605.60-365334.5,tess_ebs,0.333408,364200513,7.671829,0.313
J082920.68-435031.8,tess_ebs,0.072237,140132301,0.6570841,0.977
J114741.84-685910.2,tess_ebs,0.046162,410578942,5.9026635,0.583
J230402.19+632348.7,tess_ebs,0.169218,434893323,1.3645751,0.635
J065537.52-080600.0,tess_ebs,0.036781,124106762,4.1869104,0.358
J233034.93+663345.5,tess_ebs,0.0917,427767269,6.5600242,0.486
J211600.67+643212.2,tess_ebs,0.059378,259967623,4.5992459,0.532
J121659.70-562424.2,tess_ebs,0.13705,405387285,0.9879181,0.925
J200225.52+354011.3,tess_ebs,0.105136,104909909,2.5737914,0.472
J102845.74-283037.6,tess_ebs,0.697159,193136669,1.5660057,0.65
J200145.46+384406.9,tess_ebs,0.018133,40102236,0.3816918,0.976
J073625.23-615225.8,tess_ebs,0.101752,349907707,5.1331502,0.647
J164751.39-514604.0,tess_ebs,0.097353,51288359,1.8014089,0.574
J034220.34+320530.9,tess_ebs,0.099724,101220458,7.3127626,0.494
J034640.87+321724.6,tess_ebs,0.067756,26432264,1.0500526,0.742
J200625.71+681727.6,tess_ebs,0.142163,269696438,2.9789099,0.298
J205902.82+754529.3,tess_ebs,0.633728,315810194,0.5433678,0.581
J000904.86+581647.9,tess_ebs,0.117453,396300606,4.2923404,0.672
J223553.38+500414.8,tess_ebs,0.023104,428102518,10.9206219,0.272
J052331.01-010423.6,tess_ebs,0.084528,4206238,14.9741075,0.267
J073130.12-365327.0,tess_ebs,0.036192,173756330,1.7534658,0.535
J055606.26-381649.2,tess_ebs,0.129878,20072363,0.5160955,0.859
J132421.88-535958.4,tess_ebs,0.32341,359308549,1.2227943,0.499
J110427.41-591205.6,tess_oba_ebs,0.121017,305457817,,
J102247.90-620315.5,tess_oba_ebs,0.026454,378848943,,
J141909.42-565518.1,tess_oba_ebs,0.156092,413284814,,
J110859.18-564050.5,tess_oba_ebs,0.032208,307878702,,
J204812.11+495943.7,tess_oba_ebs,0.182407,365489252,,
J200625.71+681727.6,tess_oba_ebs,0.142163,269696438,,
J173224.94-364153.9,tess_oba_ebs,0.188658,266856605,,
J103639.87-591004.6,tess_oba_ebs,0.221138,458114439,,
J035302.29+455724.7,tess_oba_ebs,0.028093,432176789,,
J061254.94+090208.8,tess_oba_ebs,0.041752,153406662,,
J211030.94+474132.1,tess_oba_ebs,0.137613,136704900,,
J155027.29-573926.7,tess_oba_ebs,0.110259,79508775,,
J204531.80+622345.4,tess_oba_ebs,0.158855,372642120,,
J081322.28-382618.0,tess_oba_ebs,0.080268,182307712,,
J070019.35-220708.5,tess_oba_ebs,0.187031,80042405,,
J094742.50-562630.0,tess_oba_ebs,0.112819,443340750,,
J053749.52-664011.4,tess_oba_ebs,0.166199,277316707,,
J171411.65-331557.2,tess_oba_ebs,0.229096,150636356,,
J115629.70-634732.4,tess_oba_ebs,0.15385,306130356,,
J092527.12-572144.1,tess_oba_ebs,0.137072,437369882,,
J120618.38-694753.7,tess_oba_ebs,0.056447,311840827,,
J223553.38+500414.8,tess_oba_ebs,0.023104,428102518,,
J073937.23-363011.8,tess_oba_ebs,0.08325,174666938,,
J045439.87-671306.0,tess_oba_ebs,0.108492,30113254,,
J082053.67-622336.3,tess_oba_ebs,0.099157,309551309,,
J080957.52-490820.1,tess_oba_ebs,0.092582,238616135,,
J192104.69+020212.4,ztf_chen2020,0.083007,ZTFJ192104.68+020212.3,55.1331866,EW
J051740.83+090514.5,ztf_chen2020,0.092695,ZTFJ051740.83+090514.6,7.426389,EW
J183215.52+140430.3,ztf_chen2020,0.126513,ZTFJ183215.52+140430.3,76.9101212,EW
J190805.55+104326.2,ztf_chen2020,2.999173,ZTFJ190805.73+104324.6,0.9536515,EW
J190545.04+093744.8,ztf_chen2020,1.89955,ZTFJ190545.16+093745.4,0.5042888,EW
J052626.13+353000.3,ztf_chen2020,0.088295,ZTFJ052626.13+353000.3,1.9116804,EA
J212626.52+654622.6,ztf_chen2020,0.077298,ZTFJ212626.52+654622.7,60.6776494,EW
J212054.77+465236.7,ztf_chen2020,0.215389,ZTFJ212054.76+465236.9,6.7974226,EW
J182956.71-055453.5,ztf_chen2020,0.133591,ZTFJ182956.71-055453.6,1.9904556,EW
J182338.78+060907.9,ztf_chen2020,0.066798,ZTFJ182338.78+060907.8,112.0702262,EW
J190550.09+155047.4,ztf_chen2020,0.078404,ZTFJ190550.09+155047.4,139.1841862,EW
J230259.54+631641.3,ztf_chen2020,0.088708,ZTFJ230259.55+631641.3,2.1679622,EW
J191907.36+151837.6,ztf_chen2020,0.074325,ZTFJ191907.35+151837.6,95.6863458,EW
J232827.54+600636.6,ztf_chen2020,0.225597,ZTFJ232827.57+600636.5,0.3248304,EW
J032549.83+311023.7,ztf_chen2020,0.019631,ZTFJ032549.83+311023.7,1.1453974,EW
J221508.94+610241.0,ztf_chen2020,0.131318,ZTFJ221508.94+610241.2,15.0995774,EW
J203633.18+282140.9,ztf_chen2020,2.614548,ZTFJ203633.29+282138.7,0.559912,EA
J201635.52+470123.2,ztf_chen2020,0.304668,ZTFJ201635.52+470123.5,0.3634424,EW
J205501.05+504846.8,ztf_chen2020,0.128775,ZTFJ205501.04+504846.9,17.7223362,EW
J210233.01+680729.1,ztf_chen2020,0.147358,ZTFJ210233.03+680729.1,13.890246,EW
J211404.37+520345.2,ztf_chen2020,0.147083,ZTFJ211404.39+520345.2,1.7566468,EA
J202502.83+320536.3,ztf_chen2020,0.051081,ZTFJ202502.83+320536.3,147.2689184,EW
J190307.27+075011.3,ztf_chen2020,0.036292,ZTFJ190307.27+075011.3,1.9265628,EW
J060839.74+295923.3,ztf_chen2020,0.216455,ZTFJ060839.73+295923.5,49.028015,EW
J203519.25+452714.8,ztf_chen2020,0.100997,ZTFJ203519.24+452714.9,51.3668332,EW
J202129.12+341207.2,ztf_chen2020,0.069228,ZTFJ202129.12+341207.3,101.5161,EW
J183749.43-130742.9,ztf_chen2020,0.394888,ZTFJ183749.41-130742.6,0.3703266,EW
J204142.75+463029.3,ztf_chen2020,0.092394,ZTFJ204142.75+463029.4,2.3934762,EA
J132222.67+464535.3,ztf_chen2020,0.174226,ZTFJ132222.68+464535.1,1.0029491,EW
J191910.41+210557.2,ztf_chen2020,0.138263,ZTFJ191910.41+210557.3,5.0867798,EW
J233827.08+645438.9,ztf_chen2020,0.03718,ZTFJ233827.08+645438.9,70.5,EW
J185713.73+090941.4,ztf_chen2020,0.061425,ZTFJ185713.73+090941.5,55.785109,EW
J185735.77+153021.8,ztf_chen2020,0.059241,ZTFJ185735.77+153021.7,0.6651783,EW
J032856.15+585556.4,ztf_chen2020,0.130647,ZTFJ032856.14+585556.6,0.3748098,EW
J210421.07+440833.9,ztf_chen2020,0.099335,ZTFJ210421.08+440833.9,32.2574991,EA
J195912.40+423311.8,ztf_chen2020,0.015562,ZTFJ195912.40+423311.8,128.5480914,EW
J224119.74+583659.2,ztf_chen2020,0.130723,ZTFJ224119.73+583659.3,2.7963304,EA
J222127.32+582906.9,ztf_chen2020,0.137828,ZTFJ222127.32+582907.0,1.2668932,EW
J001757.92+612606.8,ztf_chen2020,0.093301,ZTFJ001757.93+612606.8,2.1707738,EA
J002745.51+651622.7,ztf_chen2020,0.11462,ZTFJ002745.51+651622.9,184.3853431,EA
J190116.28-002207.9,ztf_chen2020,0.107126,ZTFJ190116.27-002207.9,74.1386268,EW
J190024.97-132810.3,ztf_chen2020,0.124842,ZTFJ190024.96-132810.3,224.2324157,EW
J223650.48+652107.2,ztf_chen2020,0.057995,ZTFJ223650.48+652107.3,67.8523114,EW
J184909.72+050955.6,ztf_chen2020,0.050033,ZTFJ184909.72+050955.6,61.9910576,EW
J213105.19+445022.6,ztf_chen2020,0.048537,ZTFJ213105.19+445022.6,61.8334754,EW
J215044.62+574107.0,ztf_chen2020,0.135098,ZTFJ215044.64+574107.0,0.3918198,EW
J190949.26+104655.3,ztf_chen2020,0.943401,ZTFJ190949.31+104654.7,0.7796284,EW
J201033.47+342310.0,ztf_chen2020,0.056604,ZTFJ201033.47+342310.0,50.0602908,EW
J214656.96+475115.8,ztf_chen2020,0.092733,ZTFJ214656.96+475115.9,2.8560666,EW
J041049.16+380445.7,ztf_chen2020,0.10612,ZTFJ041049.17+380445.7,5.0905229,EW
J162313.17+440828.2,ztf_chen2020,0.057928,ZTFJ162313.17+440828.2,258.0896542,EW
J192601.61+215944.8,ztf_chen2020,0.06855,ZTFJ192601.61+215944.9,8.24845,EW
J190433.37+100221.4,ztf_chen2020,2.580849,ZTFJ190433.26+100219.3,0.315621,EW
J063202.18+102609.4,ztf_chen2020,0.087947,ZTFJ063202.18+102609.4,16.6263683,EW
J193629.79+012019.4,ztf_chen2020,0.10491,ZTFJ193629.78+012019.3,215.1301372,EW
J020111.40+612843.7,ztf_chen2020,0.03672,ZTFJ020111.40+612843.7,16.962839,EW
J194251.30+253146.7,ztf_chen2020,0.18033,ZTFJ194251.29+253146.5,1.0266701,EA
J001520.86+631705.6,ztf_chen2020,0.769133,ZTFJ001520.96+631705.3,0.9854852,EW
J201615.07+260116.5,ztf_chen2020,0.039022,ZTFJ201615.07+260116.6,0.6602708,EW
J210145.41+494801.3,ztf_chen2020,0.075185,ZTFJ210145.42+494801.3,22.9448022,EW
J024119.48+585412.8,ztf_chen2020,0.796656,ZTFJ024119.52+585413.5,14.2401358,EW
J231908.57+582521.6,ztf_chen2020,0.140573,ZTFJ231908.55+582521.6,1.8175238,EA
J052441.03+015438.5,ztf_chen2020,0.118742,ZTFJ052441.04+015438.6,9.6165124,EW
J000602.26+650201.4,ztf_chen2020,0.014232,ZTFJ000602.26+650201.4,1.9889,EA
J223023.95+651024.5,ztf_chen2020,0.0695,ZTFJ223023.95+651024.4,2.2481958,EA
J190513.09+105239.7,ztf_chen2020,0.129336,ZTFJ190513.09+105239.6,65.036954,EW
J195218.88+252404.4,ztf_chen2020,0.152115,ZTFJ195218.87+252404.5,7.4257768,EA
J235953.92+660910.2,ztf_chen2020,0.200105,ZTFJ235953.94+660910.4,0.3274972,EW
J011922.74+710255.3,ztf_chen2020,0.139662,ZTFJ011922.76+710255.4,240.0786302,EW
J192825.22+173357.0,ztf_chen2020,1.091532,ZTFJ192825.16+173356.4,1.0236056,EW
J184059.94+031626.3,ztf_chen2020,2.645952,ZTFJ184100.03+031624.0,0.4912768,EW
J214454.85+475307.9,ztf_chen2020,0.069967,ZTFJ214454.85+475308.0,14.9065378,EW
J220129.67+012956.4,ztf_chen2020,0.115613,ZTFJ220129.67+012956.5,2.00889,EW
J180901.03-102737.9,ztf_chen2020,0.018404,ZTFJ180901.03-102737.9,1.98589,EW
J213910.89+573517.9,ztf_chen2020,0.056351,ZTFJ213910.89+573518.0,18.431945,EW
J004255.80+612347.1,ztf_chen2020,0.124391,ZTFJ004255.79+612347.2,4.030313,EW
J230801.01+590458.4,ztf_chen2020,0.170547,ZTFJ230800.99+590458.5,3.1910306,EA
J002121.04+623736.9,ztf_chen2020,0.060294,ZTFJ002121.04+623736.8,13.6800772,EW
J225251.20+624105.0,ztf_chen2020,0.045709,ZTFJ225251.20+624105.0,16.0791132,EW
J220912.52+582025.0,ztf_chen2020,0.054659,ZTFJ220912.53+582025.0,1.4812602,EW
J182240.71+293116.3,ztf_chen2020,0.065711,ZTFJ182240.71+293116.3,219.4488784,EW
J201032.79+424710.1,ztf_chen2020,0.380231,ZTFJ201032.76+424709.9,0.706767,EA
J031344.01+585555.1,ztf_chen2020,0.034795,ZTFJ031344.00+585555.1,2.0271472,EW
J182058.94-020342.6,ztf_chen2020,0.024321,ZTFJ182058.94-020342.6,52.6376404,EW
J031317.92+522457.7,ztf_chen2020,0.120006,ZTFJ031317.92+522457.8,11.066239,EW
J184512.66+032534.4,ztf_chen2020,0.034186,ZTFJ184512.66+032534.4,0.9916146,EW
J193241.20+275517.5,ztf_chen2020,2.648525,ZTFJ193241.37+275518.9,0.336217,EW
J184211.26+164621.5,ztf_chen2020,0.048653,ZTFJ184211.26+164621.5,0.9930131,EW
J053009.55+332520.0,ztf_chen2020,0.230485,ZTFJ053009.55+332520.2,2.0066332,EW
J223026.80+551028.0,ztf_chen2020,0.565087,ZTFJ223026.83+551027.5,0.3087142,EW
J003503.75+662147.7,ztf_chen2020,0.455583,ZTFJ003503.76+662148.2,9.1245214,EW
J225855.57+391855.7,ztf_chen2020,0.136513,ZTFJ225855.57+391855.9,212.0917236,EW
J205120.98+442619.5,ztf_chen2020,0.037085,ZTFJ205120.98+442619.6,7.6810642,EW
J212617.91+404550.1,ztf_chen2020,0.069175,ZTFJ212617.90+404550.1,178.3053586,EW
J210512.52+482141.6,ztf_chen2020,0.064949,ZTFJ210512.53+482141.6,70.175516,EW
J201618.61+461638.9,ztf_chen2020,0.170357,ZTFJ201618.61+461638.7,0.4019722,EW
J185422.97+001909.0,ztf_chen2020,2.94351,ZTFJ185422.92+001911.9,0.3288524,EW
J212931.71+425656.2,ztf_chen2020,0.160482,ZTFJ212931.71+425656.3,124.5524474,EW
J194950.20+292757.8,ztf_chen2020,0.023814,ZTFJ194950.21+292757.8,109.035223,EW
J203256.95+471626.8,ztf_chen2020,0.08397,ZTFJ203256.94+471626.9,100.273082,EW
J234306.55+630048.9,ztf_chen2020,0.015274,ZTFJ234306.55+630048.9,1.7216698,EW
J195229.56+382320.2,ztf_chen2020,0.656601,ZTFJ195229.54+382320.8,0.7730236,EW
J183017.39+021317.2,ztf_chen2020,0.222859,ZTFJ183017.39+021317.4,123.8069688,EW
J040105.01+503116.8,ztf_chen2020,0.08437,ZTFJ040105.02+503116.8,63.2865486,EW
J185850.26+084512.0,ztf_chen2020,0.151173,ZTFJ185850.27+084512.1,1.98554,EW
J192711.31+213546.9,ztf_chen2020,0.090868,ZTFJ192711.31+213546.8,252.0156804,EW
J045903.04+300300.1,ztf_chen2020,0.242641,ZTFJ045903.05+300259.9,12.2633122,EW
J224948.47+614846.9,ztf_chen2020,0.241878,ZTFJ224948.48+614847.1,8.7841554,EW
J201033.47+342310.0,vsx,0.068202,ZTF J201033.47+342310.0,50.0602908,EB:
J120743.97-615509.8,vsx,0.04109,Gaia DR3 6057673070297003008,102.4,E
J060533.48+221628.8,vsx,1.20558,NSV 2821,,E:
J061434.48+182828.3,vsx,0.018859,V2789 Ori,13.6435,EB
J205143.54+451544.7,vsx,0.044609,Gaia DR3 2163249991908340864,0.259142,E
J224805.82+594954.3,vsx,0.008594,Gaia DR3 2008528334859934592,7.5673,E
J080006.97-284829.6,vsx,0.597251,Gaia DR3 5597766189838132736,28.709,E
J163027.47-472834.2,vsx,1.292354,Gaia DR3 5941979128260192256,28.459,E
J175059.60-254042.5,vsx,2.150058,Gaia DR3 4067015381398363648,1.54474,E
J125047.71-621207.9,vsx,2.051938,Gaia DR3 6055258542767476736,0.68144,E
J033359.90+564753.9,vsx,0.211089,Gaia DR3 448596934500298880,3.70933,E
J202048.83+374548.7,vsx,0.046159,Gaia DR3 2060989985991209472,0.240662,E
J212921.39+520414.0,vsx,0.043147,Gaia DR3 2172480465046655104,2.63524,E
J001520.86+631705.6,vsx,0.769133,ZTF J001520.96+631705.3,0.9854852,EW
J002142.71+632242.8,vsx,0.044464,Gaia DR3 431027838208432512,15.265,E
J060937.66+205743.4,vsx,0.074383,Gaia DR3 3375235783690685568,8.5069,E
J162845.54-474008.1,vsx,2.262715,Gaia DR3 5941964521035162112,3.46499,E
J130945.88-620503.5,vsx,0.095757,Gaia DR3 5863297285887221760,153.1,E
J113228.04-603959.9,vsx,0.515631,OGLE-GD-ECL-07638,1.296134,EC
J175411.45-241800.7,vsx,0.84016,Gaia DR3 4067756074274235392,0.394766,E
J190846.30+100140.0,vsx,1.855846,Gaia DR3 4312236809743973632,1.53149,E
J175043.69-253524.1,vsx,1.964275,OGLE-BLG-ECL-131852,1.256563,E
J210925.70+490005.7,vsx,0.281892,Gaia DR3 2165576081790325888,10.064,E
J185724.79+043830.6,vsx,2.213797,Gaia DR3 4281591565250403456,0.261314,E
J180458.89-194639.0,vsx,0.099297,Gaia DR3 4095024787298349312,1.19124,E
J210512.52+482141.6,vsx,0.08864,ZTF J210512.53+482141.6,70.175516,EB:
J190949.26+104655.3,vsx,0.889132,ZTF J190949.31+104654.7,0.7796284,EW
J132329.40-614449.8,vsx,0.559617,Gaia DR3 5868538481696475904,0.95298,E
J023933.15+610457.9,vsx,0.026636,Gaia DR3 465637230128502784,0.243349,E
J112529.80-601117.6,vsx,0.042536,Gaia DR3 5336022121145223808,19.939,E
J191907.36+151837.6,vsx,0.043396,ZTF J191907.35+151837.6,95.6863458,EB
J031344.01+585555.1,vsx,0.034795,ZTF J031344.00+585555.1,2.0271472,EB:
J211947.48+510201.1,vsx,2.451899,Gaia DR3 2171992728570553856,0.94513,E
J074450.39-221808.1,vsx,0.092956,Gaia DR3 5711987340376628096,6.7471,E
J190307.27+075011.3,vsx,0.065718,ZTF J190307.27+075011.3,1.9265628,EB
J085125.73-415632.3,vsx,0.029667,Gaia DR3 5524542731207705088,10.1516,E
J130415.15-611856.7,vsx,0.211552,V0878 Cen,10.6033,EA
J182638.15-083834.0,vsx,0.106738,KELT KS13C017379,12.04464,EA
J203553.17+431315.0,vsx,0.037942,Gaia DR3 2069723819159596416,4.07648,E
J174230.26-270556.1,vsx,2.479357,Gaia DR3 4060986106387610880,0.50174,E
J112827.96-593904.5,vsx,2.677341,Gaia DR3 5336145163357960064,1.42882,E
J073208.30-154429.7,vsx,0.019808,Gaia DR3 3028329767670301568,6.8945,E
J174013.96-275020.5,vsx,1.929966,OGLE-BLG-ECL-060321,0.345486,E
J085139.47-414840.5,vsx,0.382806,Gaia DR3 5524567955556719744,18.701,E
J194950.20+292757.8,vsx,0.009776,ZTF J194950.21+292757.8,109.035223,EB
J190433.37+100221.4,vsx,2.580849,ZTF J190433.26+100219.3,0.315621,EW
J120726.23-604131.7,vsx,0.046084,Gaia DR3 6058601062438520704,4.76156,E
J194615.93+281619.0,vsx,0.093513,QY Vul,,E/WR
J194841.87+292408.2,vsx,0.135443,V1507 Cyg,27.9705,E
J180926.91-154036.3,vsx,0.237924,ASAS J180927-1540.6,65.52,SR|ESD
J175031.68-232626.8,vsx,2.577015,OGLE-BLG-ECL-130121,0.424681,E
J220912.52+582025.0,vsx,0.036188,ZTF J220912.53+582025.0,1.4812602,EB:
J190513.09+105239.7,vsx,0.167112,ZTF J190513.09+105239.6,65.036954,EB:
J174350.87-255108.0,vsx,2.646597,Gaia DR3 4067128150107606912,3.4124,E
J114404.19-604723.8,vsx,1.863781,Gaia DR3 5335056200165599744,19.239,E
J194251.30+253146.7,vsx,0.16778,ZTF J194251.29+253146.5,1.0266701,EA
J131641.86-614130.1,vsx,0.157895,Gaia DR3 5869323228079627136,4.34701,E
J174347.53-273616.2,vsx,2.17479,OGLE-BLG-ECL-080408,0.325113,E
J011811.27+634703.8,vsx,0.298165,Gaia DR3 524689358259944704,0.25014,E
J181936.59-124610.2,vsx,0.232795,Gaia DR3 4152738942907841920,6.1661,E
J093623.07-503850.9,vsx,1.162317,Gaia DR3 5313019341404026624,0.83867,E
J020445.67+624821.4,vsx,0.259556,Gaia DR3 508818114072751232,1.20339,E
J090808.68-455820.2,vsx,2.220125,Gaia DR3 5330611424357482240,0.52536,E
J222127.32+582906.9,vsx,0.200077,WISE J222127.3+582906,1.2668932,EB:
J202348.86+392910.0,vsx,0.080959,Gaia DR3 2067246344586077440,31.05,E
J201701.99+373634.0,vsx,0.028404,Gaia DR3 2060667691656973056,1.27427,E
J190805.55+104326.2,vsx,2.938565,ZTF J190805.73+104324.6,0.9536515,EW
J190545.04+093744.8,vsx,2.213743,ZTF J190545.16+093745.4,0.504318,EW
J174304.18-272746.3,vsx,2.329272,Gaia DR3 4060692090060912512,1.73984,E
J225051.52+604854.8,vsx,0.049539,MGAB-V282,28.833,EA
J173303.27-303426.8,vsx,2.873929,OGLE-BLG-ECL-029020,0.626438,E
J191541.31+144449.7,vsx,2.521236,Gaia DR3 4320344200532224640,0.482451,E
J190522.94+094534.1,vsx,0.042753,Gaia19bua,,EA:+ZAND:
J130204.59-612815.9,vsx,0.018213,Gaia DR3 5863536292219380736,7.3631,E
J193535.54+232033.6,vsx,2.909759,Gaia DR3 2020990405799868032,0.380067,E
J220933.43+574430.5,vsx,0.338591,CX Cep,2.126912,EB/WR
J204336.46+445505.3,vsx,0.261945,ASASSN-V J204336.48+445505.2,4.4314,EA/WR
J085103.07-410222.7,vsx,0.076344,ASAS J085103-4102.4,2.959,EC
J032856.15+585556.4,vsx,0.130647,ZTF J032856.14+585556.6,0.3748098,EW
J182956.71-055453.5,vsx,0.133591,ZTF J182956.71-055453.6,1.9904556,EB
J073153.48-143308.7,vsx,0.070913,ASAS J073154-1433.1,74.1,EA
J041942.74+531017.6,vsx,1.464561,ASASSN-V J041942.60+531017.0,7.3821,EB
J121948.95-603018.3,vsx,0.035965,GDS_J1219489-603018,1.68445,EA+BE
J192324.20+194123.2,vsx,2.52881,Gaia DR3 4515862759727958016,0.59104,E
J152208.20-543137.7,vsx,0.05162,ASAS J152208-5431.7,82.972543,ED
J210145.41+494801.3,vsx,0.053542,ZTF J210145.42+494801.3,22.9448022,EB:
J111928.42-583020.8,vsx,0.113919,ASAS J111928-5830.4,28.67,EC|DCEP-FU|ESD
J192711.31+213546.9,vsx,0.090868,ZTF J192711.31+213546.8,252.0156804,EB:
J224948.47+614846.9,vsx,0.248866,ZTF J224948.48+614847.1,8.7841554,EB:
J131329.85-602953.4,vsx,0.354417,Gaia DR3 5869687956726173568,315.6,E
J131329.85-602953.4,vsx,1.747798,Gaia DR3 5869687956731958016,7.387,E
J060715.75+250938.2,vsx,0.111299,Gaia DR3 3426575005251210112,8.473,E
J132813.65-601449.4,vsx,2.72153,Gaia DR3 5869523648482081664,0.384664,E
J211404.37+520345.2,vsx,0.103723,WISE J211404.3+520345,1.7566468,EA
J131335.67-602451.8,vsx,2.358769,Gaia DR3 5869689193650568960,1.07224,E
J185850.26+084512.0,vsx,0.185333,ZTF J185850.27+084512.1,1.98554,EB
J113754.69-590632.1,vsx,2.606802,Gaia DR3 5336416811406311808,0.484889,E
J125338.98-602343.6,vsx,0.465357,CS Cru,,E:
J025017.96+620634.2,vsx,0.17676,Gaia DR3 467253443505004544,14.1398,E
J172925.50-300239.6,vsx,2.426016,OGLE-BLG-ECL-020628,1.112568,E
J111010.86-575233.4,vsx,0.282782,Gaia DR3 5340293517628210688,3.51887,E
J210423.04+503307.0,vsx,0.07026,Gaia DR3 2169141351311658112,3.41949,E
J002745.51+651622.7,vsx,0.11462,ZTF J002745.51+651622.9,184.3853431,EA
J201834.12+402504.4,vsx,0.058452,Gaia DR3 2062293834983003904,2.28229,E
J003000.90+652553.2,vsx,0.084425,Gaia DR3 527360312518603776,18.836,E
J214627.54+565138.0,vsx,0.274763,Gaia DR3 2175201374067293440,3.47946,E
J200225.52+354011.3,vsx,0.173882,V2894 Cyg,2.5819,EA:
J025053.50+622203.7,vsx,0.078361,V0794 Cas,5.3925,EA
J204142.75+463029.3,vsx,0.151901,ASASSN-V J204142.76+463029.4,2.3934,EA
J181117.97-130837.3,vsx,0.953332,Gaia DR3 4147676207250335232,1.47101,E
J121419.37-594834.1,vsx,2.572466,Gaia DR3 6058931019001364864,0.354365,E
J223802.45+613815.8,vsx,0.590874,Gaia DR3 2201865561837540864,1.02514,E
J011749.71+653008.9,vsx,0.087553,Gaia DR3 524944754197496832,0.383778,E
J061852.96+211902.2,vsx,0.035336,NSV 2905,205.15,EA+BE
J200341.59+362532.0,vsx,0.136468,V1362 Cyg,7.0,E:
J104043.45-552625.1,vsx,0.270293,ASASSN-V J104043.48-552625.1,10.763,EB
J184909.72+050955.6,vsx,0.073192,ZTF J184909.72+050955.6,61.9910576,EB:
J215044.62+574107.0,vsx,0.173331,ZTF J215044.64+574107.0,0.3918198,EW
J185713.73+090941.4,vsx,0.084904,ZTF J185713.73+090941.5,55.785109,EB:
J191614.84+181025.2,vsx,2.710886,Gaia DR3 4515197589557359872,0.382936,E
J230259.54+631641.3,vsx,0.104846,ZTF J230259.55+631641.3,2.1679622,EB:
J092427.58-461754.5,vsx,0.084933,Gaia DR3 5422763929120045184,2.26785,E
J184512.66+032534.4,vsx,0.034186,ZTF J184512.66+032534.4,0.9916146,EW
J203519.25+452714.8,vsx,0.100997,ZTF J203519.24+452714.9,51.3668332,EB:
J190441.01+125627.0,vsx,0.117715,Gaia DR3 4314187485137693696,32.72,E
J144601.69-562022.1,vsx,2.578006,Gaia DR3 5893029626523171456,0.74138,E
J230402.19+632348.7,vsx,0.210401,CW Cep,2.72914,EA/DM
J203732.75+461923.2,vsx,0.083392,ZTF J203732.74+461923.2,0.177572,HADS:|EW
J092331.61-454205.1,vsx,0.064685,Gaia DR3 5422843166980485632,9.3409,E
J171206.72-333228.9,vsx,0.063991,ASASSN-V J171206.73-333229.0,2.1787,EA
J174514.31-222921.4,vsx,2.566812,Gaia DR3 4117011377711705856,26.101,E
J170915.28-341249.4,vsx,1.576977,Gaia DR3 5978153473121031040,0.90524,E
J194052.69+294848.3,vsx,2.078633,Gaia DR3 2031682503614185984,0.381128,E
J173720.38-250602.5,vsx,2.65134,OGLE-BLG-ECL-046429,0.885889,E
J230446.67+640525.2,vsx,0.139891,V0710 Cep,35.928,EB
J180552.58-132731.7,vsx,0.028509,ASASSN-V J180552.58-132731.7,13.988,EA
J221632.31+611346.8,vsx,0.096121,Gaia DR3 2204562015324510336,34.12,E
J020731.77+652855.6,vsx,0.067861,V0558 Cas,3.16034,EB
J191910.41+210557.2,vsx,0.164425,ZTF J191910.41+210557.3,5.0867798,EB:
J214937.75+583643.7,vsx,0.107554,Gaia DR3 2202391094030960256,11.078,E
J221508.94+610241.0,vsx,0.133588,ZTF J221508.94+610241.2,15.0995774,EB:
J060317.89+300351.2,vsx,0.1067,Gaia DR3 3437714436723632768,53.27,E
J203147.88+461150.3,vsx,0.114391,Gaia DR3 2071395484855901056,3.00787,E
J141909.42-565518.1,vsx,0.154488,V1000 Cen,16.6336,EA
J235953.92+660910.2,vsx,0.247266,WISE J235953.9+660910,0.3274972,EW
J184059.94+031626.3,vsx,2.627507,ZTF J184100.03+031624.0,0.4912768,EW
J173944.00-231450.4,vsx,1.998181,OGLE-BLG-ECL-057824,1.050697,E
J155252.14-483315.3,vsx,0.028159,Gaia DR3 5983009088275833984,15.085,E
J193241.20+275517.5,vsx,2.648525,ZTF J193241.37+275518.9,0.336217,EW
J114356.05-574245.9,vsx,0.049855,Gaia DR3 5341822251103049856,13.7562,E
J190550.09+155047.4,vsx,0.096506,ZTF J190550.09+155047.4,139.1841862,EB
J060442.50+300803.0,vsx,0.042661,Gaia DR3 3437717838340328320,7.935,E
J194336.78+322520.6,vsx,0.640061,V2871 Cyg,0.3529,EW
J203256.95+471626.8,vsx,0.102525,ZTF J203256.94+471626.9,100.273082,EB:
J060629.19+295951.1,vsx,0.148954,Gaia DR3 3437604726079901056,2.56589,E
J180901.03-102737.9,vsx,0.018404,ZTF J180901.03-102737.9,1.98589,EB
J131043.04-581638.6,vsx,0.092982,CT Cen,16.39403,EA/DS
J173849.48-224710.5,vsx,1.740774,Gaia DR3 4116754431408929024,0.56965,E
J184546.38+071311.9,vsx,0.331351,RZ Oph,261.9277,EA/GS
J213004.47+573220.6,vsx,0.113696,GPX-TF15C-3605,4.3316,EA
J074831.09-162029.9,vsx,0.168131,ASAS J074831-1620.5,33.53,EC|DCEP-FU|ESD
J174115.83-212645.5,vsx,2.494373,Gaia DR3 4117364183545481984,1.03193,E
J190346.83+162616.8,vsx,0.140687,V1413 Aql,434.33,ZAND+EA
J225036.88+645801.7,vsx,0.081146,Gaia DR3 2211491171955061248,1.57547,E
J060839.74+295923.3,vsx,0.216455,ZTF J060839.73+295923.5,49.028015,EB:
J233034.93+663345.5,vsx,0.086996,V0944 Cep,6.56007,EA
J201032.79+424710.1,vsx,0.380231,ZTF J201032.76+424709.9,0.706767,EA
J200647.51+415245.7,vsx,0.141587,Gaia DR3 2074811362558907136,12.658,E
J185735.77+153021.8,vsx,0.063173,ZTF J185735.77+153021.7,0.6651783,EB
J195229.56+382320.2,vsx,0.667497,ZTF J195229.54+382320.8,0.7730236,EW
J120618.67-563110.2,vsx,2.042047,Gaia DR3 6075419054825340288,0.257945,E
J172259.93-255956.9,vsx,2.446858,Gaia DR3 4109897778032909952,0.345488,E
J125119.04-571955.7,vsx,0.060097,ASASSN-V J125119.05-571955.7,1.3947,EA
J174731.44-172852.7,vsx,2.474022,Gaia DR3 4120750748074643328,0.440812,E
J182058.94-020342.6,vsx,0.096112,ZTF J182058.94-020342.6,52.6376404,EB:
J070518.97+061219.4,vsx,0.061499,ASASSN-24fw,16000.0,EA
J182448.72+000300.3,vsx,0.124263,LS Ser,0.9803404,EB:
J131056.31-564729.4,vsx,0.1114,CU Cen,,E:
J223650.48+652107.2,vsx,0.058189,ZTF J223650.48+652107.3,67.8523114,EB:
J071357.20+021834.6,vsx,0.178383,Gaia DR3 3115031653991733504,0.200859,E
J202226.35+474717.0,vsx,2.606162,Gaia DR3 2083458265586622848,0.258568,E
J201618.61+461638.9,vsx,0.170357,ZTF J201618.61+461638.7,0.4019722,EW
J223023.95+651024.5,vsx,0.059551,ZTF J223023.95+651024.4,2.2481958,EA
J071515.12+021000.7,vsx,0.136197,ASAS J071515+0210.0,194.0,EC|SR
J133544.99-560258.7,vsx,1.638044,Gaia DR3 6064452491513911680,0.247985,E
J160545.98-433723.8,vsx,0.441949,ASAS J160546-4337.4,153.6,SR|EA
J215348.09+623651.9,vsx,0.028104,EM Cep,0.806187,EW/KE
J140308.39-545855.3,vsx,2.716816,Gaia DR3 5896621765327492608,0.335211,E
J201635.52+470123.2,vsx,0.305004,ZTF J201635.52+470123.5,0.3634424,EW
J195912.40+423311.8,vsx,0.015562,ZTF J195912.40+423311.8,128.5480914,EB:
J130134.81-560530.8,vsx,0.090551,V0495 Cen,33.49,DPV/EA
J110224.54-603006.3,vsx,0.326918,GDS_J1102245-603006,,EA:
J053009.55+332520.0,vsx,0.230485,ZTF J053009.55+332520.2,2.0066332,EB:
J124038.46-631351.7,vsx,2.950257,Gaia DR3 6055095888067184640,2.55539,E
J210640.25+464831.9,vsx,0.072357,Gaia DR3 2165109579628683520,3.80049,E
J073821.46-221416.4,vsx,0.113046,V0670 Pup,4.4501,EA+BE
J052705.83+343311.8,vsx,0.056855,Gaia DR3 182828618832166144,5.3465,E
J105802.39-600523.6,vsx,0.048721,Gaia DR3 5338137439714783488,14.5392,E
J082646.01-384212.4,vsx,0.0801,Gaia DR3 5529668894935401472,45.22,E
J113008.91-613617.8,vsx,2.521149,Gaia DR3 5334387319132539776,2.16292,E
J191525.76+110128.4,vsx,1.322598,Gaia DR3 4309787170859941632,0.419998,E
J124350.99-630514.7,vsx,0.01744,CD Cru,6.24,E:/WR
J220922.74+554524.2,vsx,0.085796,EE Cep,2049.53,E-DO
J064609.51+021051.6,vsx,0.048216,Gaia DR3 3126414515618681344,4.62708,E
J091559.79-491225.1,vsx,0.020942,WISE J091559.7-491225,1.587342,EA
J160518.25-522813.4,vsx,2.734078,Gaia DR3 5981353876556197248,0.315514,E
J064549.97+022957.3,vsx,0.079612,V0505 Mon,53.7805,EB/GS/D
J224119.74+583659.2,vsx,0.140093,ZTF J224119.73+583659.3,2.7963304,EA
J223949.47+583254.4,vsx,0.122485,V0900 Cep,3.09209,EA
J002121.04+623736.9,vsx,0.060294,ZTF J002121.04+623736.8,13.6800772,EB:
J200336.35+310625.0,vsx,0.108893,Gaia DR3 2030693561586426752,1.16754,E
J153100.77-580518.9,vsx,2.142014,Gaia DR3 5882221255402050432,0.86404,E
J084845.54-460509.4,vsx,0.090712,V0472 Vel,16.097,EB
J002247.65+611141.0,vsx,0.220436,Mis V1373,,E:
J202129.12+341207.2,vsx,0.069228,ZTF J202129.12+341207.3,101.5161,EB:
J094355.32-550303.7,vsx,0.137875,ASAS J094355-5503.1,32.998,EA
J031848.05+554011.8,vsx,0.048264,V0894 Per,69.91,EB
J132447.61-635741.8,vsx,2.51507,Gaia DR3 5864915767100758656,0.423741,E
J223653.95+565420.9,vsx,0.054104,CQ Cep,1.641242,EB/DM/WR
J191816.73+100812.8,vsx,2.845615,Gaia DR3 4309461852856043520,0.403162,E
J164651.71-470541.5,vsx,0.080735,Gaia DR3 5939656616086945792,0.82693,E
J182643.92-142316.3,vsx,0.630837,Gaia DR3 4104249857339940736,2.01631,E
J001757.92+612606.8,vsx,0.093301,ZTF J001757.93+612606.8,2.1707738,EA
J230801.01+590458.4,vsx,0.092881,WISE J230801.0+590458,3.1910306,EA
J003939.39+614202.9,vsx,0.046886,CzeV4221,19.05861,EA
J223048.25+563617.7,vsx,0.012702,WISE J223048.2+563617,6.8659624,EA
J120537.03-633251.5,vsx,1.847027,Gaia DR3 6054298570338883456,1.01244,E
J232827.54+600636.6,vsx,0.201544,WISE J232827.5+600636,0.3248304,EW
J211416.76+470655.4,vsx,0.035035,Gaia DR3 2164438843172444160,9.1579,E
J031229.54+563800.0,vsx,0.042739,ZTF J031229.54+563759.9,0.1882457,HADS:|EW
J061602.04+142902.1,vsx,0.094266,Gaia DR3 3344816282680222976,10.6838,E
J105306.16-603756.5,vsx,2.140395,Gaia DR3 5338204411141269632,0.334344,E
J145605.68-601413.4,vsx,0.505535,Gaia DR3 5878010602569452416,1.51456,E
J173733.67-333637.0,vsx,2.329554,OGLE-BLG-ECL-047414,2.609676,E
J185000.25-024159.4,vsx,0.13568,Gaia DR3 4258843120651366912,0.22357,E
J190622.17+051540.6,vsx,0.072662,Gaia DR3 4305515739990838144,0.260072,E
J102631.39-583826.1,vsx,0.111147,V0398 Car,8.255,E/WR
J121712.47-633112.0,vsx,2.369552,Gaia DR3 6054148006002709248,1.19689,E
J195218.88+252404.4,vsx,0.152115,ZTF J195218.87+252404.5,7.4257768,EA
J052145.58+350631.8,vsx,0.064594,Gaia DR3 183587896031732736,3.82623,E
J154321.63-560557.6,vsx,2.015941,Gaia DR3 5884262842303497856,0.379391,E
J105205.79-602438.2,vsx,0.02966,Gaia DR3 5338255332322386304,10.7693,E
J070720.68-093459.6,vsx,0.052241,V0930 Mon,2.3551,EB
J161630.47-515205.2,vsx,1.429237,Gaia DR3 5934706266824792320,1.55848,E
J181404.71-191227.3,vsx,2.591224,Gaia DR3 4094730393066954368,0.271235,E
J175944.96-250812.9,vsx,2.136597,OGLE-BLG-ECL-235213,0.336962,E
J175632.21-262043.9,vsx,0.063122,Gaia DR3 4064236468834673408,3.56698,E
J181242.94-194407.4,vsx,0.426899,Gaia DR3 4094687099795437568,0.60207,E
J084748.55-444117.6,vsx,0.07256,Gaia DR3 5523673021809208704,9.726,E
J112754.19-615955.3,vsx,0.093824,NSV 5212,,EA:
J131820.70-632427.8,vsx,0.665163,NSV 19699,1.9630959,EA
J231917.62+600929.1,vsx,0.735248,Gaia DR3 2013829389656036352,2.08116,E
J030453.76+574207.5,vsx,0.052877,Gaia DR3 460327452260671232,5.3166,E
J105145.23-600547.0,vsx,0.174946,Gaia DR3 5338291994165790592,3.27846,E
J081222.38-350223.3,vsx,0.05748,Gaia DR3 5544774333580648448,30.29,E
J034930.30+533517.3,vsx,0.062224,Gaia DR3 444258467775953152,17.458,E
J025534.43+583049.2,vsx,0.11872,Gaia DR3 461357866456816256,1.69094,E
J185422.97+001909.0,vsx,2.94351,ZTF J185422.92+001911.9,0.3288524,EW
J104858.38-612758.3,vsx,1.800684,OGLE-GD-ECL-03216,0.30593993,EC
J183234.88-132527.7,vsx,2.721375,Gaia DR3 4104788106957964544,7.1255,E
J084447.28-455855.3,vsx,0.039336,V0378 Vel,23.9257,EA/WR
J235117.42+600156.6,vsx,0.100174,Gaia DR3 2011584049469395328,1.28278,E
J184309.02-081600.8,vsx,2.875363,Gaia DR3 4251745876219084160,0.74627,E
J180106.31-265558.6,vsx,0.202386,G003.46-01.92,821.30127,ZAND+EA
J205050.82+410947.2,vsx,0.064805,V2559 Cyg,39.6,EB
J131230.99-644057.6,vsx,0.34487,OGLE-GD-ECL-08640,32.831599,EA
J174106.39-340706.2,vsx,2.007504,OGLE-BLG-ECL-064722,0.998976,EC
J233306.45+592955.7,vsx,2.476991,Gaia DR3 2011274365141444096,0.243751,E
J175701.29-282156.8,vsx,0.112703,OGLE-BLG-ECL-203848,955.21,E+SR
J210421.07+440833.9,vsx,0.124285,ZTF J210421.08+440833.9,32.2574991,EA
J092405.70-525157.7,vsx,0.025458,Gaia DR3 5312358019526915584,2.19514,E
J173224.94-364153.9,vsx,0.273061,ASAS J173225-3641.9,2.95901,EA
J175545.15-284117.7,vsx,2.499164,OGLE-BLG-ECL-188660,0.925955,EC
J221843.61+544715.0,vsx,0.044335,WISE J221843.6+544715,1.6692686,EA
J085722.48-481433.3,vsx,0.04523,Gaia DR3 5328516030073812224,3.50921,E
J173744.35-345545.6,vsx,0.271576,Gaia DR3 4053298389762331008,10.7327,E
J170338.30-441927.8,vsx,2.302921,Gaia DR3 5963830856716612992,0.354357,E
J195533.41+250034.1,vsx,0.106057,Gaia DR3 1834493202017977984,3.06837,E
J210958.64+453009.2,vsx,0.160157,V2148 Cyg,10.237,EA
J175243.17-293342.8,vsx,2.666764,OGLE-BLG-ECL-152582,10.248719,E
J201409.95+313816.4,vsx,0.078773,ASASSN-V J201409.95+313816.5,1.5187,EA
J180020.47-263719.9,vsx,2.371655,OGLE-BLG-ECL-241889,1.763871,E
J085640.46-475229.3,vsx,0.031828,Gaia DR3 5328575334983694848,1.28705,E
J100810.40-575030.1,vsx,0.077959,Gaia DR3 5258444566361556992,54.31,E
J151509.84-592847.7,vsx,0.076243,ASAS J151510-5928.8,8.7061,EA
J183749.43-130742.9,vsx,0.394888,ZTF J183749.41-130742.6,0.3703266,EW
J160415.99-562627.3,vsx,0.015758,ASAS J160416-5626.4,2.207758,ED
J113259.16-643500.4,vsx,0.165205,Gaia DR3 5237381904993858944,3.22236,E
J083838.64-461406.6,vsx,0.187095,ASASSN-V J083838.64-461406.7,2.0499,EB
J175035.63-325405.6,vsx,2.656451,OGLE-BLG-ECL-130735,0.988757,E
J152513.56-601614.2,vsx,2.23678,Gaia DR3 5875854361552008832,0.61545,E
J082920.68-435031.8,vsx,0.076011,ASAS J082921-4350.6,0.65739,EC|RRC
J163515.09-514227.6,vsx,0.091497,Hen 3-1213,514.0,ZAND+EA
J125208.71-654053.4,vsx,0.062214,Gaia DR3 5861484874082357888,26.75,E
J054559.08+232923.9,vsx,0.034354,Gaia DR3 3427630025312776704,8.2725,E
J175936.50-290801.4,vsx,2.663885,Gaia DR3 4062358090748921600,0.425838,E
J124640.44-653524.0,vsx,0.127522,Gaia DR3 5861533188251545088,4.58305,E
J225826.31+565118.1,vsx,0.109088,Gaia DR3 2009833523884538112,36.61,E
J074906.00-310742.6,vsx,0.024014,PW Pup,158.0,EB/GS
J180627.03-261244.1,vsx,2.972723,OGLE-BLG-ECL-308148,2.816521,E
J105106.00-621701.6,vsx,0.042889,V0541 Car,18.845,EA/WR
J100530.57-585032.2,vsx,0.337655,Gaia DR3 5258294001994069632,0.80685,E
J095911.11-580903.5,vsx,0.147756,Gaia DR3 5259136532825192832,12.8182,E
J174639.01-332612.9,vsx,2.981047,OGLE-BLG-ECL-101043,4.334355,E
J175527.00-301351.1,vsx,2.996499,OGLE-BLG-ECL-185113,0.485453,EC
J173934.81-354246.9,vsx,0.142695,OGLE-BLG-ECL-057022,601.778858,E
J175239.50-311131.9,vsx,2.758867,OGLE-BLG-ECL-151873,0.371237,EC
J175757.97-291239.2,vsx,0.114131,OGLE-BLG-ECL-214658,1146.236904,E+SR
J002317.87+601408.2,vsx,0.040424,CzeV4193,67.06875,EA
J174729.79-325431.4,vsx,2.473072,Gaia DR3 4053985751997441536,0.489991,E
J180456.56-262142.0,vsx,1.572284,OGLE-BLG-ECL-292212,2.152481,E
J190116.28-002207.9,vsx,0.141799,ZTF J190116.27-002207.9,74.1386268,EB
J223026.80+551028.0,vsx,0.557732,ZTF J223026.83+551027.5,0.3087142,EW
J231908.57+582521.6,vsx,0.092874,ASASSN-V J231908.57+582521.6,20.482,EA
J104142.92-612155.7,vsx,0.189558,OGLE-GD-ECL-01200,0.29854308,EC
J122947.09-650358.2,vsx,2.442046,Gaia DR3 5861197871528728064,0.79084,E
J100046.46-580000.2,vsx,0.065929,WISE J100046.4-580000,2.0424128,EA
J212054.77+465236.7,vsx,0.204189,ZTF J212054.76+465236.9,6.7974226,EB:
J071958.97-180155.0,vsx,0.054905,Gaia DR3 2931523369480955904,2.1512,E
J234654.83+594823.5,vsx,0.103286,Gaia DR3 2011530237820285312,6.6006,E
J123424.45-645845.8,vsx,2.435042,Gaia DR3 5861091562483628032,0.437055,E
J103845.83-605949.8,vsx,2.506355,Gaia DR3 5254112284408106368,0.35189,E
J200341.08+270851.1,vsx,0.079738,Gaia DR3 1835214928323080320,1.64566,E
J173501.67-362918.3,vsx,2.20168,OGLE-BLG-ECL-036862,0.922855,E
J154232.04-574310.7,vsx,2.04617,Gaia DR3 5882385563701644416,0.92762,E
J223403.66+555035.6,vsx,0.04223,Gaia DR3 2006587834280977152,30.1,E
J084118.23-451652.0,vsx,0.044986,Gaia DR3 5522106797555959552,13.4384,E
J053822.21+235856.7,vsx,0.068196,ASAS J053822+2358.9,0.176957,BCEP|DSCT|EC|ESD|ED
J131116.87-663822.1,vsx,0.111188,IRAS 13079-6622,1030.0,ZAND+E
J175624.26-322832.7,vsx,2.540056,OGLE-BLG-ECL-196488,0.967,E
J194832.19+181203.6,vsx,0.080456,QT Sge,,E:/WR
J175514.06-324915.6,vsx,2.79304,OGLE-BLG-ECL-182406,0.351045,EC
J180040.78-304630.0,vsx,2.56734,Gaia DR3 4044145780119483776,0.455543,E
J150330.35-625131.8,vsx,0.313249,Gaia DR3 5874427023630134528,0.200726,E
J084935.85-494920.0,vsx,0.10308,Gaia DR3 5327931983242555136,8.9059,E
J175516.43-324349.7,vsx,2.799936,Gaia DR3 4043342449449832704,0.499368,E
J072724.21-244603.9,vsx,0.105106,Gaia16bal,,EA:
J194324.98+161923.7,vsx,0.138351,Gaia DR3 4318858863391850496,36.05,E
J221540.39+521555.9,vsx,0.047351,Gaia DR3 2001249121215647488,6.1542,E
J175529.65-322425.8,vsx,2.038436,Gaia DR3 4043541559801589888,0.77034,E
J075433.28-345249.7,vsx,0.169912,Gaia DR3 5593521795767712640,2.0146,E
J010507.84+591738.8,vsx,0.025187,Gaia DR3 426176548085984000,13.5291,E
J175152.43-332545.8,vsx,2.918313,Gaia DR3 4043388766443889408,6.3631,E
J184054.68-124114.4,vsx,2.545824,Gaia DR3 4106199772515487232,0.95708,E
J093826.24-570244.6,vsx,0.064557,Gaia DR3 5306155090320029568,29.249,E
J175249.99-330419.2,vsx,2.766319,OGLE-BLG-ECL-153989,0.666629,E
J164923.34-495723.8,vsx,2.884209,Gaia DR3 5937646571389637120,0.440497,E
J182416.79-200713.7,vsx,2.453673,Gaia DR3 4091428353559180032,8.2277,E
J220321.19+511549.9,vsx,0.074353,Gaia DR3 1980127296688675328,13.579,E
J033226.58+520357.1,vsx,0.067737,NSV 15712,1.447092,EA
J174731.29-343146.3,vsx,2.711277,OGLE-BLG-ECL-107423,2.24981,E
J180237.69-285813.1,vsx,2.858358,OGLE-BLG-ECL-267086,0.43407,E
J174949.38-333947.1,vsx,2.446095,Gaia DR3 4041881194274891776,0.214621,E
J130939.14-660620.3,vsx,0.330017,Gaia DR3 5858633741731138176,52.27,E
J202502.83+320536.3,vsx,0.038641,ZTF J202502.83+320536.3,147.2689184,EB:
J063209.81+022451.3,vsx,0.02635,Gaia DR3 3124006074056325760,10.7477,E
J181027.34-252339.0,vsx,2.843516,OGLE-BLG-ECL-344790,1.811929,E
J174210.08-393656.4,vsx,2.615683,Gaia DR3 5961151415614332416,0.300638,E
J180235.68-323231.0,vsx,2.419217,Gaia DR3 4042938653816793728,0.314451,E
J222457.26+513651.5,vsx,0.081603,MU Lac,,E
J071951.40-240400.6,vsx,0.155393,ASAS J071952-2404.0,1.011843,ED
J092527.12-572144.1,vsx,0.14744,V0377 Car,2.242643,EA/DM
J074550.39-341948.4,vsx,0.058135,V0443 Pup,,E/WR
J074233.18-330405.7,vsx,0.184093,Gaia DR3 5594949722077327744,59.3,E
J032319.22+512329.3,vsx,0.172,V0732 Per,4.50655,EA
J172330.04-442501.9,vsx,0.290623,Gaia DR3 5953236168829640320,1.10947,E
J031317.92+522457.7,vsx,0.120006,ZTF J031317.92+522457.8,11.066239,EB:
J175505.53-343338.5,vsx,2.508158,Gaia DR3 4040835081918629120,7.2378,E
J170456.24-482100.6,vsx,0.021302,ASAS J170456-4821.0,0.955043,DCEP-FO|EC
J195221.76+184018.6,vsx,0.12269,QZ Sge,,E:
J175733.86-330244.6,vsx,2.517024,Gaia DR3 4043275928925706112,7.4395,E
J175013.92-353836.0,vsx,2.929886,Gaia DR3 4040670185298088832,0.5547,E
J175344.01-342332.4,vsx,2.709008,Gaia DR3 4041602467931190272,0.425584,E
J181459.01-260337.2,vsx,0.085873,OGLE-BLG-ECL-380520,581.574555,E+SR
J174600.78-365212.6,vsx,2.536057,Gaia DR3 4040123423013731328,3.3993,E
J170009.41-490039.9,vsx,2.316307,Gaia DR3 5938463749077003008,0.423144,E
J020616.42+571825.6,vsx,0.69371,NSV 15438,6.33,E
J180256.19-303657.4,vsx,2.778016,OGLE-BLG-ECL-270250,1.516705,E
J183555.95-162121.5,vsx,0.059514,Gaia DR3 4102825336944868480,2.68224,E
J211904.03+434548.6,vsx,0.041662,V2618 Cyg,47.615,EA
J102247.90-620315.5,vsx,0.041782,WISE J102247.9-620315,2.2136127,EA
J133724.41-662835.2,vsx,0.042312,WISE J133724.4-662835,16.7823385,EA
J115421.55-661457.2,vsx,0.206642,Gaia DR3 5236252607819119360,0.57258,E
J114741.84-685910.2,vsx,0.066788,CX Mus,5.90322,EA/D
J172322.93-481359.8,vsx,2.431937,Gaia DR3 5950177396174120320,0.322394,E
J231201.40+532028.6,vsx,0.050271,PMAK V105,6.84952,EA
J071848.88-271140.0,vsx,0.060328,Gaia DR3 5615989628689465088,32.8,E
J182021.64-283837.4,vsx,2.577199,OGLE-BLG-ECL-413282,0.557551,E
J055047.52+142231.3,vsx,0.344131,ASAS J055047+1422.5,45.5,SR|ESD|ED
J174912.67-394415.5,vsx,2.934708,Gaia DR3 5958138375738748288,0.356409,E
J170623.10-510257.5,vsx,2.879594,Gaia DR3 5925992607132021888,0.93258,E
J175334.44-380500.7,vsx,0.087501,V0383 Sco,4875.9,E-DO/GS+SRC
J175127.53-384747.1,vsx,2.556709,Gaia DR3 4036666863436861696,0.367295,E
J173443.24-433214.5,vsx,2.271666,Gaia DR3 5958433525888597632,0.480037,E
J115059.53-680134.1,vsx,2.928701,Gaia DR3 5235653717562150528,0.292991,E
J192104.69+020212.4,vsx,0.101014,ZTF J192104.68+020212.3,55.1331866,EB:
J162217.77-574305.4,vsx,0.081863,NSV 7640,,E:
J042016.75+421851.7,vsx,0.103733,RW Per,13.198904,EA/D
J100129.13-620428.5,vsx,0.049807,Gaia DR3 5255874114348186112,2.59989,E
J205101.22+353454.0,vsx,1.01007,V1329 Cyg,958.0,NC+E
J230357.58+541153.7,vsx,0.020254,V0806 Cas,,E:
J170846.20-491344.4,vsx,0.080757,WISE J170846.1-491344,10.943502,EA
J201615.07+260116.5,vsx,0.0431,ZTF J201615.07+260116.6,0.6602708,EW
J160408.44-592455.5,vsx,2.788917,Gaia DR3 5834712869761033216,0.70565,E
J193316.86+084621.6,vsx,2.193826,Gaia DR3 4296134260138512768,2.21874,E
J052039.21+370144.7,vsx,0.180909,Gaia DR3 184082646202247680,12.9122,E
J101026.98-560453.3,vsx,0.161551,Gaia DR3 5259074513494067072,0.248424,E
J192825.22+173357.0,vsx,1.120227,ZTF J192825.16+173356.4,1.0236056,EB:
J222136.25+573617.0,vsx,0.322859,Gaia DR3 2200014362209054464,9.1841,E
J230725.05+604514.3,vsx,0.087249,Gaia DR3 2014806340091264256,9.9958,E
J232537.66+613847.9,vsx,0.037208,ASASSN-V J232537.67+613848.0,1.9222,EA
J234506.28+620909.6,vsx,0.080587,Gaia DR3 2012928236801826176,9.0439,E
J052626.13+353000.3,vsx,0.088295,ZTF J052626.13+353000.3,1.9116804,EA
J065454.71-012232.8,vsx,0.064174,AU Mon,11.11309,DPV/EA
J012908.53+624247.1,vsx,0.043891,Gaia DR3 512375957598407936,49.72,E
J234447.79+620336.1,vsx,0.202459,Gaia DR3 2012926548876614016,3.53741,E
J132301.79-622632.2,vsx,0.089197,V1176 Cen,31.029,EA
J232808.19+612929.4,vsx,0.069043,CzeV4186,51.907883,EA+PULS
J201719.79+355642.8,vsx,0.01091,WISE J201719.7+355642,0.6275691,EW|EA
J164356.05-450806.9,vsx,2.229863,Gaia DR3 5943280537678288000,0.61937,E
J063202.18+102609.4,vsx,0.057691,NSV 3011,16.6263683,EB
J235510.36+722736.9,vsx,0.028687,Gaia DR3 2227793527780746880,11.3133,E
J111617.36-495603.9,vsx,0.192101,SSS_J111617.2-495604,0.546784,EB|EW
J094752.64-402723.4,vsx,0.031119,ASAS J094753-4027.4,217.0,ESD
J212626.52+654622.6,vsx,0.067599,ZTF J212626.52+654622.7,60.6776494,EB:
J204531.80+622345.4,vsx,0.122251,V0415 Cep,10.59685,EA
J081024.33-104650.3,vsx,2.747495,Gaia DR3 5728389167636556160,0.5148,E
J175835.23+012512.8,vsx,0.862877,ASAS J175835+0125.2,23.91,SR|EC|ESD
J180155.40+042216.3,vsx,0.09013,V3288 Oph,704.0,EA+ZAND:
J082106.35-125651.6,vsx,0.091953,ASAS J082106-1256.9,71.9,MISC|DCEP-FO|EC
J130743.88-480019.5,vsx,0.082654,Hen 3-863,504.0,ZAND+EA
J141805.31-445301.5,vsx,2.939971,Gaia DR3 6096608911632051328,12.8566,E
J093629.74-291418.7,vsx,0.04399,ASAS J093630-2914.3,70.4,MISC|EC
J164353.78-185712.0,vsx,0.116382,EPIC 205189451,0.591532,E
J173202.87+024925.5,vsx,0.251354,V2373 Oph,1.08628,EB
J102636.36-343431.1,vsx,0.123497,ASAS J102636-3434.5,8.0835,EC|CW-FO|ACV|ESD
J160848.36-234121.1,vsx,0.265668,EPIC 204094503,16.683737,E
J161205.04-204340.7,vsx,0.261401,EPIC 204817605,18.581885,E
J155701.46-204618.8,vsx,0.314456,EPIC 204807722,4.364521,E
J135336.30-364911.6,vsx,1.659255,SSS_J135336.2-364911,0.26504,EW
J053643.61+825703.2,vsx,0.019706,Gaia DR3 558128942827121792,12.6513,E
J174109.45+281403.4,vsx,0.112163,ROTSE1 J174109.49+281402.2,508.6,EA:
J112457.49-310125.7,vsx,0.065596,Gaia DR3 3481728295204092288,16.863,E
J094608.30+035750.2,vsx,0.133427,ASAS J094608+0357.8,31.65,ED|ESD
J095436.27+452108.6,vsx,0.223881,Gaia DR3 820654592547388672,6.321,E
J095310.02+335352.5,vsx,0.410348,AS LMi,25245.0,E-DO/GS
J151811.34+313849.3,vsx,0.135242,U CrB,3.452213,EA/SD
J141148.17+114704.6,vsx,0.074947,Gaia DR3 1226267691913326592,6.4805,E
J201245.10+472341.4,vsx,0.033575,KU Cyg,38.4396,EA/GS
J024405.05+675230.0,vsx,0.08543,Gaia DR3 517546999440656512,6.028,E
J052539.72+483844.8,vsx,0.108551,Gaia DR3 212644380582894720,90.02,E
J170944.91-272932.2,vsx,2.816488,Gaia DR3 4108543111036909440,0.78896,E
J100928.65-465442.5,vsx,0.138239,Gaia DR3 5407677843621400960,23.28,E
J180215.74-072126.2,vsx,2.228425,Gaia DR3 4171209570021020288,0.94227,E
J045003.60+563126.9,vsx,0.054625,Gaia DR3 274653542151645696,4.9869,E
J171623.90-234337.7,vsx,0.148812,ASAS J171624-2343.7,75.969604,EC
J170509.44-273101.5,vsx,2.72819,Gaia DR3 4108762257432187648,0.5385,E
J173412.99-162743.6,vsx,2.740306,Gaia DR3 4124450364198392704,0.99547,E
J084837.62-293343.4,vsx,0.03675,ASAS J084838-2933.7,60.9,MISC|EC|ESD
J121748.62-534125.5,vsx,0.061368,Gaia DR3 6077078213569689984,2.26592,E
J182338.78+060907.9,vsx,0.066798,ZTF J182338.78+060907.8,112.0702262,EB
J152817.41-450805.8,vsx,0.071182,HV Lup,5.6521,EB+VAR
J093230.58-381858.4,vsx,0.081876,ASAS J093231-3819.0,10.125,ESD|CW-FU|CW-FO|ACV|EC
J041049.16+380445.7,vsx,0.10612,ZTF J041049.17+380445.7,5.0905229,EB:
J153051.32-680851.6,vsx,1.992797,Gaia DR3 5823324025255750656,0.92477,E
J035607.78+413302.0,vsx,0.048601,CSS_J035607.8+413301,1.7233334,EB
J151159.64-685757.2,vsx,0.178961,ASAS J151201-6857.9,516.0,SR|EC|ESD
J055103.61+082048.8,vsx,0.094624,Gaia DR3 3335137969015544960,7.6572,E
J051242.95+240737.3,vsx,0.016307,CSS_J051242.9+240737,1.3990494,EB
J181419.44-360126.6,vsx,0.171179,V1284 Sgr,79.94,EA:
J202014.68+210610.1,vsx,0.237507,V Sge,0.514195,CBSS/V+E
J042859.11+362311.0,vsx,0.036528,CSS_J042859.1+362311,0.937498,EW
J190024.97-132810.3,vsx,0.094435,ZTF J190024.96-132810.3,224.2324157,EB:
J070019.35-220708.5,vsx,0.135211,FU CMa,2.2186,EA
J192424.40-011501.1,vsx,2.728674,Gaia DR3 4214805790181918336,0.37334,E
J210532.21+352505.7,vsx,0.418705,V2326 Cyg,,EB:
J180757.20-362952.2,vsx,0.00532,V0618 Sgr,703.0,NC+NR+EA
J010054.10+550400.0,vsx,0.091797,ASASSN-V J010054.10+550400.1,,E-DO
J130821.73-702508.4,vsx,2.664315,Gaia DR3 5843914648233925504,0.233119,E
J181955.31-304817.3,vsx,2.099917,Gaia DR3 4046341917196126976,3.00437,E
J192840.51+013449.4,vsx,1.086328,[KRE2007] V46,1.966,E
J120835.25-700322.2,vsx,2.147333,Gaia DR3 5855913206308937216,0.379097,E
J203633.18+282140.9,vsx,2.631535,ZTF J203633.29+282138.7,0.559912,EA
J073937.23-363011.8,vsx,0.106576,V0608 Pup,0.953865,EA
J060417.81-100334.9,vsx,0.082532,Gaia DR3 3005127181799003648,43.22,E
J072114.64-463619.9,vsx,0.189834,V0653 Pup,0.388309,EW
J040818.25+322736.0,vsx,0.117772,HD 25999,2.334,E
J060413.65-071148.3,vsx,0.075957,ASASSN-V J060413.66-071148.3,0.665658,EW
J072301.97-444015.7,vsx,0.044982,Gaia DR3 5511490501691609216,4.68648,E
J063645.94-224538.0,vsx,0.011394,ASAS J063646-2245.6,519.0,MISC|ED
J061706.96-120322.7,vsx,0.044138,Gaia DR3 3000756726159384832,2.55735,E
J064400.85-254201.4,vsx,0.049754,Gaia DR3 2920462587441265536,20.491,E
J053135.16+095155.4,vsx,0.057269,Gaia DR3 3338172522325457408,9.9885,E
J083500.42-613938.3,vsx,0.046285,ASASSN-V J083500.43-613938.3,0.302261,EA
J075805.87-531414.5,vsx,0.178044,ASASSN-V J075805.89-531414.8,0.334056,EB
J190417.12-202210.8,vsx,2.74962,NSVS 16844544,0.66468,EW
J061037.63-053520.4,vsx,0.135167,ASAS J061038-0535.3,89.1,EC
J185003.56-262415.4,vsx,0.15465,V5569 Sgr,515.0,EA+ZAND+BE
J084702.18-614058.1,vsx,0.01889,ASAS J084702-6141.1,190.0,MISC|EC|ESD
J053236.51+122748.3,vsx,0.043521,WISE J053236.5+122748,10.8015615,EB
J061439.95-062917.4,vsx,0.063382,Gaia DR3 3007796967830937600,6.6149,E
J024542.12+480837.8,vsx,0.057592,RY Per,6.8635663,EA/SD
J164629.17-613304.8,vsx,0.87917,V0658 Ara,0.6276,EW:
J042130.86+353538.7,vsx,0.367582,CSS_J042130.8+353538,0.412268,EW
J052331.01-010423.6,vsx,0.084821,PDS 110,808.6,E+TTS
J084156.61-751857.6,vsx,0.055213,ASAS J084156-7519.0,340.0,MISC|EC
J054126.50-085839.4,vsx,0.068771,CSS_J054126.5-085840,1.55822,EB
J192430.18-275157.4,vsx,0.347744,NSV 24772,0.5214404,SXARI/E
J064519.68-421003.7,vsx,0.363574,ASAS J064520-4210.1,113.5,MISC|DCEP-FO|EC
J032515.17+341031.6,vsx,0.067373,1SWASP J032515.17+341031.6,1.011542,E
J073625.23-615225.8,vsx,0.089993,V0455 Car,5.132888,EA
J062839.24-322216.2,vsx,0.389332,IY CMa,0.55834,E:
J070213.46-491128.4,vsx,0.041366,Gaia DR3 5508341672187105280,37.82,E
J082800.01-710548.2,vsx,0.311906,ASASSN-V J082759.99-710548.5,0.308077,EB
J053300.77-003620.8,vsx,0.027792,NSVS 12298912,5.73072,EW
J034640.87+321724.6,vsx,0.066029,NSV 15770,1.0498,SXARI/E
J051751.49+071219.4,vsx,0.171432,CSS_J051751.5+071219,1.9164,EB
J051740.83+090514.5,vsx,0.092695,ZTF J051740.83+090514.6,7.426389,EB:
J115533.43-783445.3,vsx,2.198768,Gaia DR3 5200125984277006464,0.257416,E
J063728.68-285405.5,vsx,0.036791,ASAS J063729-2854.1,463.0,MISC|EC
J045912.77+165543.8,vsx,0.286232,ASAS J045913+1655.7,1.02268,ESD|ED
J205308.70+202237.6,vsx,0.096487,Gaia DR3 1813788435978691968,12.6304,E
J012138.98+402256.9,vsx,0.224105,Gaia DR3 371795149649488000,4.11104,E
J182027.87-660442.9,vsx,0.072398,AR Pav,604.5,ZAND+EA
J053118.40-054213.5,vsx,0.08652,EY Ori,16.787832,EA/D
J070559.97-781020.9,vsx,2.473855,Gaia DR3 5211561459256742656,15.209,E
J045527.17-662646.8,vsx,0.861503,Gaia DR3 4662155049585876864,10.7538,E
J045439.87-671306.0,vsx,0.107136,Gaia DR3 4661729018926196096,1.78892,E
J045300.81-680132.3,vsx,0.091847,Gaia DR3 4661587151814849920,3.15152,E
J050416.88-655352.1,vsx,0.637844,Gaia DR3 4662249401424080000,2.15916,E
J045605.87-692640.0,vsx,0.21385,Gaia DR3 4655267433897950080,2.5354,E
J050234.70-690546.7,vsx,1.376132,Gaia DR3 4655290764166851584,2.62791,E
J050527.88-685635.5,vsx,1.35449,Gaia DR3 4661253346999109376,1.51282,E
J050833.52-684020.3,vsx,2.706406,Gaia DR3 4661274787482504832,0.217186,E
J051539.07-664057.3,vsx,1.46334,Gaia DR3 4658969523885052672,0.382571,E
J051308.33-690803.4,vsx,1.799018,Gaia DR3 4658243189212581888,1.24051,E
J052138.79-655529.3,vsx,1.770441,Gaia DR3 4660548078975323392,1.6001,E
J051929.57-674307.0,vsx,0.774645,Gaia DR3 4658760788461137024,1.26372,E
J051931.15-685341.2,vsx,2.668766,Gaia DR3 4658287586151613952,0.75618,E
J051822.42-692733.6,vsx,1.918727,Gaia DR3 4658173236974862336,40.92,E
J051915.37-694128.4,vsx,2.853928,Gaia DR3 4658168976369714560,1.35292,E
J052042.74-692115.1,vsx,2.275845,Gaia DR3 4658271265274472320,23.55,E
J052707.95-665437.1,vsx,2.316151,Gaia DR3 4660224307182698752,2.33949,E
J052145.42-695226.8,vsx,1.963026,Gaia DR3 4657952230833907840,0.441136,E
J052337.32-695615.9,vsx,1.207791,Gaia DR3 4657971236105236608,1.03605,E
J052917.52-671330.0,vsx,2.492767,Gaia DR3 4660183453422186624,1.96984,E
J052537.23-694249.4,vsx,2.279353,Gaia DR3 4657969552428251264,15.72,E
J052528.23-695319.2,vsx,1.55996,Gaia DR3 4657960790740159616,0.463538,E
J052728.95-700152.6,vsx,0.715215,Gaia DR3 4657909148035350656,1.38083,E
J053132.39-695411.5,vsx,2.613683,Gaia DR3 4657996078156715776,14.7011,E
J052747.63-714852.7,vsx,2.602097,Gaia DR3 4651696391874283008,0.428966,E
J023507.40-350842.6,vsx,0.045457,Gaia DR3 4966057241670321152,23.195,E
J053749.52-664011.4,vsx,0.16771,Gaia DR3 4659527590418747520,1.93247,E
J053503.56-690401.2,vsx,1.324091,Gaia DR3 4657695361694998912,0.83987,E
J054030.81-661737.3,vsx,0.062502,Gaia DR3 4659906032909694080,0.499736,E
J053751.57-701639.3,vsx,2.565042,Gaia DR3 4657221811613104256,0.92221,E
J054048.50-693335.9,vsx,2.3674,Gaia DR3 4657599188763133440,5.6815,E
J054047.31-702512.1,vsx,1.541593,Gaia DR3 4657169451564427520,4.31481,E
J220044.71-542312.2,vsx,0.126938,ASAS J220045-5423.2,216.20842,ED
J011102.40-724533.0,vsx,0.564503,Gaia DR3 4687248103927865728,0.93192,E
J004518.17-731525.0,vsx,2.099219,Gaia DR3 4685852102139246976,1.00283,E
J012523.32-731638.7,vsx,0.734175,Gaia DR3 4686450751830606592,0.93727,E
J020116.67-735926.4,vsx,2.861731,Gaia DR3 4638318255931797504,1.4547,E
J043930.11-323306.5,vsx,0.041148,ASAS J043930-3233.1,0.35798,RRC|EC
J222546.24-304136.9,vsx,1.838983,Gaia DR3 6614154704177898880,0.253142,E
J233021.79+062531.1,vsx,0.329853,ASAS J233022+0625.5,4.5256,EC|CW-FO|ACV|ESD
J000419.19-303934.9,vsx,0.103727,AY Scl,508.0,EA+SR
J160651.14-281437.6,atlas_heinze2018,0.225177,J241.7130-28.2438,6.002465,DBF
J060423.43-064230.0,atlas_heinze2018,0.087858,J091.0976-06.7083,5.271942,DBH
J193910.66+054349.9,atlas_heinze2018,0.177671,J294.7944+05.7306,2.023273,DBF
J093351.35+144600.0,atlas_heinze2018,0.179083,J143.4639+14.7666,1.003591,CBH
J074141.88-255027.2,atlas_heinze2018,0.016766,J115.4245-25.8409,2.058264,DBH
J075310.87-025719.2,atlas_heinze2018,0.143467,J118.2952-02.9553,0.990637,CBH
J222127.59+550729.8,atlas_heinze2018,0.034744,J335.3649+55.1249,2.031023,CBF
J173037.85-093317.2,atlas_heinze2018,0.341483,J262.6577-09.5547,1.016291,DBH
J220912.52+582025.0,atlas_heinze2018,0.00978,J332.3022+58.3402,0.740599,DBH
J195229.56+382320.2,atlas_heinze2018,0.525376,J298.1231+38.3890,0.773034,CBF
J042541.31+353718.9,atlas_heinze2018,0.075515,J066.4221+35.6219,3.848469,DBF
J193939.18+155733.6,atlas_heinze2018,0.350686,J294.9132+15.9594,1.985569,DBF
J223224.08+563749.8,atlas_heinze2018,0.087448,J338.1004+56.6305,4.0401,DBH
J061341.92-062321.1,atlas_heinze2018,0.091809,J093.4246-06.3891,7.392585,DBH
J181810.55-044715.2,atlas_heinze2018,0.058563,J274.5439-04.7875,1.009107,DBH
J230801.01+590458.4,atlas_heinze2018,0.071427,J347.0041+59.0829,3.191285,DBF
J215044.62+574107.0,atlas_heinze2018,0.078739,J327.6859+57.6852,0.195914,CBH
J060138.22-144349.0,atlas_heinze2018,0.054911,J090.4092-14.7303,1.991222,DBF
J223158.92+501736.8,atlas_heinze2018,0.058245,J337.9955+50.2935,1.98668,DBH
J032820.14+585156.1,atlas_heinze2018,0.20444,J052.0840+58.8656,1.241106,DBH
J051245.22+084035.1,atlas_heinze2018,0.044499,J078.1884+08.6764,4.007122,DBH
J221843.61+544715.0,atlas_heinze2018,0.208587,J334.6818+54.7874,0.834628,DBH
J054247.79-091037.8,atlas_heinze2018,0.085992,J085.6991-09.1771,4.962706,DBH
J192307.31-120910.4,atlas_heinze2018,0.147088,J290.7804-12.1529,0.989361,CBH
J192307.31-120910.4,atlas_heinze2018,0.147088,J290.7804-12.1529,0.989361,CBH
J054951.53+023637.1,atlas_heinze2018,0.048102,J087.4647+02.6103,5.527081,DBF
J165707.77-114848.8,atlas_heinze2018,0.031307,J254.2824-11.8135,1.002596,DBH
J195218.88+252404.4,atlas_heinze2018,0.097232,J298.0786+25.4012,7.430355,DBH
J203220.57+345158.6,atlas_heinze2018,0.197076,J308.0858+34.8663,0.999496,DBH
J160558.63-194903.1,atlas_heinze2018,0.133334,J241.4943-19.8175,3.753147,DBF
J084539.23-304257.9,atlas_heinze2018,0.065365,J131.4135-30.7161,1.981066,DBF
J053345.25-053049.7,atlas_heinze2018,0.066411,J083.4385-05.5138,1.992681,CBF
J232827.54+600636.6,atlas_heinze2018,0.252336,J352.1148+60.1101,0.162414,CBH
J081016.54+464520.4,atlas_heinze2018,0.150658,J122.5689+46.7556,0.994985,CBH
J054343.62-083416.4,atlas_heinze2018,0.037057,J085.9317-08.5712,1.210127,DBH
J222127.32+582906.9,atlas_heinze2018,0.119674,J335.3638+58.4852,0.633445,DBH
J035056.00-204815.9,atlas_heinze2018,0.166784,J057.7334-20.8044,4.753333,DBF
J060838.76+161820.0,atlas_heinze2018,0.09013,J092.1615+16.3055,1.000927,DBH
J063616.10-012017.9,atlas_heinze2018,0.038242,J099.0671-01.3383,2.005528,CBF
J034444.71+320402.4,atlas_heinze2018,0.065591,J056.1863+32.0673,0.996054,DBH
J034930.30+533517.3,atlas_heinze2018,0.062224,J057.3762+53.5881,0.995934,DBH
J063957.56+440224.7,atlas_heinze2018,0.056095,J099.9898+44.0402,2.007215,DBH
J084110.89-304021.5,atlas_heinze2018,0.177281,J130.2954-30.6727,1.984111,DBF
J211712.52+470440.6,atlas_heinze2018,0.104811,J319.3022+47.0779,5.776597,DBH
J065035.73+045529.6,atlas_heinze2018,0.015742,J102.6489+04.9249,1.9156,DBH
J052626.13+353000.3,atlas_heinze2018,0.061229,J081.6088+35.5000,0.955903,DBH
J053931.97+231520.7,atlas_heinze2018,0.149601,J084.8832+23.2557,1.002001,DBH
J060414.38+293904.2,atlas_heinze2018,0.162796,J091.0599+29.6512,3.956568,DBH
J054213.74+084356.4,atlas_heinze2018,0.047258,J085.5572+08.7323,0.993544,DBH
J160959.32-180009.3,atlas_heinze2018,0.124717,J242.4971-18.0026,1.00129,DBH
J063153.33+093413.1,atlas_heinze2018,0.041634,J097.9722+09.5703,0.996364,DBH
J072358.68+055252.8,atlas_heinze2018,0.055148,J110.9945+05.8813,2.004891,CBH
J212547.19+520005.2,atlas_heinze2018,0.075894,J321.4466+52.0014,0.590989,CBH
J160421.64-213028.7,atlas_heinze2018,0.186578,J241.0901-21.5080,2.344098,DBF
J173514.52-161314.9,atlas_heinze2018,0.467191,J263.8105-16.2207,1.029907,DBH
J192831.29+270244.7,atlas_heinze2018,0.137969,J292.1304+27.0458,1.990501,DBF
J143946.97+495805.3,atlas_heinze2018,0.092866,J219.9457+49.9681,4.983349,DBF
J160205.16-233107.2,atlas_heinze2018,0.151767,J240.5215-23.5187,2.657157,DBH
J064022.05-141410.8,atlas_heinze2018,0.028623,J100.0919-14.2363,0.999225,DBH
J063428.26-251322.8,atlas_heinze2018,0.021319,J098.6177-25.2230,2.027908,DBF
J193301.14+091525.6,atlas_heinze2018,0.262668,J293.2548+09.2571,2.00543,DBH
J060112.05-095712.3,atlas_heinze2018,0.03646,J090.3002-09.9534,0.989002,DBH
J000432.31+580853.9,atlas_heinze2018,0.057086,J001.1346+58.1483,4.069848,DBH
J205819.99+455415.2,atlas_heinze2018,0.089665,J314.5833+45.9042,2.001752,DBF
J040219.09+324015.1,atlas_heinze2018,0.036869,J060.5795+32.6708,1.024471,DBH
J060345.82-093605.2,atlas_heinze2018,0.050825,J090.9409-09.6014,5.97164,DBH
J200407.40+294105.9,atlas_heinze2018,0.378318,J301.0308+29.6851,1.966483,DBH
J002816.54+595930.1,atlas_heinze2018,0.011387,J007.0689+59.9917,4.996548,DBF
J181734.58-070209.7,atlas_heinze2018,0.113619,J274.3941-07.0360,2.004442,DBF
J015941.60+492042.9,atlas_heinze2018,0.025201,J029.9233+49.3452,1.995865,DBF
J055733.71+165806.1,atlas_heinze2018,0.35985,J089.3904+16.9684,2.34044,DBH
J181117.97-130837.3,atlas_heinze2018,0.904271,J272.8249-13.1434,1.471007,CBF
J181117.97-130837.3,atlas_heinze2018,0.904271,J272.8249-13.1434,1.471007,CBF
J181117.97-130837.3,atlas_heinze2018,0.926215,J272.8248-13.1439,1.470995,CBF
J181117.97-130837.3,atlas_heinze2018,0.926215,J272.8248-13.1439,1.470995,CBF
J051440.43+412423.2,atlas_heinze2018,0.300735,J078.6685+41.4063,0.995392,DBH
J050228.42+134637.7,atlas_heinze2018,0.057439,J075.6184+13.7771,2.013131,DBF
J212951.14+545548.6,atlas_heinze2018,0.066887,J322.4630+54.9301,5.556454,DBH
J055301.39+021002.8,atlas_heinze2018,0.14951,J088.2557+02.1675,2.019675,CBF
J195837.70-034109.1,atlas_heinze2018,0.107779,J299.6571-03.6859,4.012629,DBH
J102247.90-620315.5,wise_chen2018,0.041782,J102247.9-620315,2.2136127,EA
J133724.41-662835.2,wise_chen2018,0.042312,J133724.4-662835,16.7823385,EA
J223949.47+583254.4,wise_chen2018,0.039942,J223949.4+583254,3.0922979,EA
J230801.01+590458.4,wise_chen2018,0.027835,J230801.0+590458,3.191217,EA
J223048.25+563617.7,wise_chen2018,0.012702,J223048.2+563617,6.8659624,EA
J082920.68-435031.8,wise_chen2018,0.029488,J082920.6-435031,0.6573903,EW
J114741.84-685910.2,wise_chen2018,0.010536,J114741.8-685910,5.902779,EA
J232827.54+600636.6,wise_chen2018,0.049586,J232827.5+600636,0.3251117,EW
J221843.61+544715.0,wise_chen2018,0.044335,J221843.6+544715,1.6692686,EA
J104142.92-612155.7,wise_chen2018,0.045125,J104142.9-612155,0.298544,EW
J100046.46-580000.2,wise_chen2018,0.065929,J100046.4-580000,2.0424128,EA
J113654.75-521105.9,wise_chen2018,0.032546,J113654.7-521105,16.7539499,EW
J170846.20-491344.4,wise_chen2018,0.080757,J170846.1-491344,10.943502,EA
J235953.92+660910.2,wise_chen2018,0.046953,J235953.9+660910,0.3277914,EW
J211404.37+520345.2,wise_chen2018,0.059644,J211404.3+520345,1.7566044,EA
J112938.82-595344.5,wise_chen2018,0.061311,J112938.8-595344,1.9165975,EA
J091559.79-491225.1,wise_chen2018,0.025902,J091559.7-491225,1.587342,EA
J092527.12-572144.1,wise_chen2018,0.064553,J092527.1-572144,2.2427699,EA
J053236.51+122748.3,wise_chen2018,0.043521,J053236.5+122748,10.8015615,EW
J024542.12+480837.8,wise_chen2018,0.033871,J024542.1+480837,6.8641852,EA
J073937.23-363011.8,wise_chen2018,0.061613,J073937.2-363011,0.9563496,EA
J072114.64-463619.9,wise_chen2018,0.069533,J072114.6-463620,0.388306,EW
J042859.11+362311.0,crts_drake2014,0.131406,J042859.1+362311,0.937498,1
J054126.50-085839.4,crts_drake2014,1.152955,J054126.5-085840,1.55822,1
J055342.42-102214.7,crts_drake2014,0.121477,J055342.4-102214,2.23115,1
J051751.49+071219.4,crts_drake2014,0.982038,J051751.5+071219,1.9164,1
J035607.78+413302.0,crts_drake2014,0.259643,J035607.8+413301,1.7233334,1
J051242.95+240737.3,crts_drake2014,0.438037,J051242.9+240737,1.3990494,1
J042130.86+353538.7,crts_drake2014,0.359491,J042130.8+353538,0.412268,1
J034838.14-274913.5,crts_south2017,0.438519,J034838.1-274913,0.703296,1
J160628.59-212130.0,crts_south2017,0.54816,J160628.5-212130,0.801521,1
J133901.74-240113.9,crts_south2017,1.873509,J133901.7-240112,0.555587,1
J063949.97-271109.6,crts_south2017,1.420895,J063949.9-271110,0.527202,1
J195142.69+400317.5,kepler_ebs,0.081582,4949194,41.263202,
J195336.22+401019.8,kepler_ebs,0.098392,5039392,236.727941,
J072114.64-463619.9,asas3,0.857838,072115-4636.3,0.388309,EC
J220044.71-542312.2,asas3,1.099558,220045-5423.2,216.20842,ED
J043930.11-323306.5,asas3,1.588836,043930-3233.1,0.35798,RRC/EC
J063728.68-285405.5,asas3,0.186808,063729-2854.1,463.0,MISC/EC
J172638.16-634854.0,asas3,1.097065,172638-6348.9,15.683814,DCEP-FU/EC/ESD
J064519.68-421003.7,asas3,0.306911,064520-4210.1,113.5,MISC/DCEP-FO/EC
J151509.84-592847.7,asas3,0.988342,151510-5928.8,8.707465,EC/DCEP-FO=ESD
J064131.36-230610.6,asas3,0.727372,064131-2306.2,56.4,MISC/DCEP-FO/EC
J052923.93+115157.5,asas3,1.206889,052924+1152.0,9.914,EC/CW-FU/CW-FO
J061037.63-053520.4,asas3,1.058798,061038-0535.3,89.1,EC
J064242.94-113925.0,asas3,1.324418,064243-1139.4,94.6,EC
J172159.25+065442.1,asas3,1.212442,172159+0654.7,1.0,EC
J080101.79+012015.8,asas3,0.922817,080102+0120.3,305.0,ESD
J094608.30+035750.2,asas3,1.831918,094608+0357.8,31.65,ED/ESD
J130134.81-560530.8,asas3,1.774396,130135-5605.5,33.48177,ESD
J061434.48+182828.3,asas3,1.155975,061434+1828.5,13.646,EC
J085103.07-410222.7,asas3,1.826388,085103-4102.4,2.959,EC
J074831.09-162029.9,asas3,1.302718,074831-1620.5,33.53,EC/DCEP-FU=ESD
J082920.68-435031.8,asas3,1.117032,082921-4350.6,0.65739,EC/RRC
J053822.21+235856.7,asas3,1.335305,053822+2358.9,0.176957,BCEP=DSCT/EC/ESD/ED
J093629.74-291418.7,asas3,1.28984,093630-2914.3,70.4,MISC/EC
J094355.32-550303.7,asas3,1.279463,094355-5503.1,32.99,ESD/EC
J073153.48-143308.7,asas3,0.799753,073154-1433.1,74.3,ESD
J084837.62-293343.4,asas3,1.780143,084838-2933.7,60.9,MISC/EC/ESD
J060835.10+223702.0,asas3,2.714025,060835+2237.0,90.1,EC/ESD
J074906.00-310742.6,asas3,0.712405,074906-3107.7,157.3,EC
J114518.15-541644.5,asas3,1.156139,114518-5416.7,0.97884,DCEP-FO/RRAB/EC/ESD/
J084156.61-751857.6,asas3,1.073491,084156-7519.0,340.0,MISC/EC
J170456.24-482100.6,asas3,1.569302,170456-4821.0,0.955043,DCEP-FO/EC
J071515.12+021000.7,asas3,1.734918,071515+0210.0,194.0,EC/SR
J063645.94-224538.0,asas3,1.299828,063646-2245.6,519.0,MISC/ED
J111928.42-583020.8,asas3,0.187913,111928-5830.4,28.67,EC/DCEP-FU/ESD
J184546.38+071311.9,asas3,0.597785,184546+0713.2,260.677155,ED
J065127.85-012216.0,nsvs_hoffman2009,1.499199,V* SZ Mon,31.74634,Cepheid
J053300.77-003620.8,nsvs_hoffman2009,0.754514,nan,5.73072,
J190417.12-202210.8,nsvs_hoffman2009,2.74962,nan,0.66468,
J230402.19+632348.7,debcat,0.228542,CW Cep,2.729,
J175249.99-330419.2,ogle4_wang2024,2.750248,OGLE-BLG-ECL-153989,0.6666288,
J175043.69-253524.1,ogle4_wang2024,1.932253,OGLE-BLG-ECL-131852,1.2565625,
J181027.34-252339.0,ogle4_wang2024,2.843516,OGLE-BLG-ECL-344790,1.8119287,
J051915.37-694128.4,ogle_lmc_ecl,2.805072,OGLE-LMC-ECL-31700,1.3826488,NC
J052400.73-681207.1,ogle_lmc_ecl,0.668551,OGLE-LMC-ECL-14678,0.9612848,NC
J052607.41-675910.2,ogle_lmc_ecl,0.769144,OGLE-LMC-ECL-15551,3.7358163,NC
J052917.52-671330.0,ogle_lmc_ecl,2.469117,OGLE-LMC-ECL-34026,1.9698058,C
J004907.87-724918.5,ogle_lmc_ecl,2.811058,OGLE-SMC-ECL-1580,2.7734993,NC
J010439.84-724948.2,ogle_lmc_ecl,2.294104,OGLE-SMC-ECL-4923,3.3117,NC
J011341.20-725049.9,ogle_lmc_ecl,2.061616,OGLE-SMC-ECL-5752,6.490031,NC
J004655.86-731054.8,ogle_lmc_ecl,1.184575,OGLE-SMC-ECL-6591,10.0003888,NC
J004530.29-731240.7,ogle_lmc_ecl,0.446709,OGLE-SMC-ECL-0884,0.7406185,NC
J004518.17-731525.0,ogle_lmc_ecl,1.96623,OGLE-SMC-ECL-0850,1.0028257,NC
J012523.32-731638.7,ogle_lmc_ecl,0.786556,OGLE-SMC-ECL-6118,0.9372837,NC
J053749.52-664011.4,ogle_lmc_ecl,0.179346,OGLE-LMC-ECL-36377,1.9324969,NC
J053751.57-701639.3,ogle_lmc_ecl,2.474864,OGLE-LMC-ECL-21070,0.9221984,NC
J002759.31-742404.0,ogle_lmc_ecl,0.542961,OGLE-SMC-ECL-0092,0.6746293,NC
J054512.81-670802.6,ogle_lmc_ecl,2.721652,OGLE-LMC-ECL-37712,6.853543,NC
J054647.22-694026.2,ogle_lmc_ecl,0.491284,OGLE-LMC-ECL-24122,131.7895824,NC
J054657.92-700933.2,ogle_lmc_ecl,0.228506,OGLE-LMC-ECL-24157,12.7443439,NC
J045439.87-671306.0,ogle_lmc_ecl,0.154554,OGLE-LMC-ECL-02686,1.7889003,NC
J045300.81-680132.3,ogle_lmc_ecl,0.201252,OGLE-LMC-ECL-02109,3.1516006,NC
J045847.65-661118.2,ogle_lmc_ecl,0.491177,OGLE-LMC-ECL-28136,1.3212233,NC
J045346.37-681612.9,ogle_lmc_ecl,1.349134,OGLE-LMC-ECL-02357,23.7509567,NC
J050416.88-655352.1,ogle_lmc_ecl,0.646724,OGLE-LMC-ECL-29058,2.1591112,NC
J045306.86-695724.6,ogle_lmc_ecl,0.059124,OGLE-LMC-ECL-02152,1.5262711,NC
J050017.46-680143.5,ogle_lmc_ecl,1.136576,OGLE-LMC-ECL-04852,45.0467347,NC
J045605.87-692640.0,ogle_lmc_ecl,0.268611,OGLE-LMC-ECL-03244,2.5354264,NC
J050234.70-690546.7,ogle_lmc_ecl,1.324103,OGLE-LMC-ECL-05725,5.2558607,NC
J050533.79-681109.5,ogle_lmc_ecl,0.058807,OGLE-LMC-ECL-29283,11.4069744,NC
J050347.04-690602.8,ogle_lmc_ecl,1.232749,OGLE-LMC-ECL-06244,39.5928739,NC
J050534.35-682911.0,ogle_lmc_ecl,0.094036,OGLE-LMC-ECL-29285,176.139244,NC
J050527.88-685635.5,ogle_lmc_ecl,1.553351,OGLE-LMC-ECL-06995,4.2916005,NC
J051308.33-690803.4,ogle_lmc_ecl,1.744438,OGLE-LMC-ECL-10166,1.2405327,NC
J205223.73+443615.1,tess_10k_kostov2025,0.083926,356774628,7.365873,
J221951.57+612459.8,tess_10k_kostov2025,0.032665,336741546,2.805236,
J112238.89-592027.5,tess_10k_kostov2025,0.08927,451126962,4.791724,
J203911.01+464328.1,tess_10k_kostov2025,0.401615,189333082,1.918118,
J071951.40-240400.6,tess_10k_kostov2025,0.079722,106588577,1.011855,
J013614.42+625507.1,tess_10k_kostov2025,0.1919,390117626,2.789508,
J110427.41-591205.6,tess_obaf_ijspeert2024,0.121017,305457817,,
J123646.27-625411.4,tess_obaf_ijspeert2024,0.109519,415238649,,
J032639.47+505047.1,tess_obaf_ijspeert2024,0.340559,354129146,,
J153537.33-582002.7,tess_obaf_ijspeert2024,0.1731,285487246,,
J082322.90-454510.9,tess_obaf_ijspeert2024,0.043532,52929072,,
J103738.07-560836.7,tess_obaf_ijspeert2024,0.178251,458195065,,
J141909.42-565518.1,tess_obaf_ijspeert2024,0.156092,413284814,16.645920001789094,
J102247.90-620315.5,tess_obaf_ijspeert2024,0.026454,378848943,2.2142142729844414,
J092405.70-525157.7,tess_obaf_ijspeert2024,0.01965,295953805,2.193980256500784,
J145157.59-404821.0,tess_obaf_ijspeert2024,0.115013,160401972,,
J185610.37+280703.9,tess_obaf_ijspeert2024,0.06513,358977972,,
J173224.94-364153.9,tess_obaf_ijspeert2024,0.188658,266856605,,
J112316.23-615156.4,tess_obaf_ijspeert2024,0.014815,280381796,4.568062427278803,
J054741.41+255831.2,tess_obaf_ijspeert2024,0.0088,76456299,7.23762880853569,
J110859.18-564050.5,tess_obaf_ijspeert2024,0.032208,307878702,4.877623440377851,
J003939.39+614202.9,tess_obaf_ijspeert2024,0.044036,284443090,,
J221843.61+544715.0,tess_obaf_ijspeert2024,0.150182,421726669,1.6693078028402493,
J204812.11+495943.7,tess_obaf_ijspeert2024,0.182407,365489252,4.8526859106055324,
J071803.81-134138.0,tess_obaf_ijspeert2024,0.051714,409130128,,
J204531.80+622345.4,tess_obaf_ijspeert2024,0.158855,372642120,7.94759243929656,
J001117.74+642237.7,tess_obaf_ijspeert2024,0.043896,83219448,,
J032319.22+512329.3,tess_obaf_ijspeert2024,0.104404,252821942,4.506419760868791,
J103643.71-591031.7,tess_obaf_ijspeert2024,0.306063,458114381,7.14540232999207,
J174054.53-392556.0,tess_obaf_ijspeert2024,0.002511,408867810,6.120275724837214,
J103639.87-591004.6,tess_obaf_ijspeert2024,0.221138,458114439,,
J215431.13+535418.2,tess_obaf_ijspeert2024,0.084588,469571651,0.4670755268577979,
J172330.04-442501.9,tess_obaf_ijspeert2024,0.301101,217634548,1.1093802673922661,
J121948.95-603018.3,tess_obaf_ijspeert2024,0.104794,310118406,0.8421307619356517,
J121405.22-611831.0,tess_obaf_ijspeert2024,0.063502,382744380,12.13058749416966,
J202516.07+435517.0,tess_obaf_ijspeert2024,0.621329,193762761,,
J100028.78-595932.5,tess_obaf_ijspeert2024,0.219812,374422715,,
J231908.57+582521.6,tess_obaf_ijspeert2024,0.099815,318849816,1.8172144885240469,
J203357.78+371935.6,tess_obaf_ijspeert2024,0.164193,63555629,,
J101623.03-603638.7,tess_obaf_ijspeert2024,0.356861,377480554,,
J200625.71+681727.6,tess_obaf_ijspeert2024,0.142163,269696438,2.978932929184075,
J115604.24-635423.3,tess_obaf_ijspeert2024,0.089925,306129373,,
J081322.28-382618.0,tess_obaf_ijspeert2024,0.080268,182307712,1.803791267718272,
J230402.19+632348.7,tess_obaf_ijspeert2024,0.169218,434893323,2.7290578455457073,
J061348.00+183142.5,tess_obaf_ijspeert2024,0.038782,46053064,2.502231753287095,
J124645.61-653628.5,tess_obaf_ijspeert2024,0.179975,460811412,3.7479277245584735,
J203719.87+460042.6,tess_obaf_ijspeert2024,0.08005,188985004,367.2932502388248,
J015456.05+622300.7,tess_obaf_ijspeert2024,0.103455,10603103,12.01058881120116,
J211030.94+474132.1,tess_obaf_ijspeert2024,0.137613,136704900,12.145687253392223,
J201409.95+313816.4,tess_obaf_ijspeert2024,0.049088,380413183,1.5186323255929932,
J155027.29-573926.7,tess_obaf_ijspeert2024,0.110259,79508775,2.87650854357688,
J200225.52+354011.3,tess_obaf_ijspeert2024,0.105136,104909909,2.5743819807754758,
J112306.29-613629.3,tess_obaf_ijspeert2024,0.041044,280379193,,
J201223.18+290736.9,tess_obaf_ijspeert2024,0.163183,363184094,1.339593056729813,
J070019.35-220708.5,tess_obaf_ijspeert2024,0.187031,80042405,2.2180146156770206,
J094742.50-562630.0,tess_obaf_ijspeert2024,0.112819,443340750,,
J112938.82-595344.5,tess_obaf_ijspeert2024,0.09483,451708707,1.9160873552916176,
J095652.62-504649.4,tess_obaf_ijspeert2024,0.049568,132958640,9.640135033758282,
J012346.49+614103.0,tess_obaf_ijspeert2024,0.090804,54788984,29.847595731478947,
J153046.05+342756.4,tess_obaf_ijspeert2024,0.158051,16878120,,
J192959.53+491944.5,tess_obaf_ijspeert2024,0.174545,424867419,0.8142908082979973,
J115629.70-634732.4,tess_obaf_ijspeert2024,0.15385,306130356,4.647202304013233,
J031601.05-663411.1,tess_obaf_ijspeert2024,0.078733,31743683,0.327566191581232,
J084350.70-450605.0,tess_obaf_ijspeert2024,0.040843,260124686,1.0802249548378768,
J084226.53-631033.2,tess_obaf_ijspeert2024,0.302888,355238126,0.7173007235197013,
J061254.94+090208.8,tess_obaf_ijspeert2024,0.041752,153406662,2.518881507175979,
J174205.10-420026.2,tess_obaf_ijspeert2024,0.080204,31419868,,
J054202.60+274614.5,tess_obaf_ijspeert2024,0.050529,75590050,6.098922186408617,
J052432.18-695038.1,tess_obaf_ijspeert2024,0.458905,373681570,38.45931812420597,
J105335.05-533924.1,tess_obaf_ijspeert2024,0.044086,120372122,0.9566167378909842,
J075051.44-262624.7,tess_obaf_ijspeert2024,0.125536,128127342,11.812560164824816,
J221023.53+561257.4,tess_obaf_ijspeert2024,0.094916,329282432,3.944740100865252,
J151811.34+313849.3,tess_obaf_ijspeert2024,0.165505,282850594,3.4516137559220086,
J053641.71-692248.8,tess_obaf_ijspeert2024,0.380438,277172963,41.16936105669685,
J134635.35-620410.0,tess_obaf_ijspeert2024,0.411775,380486560,0.6834772014465793,
J115305.06-602317.4,tess_obaf_ijspeert2024,0.013443,304944127,,
J171411.65-331557.2,tess_obaf_ijspeert2024,0.229096,150636356,,
J120618.38-694753.7,tess_obaf_ijspeert2024,0.056447,311840827,0.8745955360019563,
J120726.23-604131.7,tess_obaf_ijspeert2024,0.025719,380133119,4.761580623877858,
J045304.78-670800.5,tess_obaf_ijspeert2024,0.246249,29991286,44.90591463512649,
J223553.38+500414.8,tess_obaf_ijspeert2024,0.023104,428102518,10.916748106595708,
J045439.87-671306.0,tess_obaf_ijspeert2024,0.108492,30113254,1.7887644841569093,
J092527.12-572144.1,tess_obaf_ijspeert2024,0.137072,437369882,2.2433691638250264,
J062851.66+020820.5,tess_obaf_ijspeert2024,0.030407,234735877,,
J073937.23-363011.8,tess_obaf_ijspeert2024,0.08325,174666938,0.9538550307853471,
J075023.45-561932.0,tess_obaf_ijspeert2024,0.23025,264865297,,
J050639.16-682209.1,tess_obaf_ijspeert2024,0.144033,31180759,,
J234016.64+702713.7,tess_obaf_ijspeert2024,0.098542,422663034,3.0015299689167354,
J073822.57-571443.6,tess_obaf_ijspeert2024,1.203404,262574269,,
J082053.67-622336.3,tess_obaf_ijspeert2024,0.099157,309551309,5.6980841233483925,
J102049.84-673114.1,tess_obaf_ijspeert2024,0.242294,303026212,0.7089282701920164,
J073130.12-365327.0,tess_obaf_ijspeert2024,0.036192,173756330,1.7539212801133692,
J080957.52-490820.1,tess_obaf_ijspeert2024,0.092582,238616135,4.931122223928057,
J045912.77+165543.8,tess_obaf_ijspeert2024,0.117872,59131142,1.0227247460914901,
J073153.48-143308.7,tess_ea_shi2022,0.079725,55873490,74.1,
J094355.32-550303.7,tess_ea_shi2022,0.132752,442240473,32.998,
J211904.03+434548.6,tess_ea_shi2022,0.026366,138465692,47.615,
J233034.93+663345.5,tess_ea_shi2022,0.106331,427767269,6.56007,
J210958.64+453009.2,tess_ea_shi2022,0.155477,136466789,10.237,
J073625.23-615225.8,tess_ea_shi2022,0.087961,349907707,5.132888,
J070019.35-220708.5,tess_ea_shi2022,0.115952,80042405,2.2186,
J042016.75+421851.7,tess_gao2025,0.053669,410193513,13.265655,EA
J114741.84-685910.2,tess_gao2025,0.041483,410578942,5.879137,EA
J230638.24+623204.1,tess_gao2025,0.073654,435271924,10.895185,EB
J230402.19+632348.7,tess_gao2025,0.176178,434893323,2.728936,EA
J200225.52+354011.3,tess_gao2025,0.097982,104909909,2.565165,EA
J233034.93+663345.5,tess_gao2025,0.096047,427767269,6.540706,EA
J192634.35+095452.3,tess_gao2025,0.014484,375094503,2.31795,EA
J122201.42-573756.6,tess_gao2025,0.449413,411614400,3.074725,EA
J205902.82+754529.3,tess_gao2025,0.646746,315810194,1.086689,EA
J223653.95+565420.9,tess_gao2025,0.042048,416028609,1.641303,EB
J022245.37+622537.0,tess_gao2025,0.090541,458879750,11.127383,EA
J134813.04-521010.7,tess_gao2025,0.28007,241585982,4.65094,EA
J073625.23-615225.8,tess_gao2025,0.107467,349907707,5.132267,EA
J000904.86+581647.9,tess_gao2025,0.114297,396300606,8.598145,EA
J235510.36+722736.9,tess_gao2025,0.036746,426142205,36.369414,EA
J211445.48+594539.7,tess_gao2025,0.08996,313986452,53.689912,EA
J053805.25-011521.6,tess_gao2025,0.021972,11199521,9.696798,EA
J050815.47-444908.6,tess_gao2025,1.117176,200363294,1.504873,EA
J211600.67+643212.2,tess_gao2025,0.067589,259967623,4.598462,EA
J041935.46+282721.3,tess_gao2025,0.475839,58288478,20.380633,EA
J043933.64+235920.9,tess_gao2025,0.263443,150059917,4.669523,EA
J072114.64-463619.9,tess_gao2025,0.198066,59855698,0.388311,EW
J073130.12-365327.0,tess_gao2025,0.027088,173756330,3.50685,EA
J024542.12+480837.8,tess_gao2025,0.040682,302314851,6.863963,EA
J052738.15+321232.6,lamost_ea_qian2018,0.175995,IT Aur,,EA
J052738.15+321232.6,lamost_ea_qian2018,0.175995,IT Aur,,EA
J113228.04-603959.9,asassn,0.5156313520014751,J113228.10-603959.6,1.2965,EB
J111311.68-585058.2,asassn,1.4828649332980564,J111311.77-585059.5,1.9956,EA
J085845.20-441027.7,asassn,0.6341265814763318,J085845.14-441027.7,1.9937,EA
J225051.52+604854.8,asassn,0.1553525725569274,J225051.51+604854.9,28.82,EA
J112938.82-595344.5,asassn,0.7374224419648069,J112938.75-595344.0,1.9168,EA
J204336.46+445505.3,asassn,0.5239030920763719,J204336.44+445505.8,4.4314,EA
J041942.74+531017.6,asassn,1.4506925826712922,J041942.63+531016.6,7.3821,EB
J204142.75+463029.3,asassn,0.366318812038733,J204142.78+463029.1,2.3934,EA
J181117.97-130837.3,asassn,0.0981273928443232,J181117.97-130837.4,1.471,EB
J104043.45-552625.1,asassn,0.2252982550770425,J104043.46-552625.3,10.763,EB
J171206.72-333228.9,asassn,2.3705085949000355,J171206.78-333226.7,2.1787,EA
J062531.59+200550.3,asassn,0.3424820889023279,J062531.58+200550.1,1.8067,EB
J180552.58-132731.7,asassn,0.1569014224612119,J180552.59-132731.6,13.988,EA
J235953.92+660910.2,asassn,0.3273510415042051,J235953.98+660910.2,0.3275,EW
J183006.17+004233.3,asassn,1.635764112373798,J183006.17+004233.6,2.994,EA
J125119.04-571955.7,asassn,0.65209785506982,J125119.04-571955.1,1.3947,EA
J173948.30-182946.8,asassn,1.4683158669911625,J173948.30-182946.8,0.24945,EA
J084845.54-460509.4,asassn,0.2134779423865068,J084845.56-460509.4,32.178,EA
J223653.95+565420.9,asassn,0.4053801974810235,J223653.95+565421.3,1.6413,EW
J230801.01+590458.4,asassn,0.0820098448426073,J230801.02+590458.4,3.1913,EA
J075010.83-283151.6,asassn,1.1037817341822844,J075010.77-283151.1,86.652,EA
J232827.54+600636.6,asassn,0.137460094744409,J232827.55+600636.5,0.32483,EW
J070753.94-101634.2,asassn,0.0390710762023481,J070753.95-101634.3,58.085,EA
J073110.50-201457.6,asassn,1.1569132394623012,J073110.58-201457.2,1.9961,EA
J131820.70-632427.8,asassn,0.9050398648236864,J131820.57-632427.7,1.963,EB
J025534.43+583049.2,asassn,0.1150910018707664,J025534.44+583049.2,1.691,EB
J152045.57-593233.4,asassn,0.8214601916338162,J152045.68-593233.2,0.29385,EW
J221843.61+544715.0,asassn,0.1400701737579331,J221843.60+544715.0,1.6692,EB
J201409.95+313816.4,asassn,0.5755151638717807,J201409.97+313815.9,1.5187,EA
J214345.90+510535.5,asassn,0.1417526769450828,J214345.90+510535.7,4.2485,EA
J083838.64-461406.6,asassn,0.4826075855984883,J083838.67-461407.1,2.0499,EB
J124645.61-653628.5,asassn,0.4039005937727246,J124645.59-653628.2,3.7479,EA
J002629.21+600127.9,asassn,0.1609616043533221,J002629.21+600127.8,7.9713,EB
J105106.00-621701.6,asassn,1.4930676814872448,J105106.17-621702.6,18.844,EA
J231908.57+582521.6,asassn,0.1732269789657357,J231908.59+582521.8,20.482,EA
J104142.92-612155.7,asassn,0.1895579203451885,J104142.92-612155.6,0.29854,EW
J094844.71-583157.6,asassn,0.9889434840558018,J094844.84-583157.7,4.3901,EW
J180242.14-283415.3,asassn,0.2628903454033386,J180242.16-283415.4,5.9787,EA
J102247.90-620315.5,asassn,0.1394610807333798,J102247.93-620315.5,2.2135,EA
J080630.27-440542.1,asassn,1.526718857715213,J080630.29-440542.4,14.167,EA
J084005.43-405835.3,asassn,0.3324583072880465,J084005.41-405835.1,1.9052,EB
J232537.66+613847.9,asassn,0.3919461798947539,J232537.70+613848.3,1.922,EA
J164848.64-274153.0,asassn,1.9483163319364096,J164848.65-274153.0,0.99762,EA
J152714.42-430940.6,asassn,1.64109175284174,J152714.43-430940.5,61.269,EB
J160900.75-190852.9,asassn,1.1145600941718108,J160900.68-190853.4,33.998,EA
J201245.10+472341.4,asassn,0.5383117928067827,J201245.14+472341.0,38.437,EB
J054611.87+003225.8,asassn,0.0701030273707968,J054611.87+003225.8,7.3795,EB
J060413.65-071148.3,asassn,0.0875786636302728,J060413.66-071148.4,0.66566,EW
J083500.42-613938.3,asassn,0.1019373161747048,J083500.44-613938.3,0.30226,EA
J075805.87-531414.5,asassn,0.0216006951488601,J075805.88-531414.6,0.33406,EB
J232834.08+490819.6,asassn,1.9151321790638565,J232833.96+490818.1,9.7926,EA
J080739.87-532923.9,asassn,0.7551743377362253,J080739.95-532923.6,55.601,EA
J053649.00-055649.2,asassn,0.1440663172431772,J053649.00-055649.1,811.71,EA
J082800.01-710548.2,asassn,0.3918025966315925,J082800.10-710548.2,0.30808,EB
J032549.83+311023.7,asassn,0.9106594416603032,J032549.77+311023.6,1.1454,EB
J045300.81-680132.3,asassn,0.207926032252353,J045300.83-680132.5,3.1517,EB
J045847.65-661118.2,asassn,0.5260992433734568,J045847.67-661118.7,1.3212,EW
J040655.92+061720.9,asassn,0.9160144393271894,J040655.93+061720.0,2.9982,EA
