angDist,designation,ra,dec,TIC,RAJ2000,DEJ2000,errHalfMaj,errHalfMin,errPosAng,HIP,TYC,UCAC4,2MASS,objID,WISEA,GAIA,APASS,KIC,S/G,Ref,r_Pos,pmRA,e_pmRA,pmDE,e_pmDE,r_pm,Plx,e_Plx,r_Plx,Bmag,e_Bmag,Vmag,e_Vmag,umag,e_umag,gmag,e_gmag,rmag,e_rmag,imag,e_imag,zmag,e_zmag,Jmag,e_Jmag,Hmag,e_Hmag,Kmag,e_Kmag,q_2MASS,W1mag,e_W1mag,W2mag,e_W2mag,W3mag,e_W3mag,W4mag,e_W4mag,Gmag,e_Gmag,Tmag,e_Tmag,f_Tmag,Flag,Teff,s_Teff,logg,s_logg,[M/H],e_[M/H],Rad,s_Rad,Mass,s_Mass,rho,s_rho,LClass,Lum,s_Lum,Dist,s_Dist,E(B-V),s_E(B-V),Ncont,Rcont,Disp,m_TIC,Prior,e_E(B-V),E_E(B-V),f_E(B-V),e_Mass,E_Mass,e_Rad,E_Rad,e_rho,E_rho,e_logg,E_logg,e_Lum,E_Lum,e_Dist,E_Dist,r_Dist,e_Teff,E_Teff,r_Teff,BPmag,e_BPmag,RPmag,e_RPmag,q_Gaia,r_Vmag,r_Bmag,Clist,e_RAJ2000,e_DEJ2000,RAOdeg,DEOdeg,e_RAOdeg,e_DEOdeg,RadFl,WDFl,ID
0.078975,J223949.47+583254.4,339.9561496,58.5484699,388547574,339.95616978434,58.54848914414,339.956,58.548,90.0,0,3995-00529-1,743-081490,22394949+5832545,0,J223949.47+583254.4,2008171543344280832,57887107,0,STAR,tmgaia2,tmgaia2,-5.045,0.064,-4.019,0.052,gaia2,0.9716,0.0356,gaia2,9.927,0.043,9.482,0.003,,,,,,,,,,,8.237,0.024,8.085,0.049,8.02,0.024,AAA-111-111-000-0-0,7.974,0.023,7.973,0.02,7.999,0.018,7.123,0.097,9.2731,0.002314,8.897,0.016,rered,gaia2,8188.0,136.0,,,,,10.573,,,,,,GIANT,,,1000.82,35.9995,0.4297,0.0191,0,,,0,,0.0168,0.0214,panstarrs,,,,,,,,,,,34.729,37.27,bj2018,,,dered,9.59206,0.005698,8.82693,0.010197,1,tycho2v3,tycho2b3,,1.12938497343,0.80596856572,339.95612815763,58.54847184124,0.03216765253,0.02690100455,0,0,483752843
0.081433,J224119.74+583659.2,340.3322811,58.6164475,388558204,340.33228953949,58.61646968925,340.332,58.616,90.0,0,,744-077159,22411973+5836592,0,J224119.74+583659.2,2008169997156109952,57623338,0,STAR,tmgaia2,tmgaia2,-2.371,0.036,-1.697,0.034,gaia2,0.1613,0.0219,gaia2,16.019,0.352,14.853,0.16,,,,,,,,,,,12.09,0.026,11.688,0.03,11.57,0.023,AAA-222-111-000-0-0,11.448,0.023,11.452,0.022,10.689,0.222,7.267,0.098,14.2024,0.000387,13.396,0.008,rered,gaia2,4286.0,122.0,,,,,15.329,,,,,,GIANT,,,5097.14,574.125,0.0899,0.0098,0,,,0,,0.0088,0.0108,schlegel,,,,,,,,,,,513.98,634.27,bj2018,,,dered,14.9691,0.002383,13.3235,0.000949,1,ucac4,apassdr9,,0.64154450359,0.52796927077,340.33226993447,58.61646238243,0.0191652557,0.01727281934,0,0,485151461
0.026931,J224805.82+594954.3,342.0242856,59.8317509,317155799,342.02427592604,59.83174521431,342.024,59.832,90.0,0,,,22480583+5949544,0,J224805.82+594954.3,2008528334858028672,0,0,STAR,tmgaia2,tmgaia2,,,,,,,,,,,20.535,0.09,,,,,,,,,,,16.54,0.144,15.593,0.127,14.431,0.087,BBA-222-111-000-0-0,13.142,0.027,12.037,0.025,7.974,0.022,5.511,0.035,19.8927,0.010423,19.014,0.029,gbprp,,,,,,,,,,,,,,,,,,,,,0,,,0,,,,,,,,,,,,,,,,,,,,,20.6483,0.109949,18.7683,0.03607,0,gaia2,,,0.37481033357,0.37858502003,342.02427592604,59.83174521431,0.37481033357,0.37858502003,1,0,487918371
0.214972,J224948.47+614846.9,342.4519657,61.8130379,434081311,342.45203895854,61.81308656639,342.452,61.813,90.0,0,,,22494848+6148471,1237663228544157315,J224948.47+614846.9,2207098313764743680,0,0,STAR,tmgaia2,tmgaia2,-2.585,0.105,-3.261,0.102,gaia2,1.1866,0.0515,gaia2,19.568,0.16,17.781,0.112,21.244,0.1,18.776,0.009,16.803,0.004,15.823,0.004,15.054,0.005,13.289,,12.192,0.042,11.664,,UAU-626-020-0c0-0-0,10.654,0.022,10.212,0.02,8.225,0.026,5.98,0.037,16.5249,0.015735,15.212,0.021,rered,gaia2,4263.0,200.0,,,,,2.236,,,,,,GIANT,,,824.688,35.3785,0.8482,0.0243,0,,,0,,0.017,0.0317,panstarrs,,,,,,,,,,,33.89,36.867,bj2018,,,dered,17.9705,0.101678,15.3161,0.037635,1,gaia2,bpbj,,1.89772911521,1.58290202731,342.45201539304,61.81307252752,0.04322024176,0.04987775669,0,0,488083158
0.088948,J225036.88+645801.7,342.6536969,64.9671418,434267384,342.65375519641,64.96714321086,342.654,64.967,90.0,0,,,22503690+6458016,1237663234972583831,J225036.88+645801.7,2211491171955061248,0,0,STAR,tmgaia2,tmgaia2,-3.423,0.185,-2.563,0.15,gaia2,0.4085,0.1031,gaia2,19.838,0.171,18.541,0.056,21.977,0.156,19.417,0.012,17.861,0.006,17.084,0.006,16.509,0.009,15.072,0.047,14.376,0.057,14.183,0.061,AAA-222-111-000-0-0,13.959,0.026,14.013,0.032,10.574,0.075,7.565,0.103,17.7343,0.001476,16.657,0.079,rered,gaia2,5147.0,161.0,,,,,2.083,,,,,,GIANT,,,2349.43,690.495,0.816,0.1292,0,,,0,,0.0184,0.2399,panstarrs,,,,,,,,,,,513.46,867.53,bj2018,,,dered,18.7792,0.042844,16.6649,0.006579,1,gaia2,bpbj,,3.40330016092,2.33214659399,342.65372036269,64.96713217611,0.09310990443,0.08113011555,0,0,488110239
0.005261,J225051.52+604854.8,342.7147082,60.8152325,434171115,342.71471094347,60.81523191208,342.715,60.815,90.0,0,,755-075537,22505153+6048548,1237663232826736775,J225051.52+604854.8,2206776118199489152,58398481,0,STAR,tmgaia2,tmgaia2,-3.659,0.045,-1.475,0.044,gaia2,0.5611,0.0269,gaia2,15.189,0.057,13.465,0.08,16.502,0.007,15.489,0.006,12.688,0.002,14.187,0.01,12.623,0.011,9.111,0.029,8.378,0.036,7.989,0.017,AAA-111-111-000-0-0,7.73,0.027,7.522,0.02,7.172,0.022,6.449,0.049,12.3801,0.003292,11.121,0.025,rered,gaia2,6593.0,144.0,,,,,22.706,,,,,,GIANT,,,1696.77,78.085,1.4461,0.0338,0,,,0,,0.0229,0.0448,panstarrs,,,,,,,,,,,74.57,81.6,bj2018,,,dered,13.714,0.014941,11.2424,0.015836,1,ucac4,apassdr9,,0.81040700809,0.67584315344,342.71467863209,60.81522555959,0.02265721665,0.02355214142,0,0,488095217
0.046513,J225251.20+624105.0,343.2133514,62.6847494,12875383,343.21337891875,62.68475213301,343.213,62.685,90.0,0,,,22525120+6241051,0,J225251.20+624105.0,2207279080343450752,0,0,STAR,tmgaia2,tmgaia2,-1.419,2.133,-0.093,2.133,hsoy,,,,20.271,0.162,18.681,0.056,,,,,,,,,,,13.887,0.028,12.944,0.023,12.601,0.028,AAA-222-111-ss0-0-0,11.764,0.023,11.017,0.02,8.473,0.021,6.631,0.046,17.3967,0.007827,16.269,0.01,gbprp,,,,,,,,,,,,,,GIANT,,,,,,,0,,,0,,,,,,,,,,,,,,,,,,,,,18.6517,0.027577,15.9669,0.016796,0,gaia2,bpbj,,38.7186834501,33.06673120622,343.2133656049,62.68475173352,0.18056016239,0.16788779314,0,0,488991697
0.104082,J225801.20+593512.9,344.5050033,59.5869246,428375579,344.5049996949,59.58695345401,344.505,59.587,90.0,0,,,22580120+5935131,1237663082501506802,J225801.20+593512.9,2013530352548685696,0,0,STAR,tmgaia2,tmgaia2,-3.132,0.369,-2.213,0.315,gaia2,0.4492,0.2331,gaia2,,,20.095,0.101,26.537,15.86,20.918,0.046,19.189,0.013,18.281,0.009,17.458,0.014,15.665,0.07,14.359,0.059,13.315,0.035,AAA-222-111-000-0-0,12.192,0.024,11.642,0.022,9.426,0.131,6.053,0.065,18.8784,0.005303,17.636,0.08,rered,gaia2,3928.0,137.0,,,,,1.718,,,,,,GIANT,,,2125.95,1121.69,0.5342,0.1729,0,,,0,,0.038,0.3078,panstarrs,,,,,,,,,,,729.09,1514.3,bj2018,,,dered,20.3046,0.095952,17.6937,0.022503,1,gaia2,,,6.59471246129,4.8799062886,344.50497305886,59.58694392676,0.18271174895,0.16756609366,0,0,490629278
0.097776,J225826.31+565118.1,344.609629,56.8550501,428315068,344.60961414648,56.85507601727,344.61,56.855,90.0,0,,,22582630+5651182,0,J225826.31+565118.1,2009833523884538112,0,0,STAR,tmgaia2,tmgaia2,-3.345,0.078,-2.828,0.073,gaia2,0.396,0.0455,gaia2,18.38,0.168,16.655,0.048,,,,,,,,,,,14.038,0.031,13.332,0.038,12.823,0.032,AAA-222-111-000-0-0,11.848,0.024,11.232,0.021,8.112,0.017,6.377,0.047,16.1954,0.004672,15.399,0.028,rered,gaia2,4699.0,131.0,,,,,2.623,,,,,,GIANT,,,2342.5,258.775,0.2476,0.0465,0,,,0,,0.0095,0.0835,panstarrs,,,,,,,,,,,231.53,286.02,bj2018,,,dered,16.9092,0.02106,15.3307,0.014055,1,gaia2,bpbj,,1.37636811225,1.13154396722,344.60958780485,56.85506384293,0.03888769074,0.03550026308,0,0,490619466
0.760352,J225855.57+391855.7,344.7315809,39.3154957,397702895,344.73178191893,39.31563860591,344.732,39.316,90.0,0,,647-112957,22585559+3918559,0,J225855.57+391855.7,1928578824308100480,50779886,0,STAR,tmgaia2,tmgaia2,-38.33,3.111,-28.594,3.111,hsoy,,,,14.283,0.467,12.58,0.433,,,,,,,,,,,8.724,0.041,7.966,0.046,7.7,0.024,AAA-111-111-000-0-0,7.528,0.034,7.415,0.019,6.76,0.015,6.367,0.056,12.0149,0.027532,10.909,0.034,gbprp,,,,,,,,,,,,,,GIANT,,,,,,,0,,,0,,,,,,,,,,,,,,,,,,,,,13.2613,0.128778,10.6573,0.056529,0,apassdr9,apassdr9,,51.20588074287,48.21928232933,344.73156860822,39.31551549175,0.03915946071,0.04640483045,0,0,490540963
0.087899,J230259.54+631641.3,345.7481054,63.2781579,434723827,345.74815909853,63.27816152329,345.748,63.278,90.0,0,,767-068649,23025954+6316412,0,J230259.54+631641.3,2207687411480211840,0,0,STAR,tmgaia2,tmgaia2,-0.931,0.076,-2.037,0.065,gaia2,1.1352,0.0492,gaia2,18.919,0.164,16.738,1.133,,,,,,,,,,,13.419,0.027,12.593,0.029,12.278,0.027,AAA-222-111-000-0-0,11.63,0.023,11.266,0.022,9.676,0.039,6.676,0.052,16.1954,0.007339,15.129,0.02,rered,gaia2,4560.0,136.0,,,,,1.637,,,,,,GIANT,,,861.057,36.848,0.6031,0.0323,0,,,0,,0.0304,0.0342,panstarrs,,,,,,,,,,,35.302,38.394,bj2018,,,dered,17.2718,0.030257,15.1455,0.022991,1,ucac4,bpbj,,1.38646279164,1.00515816253,345.74815018091,63.27815275468,0.0433393632,0.0367738254,0,0,491849539
0.036461,J230357.58+541153.7,345.9899327,54.1982746,314248597,345.98994990376,54.19827573815,345.99,54.198,90.0,113897,3985-00408-1,721-104061,23035758+5411537,0,J230357.58+541153.7,1996532422482551552,56455090,0,STAR,tmgaia2,tmgaia2,-2.782,0.051,-1.964,0.051,gaia2,0.5377,0.033,gaia2,9.2,0.034,8.99,0.03,,,,,,,,,,,8.329,0.02,8.198,0.017,8.073,0.014,AAA-112-111-000-0-0,7.823,0.025,7.643,0.02,7.03,0.017,6.185,0.044,8.98048,0.003226,8.78,0.008,rered,gaia2,7993.0,142.0,,,,,15.224,,,,,,GIANT,,,1765.28,105.38,0.1298,0.0061,0,,,0,,0.0032,0.0091,panstarrs,,,,,,,,,,,99.25,111.51,bj2018,,,dered,9.128,0.010773,8.71713,0.010006,1,hipvmag,tycho2b3,,0.88749854879,0.78647203647,345.98992942885,54.19826728398,0.02502767979,0.0242528048,0,0,491693208
0.169218,J230402.19+632348.7,346.0091311,63.3968659,434893323,346.00923599423,63.39686764672,346.009,63.397,90.0,113907,4282-00419-1,767-068722,23040221+6323485,0,J230402.19+632348.7,2207689919741675264,58782794,0,STAR,tmgaia2,tmgaia2,0.9,1.8,-0.1,1.8,tycho2,1.38,0.97,hip,7.775,0.0,7.64,0.03,,,,,,,,,,,6.704,0.023,6.668,0.04,6.585,0.027,AAA-111-111-000-0-0,6.521,0.073,6.369,0.025,6.071,0.015,5.321,0.034,7.53563,0.003356,7.234,0.008,gbprp,,,,,,,,,,,,,,DWARF,,,74.6399,,,,0,,,0,,,,,,,,,,,,,,,,,hip,,,,7.73444,0.003934,7.16253,0.00986,0,hipvmag,apassdr9,,32.79695368348,27.90312864601,346.00924464749,63.39686721617,0.49441657159,0.41783757113,0,0,492992170
0.114008,J230446.67+640525.2,346.1944919,64.0903547,434973137,346.19455410127,64.09037095496,346.195,64.09,90.0,0,4286-00080-1,771-060699,23044668+6405251,0,J230446.67+640525.2,2208494384295878144,0,0,STAR,tmgaia2,tmgaia2,-1.4,1.6,-4.7,1.6,tycho2,,,,8.051,0.024,7.568,0.002,,,,,,,,,,,6.33,0.024,6.145,0.034,6.021,0.021,AAA-111-111-000-0-0,6.046,0.102,5.838,0.038,5.635,0.015,5.241,0.029,7.46769,0.007416,7.067,0.01,gbprp,splin,7872.0,,,,,,2.003,,,,,,DWARF,,,82.7177,,,,568,0.0099,,0,0.000333,,,,,,,,,,,,,,,,,,,dered,7.72971,0.022481,6.96771,0.019649,0,tycho2v3,tycho2b3,,29.26213986316,24.80298881503,346.19454030624,64.09035071885,0.41717775084,0.38503786628,1,0,492996051
0.08811,J230725.05+604514.3,346.8544042,60.7539793,435274494,346.85442928714,60.754000485,346.854,60.754,90.0,0,,,23072506+6045144,0,J230725.05+604514.3,2014806340091264256,0,0,STAR,tmgaia2,tmgaia2,-2.856,0.098,-2.219,0.105,gaia2,0.3379,0.0623,gaia2,19.271,0.167,17.67,0.048,,,,,,,,,,,14.229,0.034,13.247,0.04,12.379,0.032,AAA-222-111-000-0-0,11.244,0.023,10.592,0.02,7.987,0.024,6.111,0.054,16.9894,0.002071,15.997,0.115,rered,gaia2,5646.0,135.0,3.5652,,,,2.732,,1.0,,0.0491,,DWARF,6.83226,,2696.54,488.21,0.8205,0.1779,0,,,0,,0.1141,0.2416,panstarrs,,,,,,,,,,,407.55,568.87,bj2018,,,dered,17.9322,0.017145,15.9955,0.008048,1,gaia2,bpbj,,1.76983746341,1.63344255159,346.85440411848,60.75399093016,0.04845687771,0.05797184099,1,0,493047930
0.064292,J230801.01+590458.4,347.0042148,59.0829014,314958756,347.00419470379,59.08291597141,347.004,59.083,90.0,0,4010-02404-1,746-083402,23080101+5904583,1237663229619406217,J230801.01+590458.4,2013302379987551616,57899105,0,STAR,tmgaia2,tmgaia2,-2.374,0.043,-2.046,0.039,gaia2,0.3258,0.0263,gaia2,12.726,0.488,12.646,0.044,14.773,0.004,13.618,0.003,14.575,0.011,12.657,0.001,12.509,0.004,11.497,0.02,11.254,0.019,11.152,0.017,AAA-222-111-000-0-0,10.88,0.023,10.897,0.02,10.19,0.06,7.348,0.101,12.7409,0.000736,12.183,0.129,rered,gaia2,7253.0,124.0,,,,,8.368,,,,,,GIANT,,,2807.2,211.185,0.5281,0.1741,0,,,0,,0.1732,0.175,panstarrs,,,,,,,,,,,195.83,226.54,bj2018,,,dered,13.2033,0.003518,12.1072,0.003269,1,tycho2v3,tycho2b3,,0.77490446984,0.60401882027,347.00417481416,59.0829071641,0.02314013274,0.02008776321,0,0,494023503
0.053973,J231201.40+532028.6,348.0058494,53.3413022,252741805,348.00582825084,53.34129411696,348.006,53.341,90.0,0,3998-01444-1,717-107894,23120140+5320287,0,J231201.40+532028.6,1995545679513855744,0,0,STAR,tmgaia2,tmgaia2,4.341,0.056,1.136,0.047,gaia2,1.2984,0.0324,gaia2,8.895,0.03,8.799,0.003,,,,,,,,,,,8.307,0.024,8.316,0.024,8.253,0.027,AAA-111-111-000-0-0,8.271,0.022,8.287,0.02,8.062,0.021,6.84,0.062,8.71997,0.000383,8.604,0.006,rered,gaia2,8547.0,123.0,,,,,6.312,,,,,,GIANT,,,753.887,18.541,0.0923,0.0261,0,,,0,,0.0257,0.0265,panstarrs,,,,,,,,,,,18.094,18.988,bj2018,,,dered,8.82007,0.001133,8.55757,0.002482,1,tycho2v3,tycho2b3,,0.97253265594,0.72428979921,348.00585955552,53.34129900958,0.02765024874,0.02226012801,0,0,494995620
0.099815,J231908.57+582521.6,349.7857299,58.4226936,318849816,349.78571616172,58.4226668233,349.786,58.423,90.0,0,4010-00148-1,743-088734,23190857+5825215,1237663231230541952,J231908.57+582521.6,2010442103563019392,57665914,0,STAR,tmgaia2,tmgaia2,-3.678,0.051,-2.489,0.052,gaia2,0.3149,0.0307,gaia2,13.302,0.477,12.54,0.034,14.854,0.005,13.533,0.003,12.776,0.002,12.355,0.001,12.683,0.005,11.018,0.022,10.825,0.024,10.724,0.02,AAA-222-111-000-0-0,10.644,0.022,10.665,0.021,10.231,0.064,7.116,0.075,12.5511,0.001054,12.022,0.175,rered,gaia2,,,,,,,,,,,,,,,,2886.12,259.495,1.091,0.1971,0,,,0,,0.1866,0.2076,panstarrs,,,,,,,,,,,237.14,281.85,bj2018,,,,13.0607,0.003451,11.8729,0.003725,1,tycho2v3,tycho2b3,,0.90310940075,0.80983645246,349.78568592328,58.42265610471,0.02454718636,0.02689145686,0,0,496319774
0.72871,J231917.62+600929.1,349.8234222,60.1581098,265271793,349.82303739271,60.15817543384,349.823,60.158,90.0,0,,,23191752+6009294,0,J231917.62+600929.1,2013829389656036352,0,0,STAR,tmgaia2,tmgaia2,-1.727,0.347,-1.998,0.291,gaia2,-0.4505,0.2245,gaia2,20.994,0.19,19.482,0.065,,,,,,,,,,,15.746,0.097,15.325,0.135,14.947,0.141,ABB-222-111-000-0-0,14.477,0.032,14.759,0.058,10.109,0.064,7.45,0.103,18.8222,0.004956,17.845,0.116,rered,gaia2,5960.0,258.0,3.8749,,,,1.997,,1.09,,0.1369,,DWARF,4.53218,,4834.43,1825.69,0.8718,0.1742,0,,,0,,0.324,0.0244,panstarrs,,,,,,,,,,,1489.62,2161.76,bj2018,,,dered,19.6425,0.067502,17.7368,0.01472,1,gaia2,bpbj,,6.21784963556,4.51057032653,349.82302245206,60.15816683289,0.15857931797,0.15885926675,1,0,496199122
0.023262,J232537.66+613847.9,351.4069445,61.64666,270022476,351.40694849454,61.64666617703,351.407,61.647,90.0,0,,759-072979,23253766+6138478,0,J232537.66+613847.9,2015669349341459328,58795246,0,STAR,tmgaia2,tmgaia2,-3.97,0.072,-1.98,0.068,gaia2,0.2692,0.0398,gaia2,12.861,0.219,12.223,0.046,,,,,,,,,,,10.736,0.025,10.536,0.028,10.468,0.021,AAA-222-111-000-0-0,10.383,0.023,10.415,0.02,10.187,0.068,7.245,0.077,12.0088,0.001447,11.564,0.035,rered,gaia2,8862.0,134.0,,,,,11.336,,,,,,GIANT,,,3301.28,451.43,0.6304,0.0431,0,,,0,,0.0355,0.0507,panstarrs,,,,,,,,,,,393.92,508.94,bj2018,,,dered,12.3719,0.005813,11.4476,0.003858,1,ucac4,apassdr9,,1.3069398486,1.04845253814,351.40691249799,61.64665765414,0.03508244226,0.03264633538,0,0,498414314
0.050903,J232808.19+612929.4,352.0341631,61.4915026,378049809,352.03417782649,61.49151486884,352.034,61.492,90.0,0,4280-00834-1,758-076655,23280820+6129293,0,J232808.19+612929.4,2015485662182068608,58797523,0,STAR,tmgaia2,tmgaia2,-3.913,0.045,-1.916,0.042,gaia2,0.3043,0.0282,gaia2,12.378,0.412,12.145,0.032,,,,,,,,,,,10.286,0.025,10.037,0.03,9.804,0.021,AAA-222-111-000-0-0,10.067,0.022,9.856,0.02,8.805,0.028,7.6,0.095,11.911,0.000382,11.488,0.019,rered,gaia2,8671.0,123.0,,,,,10.292,,,,,,GIANT,,,2986.37,256.47,0.5732,0.0218,0,,,0,,0.0229,0.0208,panstarrs,,,,,,,,,,,235.28,277.66,bj2018,,,dered,12.2502,0.001988,11.3754,0.001025,1,tycho2v3,tycho2b3,,0.80911408447,0.65702910837,352.03414252607,61.49150662129,0.02264397073,0.02365208948,0,0,499526665
0.200179,J232827.54+600636.6,352.1147875,60.110168,378144921,352.11486384582,60.11012744792,352.115,60.11,90.0,0,,751-082044,23282755+6006365,0,J232827.54+600636.6,2012277635148875136,58419055,0,STAR,tmgaia2,tmgaia2,3.559,0.044,-2.158,0.038,gaia2,0.9401,0.0282,gaia2,16.712,0.251,15.468,0.126,,,,,,,,,,,13.102,0.029,12.609,0.031,12.468,0.029,AAA-222-111-000-0-0,12.371,0.024,12.39,0.024,10.093,0.052,7.555,0.099,15.1305,0.005337,14.36,0.029,rered,gaia2,5158.0,136.0,3.9188,,,,1.696,,0.87,,0.1784,,DWARF,1.83421,,1032.74,30.28,0.3548,0.045,0,,,0,,0.0141,0.0759,panstarrs,,,,,,,,,,,29.41,31.15,bj2018,,,dered,15.8196,0.018756,14.3142,0.016044,1,ucac4,apassdr9,,0.77994317597,0.58542820217,352.11489459873,60.11011815494,0.02195566066,0.02123778615,1,0,499531300
0.03336,J232834.08+490819.6,352.1420359,49.1387812,25537135,352.14202419962,49.13877597725,352.142,49.139,90.0,0,,696-126045,23283408+4908196,1237663233369244158,J232834.08+490819.6,1942884260861108736,54717681,0,STAR,tmgaia2,tmgaia2,-0.831,0.031,-1.894,0.026,gaia2,2.3347,0.019,gaia2,15.624,0.055,14.278,0.16,16.921,0.008,15.322,0.005,15.192,0.012,15.526,0.013,13.212,0.005,11.627,0.023,10.908,0.024,10.617,0.021,AAA-222-111-000-0-0,10.547,0.022,10.332,0.02,7.894,0.018,5.278,0.03,13.8025,0.002202,13.017,0.007,rered,gaia2,4308.0,123.0,,,,,1.464,,,,,,GIANT,,,423.112,3.4315,0.0674,0.0063,0,,,0,,0.0078,0.0047,panstarrs,,,,,,,,,,,3.404,3.459,bj2018,,,dered,14.538,0.007144,12.9365,0.006119,1,ucac4,apassdr9,,0.52247928671,0.40862115207,352.14201872967,49.13876782266,0.01363080194,0.01230456626,0,0,499289071
0.194636,J233021.79+062531.1,352.5907941,6.4253067,405171892,352.59084393757,6.4253283888,352.591,6.425,90.0,116015,0591-01620-1,483-140381,23302180+0625312,0,J233021.79+062531.1,2757404330138782592,39773141,0,STAR,tmgaia2,tmgaia2,-15.874,0.093,-10.887,0.06,gaia2,3.0511,0.0548,gaia2,8.642,0.0,8.51,0.03,,,,,,,,,,,7.853,0.023,7.614,0.034,7.534,0.027,AAA-111-111-000-0-0,7.357,0.034,7.426,0.02,7.215,0.017,6.867,0.081,8.45952,0.000935,8.302,0.007,rered,gaia2,7992.0,130.4,3.6926,0.074,,,3.277,0.113,1.93,0.285,0.0548,0.0103,DWARF,39.47668,1.92754,324.789,5.822,0.0634,0.0045,39,0.0011,,0,0.000773,0.0058,0.0032,panstarrs,0.193,0.378,0.098,0.127,0.0089,0.0117,0.05,0.098,2.14877,1.70631,5.72,5.924,bj2018,119.1,141.8,dered,8.58052,0.002817,8.25649,0.004222,1,hipvmag,apassdr9,,1.44813021366,0.93173558904,352.59077516045,6.42528151552,0.04498935641,0.03245263315,1,0,499556394
0.0917,J233034.93+663345.5,352.6455629,66.562666,427767269,352.64561759735,66.56267924872,352.646,66.563,90.0,0,4292-00745-1,783-043427,23303493+6633457,0,J233034.93+663345.5,2210381249327114624,59439913,0,STAR,tmgaia2,tmgaia2,-2.297,0.046,-2.684,0.05,gaia2,1.0689,0.0283,gaia2,11.777,0.147,10.942,0.011,,,,,,,,,,,8.874,0.018,8.643,0.028,8.527,0.025,AAA-122-111-000-0-0,8.426,0.023,8.41,0.02,8.362,0.021,7.594,0.092,10.5687,0.000512,9.9,0.036,rered,gaia2,8736.0,124.0,,,,,9.287,,,,,,GIANT,,,911.658,23.701,0.9532,0.0442,0,,,0,,0.0496,0.0387,panstarrs,,,,,,,,,,,23.096,24.306,bj2018,,,dered,11.1881,0.002416,9.82453,0.001166,1,tycho2v3,tycho2b3,,0.85331342642,0.77758580553,352.64559273288,66.56266769084,0.02157274165,0.02518789112,0,0,499610349
0.587891,J233306.45+592955.7,353.2768925,59.4988183,251972253,353.27657172433,59.49880564105,353.277,59.499,90.0,0,,748-085699,23330638+5929557,0,J233306.45+592955.7,2011274365146008320,57913425,0,STAR,tmgaia2,tmgaia2,-1.203,0.052,-0.42,0.045,gaia2,0.6856,0.0356,gaia2,17.037,0.241,15.869,0.114,,,,,,,,,,,13.362,0.023,12.872,0.028,12.731,0.033,AAA-222-111-000-0-0,12.468,0.024,12.395,0.024,11.46,0.135,7.486,0.084,15.3996,0.000528,14.57,0.03,rered,gaia2,5746.0,123.0,3.7873,,,,2.147,,1.03,,0.1041,,DWARF,4.52707,,1401.41,71.63,0.5972,0.0453,0,,,0,,0.0477,0.0428,panstarrs,,,,,,,,,,,68.05,75.21,bj2018,,,dered,16.1553,0.00424,14.5432,0.001735,1,ucac4,apassdr9,,0.92347837321,0.70157055773,353.27656151532,59.49880383092,0.02803491304,0.02630069735,1,0,500460138
2.445299,J233306.45+592955.7,353.2768925,59.4988183,2047670801,353.27818534832,59.49899377957,353.278,59.499,90.0,0,,,,0,,2011274365141444096,0,0,STAR,gaia2,gaia2,-0.416,0.327,0.199,0.283,gaia2,0.617,0.2279,gaia2,,,19.354,0.09,,,,,,,,,,,,,,,,,,,,,,,,,,18.5764,0.009136,17.631,0.028,gbprp,gaia2,,,,,,,,,,,,,,,,1628.64,764.805,0.6459,0.24,0,,,0,,0.1272,0.3528,panstarrs,,,,,,,,,,,494.85,1034.76,bj2018,,,,19.4043,0.102384,17.3294,0.023836,0,gaia2,,,5.8402768059,4.3905966753,353.27818182161,59.49899463448,0.18305366072,0.16342907393,1,0,501046954
0.069477,J233827.08+645438.9,354.6128507,64.9108237,271530712,354.61289620926,64.91082341862,354.613,64.911,90.0,0,,775-055513,23382709+6454389,0,J233827.08+645438.9,2017049515612177920,58928707,0,STAR,tmgaia2,tmgaia2,-1.159,0.073,-0.566,0.065,gaia2,0.1865,0.0475,gaia2,16.088,0.302,14.276,0.092,,,,,,,,,,,9.677,0.023,8.898,0.047,8.344,0.024,AAA-212-111-000-0-0,6.925,0.055,5.332,0.053,2.337,0.008,0.898,0.011,13.1359,0.012648,11.806,0.027,rered,gaia2,5102.0,185.0,,,,,52.639,,,,,,GIANT,,,4395.19,944.295,1.1863,0.0389,0,,,0,,0.0309,0.0469,panstarrs,,,,,,,,,,,770.02,1118.57,bj2018,,,dered,14.5514,0.043839,11.9333,0.038719,1,ucac4,apassdr9,,1.34185233157,1.00238714629,354.6128844374,64.91082098293,0.03996889997,0.03732060652,0,0,501512256
0.060203,J234306.55+630048.9,355.7773211,63.0135987,272144585,355.77734329621,63.01358535054,355.777,63.014,90.0,0,,,23430655+6300490,0,J234306.55+630048.9,2016218594060124032,0,0,STAR,tmgaia2,tmgaia2,-0.386,0.101,-1.817,0.082,gaia2,1.2628,0.0642,gaia2,19.849,0.164,18.111,0.064,,,,,,,,,,,13.967,0.032,12.999,0.034,12.449,0.028,AAA-222-111-000-0-0,11.433,0.022,10.85,0.021,9.161,0.023,7.324,0.089,16.8696,0.009373,15.63,0.061,rered,gaia2,3848.0,128.0,,,,,1.574,,,,,,GIANT,,,776.749,39.785,0.475,0.1346,0,,,0,,0.1846,0.0846,panstarrs,,,,,,,,,,,37.788,41.782,bj2018,,,dered,18.297,0.037918,15.6588,0.028985,1,gaia2,bpbj,,1.83687968057,1.27277603882,355.77733962954,63.01357752635,0.05460054414,0.04536834942,0,0,502492781
0.178341,J234447.79+620336.1,356.1991521,62.0600299,2048031674,356.19905370142,62.06004802501,356.199,62.06,90.0,0,,,,0,,2012926548876614016,0,0,STAR,gaia2,gaia2,-3.807,0.129,-1.454,0.095,gaia2,0.3854,0.081,gaia2,,,17.469,0.047,,,,,,,,,,,,,,,,,,,,,,,,,,17.0555,0.002898,16.287,0.025,rered,gaia2,5889.0,138.0,,,,,,,,,,,,,,2402.03,514.605,0.5394,0.0373,0,,DUPLICATE,272531834,,0.0297,0.045,panstarrs,,,,,,,,,,,415.69,613.52,bj2018,,,dered,17.6868,0.014488,16.1947,0.013026,1,gaia2,,,2.34302992267,1.47691423191,356.19901871663,62.06004176581,0.07610179093,0.05182872553,1,0,504079487
0.178341,J234447.79+620336.1,356.1991521,62.0600299,272531834,356.19905370142,62.06004802501,356.199,62.06,90.0,0,,,23444781+6203360,0,J234447.79+620336.1,2012926548876614016,0,0,STAR,gaia2,gaia2,-3.807,0.129,-1.454,0.095,gaia2,0.3854,0.081,gaia2,18.257,0.074,17.469,0.047,,,,,,,,,,,14.71,0.043,14.053,0.055,13.322,0.039,AAA-222-111-000-0-0,12.951,0.023,12.635,0.025,10.6,0.053,6.65,0.058,17.0555,0.002898,16.287,0.025,rered,gaia2,5889.0,138.0,,,,,,,,,,,,,,2402.03,514.605,0.5394,0.0373,0,,SPLIT,0,,0.0297,0.045,panstarrs,,,,,,,,,,,415.69,613.52,bj2018,,,dered,17.6868,0.014488,16.1947,0.013026,1,gaia2,bpbj,,2.34302992267,1.47691423191,356.19901871663,62.06004176581,0.07610179093,0.05182872553,1,0,503412956
1.92295,J234447.79+620336.1,356.1991521,62.0600299,2048031682,356.20020930411,62.05983003283,356.2,62.06,90.0,0,,,,0,,2012926553174752000,0,0,STAR,gaia2,gaia2,-1.191,0.314,-2.019,0.216,gaia2,0.6519,0.1897,gaia2,,,18.772,0.063,,,,,,,,,,,,,,,,,,,,,,,,,,18.2224,0.001817,17.397,0.025,gbprp,gaia2,,,,,,,,,,,,,,,,1548.8,606.055,0.4839,0.0823,0,,,272531834,,0.1028,0.0619,panstarrs,,,,,,,,,,,410.46,801.65,bj2018,,,,18.9255,0.070293,17.1928,0.005657,0,gaia2,,,5.69138958041,3.35234405097,356.20019836226,62.05982134069,0.17526507839,0.1181036279,1,0,504079495
0.07972,J234506.28+620909.6,356.2761776,62.1526817,272531413,356.2761493345,62.15269947787,356.276,62.153,90.0,0,,761-073984,23450627+6209097,1237649769182134665,J234506.28+620909.6,2012928236801826176,0,0,STAR,tmgaia2,tmgaia2,-3.816,0.093,-1.443,0.071,gaia2,0.2607,0.0595,gaia2,18.7,0.168,16.994,0.046,23.041,0.943,20.697,0.047,16.982,0.005,16.903,0.006,16.818,0.015,14.218,0.03,13.572,0.042,13.108,0.037,AAA-222-111-000-0-0,12.171,0.025,11.706,0.022,9.148,0.027,6.112,0.04,16.4696,0.001613,15.601,0.041,rered,gaia2,5643.0,127.0,,,,,3.388,,,,,,GIANT,,,3327.2,689.505,0.6326,0.0635,0,,,0,,0.0682,0.0588,panstarrs,,,,,,,,,,,564.37,814.64,bj2018,,,dered,17.2674,0.009978,15.5758,0.005242,1,gaia2,bpbj,,1.69093911518,1.10759847675,356.27611416321,62.15269326354,0.04901457391,0.03871493855,0,0,503412535
0.077311,J234654.83+594823.5,356.7284643,59.8065462,346007710,356.72850605658,59.80654170783,356.728,59.807,90.0,0,,,23465483+5948235,1237649769181086556,J234654.83+594823.5,2011530237820285312,0,0,STAR,tmgaia2,tmgaia2,-2.44,0.204,-1.616,0.162,gaia2,0.2261,0.1293,gaia2,19.27,0.169,18.212,0.047,22.282,0.498,18.945,0.011,17.807,0.008,17.995,0.013,16.896,0.016,14.993,0.035,14.002,0.033,13.007,0.032,AAA-222-111-000-0-0,11.869,0.023,11.334,0.02,9.128,0.025,6.407,0.047,17.6254,0.002038,16.706,0.055,rered,gaia2,6382.0,138.0,3.9462,,,,1.993,,1.28,,0.1616,,DWARF,5.93778,,3168.47,1144.25,0.8813,0.0789,0,,,0,,0.0965,0.0612,panstarrs,,,,,,,,,,,858.27,1430.23,bj2018,,,dered,18.46,0.016904,16.6672,0.007969,1,gaia2,bpbj,,3.64857110644,2.51724271353,356.72848516708,59.80653474868,0.09926012105,0.09336917695,1,0,503581395
1.415512,J234654.83+594823.5,356.7284643,59.8065462,2047722745,356.72774909684,59.80638737169,356.728,59.806,90.0,0,,,,0,,2011530207753544704,0,0,STAR,gaia2,gaia2,,,,,,,,,,,,,,,,,,,,,,,,,,,,,,,,,,,,,,20.8918,0.034684,20.462,0.6,goffs,,,,,,,,,,,,,,,,,,,,,0,,,0,,,,,,,,,,,,,,,,,,,,,,0.0,,0.0,0,,,,7.13173978675,8.57111309729,356.72774909684,59.80638737169,7.13173978675,8.57111309729,0,0,504041217
0.096709,J235117.42+600156.6,357.8226247,60.0323923,470746456,357.82263558675,60.03241860748,357.823,60.032,90.0,0,,751-084496,23511742+6001568,0,J235117.42+600156.6,2011584049469395328,58431209,0,STAR,tmgaia2,tmgaia2,-3.412,0.034,-1.795,0.028,gaia2,0.2986,0.0228,gaia2,16.222,0.37,15.086,0.16,,,,,,,,,,,12.519,0.023,12.218,0.03,12.059,0.022,AAA-222-111-000-0-0,11.921,0.023,11.913,0.021,10.238,0.056,7.412,0.089,14.5218,0.000775,13.736,0.026,rered,gaia2,7003.0,124.0,,,,,6.148,,,,,,GIANT,,,3038.07,214.21,0.8203,0.0347,0,,,0,,0.0352,0.0342,panstarrs,,,,,,,,,,,199.6,228.82,bj2018,,,dered,15.2306,0.005601,13.6891,0.001777,1,ucac4,apassdr9,,0.60398814633,0.4386337886,357.82260617371,60.03241087776,0.01799574032,0.01535912188,0,0,504747184
0.04609,J235510.36+722736.9,358.7931926,72.460274,426142205,358.79321545584,72.46028479213,358.793,72.46,90.0,117928,4487-00709-1,813-034455,23551033+7227370,0,J235510.36+722736.9,2227793527780746880,0,0,STAR,tmgaia2,tmgaia2,-1.505,0.052,-2.644,0.041,gaia2,1.246,0.0262,gaia2,9.05,0.031,8.95,0.03,,,,,,,,,,,8.426,0.027,8.353,0.024,8.109,0.027,AAA-111-111-000-0-0,7.771,0.025,7.466,0.02,6.648,0.015,5.781,0.041,8.86932,0.001788,8.738,0.01,rered,gaia2,9248.0,143.0,,,,,6.286,,,,,,GIANT,,,784.738,16.2525,0.1973,0.0097,0,,,0,,0.0047,0.0147,panstarrs,,,,,,,,,,,15.922,16.583,bj2018,,,dered,8.97956,0.005393,8.66817,0.006245,1,hipvmag,tycho2b3,,0.99761547345,0.64259123276,358.79319396069,72.46027340885,0.02366493971,0.02149418881,0,0,505685562
0.246954,J235953.92+660910.2,359.9746774,66.152853,470879727,359.97464183925,66.15292007481,359.975,66.153,90.0,0,,781-046217,23595387+6609102,0,J235953.92+660910.2,2017590612770292096,59251459,0,STAR,tmgaia2,tmgaia2,7.746,0.05,-9.071,0.043,gaia2,1.1689,0.0291,gaia2,16.779,0.123,15.912,0.126,,,,,,,,,,,13.087,0.021,12.61,0.03,12.408,0.031,AAA-222-111-000-0-0,12.356,0.023,12.375,0.023,11.245,0.136,7.6,0.088,15.2308,0.004638,14.382,0.06,rered,gaia2,6123.0,143.0,4.2107,,,,1.399,,1.16,,0.4234,,DWARF,2.47951,,835.483,20.467,0.7147,0.0886,0,,,0,,0.1038,0.0735,panstarrs,,,,,,,,,,,19.975,20.959,bj2018,,,dered,15.9983,0.0146,14.3473,0.017196,1,ucac4,apassdr9,,0.92138707343,0.66509291907,359.97472433007,66.15288102086,0.02376275363,0.02252728676,1,0,506810650
2.145065,J235953.92+660910.2,359.9746774,66.152853,2049109911,359.97455857286,66.15225908851,359.975,66.152,90.0,0,,,,0,,2017590612770292224,0,0,STAR,gaia2,gaia2,-0.04,0.963,-1.581,0.594,gaia2,-1.9868,0.5241,gaia2,,,19.912,0.111,,,,,,,,,,,,,,,,,,,,,,,,,,19.8251,0.010425,19.502,0.156,gbprp,gaia2,,,,,,,,,,,,,,,,5027.28,2342.73,1.1079,0.1024,0,,,0,,0.1409,0.064,schlegel,,,,,,,,,,,1875.02,2810.43,bj2018,,,,18.5633,0.436651,17.9509,0.143932,0,gaia2,,,17.82257785308,9.21537370753,359.97455814776,66.15225228173,0.47806457356,0.32340955099,0,1,507240457
0.071709,J000419.19-303934.9,1.0799689,-30.6597007,70763273,1.07999202009,-30.65969959059,1.08,-30.66,90.0,0,,297-000087,00041919-3039348,0,J000419.19-303934.9,2320576606760880640,14970112,0,STAR,tmgaia2,tmgaia2,-5.173,0.08,-10.344,0.075,gaia2,0.3243,0.0483,gaia2,16.063,0.097,14.849,0.126,,,,,,,,,,,10.514,0.024,9.08,0.025,8.232,0.023,AAA-222-111-000-0-0,7.035,0.047,6.584,0.023,4.047,0.015,2.819,0.023,13.2287,0.007541,12.173,0.01,rered,gaia2,3596.0,125.0,,,,,20.302,,,,,,GIANT,,,2659.0,334.38,0.0172,0.0044,0,,,0,,0.0056,0.0032,panstarrs,,,,,,,,,,,296.51,372.25,bj2018,,,dered,14.5318,0.031207,12.1206,0.02318,1,ucac4,apassdr9,,1.28448223907,1.15601792281,1.07996612678,-30.65974412597,0.03723590339,0.0329496551,0,0,507679026
0.055467,J000432.31+580853.9,1.1346658,58.1483094,347107867,1.1346383129,58.14831459414,58.148,1.135,0.0,0,,,00043229+5808540,0,J000432.31+580853.9,422693059030350336,0,0,STAR,tmgaia2,tmgaia2,5.873,2.222,-2.887,2.222,hsoy,,,,20.371,0.162,18.184,0.121,,,,,,,,,,,13.628,0.026,12.863,0.036,12.348,0.024,AAA-222-111-000-0-0,11.442,0.023,10.755,0.021,8.393,0.02,6.38,0.047,17.1659,0.00592,16.123,0.034,gbprp,,,,,,,,,,,,,,GIANT,,,,,,,0,,,0,,,,,,,,,,,,,,,,,,,,,18.207,0.132664,15.8235,0.023133,0,gaia2,bpbj,,39.40564955476,34.43754352284,1.13468622844,58.148302165,0.16544648944,0.16978110019,1,0,1189700
0.071086,J000602.26+650201.4,1.5094245,65.0337268,406845426,1.50938186811,65.03371866882,65.034,1.509,0.0,0,,,00060222+6502016,0,J000602.26+650201.4,432123978279620736,0,0,STAR,tmgaia2,tmgaia2,,,,,,,,,,,20.21,0.162,,,,,,,,,,,15.857,0.095,15.584,0.134,15.188,0.159,ABC-222-111-000-0-0,13.294,0.024,11.889,0.021,8.196,0.021,6.581,0.058,19.4394,0.040356,18.497,0.049,gbprp,,,,,,,,,,,,,,,,,,,,,0,,,0,,,,,,,,,,,,,,,,,,,,,20.0458,0.181233,17.9806,0.100175,0,gaia2,,,0.29973549781,0.20289935661,1.50938186811,65.03371866882,0.29973549781,0.20289935661,1,0,1330658
0.117453,J000904.86+581647.9,2.270271,58.279993,396300606,2.27022007154,58.28001164006,58.28,2.27,0.0,0,,742-001440,00090485+5816480,0,J000904.86+581647.9,422870973755916800,58070727,0,STAR,tmgaia2,tmgaia2,7.795,0.031,-2.822,0.025,gaia2,2.231,0.0238,gaia2,15.632,0.1,14.499,0.103,,,,,,,,,,,11.7,0.024,10.905,0.028,10.35,0.02,AAA-222-111-000-0-0,9.649,0.022,9.096,0.02,7.92,0.018,5.621,0.033,13.8266,0.002184,13.021,0.007,rered,gaia2,4513.0,123.0,,,,,1.533,,,,,,GIANT,,,442.562,4.7065,0.1879,0.025,0,,,0,,0.0298,0.0202,panstarrs,,,,,,,,,,,4.658,4.755,bj2018,,,dered,14.5832,0.007045,12.9697,0.0054,1,ucac4,apassdr9,,0.54748741889,0.39080816416,2.27028390143,58.27999949187,0.0158799465,0.01522078814,0,0,2296430
0.774304,J001520.86+631705.6,3.836924,63.2849133,83808653,3.83733233547,63.28480121229,63.285,3.837,0.0,0,,,00152098+6317053,0,J001520.86+631705.6,431392906121976448,0,0,STAR,tmgaia2,tmgaia2,-1.454,0.2,0.081,0.184,gaia2,0.2764,0.1245,gaia2,19.974,0.171,18.673,0.066,,,,,,,,,,,15.675,0.059,15.053,0.075,14.659,0.077,AAA-222-111-000-0-0,14.588,0.028,14.855,0.05,10.372,0.05,7.646,0.099,18.0854,0.013844,17.174,0.067,rered,gaia2,4908.0,198.0,,,,,1.713,,,,,,GIANT,,,3021.01,1147.77,0.4923,0.1115,0,,,0,,0.091,0.132,panstarrs,,,,,,,,,,,829.14,1466.4,bj2018,,,dered,18.8842,0.055646,17.0897,0.046413,1,gaia2,bpbj,,3.64735661851,2.86053290888,3.83731840846,63.28480156087,0.1051717691,0.09345167071,0,0,3110210
0.119472,J001757.92+612606.8,4.4913469,61.4352248,84165888,4.49140827969,61.43520930788,61.435,4.491,0.0,0,,,00175794+6126068,0,J001757.92+612606.8,429681451858945408,0,0,STAR,tmgaia2,tmgaia2,-1.09,0.101,0.082,0.079,gaia2,0.2953,0.0701,gaia2,18.655,0.163,17.363,0.047,,,,,,,,,,,14.481,0.031,14.057,0.034,13.809,0.048,AAA-222-111-000-0-0,13.509,0.023,13.609,0.03,10.409,0.056,7.727,0.108,16.8108,0.002338,15.919,0.139,rered,gaia2,5568.0,133.0,3.5597,,,,2.721,,0.98,,0.0486,,DWARF,6.41346,,2976.4,660.78,0.6482,0.2174,0,,,0,,0.3096,0.1253,panstarrs,,,,,,,,,,,533.37,788.19,bj2018,,,dered,17.6237,0.014812,15.8865,0.010151,1,gaia2,bpbj,,1.81673636175,1.22619045188,4.4913984648,61.43520966152,0.05598199308,0.04352849507,1,0,4032438
0.049038,J002121.04+623736.9,5.3376938,62.6269255,428414250,5.33771382755,62.62691546228,62.627,5.338,0.0,0,,,00212104+6237369,0,J002121.04+623736.9,430604968604949760,0,0,STAR,tmgaia2,tmgaia2,-2.658,2.258,-4.65,2.259,hsoy,,,,20.279,0.168,19.43,0.06,,,,,,,,,,,15.168,0.038,14.363,0.05,13.959,0.047,AAA-222-111-000-0-0,13.175,0.024,12.557,0.024,9.898,0.06,7.306,0.079,18.3444,0.007842,17.278,0.013,gbprp,,,,,,,,,,,,,,DWARF,,,,,,,0,,,0,,,,,,,,,,,,,,,,,,,,,19.425,0.04289,16.962,0.011979,0,gaia2,bpbj,,41.01310481018,35.04504939192,5.33768894044,62.62689544295,1.74571108768,1.42919006133,0,0,5220564
0.057515,J002142.71+632242.8,5.4279828,63.378572,428411390,5.4280157401,63.37856588605,63.379,5.428,0.0,0,,767-004615,00214271+6322428,0,J002142.71+632242.8,431027838208432512,59117658,0,STAR,tmgaia2,tmgaia2,-1.894,0.043,-0.026,0.037,gaia2,0.1912,0.0328,gaia2,16.549,0.129,15.82,0.183,,,,,,,,,,,12.45,0.019,11.584,0.026,10.81,0.021,AAA-222-111-000-0-0,9.642,0.023,8.971,0.02,7.726,0.019,6.807,0.055,14.9247,0.00221,14.052,0.071,rered,gaia2,6507.0,128.0,,,,,8.733,,,,,,GIANT,,,4383.35,641.865,0.8401,0.1015,0,,,0,,0.0927,0.1103,panstarrs,,,,,,,,,,,556.27,727.46,bj2018,,,dered,15.7157,0.008406,14.0133,0.006853,1,ucac4,apassdr9,,0.792383726,0.57491464343,5.42799754168,63.37856577281,0.02240292524,0.02079325009,0,0,5217704
0.041768,J002247.65+611141.0,5.6985614,61.1947482,406963239,5.69858537043,61.19474709895,61.195,5.699,0.0,0,,756-004072,00224766+6111411,0,J002247.65+611141.0,428909251100205824,58228912,0,STAR,tmgaia2,tmgaia2,-2.382,0.068,-1.5,0.052,gaia2,0.5436,0.0432,gaia2,15.022,0.133,15.157,0.126,,,,,,,,,,,12.284,0.023,11.298,0.027,10.344,0.022,AAA-222-111-000-0-0,9.338,0.023,8.753,0.02,7.086,0.019,4.914,0.033,14.218,0.003342,13.67,0.009,rered,gaia2,6457.0,134.0,3.7223,,,,2.609,,1.31,,0.0737,,DWARF,10.6627,,1749.69,135.685,0.3367,0.0081,0,,,0,,0.0084,0.0078,panstarrs,,,,,,,,,,,125.46,145.91,bj2018,,,dered,14.6474,0.013269,13.5899,0.008634,1,ucac4,apassdr9,,1.22383629975,0.80817216885,5.69856408874,61.19474064131,0.03506737933,0.0290262043,1,0,5135717
0.048364,J002317.87+601408.2,5.8244743,60.2356113,444333194,5.82445731589,60.23562175902,60.236,5.824,0.0,1840,4015-02887-1,752-004383,00231786+6014082,0,J002317.87+601408.2,428717832994783744,58229260,0,STAR,tmgaia2,tmgaia2,1.46,0.049,-6.875,0.045,gaia2,3.1211,0.0375,gaia2,9.365,1.317,7.6,0.03,,,,,,,,,,,6.983,0.032,6.958,0.036,6.819,0.021,AAA-111-111-000-0-0,6.803,0.058,6.799,0.019,6.694,0.015,6.003,0.04,7.52694,0.000275,7.361,0.006,rered,gaia2,8892.0,123.0,,,,,5.051,,,,,,GIANT,,,317.527,3.8085,0.2101,0.1122,0,,,0,,0.183,0.0415,panstarrs,,,,,,,,,,,3.764,3.853,bj2018,,,dered,7.6746,0.00105,7.30467,0.001352,1,hipvmag,apassdr9,,0.88735763347,0.70055207268,5.82446997703,60.23559215721,0.02723407468,0.02619527963,0,0,5274723
0.102178,J002629.21+600127.9,6.6217328,60.0244216,419245734,6.62169378771,60.02444223137,60.024,6.622,0.0,0,4015-03211-1,751-004407,00262920+6001278,0,J002629.21+600127.9,428698007425928448,58231673,0,STAR,tmgaia2,tmgaia2,-1.835,0.04,-0.99,0.037,gaia2,0.2603,0.0284,gaia2,12.701,0.33,12.026,0.023,,,,,,,,,,,10.048,0.027,9.715,0.032,9.43,0.024,AAA-222-111-000-0-0,9.638,0.024,9.474,0.019,8.907,0.024,7.042,0.06,11.7041,0.002004,11.232,0.024,rered,gaia2,9563.0,156.0,,,,,14.101,,,,,,GIANT,,,3410.75,338.845,0.7447,0.0275,0,,,0,,0.03,0.0251,panstarrs,,,,,,,,,,,306.87,370.82,bj2018,,,dered,12.1143,0.004464,11.1186,0.008524,1,tycho2v3,tycho2b3,,0.72105632653,0.57296233055,6.62167797817,60.02443796702,0.02065749484,0.02025776118,0,0,6160926
0.054089,J002745.51+651622.7,6.9396571,65.2729983,279059100,6.93966337683,65.27301309361,65.273,6.94,0.0,0,,777-001452,00274552+6516228,0,J002745.51+651622.7,527365672637608448,59256213,0,STAR,tmgaia2,tmgaia2,0.694,2.225,2.068,2.225,hsoy,,,,17.451,0.242,16.348,0.206,,,,,,,,,,,13.108,0.028,12.604,0.037,12.234,0.029,AAA-222-111-000-0-0,11.593,0.023,10.972,0.021,8.626,0.028,7.082,0.084,15.5333,0.003428,14.662,0.007,gbprp,,,,,,,,,,,,,,GIANT,,,,,,,0,,,0,,,,,,,,,,,,,,,,,,,,,16.4186,0.010569,14.5609,0.009366,0,ucac4,apassdr9,,40.96361556594,34.49298218228,6.93967051589,65.27302199617,0.33638215397,0.3486584844,1,0,5979888
0.02212,J002816.54+595930.1,7.068926,59.991699,366189404,7.06891448292,59.99169686075,59.992,7.069,0.0,0,,750-004609,00281654+5959301,0,J002816.54+595930.1,428529094954259584,0,0,STAR,tmgaia2,tmgaia2,-0.981,0.079,-0.153,0.077,gaia2,-0.009,0.0545,gaia2,19.633,0.233,16.739,0.217,,,,,,,,,,,10.37,0.021,8.959,0.028,8.182,0.02,AAA-221-111-000-0-0,7.464,0.032,7.573,0.019,6.892,0.016,6.623,0.054,14.2364,0.005731,12.623,0.01,rered,gaia2,3233.0,123.0,,,,,,,,,,,,,,7313.1,1762.16,0.6358,0.0192,0,,,0,,0.0176,0.0209,panstarrs,,,,,,,,,,,1498.26,2026.05,bj2018,,,dered,16.6174,0.026501,12.8457,0.016405,1,ucac4,bpbj,,1.41983281916,1.18758804965,7.06890603818,59.99169620261,0.03902589247,0.04032579193,0,0,7068442
0.075738,J003000.90+652553.2,7.5037532,65.4314672,279285989,7.50374061977,65.43148757763,65.431,7.504,0.0,0,,778-001376,00300089+6525533,0,J003000.90+652553.2,527360312518603776,59256776,0,STAR,tmgaia2,tmgaia2,-1.064,0.037,-2.939,0.03,gaia2,1.3259,0.0254,gaia2,15.993,0.069,14.999,0.16,,,,,,,,,,,11.794,0.024,10.991,0.032,10.392,0.019,AAA-222-111-000-0-0,9.463,0.023,8.942,0.02,7.295,0.021,5.631,0.043,14.1002,0.001401,13.182,0.022,rered,gaia2,4949.0,123.0,,,,,2.645,,,,,,GIANT,,,738.446,13.989,0.5158,0.0353,0,,,0,,0.0392,0.0315,panstarrs,,,,,,,,,,,13.729,14.249,bj2018,,,dered,14.9721,0.005195,13.1657,0.004861,1,ucac4,apassdr9,,0.68142497292,0.46054072418,7.50372960065,65.43147492494,0.01671535466,0.01755944909,0,0,6969458
0.498266,J003503.75+662147.7,8.7656546,66.3632636,397805374,8.76561217101,66.36340095789,66.363,8.766,0.0,0,,782-001230,00350375+6621480,0,J003503.75+662147.7,527714282243771136,0,0,STAR,tmgaia2,tmgaia2,5.621,2.42,-3.916,2.42,hsoy,,,,18.869,0.162,16.588,0.172,,,,,,,,,,,12.067,0.024,10.863,0.033,9.979,0.023,AAA-222-111-000-0-0,8.766,0.023,7.775,0.02,5.709,0.015,3.351,0.02,16.1024,0.018369,14.96,0.019,gbprp,,,,,,,,,,,,,,GIANT,,,,,,,0,,,0,,,,,,,,,,,,,,,,,,,,,17.4262,0.054102,14.6878,0.047251,0,ucac4,bpbj,,44.82118400934,37.50893309341,8.76567253695,66.3633840967,0.17043709026,0.15688454339,1,0,8006736
0.622285,J003503.75+662147.7,8.7656546,66.3632636,608138215,8.76566355613,66.36309078027,66.363,8.766,0.0,0,,,,0,,527714286543677824,0,0,STAR,gaia2,gaia2,,,,,,,,,,,,,,,,,,,,,,,,,,,,,,,,,,,,,,19.2753,0.0147,18.845,0.6,goffs,,,,,,,,,,,,,,,,,,,,,0,,,0,,,,,,,,,,,,,,,,,,,,,,0.0,,0.0,0,,,,2.82596964685,0.84081620739,8.76566355613,66.36309078027,2.82596964685,0.84081620739,0,0,8538192
0.044036,J003939.39+614202.9,9.9141633,61.7008269,284443090,9.91414341856,61.7008191031,61.701,9.914,0.0,0,4016-00588-1,759-006605,00393940+6142030,0,J003939.39+614202.9,427272524963199616,58465083,0,STAR,tmgaia2,tmgaia2,3.411,0.053,-0.771,0.05,gaia2,1.6844,0.0365,gaia2,8.622,0.027,8.533,0.002,,,,,,,,,,,8.128,0.026,8.208,0.053,8.049,0.026,AAA-111-111-000-0-0,7.954,0.03,7.859,0.025,7.275,0.02,6.462,0.048,8.47027,0.000437,8.399,0.016,rered,gaia2,10642.0,378.6,3.4916,0.0675,,,4.94,0.158,2.76,0.358,0.0229,0.0038,DWARF,281.95877,35.6236,584.021,12.5465,0.2226,0.0163,937,0.067,,0,5.2e-05,0.0211,0.0115,panstarrs,0.273,0.444,0.114,0.202,0.0041,0.0036,0.0837,0.0512,45.1232,26.124,12.282,12.811,bj2018,496.8,260.5,dered,8.55228,0.00115,8.32879,0.001182,1,tycho2v3,tycho2b3,,0.96368062109,0.76910576551,9.91417440118,61.70081578278,0.02692298901,0.0259383882,1,0,8918245
0.031738,J004255.80+612347.1,10.732512,61.3964219,420026859,10.73253013841,61.39642342142,61.396,10.733,0.0,0,,,00425580+6123470,0,J004255.80+612347.1,427206485544598400,0,0,STAR,tmgaia2,tmgaia2,-2.625,0.26,-2.114,0.223,gaia2,0.3012,0.1822,gaia2,20.252,0.165,19.316,0.066,,,,,,,,,,,14.322,0.038,13.236,0.038,12.541,0.026,AAA-222-111-000-0-0,11.405,0.023,10.386,0.02,7.346,0.017,4.898,0.03,18.0593,0.007486,16.712,0.037,rered,gaia2,5023.0,168.0,,,,,3.442,,,,,,GIANT,,,2660.12,1192.19,1.1887,0.0601,0,,,0,,0.0544,0.0658,panstarrs,,,,,,,,,,,839.77,1544.6,bj2018,,,dered,19.3993,0.046145,16.7444,0.020327,1,gaia2,bpbj,,4.68323715729,3.45188974891,10.73250653058,61.39641431758,0.14649891121,0.1256400837,0,0,9966591
0.014428,J004518.17-731525.0,11.325709,-73.2569617,180213004,11.325696575,-73.2569635027,11.326,-73.257,90.0,0,,084-001719,00451815-7315251,0,J004518.17-731525.0,4685852102125010944,33493537,0,STAR,tmgaia2,tmgaia2,0.675,0.12,-1.599,0.112,gaia2,-0.3623,0.0619,gaia2,,,14.672,0.046,,,,,,,,,,,12.323,0.026,11.78,0.028,11.624,0.023,AAA-222-111-000-0-0,11.452,0.023,11.576,0.021,11.038,0.168,7.077,0.084,14.3561,0.001242,13.703,0.006,rered,gaia2,7475.0,125.0,,,,,15.214,,,,,,GIANT,,,8962.4,1474.16,0.7173,0.0,0,,,0,,0.0,-0.0,schlegel,,,,,,,,,,,1347.01,1601.3,bj2018,,,dered,14.8419,0.003476,13.5504,0.005607,1,gaia2,,,2.31029592301,1.73169286356,11.32570665655,-73.25697038802,0.057303337,0.05632832978,0,0,510698508
2.088911,J004518.17-731525.0,11.325709,-73.2569617,612975177,11.32585397467,-73.25638295197,11.326,-73.256,90.0,0,,,,0,,4685852102139246976,0,0,STAR,gaia2,gaia2,0.634,0.061,-0.931,0.064,gaia2,-0.188,0.0349,gaia2,,,13.795,0.046,,,,,,,,,,,,,,,,,,,,,,,,,,13.7703,0.001874,13.951,0.009,gbprp,gaia2,,,,,,,,,,,,,,,,11601.0,1814.18,0.7177,0.0,0,,,0,,-0.0,0.0,schlegel,,,,,,,,,,,1659.35,1969.0,bj2018,,,,13.5486,0.01758,13.7759,0.027872,0,gaia2,,,1.17663003404,0.98904751952,11.32586344327,-73.25638695977,0.03280860421,0.03271529803,0,0,510945791
0.037873,J010054.10+550400.0,15.2254232,55.0666748,312857575,15.22544144922,55.06667601427,55.067,15.225,0.0,0,,726-008737,01005410+5504001,0,J010054.10+550400.0,423384961080344960,56858640,0,STAR,tmgaia2,tmgaia2,-1.305,0.048,-1.298,0.043,gaia2,0.3299,0.0417,gaia2,15.899,0.143,15.407,0.16,,,,,,,,,,,12.872,0.024,11.984,0.015,11.158,0.021,AAA-222-111-000-0-0,9.725,0.023,8.892,0.019,7.057,0.016,5.528,0.028,14.8117,0.006381,14.196,0.012,rered,gaia2,5619.0,148.0,,,,,3.708,,,,,,GIANT,,,2738.99,319.98,0.243,0.012,0,,,0,,0.0107,0.0133,panstarrs,,,,,,,,,,,284.88,355.08,bj2018,,,dered,15.3108,0.022664,14.1216,0.016333,1,ucac4,apassdr9,,0.83867262693,0.67001052329,15.22543163729,55.06667042394,0.02737083243,0.02499331052,0,0,14605260
0.018263,J010507.84+591738.8,16.2826937,59.2941299,252151836,16.28268402136,59.29413104533,59.294,16.283,0.0,0,,,01050786+5917389,0,J010507.84+591738.8,426176548085984000,0,0,STAR,tmgaia2,tmgaia2,-2.274,0.082,-0.878,0.089,gaia2,0.1901,0.0713,gaia2,17.851,0.075,17.258,0.046,,,,,,,,,,,14.939,0.041,14.532,0.057,14.242,0.064,AAA-222-111-000-0-0,13.365,0.025,12.879,0.027,10.033,0.068,7.034,0.099,16.9053,0.001253,16.197,0.02,rered,gaia2,5899.0,126.0,,,,,,,,,,,,,,3862.9,988.975,0.4497,0.0286,0,,SPLIT,0,,0.0181,0.039,panstarrs,,,,,,,,,,,792.53,1185.42,bj2018,,,dered,17.4897,0.008702,16.1182,0.004312,1,gaia2,bpbj,,1.45833167361,1.37576723416,16.28266484323,59.29412726325,0.04321908461,0.04993120986,1,0,15490945
1.188118,J010507.84+591738.8,16.2826937,59.2941299,514012516,16.28326396513,59.29428523006,59.294,16.283,0.0,0,,,,0,,426176552384791424,0,0,STAR,tmgaia2,tmgaia2,,,,,,,,,,,,,,,,,,,,,,,,,,,,,,,,,,,,,,20.6974,0.010698,20.267,0.6,goffs,,,,,,,,,,,,,,,,,,,,,0,,,252151836,,,,,,,,,,,,,,,,,,,,,,0.0,,0.0,0,,,,2.07725628194,2.27319813246,16.28326396513,59.29428523006,2.07725628194,2.27319813246,0,0,15653534
0.571238,J011102.40-724533.0,17.7600009,-72.7591816,613813340,17.75983900154,-72.75933284785,17.76,-72.759,90.0,0,,,,0,,4687248103927865728,0,0,STAR,gaia2,gaia2,0.569,0.304,-1.466,0.216,gaia2,0.0627,0.1336,gaia2,,,17.533,0.046,,,,,,,,,,,,,,,,,,,,,,,,,,17.5151,0.002648,17.537,0.019,gbprp,gaia2,,,,,,,,,,,,,,,,3272.85,920.36,0.0876,0.0,0,,,0,,0.0,0.0,schlegel,,,,,,,,,,,758.78,1081.94,bj2018,,,,16.9604,0.053467,16.9439,0.025815,0,gaia2,,,5.85460674952,3.35673823143,17.75984726799,-72.75933916044,0.14078803207,0.11021031816,1,1,514411735
0.954828,J011102.40-724533.0,17.7600009,-72.7591816,613813341,17.76084596438,-72.75909434862,17.761,-72.759,90.0,0,,,,0,,4687248103927865984,0,0,STAR,gaia2,gaia2,-1.436,1.923,6.069,1.449,gaia2,-1.7286,0.9476,gaia2,,,,,,,,,,,,,,,,,,,,,,,,,,,,,,19.3657,0.0126,18.936,0.6,goffs,gaia2,,,,,,,,,,,,,,,,1907.47,923.04,0.0876,0.0,0,,,0,,0.0001,0.0,schlegel,,,,,,,,,,,727.08,1119.0,bj2018,,,,,0.0,,0.0,0,,,,37.03640468973,22.47868010915,17.76082510367,-72.75906821756,0.91150609238,0.74999309481,0,0,514411736
1.406763,J011102.40-724533.0,17.7600009,-72.7591816,402100760,17.75923875668,-72.75886273984,17.759,-72.759,90.0,0,,,01110230-7245322,0,J011102.40-724533.0,4687248099622684800,33506487,0,STAR,tmgaia2,tmgaia2,-1.763,0.746,-0.978,0.589,gaia2,0.7737,0.3903,gaia2,15.518,0.017,15.649,0.037,,,,,,,,,,,16.274,0.144,15.324,,15.512,,BUU-200-100-000-0-0,14.942,0.031,14.949,0.049,11.009,0.087,7.302,0.083,19.5282,0.004851,19.098,0.6,goffs,gaia2,,,,,,,,,,,,,,,,1216.7,591.326,0.0877,0.0003,0,,,0,,0.0005,0.0,schlegel,,,,,,,,,,,397.513,785.14,bj2018,,,,,0.0,,0.0,0,apassdr9,apassdr9,,14.37190799648,9.13966667464,17.75921314201,-72.75886695148,0.33730234068,0.30243380101,0,0,514271110
1.872764,J011102.40-724533.0,17.7600009,-72.7591816,613813317,17.75824709511,-72.75920211978,17.758,-72.759,90.0,0,,,,0,,4687248099663070848,0,0,STAR,gaia2,gaia2,0.748,0.288,-1.349,0.223,gaia2,-0.2112,0.1261,gaia2,,,,,,,,,,,,,,,,,,,,,,,,,,,,,,18.2031,0.001979,17.773,0.6,goffs,gaia2,,,,,,,,,,,,,,,,4463.82,1149.07,0.0876,0.0,0,,,0,,-0.0,0.0,schlegel,,,,,,,,,,,985.27,1312.87,bj2018,,,,,0.0,,0.0,0,,,,5.54906420783,3.46168039794,17.75825795821,-72.75920792742,0.13524847143,0.10972444566,0,0,514411712
2.06333,J011102.40-724533.0,17.7600009,-72.7591816,613813357,17.76042480367,-72.75862239358,17.76,-72.759,90.0,0,,,,0,,4687248103937142912,0,0,STAR,gaia2,gaia2,0.619,0.245,-1.496,0.209,gaia2,-0.1961,0.1276,gaia2,,,16.689,0.046,,,,,,,,,,,,,,,,,,,,,,,,,,16.6626,0.001518,16.854,0.006,gbprp,gaia2,,,,,,,,,,,,,,,,4371.83,1134.46,0.0878,0.0,0,,,0,,0.0,-0.0,schlegel,,,,,,,,,,,970.68,1298.25,bj2018,,,,16.3044,0.013378,16.5466,0.013452,0,gaia2,,,4.72391519468,3.24406784951,17.76043379607,-72.75862883564,0.11718613597,0.10785304308,0,1,514411752
0.091417,J011749.71+653008.9,19.457146,65.5024808,54470465,19.45710627576,65.5025001267,65.503,19.457,0.0,0,,778-004455,01174970+6530089,0,J011749.71+653008.9,524944754197496832,59801632,0,STAR,tmgaia2,tmgaia2,-1.528,0.027,0.159,0.033,gaia2,0.1683,0.0237,gaia2,15.528,0.063,14.39,0.16,,,,,,,,,,,12.072,0.022,11.74,0.023,11.654,0.019,AAA-222-111-000-0-0,11.523,0.023,11.543,0.022,11.345,0.184,6.792,0.073,13.9687,0.000672,13.198,0.021,rered,gaia2,7971.0,123.0,,,,,12.694,,,,,,GIANT,,,4962.05,593.62,0.9898,0.0266,0,,,0,,0.0312,0.022,panstarrs,,,,,,,,,,,527.25,659.99,bj2018,,,dered,14.679,0.002551,13.1371,0.002102,1,ucac4,apassdr9,,0.49977320467,0.50620684508,19.45709041247,65.50250081326,0.01517501601,0.01744816823,0,0,18011551
0.280992,J011811.27+634703.8,19.5469741,63.7844105,54465567,19.54692785374,63.78433516774,63.784,19.547,0.0,0,,,01181127+6347036,0,J011811.27+634703.8,524689358259944704,0,0,STAR,tmgaia2,tmgaia2,-2.591,0.115,-0.232,0.121,gaia2,0.3407,0.0958,gaia2,19.153,0.168,18.159,0.049,,,,,,,,,,,14.996,0.051,14.176,0.049,13.619,0.046,AAA-222-111-000-0-0,12.723,0.024,12.193,0.023,8.594,0.026,6.269,0.065,17.5112,0.001499,16.547,0.047,rered,gaia2,6727.0,158.0,4.0234,,,,1.928,,1.43,,0.1997,,DWARF,6.85477,,2684.34,788.315,1.0294,0.0652,0,,,0,,0.0711,0.0592,panstarrs,,,,,,,,,,,593.39,983.24,bj2018,,,dered,18.4401,0.026256,16.5517,0.007289,1,gaia2,bpbj,,2.09551355484,1.87068104231,19.54690260107,63.78433416796,0.05994682562,0.06143431034,1,0,18006653
0.0556,J011922.74+710255.3,19.844791,71.0487109,352431611,19.84483817365,71.04871285453,71.049,19.845,0.0,0,,806-005080,01192275+7102552,0,J011922.74+710255.3,533318462951652736,60394474,0,STAR,tmgaia2,tmgaia2,-1.577,0.048,0.334,0.049,gaia2,0.0646,0.031,gaia2,15.66,0.352,12.985,0.08,,,,,,,,,,,9.816,0.027,8.946,0.035,8.585,0.023,AAA-222-111-000-0-0,8.424,0.023,8.25,0.02,7.573,0.019,7.002,0.086,13.0022,0.025673,11.725,0.026,rered,gaia2,3702.0,152.0,,,,,103.353,,,,,,GIANT,,,7992.99,1697.23,0.4314,0.0001,0,,,0,,0.0002,0.0,schlegel,,,,,,,,,,,1423.66,1970.8,bj2018,,,dered,14.579,0.122475,11.7935,0.065822,1,ucac4,apassdr9,,0.9054557963,0.75712098743,19.84481727257,71.04871429257,0.02467293459,0.02499022409,0,0,18221767
0.167358,J012138.98+402256.9,20.412421,40.3824882,186487343,20.41244031944,40.38244410247,40.382,20.412,0.0,0,,,01213897+4022565,0,J012138.98+402256.9,371795149649488000,0,0,STAR,tmgaia2,tmgaia2,0.492,2.234,-4.288,2.208,hsoy,,,,17.619,0.113,18.807,0.049,,,,,,,,,,,16.066,0.093,15.399,0.119,14.661,0.089,ABA-222-111-000-0-0,13.931,0.025,13.253,0.028,10.076,0.049,7.278,0.088,18.5935,0.010451,18.055,0.015,gbprp,,,,,,,,,,,,,,DWARF,,,,,,,0,,,0,,,,,,,,,,,,,,,,,,,,,18.3928,0.031938,17.3484,0.013593,0,gaia2,bpbj,,36.90045783329,34.22314597697,20.41244310315,40.38242563917,0.68638810859,0.65538382969,1,0,18902450
0.734545,J012523.32-731638.7,21.3471757,-73.2774284,183981846,21.34649013874,-73.27748055685,21.347,-73.277,90.0,0,,084-006245,01252317-7316389,0,J012523.32-731638.7,4686450751830606592,33511337,0,STAR,tmgaia2,tmgaia2,0.923,0.109,-1.0,0.07,gaia2,-0.1123,0.0441,gaia2,14.451,0.156,14.925,0.096,,,,,,,,,,,15.816,0.09,15.093,,15.581,0.209,AUD-262-202-c0c-0-0,15.198,0.032,15.289,0.062,11.642,0.143,7.554,0.107,15.1748,0.003444,15.491,0.007,rered,gaia2,,,,,,,,,,,,,,,,8366.5,1476.32,0.0962,0.0,0,,,0,,0.0,-0.0,schlegel,,,,,,,,,,,1325.39,1627.26,bj2018,,,,14.9836,0.011704,15.3683,0.010596,1,ucac4,apassdr9,,2.11385894142,1.08370228448,21.34650395613,-73.27748486352,0.05160988669,0.03528800787,0,0,515450291
2.043934,J012523.32-731638.7,21.3471757,-73.2774284,510043964,21.34787212579,-73.27689718049,21.348,-73.277,90.0,0,,,,0,,4686450747545225088,0,0,STAR,tmgaia2,tmgaia2,,,,,,,,,,,,,,,,,,,,,,,,,,,,,,,,,,,,,,20.1142,0.006869,19.684,0.6,goffs,,,,,,,,,,,,,,,,,,,,,0,,,183980012,,,,,,,,,,,,,,,,,,,,,,0.0,,0.0,0,,,,0.75882909258,0.60602619602,21.34787212579,-73.27689718049,0.75882909258,0.60602619602,0,0,515504739
0.055922,J012908.53+624247.1,22.285569,62.7130889,389416421,22.28558038814,62.71310353015,62.713,22.286,0.0,0,,,01290854+6242470,0,J012908.53+624247.1,512375957598407936,0,0,STAR,tmgaia2,tmgaia2,-1.312,0.103,-0.157,0.124,gaia2,0.1274,0.0898,gaia2,18.688,0.068,17.668,0.047,,,,,,,,,,,14.95,0.033,14.055,0.056,13.098,0.034,AAA-222-111-000-0-0,11.961,0.024,11.334,0.023,8.798,0.027,6.952,0.101,17.2724,0.001943,16.542,0.076,rered,gaia2,7831.0,149.0,3.9731,,,,2.329,,1.86,,0.1471,,DWARF,18.38505,,4517.27,1490.69,0.903,0.0992,0,,,0,,0.1724,0.026,panstarrs,,,,,,,,,,,1156.72,1824.65,bj2018,,,dered,17.9108,0.016857,16.4538,0.005833,1,gaia2,bpbj,,1.87538691159,1.91778144188,22.28556806219,62.71310285364,0.05901548818,0.06801417637,1,0,20865675
0.017477,J015941.60+492042.9,29.9233399,49.345267,241119917,29.92333948024,49.34527184707,49.345,29.923,0.0,0,,697-013338,01594160+4920429,0,J015941.60+492042.9,356899378432079104,55116058,0,STAR,tmgaia2,tmgaia2,-0.156,0.113,-1.528,0.096,gaia2,0.0964,0.0594,gaia2,15.607,0.096,13.657,0.057,,,,,,,,,,,9.141,0.021,8.088,0.021,7.739,0.018,AAA-211-111-000-0-0,7.572,0.032,7.738,0.02,7.448,0.017,7.008,0.096,12.2999,0.001221,11.083,0.009,rered,gaia2,3501.0,122.0,,,,,76.493,,,,,,GIANT,,,4755.49,1025.07,0.1988,0.016,0,,,0,,0.0183,0.0137,panstarrs,,,,,,,,,,,868.3,1181.85,bj2018,,,dered,13.8849,0.007277,11.0945,0.002285,1,ucac4,apassdr9,,1.93287857423,1.48941144666,29.92333844853,49.34526526667,0.04259062692,0.04515003654,0,0,27188573
0.048042,J020111.40+612843.7,30.2975406,61.4788273,374036941,30.29756467509,61.47883407791,61.479,30.298,0.0,0,,758-018785,02011141+6128437,1237670444076827916,J020111.40+612843.7,508636278033654528,58504168,0,STAR,tmgaia2,tmgaia2,-2.431,1.848,-2.814,1.848,hsoy,,,,14.512,0.166,12.746,0.046,15.538,0.006,15.627,0.012,14.884,0.01,14.538,0.01,12.962,0.006,9.937,0.023,9.477,0.029,9.103,0.021,AAA-222-111-000-0-0,8.658,0.022,8.235,0.021,7.134,0.018,6.133,0.049,12.1569,0.003528,11.408,0.007,gbprp,,,,,,,,,,,,,,GIANT,,,,,,,0,,,0,,,,,,,,,,,,,,,,,,,,,12.8327,0.010673,11.3005,0.010312,0,ucac4,bpbj,,33.33150134997,28.64802132841,30.29754275323,61.47882196104,0.35090320397,0.37628610184,0,0,28075452
0.910969,J020116.67-735926.4,30.3194713,-73.9906882,50308762,30.320215,-73.99054,30.32,-73.991,90.0,0,,,02011685-7359259,0,J020116.67-735926.4,0,33522669,0,STAR,2mass,2mass,,,,,,,,,17.227,-0.086,16.902,0.06,,,,,,,,,,,16.159,0.125,15.507,0.135,14.786,0.138,BBB-222-111-000-0-0,13.796,0.024,13.436,0.027,9.411,0.028,7.507,0.099,,,16.934,0.135,vjk,,,,,,,,,,,,,,,,,,,,,0,,DUPLICATE,10000290709,,,,,,,,,,,,,,,,,,,,,,,,,0,apassdr9,apassdr9,,130.224,169.828,30.320215,-73.99054,130.224,169.828,0,0,517362187
0.990183,J020116.67-735926.4,30.3194713,-73.9906882,10000290709,30.319305,-73.990417,0.0,0.0,90.0,0,,,02011663-7359255,0,,0,0,0,EXTENDED,,2MASSEXT,,,,,,,,,,,,,,,,,,,,,,,15.1,,14.66,,13.975,,,,,,,,,,,,,16.85,1.0,tor_j,,,,,,,,,,,,,,,,,,,,,0,,,0,,,,,,,,,,,,,,,,,,,,,,,,,0,,,,,,,,,,0,0,1727370240
0.268856,J020445.67+624821.4,31.1903203,62.8059465,12003917,31.19046480306,62.80598137574,62.806,31.19,0.0,0,,,02044568+6248213,1237670444077484380,J020445.67+624821.4,508818114072751232,0,0,STAR,tmgaia2,tmgaia2,-1.276,0.177,0.14,0.263,gaia2,0.0107,0.1801,gaia2,20.131,0.16,19.138,0.049,21.77,0.159,19.772,0.015,18.521,0.009,17.823,0.007,17.282,0.013,15.417,,14.979,,14.84,0.124,UUB-662-002-00c-0-0,13.886,0.028,13.5,0.031,8.472,0.025,6.757,0.076,18.4773,0.002069,17.502,0.071,rered,gaia2,5343.0,143.0,3.7199,,,,2.193,,0.92,,0.0873,,DWARF,3.53038,,4313.47,1871.93,0.7164,0.1129,0,,,0,,0.1662,0.0595,panstarrs,,,,,,,,,,,1436.07,2307.78,bj2018,,,dered,19.3127,0.025921,17.4061,0.009613,1,gaia2,bpbj,,3.22140406357,4.07176427946,31.1904527824,62.80598197818,0.10133443066,0.12381002962,1,0,28814269
0.053052,J020616.42+571825.6,31.5684479,57.3071175,374783436,31.56843180431,57.30712939917,57.307,31.568,0.0,9817,3693-01964-1,737-021755,02061640+5718256,0,J020616.42+571825.6,505186770765287040,57197394,0,STAR,tmgaia2,tmgaia2,-0.216,0.072,-0.879,0.079,gaia2,0.7824,0.0422,gaia2,8.388,0.0,7.98,0.03,,,,,,,,,,,7.644,0.02,7.674,0.026,7.66,0.017,AAA-111-111-000-0-0,7.603,0.03,7.63,0.021,7.617,0.017,7.07,0.092,7.93173,0.001142,7.879,0.011,rered,gaia2,10213.0,138.0,,,,,13.027,,,,,,GIANT,,,1234.77,65.94,0.1659,0.0108,0,,,0,,0.011,0.0105,panstarrs,,,,,,,,,,,62.5,69.38,bj2018,,,dered,7.99849,0.003286,7.81887,0.004039,1,hipvmag,apassdr9,,1.26815383051,1.22748376375,31.56843007907,57.30712561561,0.02425727561,0.03338788695,0,0,29094740
0.053615,J020731.77+652855.6,31.8823956,65.4821241,285907069,31.88243145202,65.48212477446,65.482,31.882,0.0,9906,4041-00674-1,778-009669,02073176+6528556,0,J020731.77+652855.6,518517662052109312,59281187,0,STAR,tmgaia2,tmgaia2,-0.208,0.038,-0.665,0.052,gaia2,1.0532,0.0364,gaia2,9.447,0.028,8.8,0.03,,,,,,,,,,,7.322,0.023,7.248,0.038,7.173,0.023,AAA-111-111-000-0-0,7.172,0.044,7.173,0.02,7.221,0.017,6.682,0.077,8.5566,0.00207,8.062,0.019,rered,gaia2,7815.0,131.0,,,,,16.885,,,,,,GIANT,,,925.511,31.4975,0.5427,0.0232,0,,,0,,0.0239,0.0224,panstarrs,,,,,,,,,,,30.445,32.55,bj2018,,,dered,8.98176,0.006852,7.99321,0.006991,1,hipvmag,tycho2b3,,0.70457238699,0.81063218915,31.88242929305,65.48212191125,0.02320483733,0.02682887822,0,0,28969311
0.126391,J023507.40-350842.6,38.780835,-35.145173,311237347,38.78084580407,-35.14513902103,38.781,-35.145,90.0,0,,,02350740-3508425,0,J023507.40-350842.6,4966057241670321152,0,0,STAR,tmgaia2,tmgaia2,1.379,3.928,-6.466,3.928,hsoy,,,,18.054,0.217,18.568,0.046,,,,,,,,,,,16.898,0.189,16.133,0.19,15.177,0.132,CCB-222-111-000-0-0,13.804,0.025,12.531,0.022,9.113,0.028,6.493,0.049,18.4656,0.002779,18.107,0.007,gbprp,,,,,,,,,,,,,,DWARF,,,,,,,0,,,0,,,,,,,,,,,,,,,,,,,,,18.6062,0.018739,17.927,0.020485,0,gaia2,bpbj,,63.86088553718,60.87731224633,38.7808530641,-35.14516685885,0.09464169135,0.12689202203,1,0,518996739
0.031482,J023933.15+610457.9,39.88814,61.0827544,50124230,39.88814686244,61.08276249099,61.083,39.888,0.0,0,,756-023749,02393316+6104579,0,J023933.15+610457.9,465637230128502784,58959561,0,STAR,tmgaia2,tmgaia2,-0.563,0.065,0.088,0.099,gaia2,0.4258,0.0592,gaia2,17.896,0.045,16.681,0.286,,,,,,,,,,,14.105,0.028,13.379,0.029,12.641,0.026,AAA-222-111-000-0-0,11.873,0.024,11.366,0.022,7.782,0.022,5.526,0.038,16.2747,0.00156,15.522,0.049,rered,gaia2,6060.0,127.0,3.9283,,,,1.912,,1.13,,0.1617,,DWARF,4.44068,,2206.0,305.67,0.5553,0.072,0,,,0,,0.0514,0.0926,panstarrs,,,,,,,,,,,265.54,345.8,bj2018,,,dered,16.9176,0.008463,15.4567,0.006013,1,ucac4,bpbj,,1.17295561733,1.53231580932,39.88814184736,61.08276287095,0.04553917125,0.04035209286,1,0,36025959
0.993259,J024119.48+585412.8,40.3311925,58.9035642,245674155,40.33136300418,58.90382567431,58.904,40.331,0.0,0,,,02411950+5854133,0,J024119.48+585412.8,464201061785332480,0,0,STAR,gaia2,gaia2,-1.105,0.202,-1.237,0.236,gaia2,1.0506,0.1096,gaia2,19.659,0.163,18.36,0.094,,,,,,,,,,,13.599,0.028,12.472,0.034,11.838,0.026,AAE-222-111-000-0-0,10.97,0.022,10.488,0.021,8.616,0.029,6.647,0.069,17.2644,0.02782,16.195,0.03,gbprp,gaia2,,,,,,,,,,,,,,,,937.264,101.438,0.5371,0.0317,0,,SPLIT,0,,0.0214,0.042,panstarrs,,,,,,,,,,,90.789,112.086,bj2018,,,,18.2946,0.076084,15.82,0.046383,0,gaia2,bpbj,,3.58902022503,3.66505490522,40.33135379153,58.90382034981,0.06883378396,0.08128091221,0,0,36988600
0.993259,J024119.48+585412.8,40.3311925,58.9035642,646846517,40.33136300418,58.90382567431,58.904,40.331,0.0,0,,,,0,,464201061785332480,0,0,STAR,gaia2,gaia2,-1.105,0.202,-1.237,0.236,gaia2,1.0506,0.1096,gaia2,,,18.36,0.094,,,,,,,,,,,,,,,,,,,,,,,,,,17.2644,0.02782,16.195,0.03,gbprp,gaia2,,,,,,,,,,,,,,,,937.264,101.438,0.5371,0.0317,0,,DUPLICATE,245674155,,0.0214,0.042,panstarrs,,,,,,,,,,,90.789,112.086,bj2018,,,,18.2946,0.076084,15.82,0.046383,0,gaia2,,,3.58902022503,3.66505490522,40.33135379153,58.90382034981,0.06883378396,0.08128091221,0,0,37581806
1.046338,J024119.48+585412.8,40.3311925,58.9035642,646846522,40.33104767997,58.90328333981,58.903,40.331,0.0,0,,,,0,,464201066087332992,0,0,STAR,gaia2,gaia2,-1.5,0.638,-1.213,0.554,gaia2,1.0981,0.2117,gaia2,,,19.298,0.416,,,,,,,,,,,,,,,,,,,,,,,,,,17.9936,0.03655,16.86,0.115,gbprp,gaia2,,,,,,,,,,,,,,,,925.928,221.734,0.5363,0.0522,0,,,245674155,,0.0561,0.0484,panstarrs,,,,,,,,,,,172.476,270.992,bj2018,,,,18.8293,0.435289,16.1233,0.02811,0,gaia2,,,11.3591101891,8.59148675925,40.33103517147,58.90327811644,0.14151053301,0.13601752177,1,0,37581811
0.072565,J024405.05+675230.0,41.0210755,67.8750132,280190869,41.02111675889,67.87502603866,67.875,41.021,0.0,0,4312-00948-1,790-008178,02440506+6752299,0,J024405.05+675230.0,517546999440656512,59496878,0,STAR,tmgaia2,tmgaia2,-1.39,0.03,-3.648,0.044,gaia2,1.2327,0.0256,gaia2,11.502,0.101,10.735,0.007,,,,,,,,,,,8.96,0.02,8.778,0.026,8.687,0.023,AAA-122-111-000-0-0,8.623,0.022,8.628,0.02,8.595,0.025,7.377,0.105,10.3924,0.00029,9.752,0.023,rered,gaia2,6831.0,122.0,,,,,8.169,,,,,,GIANT,,,793.005,16.2455,0.5627,0.0305,0,,,0,,0.0342,0.0268,panstarrs,,,,,,,,,,,15.919,16.572,bj2018,,,dered,10.9522,0.000813,9.7031,0.000843,1,tycho2v3,tycho2b3,,0.56611550828,0.67958120657,41.02110087251,67.87501033117,0.01675801761,0.02120486444,0,0,37983552
0.040034,J024542.12+480837.8,41.4255194,48.1438506,302314851,41.42550833249,48.14385891426,48.144,41.426,0.0,12891,3300-00569-1,691-017337,02454210+4808379,0,J024542.12+480837.8,438165588512859008,54214516,0,STAR,tmgaia2,tmgaia2,2.751,0.125,-2.749,0.09,gaia2,0.9166,0.0613,gaia2,,,8.468,0.046,,,,,,,,,,,7.93,0.02,7.821,0.033,7.746,0.02,AAA-111-111-000-0-0,7.783,0.024,7.76,0.02,7.752,0.019,6.586,0.065,8.43531,0.0019,8.315,0.007,rered,gaia2,8664.0,133.0,,,,,10.192,,,,,,GIANT,,,1059.94,70.645,0.1137,0.0052,0,,,0,,0.0047,0.0057,panstarrs,,,,,,,,,,,66.05,75.24,bj2018,,,dered,8.53378,0.003784,8.26011,0.006479,1,gaia2,,,2.11861933145,1.40145231113,41.42552608189,48.14384707958,0.05307996926,0.03991439919,0,0,38039749
0.183429,J025017.96+620634.2,42.5748715,62.1095064,424280878,42.57495589928,62.10947419077,62.109,42.575,0.0,0,,,02501799+6206341,0,J025017.96+620634.2,467253443505004544,0,0,STAR,tmgaia2,tmgaia2,-0.224,0.185,0.585,0.256,gaia2,0.158,0.1553,gaia2,19.427,0.106,18.819,0.048,,,,,,,,,,,16.064,0.085,15.166,0.094,14.756,0.096,AAA-222-111-000-0-0,13.696,0.025,13.262,0.027,10.209,0.062,7.236,0.099,18.311,0.004906,17.457,0.08,rered,gaia2,5487.0,141.0,4.0026,,,,1.618,,0.96,,0.2268,,DWARF,2.13706,,3764.83,1683.12,0.5705,0.1262,0,,,0,,0.0755,0.1768,panstarrs,,,,,,,,,,,1228.33,2137.91,bj2018,,,dered,19.0716,0.020275,17.4082,0.014581,1,gaia2,bpbj,,3.35010324049,3.96205800182,42.57495384054,62.10947671087,0.11379470702,0.1181323067,1,0,38901249
0.041169,J025053.50+622203.7,42.7229429,62.367701,424565534,42.72292600898,62.36770933099,62.368,42.723,0.0,13276,4051-03174-1,762-022600,02505350+6222038,0,J025053.50+622203.7,467263618282769792,58521726,0,STAR,tmgaia2,tmgaia2,2.942,0.05,-4.613,0.063,gaia2,1.6611,0.0406,gaia2,8.011,0.025,7.86,0.03,,,,,,,,,,,7.502,0.021,7.497,0.065,7.499,0.023,AAA-111-111-000-0-0,7.355,0.035,7.393,0.02,7.431,0.019,6.907,0.078,7.79256,0.001652,7.704,0.01,rered,,12253.0,393.0,,,,,,,,,,,GIANT,,,592.215,14.3435,0.3084,0.0335,0,,,0,,0.0524,0.0147,panstarrs,,,,,,,,,,,14.003,14.684,bj2018,,,dered,7.9243,0.00852,7.64894,0.009546,1,hipvmag,tycho2b3,,0.9119098385,0.97406855959,42.72295331722,62.36768947041,0.0317116059,0.0309022639,0,0,38910499
0.117442,J025534.43+583049.2,43.8934611,58.5136787,251252926,43.89343251127,58.51364969514,58.514,43.893,0.0,0,,743-027406,02553442+5830491,0,J025534.43+583049.2,461357866456816256,57227123,0,STAR,tmgaia2,tmgaia2,-0.666,0.043,-0.414,0.041,gaia2,0.3124,0.0224,gaia2,15.06,0.087,14.293,0.172,,,,,,,,,,,12.392,0.023,12.181,0.023,12.022,0.021,AAA-222-111-000-0-0,11.815,0.023,11.678,0.023,9.164,0.032,7.032,0.096,13.9851,0.001197,13.443,0.118,rered,gaia2,10445.0,145.0,3.508,,,,4.785,,2.69,,0.0245,,DWARF,245.56668,,2920.26,194.705,0.924,0.1393,0,,,0,,0.1373,0.1413,panstarrs,,,,,,,,,,,182.11,207.3,bj2018,,,dered,14.4681,0.004185,13.3136,0.00367,1,ucac4,apassdr9,,0.75981478721,0.63466957108,43.8934270187,58.51364791073,0.01632290726,0.016128726,1,0,39705328
0.047509,J030453.76+574207.5,46.2240077,57.7021041,251674085,46.22400098853,57.70209139963,57.702,46.224,0.0,0,,739-028604,03045377+5742075,0,J030453.76+574207.5,460327452260671232,0,0,STAR,tmgaia2,tmgaia2,0.598,0.108,-1.146,0.083,gaia2,0.3619,0.0522,gaia2,17.9,0.064,16.571,1.133,,,,,,,,,,,14.086,0.026,13.357,0.027,12.667,0.026,AAA-222-111-000-0-0,11.756,0.023,11.251,0.022,8.924,0.028,7.262,0.099,16.134,0.001882,15.405,0.026,rered,gaia2,6673.0,130.0,3.9017,,,,2.202,,1.41,,0.1321,,DWARF,8.66183,,2538.32,352.83,0.6611,0.0356,0,,,0,,0.0234,0.0478,panstarrs,,,,,,,,,,,306.86,398.8,bj2018,,,dered,16.7728,0.008326,15.3519,0.008801,1,ucac4,bpbj,,1.91646458696,1.28073259511,46.22400580598,57.70208646533,0.0358618276,0.0338173085,1,0,42436375
0.052694,J030932.49+704205.4,47.385385,70.7015094,275483798,47.38542525664,70.70150329751,70.701,47.385,0.0,0,4317-00436-1,804-009838,03093248+7042054,0,J030932.49+704205.4,542301576027223552,60004751,0,STAR,tmgaia2,tmgaia2,1.336,0.031,-2.108,0.039,gaia2,0.7036,0.0251,gaia2,12.307,0.138,10.898,0.022,,,,,,,,,,,8.321,0.026,7.662,0.031,7.436,0.017,AAA-111-111-000-0-0,7.012,0.05,6.876,0.021,6.68,0.016,6.362,0.049,10.5073,0.003448,9.675,0.018,rered,gaia2,5121.0,127.0,,,,,21.296,,,,,,GIANT,,,1365.79,47.195,0.4379,0.0278,0,,,0,,0.0314,0.0241,panstarrs,,,,,,,,,,,45.6,48.79,bj2018,,,dered,11.2896,0.00941,9.65981,0.011382,1,tycho2v3,tycho2b3,,0.59849337944,0.60341093944,47.38544266205,70.70149421938,0.01848051335,0.01983495734,0,0,43315805
0.066214,J031229.54+563800.0,48.1231027,56.6333371,384661921,48.12312266265,56.63332234384,56.633,48.123,0.0,0,,734-029503,03122954+5637599,0,J031229.54+563800.0,448060304103280256,0,0,STAR,tmgaia2,tmgaia2,0.643,0.222,-1.407,0.181,gaia2,0.6366,0.1116,gaia2,20.718,0.165,15.336,1.133,,,,,,,,,,,13.264,0.026,12.031,0.032,11.07,0.018,AAA-222-111-000-0-0,10.424,0.024,9.637,0.021,6.772,0.021,4.896,0.033,17.3082,0.004218,15.832,0.045,rered,gaia2,3835.0,128.0,,,,,3.959,,,,,,GIANT,,,1523.26,286.55,0.8263,0.1014,0,,,0,,0.1163,0.0865,panstarrs,,,,,,,,,,,236.44,336.66,bj2018,,,dered,19.0847,0.044617,15.9715,0.010209,1,ucac4,bpbj,,3.90578486998,2.79878935554,48.1231276932,56.63331628515,0.07975277434,0.06973329464,0,0,44164881
0.032159,J031317.92+522457.7,48.3246925,52.4160467,117312104,48.32469523894,52.41605547556,52.416,48.325,0.0,0,,,03131792+5224577,0,J031317.92+522457.7,445984632313182848,0,0,STAR,tmgaia2,tmgaia2,-0.48,0.156,-0.83,0.139,gaia2,0.7114,0.0787,gaia2,19.838,0.163,17.803,0.051,,,,,,,,,,,14.117,0.031,13.086,0.022,12.47,0.025,AAA-222-111-000-0-0,11.703,0.024,11.26,0.021,8.817,0.031,6.564,0.073,16.9608,0.00501,15.894,0.02,rered,gaia2,4293.0,129.0,,,,,1.877,,,,,,GIANT,,,1356.97,151.45,0.488,0.0358,0,,,0,,0.0231,0.0485,panstarrs,,,,,,,,,,,135.2,167.7,bj2018,,,dered,18.0549,0.025376,15.8926,0.013361,1,gaia2,bpbj,,2.70344098026,2.15275457879,48.32469185218,52.41605190285,0.05634664192,0.0531848381,0,0,43960170
0.022891,J031344.01+585555.1,48.4333751,58.9319807,384808858,48.43336603426,58.93198500628,58.932,48.433,0.0,0,,,03134399+5855551,0,J031344.01+585555.1,461958612120124288,0,0,STAR,tmgaia2,tmgaia2,0.434,0.116,-0.985,0.166,gaia2,0.3687,0.1063,gaia2,19.783,0.166,18.076,0.051,,,,,,,,,,,14.638,0.031,13.751,0.041,13.188,0.033,AAA-222-111-000-0-0,12.074,0.023,11.591,0.021,9.148,0.037,6.794,0.07,17.3112,0.005342,16.266,0.064,rered,gaia2,4941.0,140.0,,,,,2.585,,,,,,GIANT,,,2488.11,748.755,0.7049,0.1071,0,,,0,,0.0638,0.1505,panstarrs,,,,,,,,,,,560.75,936.76,bj2018,,,dered,18.3365,0.026302,16.2787,0.016733,1,gaia2,bpbj,,2.06512529933,2.57136152067,48.43336965888,58.93198076497,0.07212048573,0.07213541329,0,0,44181258
0.047796,J031848.05+554011.8,49.7002206,55.669958,456231396,49.70022027037,55.66997127534,55.67,49.7,0.0,0,3706-00485-1,729-026980,03184804+5540118,0,J031848.05+554011.8,447717978034274176,56885022,0,STAR,tmgaia2,tmgaia2,-0.113,0.08,-0.655,0.073,gaia2,0.4708,0.0362,gaia2,12.897,0.436,11.272,0.034,,,,,,,,,,,8.167,0.029,7.719,0.029,7.478,0.02,AAA-111-111-000-0-0,7.315,0.036,7.168,0.02,7.104,0.017,6.821,0.087,10.5768,0.002973,9.613,0.042,rered,gaia2,6826.0,128.0,,,,,34.964,,,,,,GIANT,,,2000.43,148.36,1.0513,0.0583,0,,,0,,0.0498,0.0668,panstarrs,,,,,,,,,,,137.68,159.04,bj2018,,,dered,11.5103,0.008419,9.61991,0.006675,1,ucac4,tycho2b3,,1.4025733006,1.12746218878,49.70021941145,55.6699684542,0.02642794398,0.02371742166,0,0,45113295
0.104404,J032319.22+512329.3,50.8301234,51.3914824,252821942,50.83010063725,51.39150768473,51.391,50.83,0.0,0,3324-00639-1,707-025560,03231922+5123294,0,J032319.22+512329.3,442707091230319616,55482990,0,STAR,tmgaia2,tmgaia2,1.547,0.069,-2.993,0.06,gaia2,1.1776,0.0319,gaia2,11.487,0.159,11.26,0.013,,,,,,,,,,,10.112,0.021,10.053,0.019,9.976,0.018,AAA-222-111-000-0-0,9.955,0.023,9.959,0.021,9.336,0.035,7.165,0.107,10.9915,0.000558,10.678,0.015,rered,gaia2,9154.0,223.3,3.7064,0.0687,,,3.536,0.132,2.32,0.309,0.0525,0.0092,DWARF,79.11494,8.22622,829.351,22.103,0.4638,0.0169,470,0.1426,,0,2.1e-05,0.0209,0.0129,panstarrs,0.277,0.341,0.13,0.134,0.0098,0.0086,0.0764,0.061,8.74036,7.71208,21.525,22.681,bj2018,246.1,200.5,dered,11.2547,0.001578,10.5837,0.00103,1,tycho2v3,tycho2b3,,1.18363636628,0.92303808468,50.83011131076,51.39149479833,0.02574062307,0.01975783626,1,0,45731540
0.039959,J032515.17+341031.6,51.313224,34.1754547,138112735,51.313229,34.175465,51.313,34.175,90.0,0,,,03251517+3410316,0,J032515.17+341031.6,0,0,0,STAR,2mass,2mass,,,,,,,,,16.767,0.078,,,,,,,,,,,,,14.925,0.046,14.096,0.05,13.636,0.047,AAA-222-111-000-0-0,12.811,0.022,12.468,0.025,8.187,0.02,5.214,0.036,,,15.773,0.083,bpjk,,,,,,,,,,,,,,,,,,,,,0,,DUPLICATE,10000409553,,,,,,,,,,,,,,,,,,,,,,,,,0,,bpbj,,60.161,69.862,51.313229,34.175465,60.161,69.862,0,0,46547722
0.332078,J032515.17+341031.6,51.313224,34.1754547,10000409553,51.313335,34.175446,0.0,0.0,90.0,0,,,03251520+3410316,0,,0,0,0,EXTENDED,,2MASSEXT,,,,,,,,,,,,,,,,,,,,,,,14.182,,13.36,,13.145,,,,,,,,,,,,,15.932,1.0,tor_j,,,,,,,,,,,,,,,,,,,,,0,,,0,,,,,,,,,,,,,,,,,,,,,,,,,0,,,,,,,,,,0,0,1726427833
0.135991,J032549.83+311023.7,51.4576585,31.1732653,138115594,51.45762463255,31.17328953396,51.458,31.173,90.0,0,2341-00434-1,606-009442,03254982+3110237,0,J032549.83+311023.7,124018864299289088,49662159,0,STAR,tmgaia2,tmgaia2,8.041,0.1,-7.976,0.082,gaia2,3.4209,0.0729,gaia2,12.853,0.563,12.378,0.039,,,,,,,,,,,9.442,0.02,8.733,0.015,8.461,0.013,AAA-222-111-000-0-0,7.702,0.026,7.5,0.02,6.625,0.017,4.156,0.026,11.6745,0.00264,10.798,0.008,rered,gaia2,4636.0,124.0,,,,,3.056,,,,,,GIANT,,,290.042,6.1855,0.3457,0.1125,0,,,0,,0.0467,0.1782,panstarrs,,,,,,,,,,,6.056,6.315,bj2018,,,dered,12.5079,0.00862,10.7652,0.008858,1,tycho2v3,tycho2b3,,1.61312801187,1.27068034987,51.45766509615,31.17325519169,0.05876011406,0.0360382425,0,0,46550581
0.216461,J032820.14+585156.1,52.0839311,58.8655953,316325364,52.08403413726,58.86562317733,58.866,52.084,0.0,0,,745-028162,03282015+5851561,0,J032820.14+585156.1,450162158022530560,0,0,STAR,tmgaia2,tmgaia2,0.544,0.043,-1.582,0.047,gaia2,0.8918,0.0296,gaia2,17.686,0.164,15.673,0.126,,,,,,,,,,,12.516,0.021,11.729,0.019,11.288,0.021,EEE-222-111-000-0-0,10.694,0.023,10.274,0.021,7.788,0.031,5.648,0.057,15.1957,0.007963,14.247,0.113,rered,gaia2,5574.0,157.0,3.6948,,,,2.329,,0.98,,0.0775,,DWARF,4.71919,,1087.31,35.28,0.7363,0.176,0,,,0,,0.1704,0.1815,panstarrs,,,,,,,,,,,34.15,36.41,bj2018,,,dered,16.0811,0.026617,14.2305,0.020327,1,ucac4,bpbj,,0.76689186303,0.72520785179,52.08403866831,58.86561636513,0.02367445512,0.0190253529,1,0,47448455
0.217566,J032856.15+585556.4,52.2339646,58.9323545,645855576,52.23391675541,58.93240966158,58.932,52.234,0.0,0,,,,0,,450164249668930688,0,0,STAR,gaia2,gaia2,2.41,0.613,-10.376,0.764,gaia2,0.9392,0.4564,gaia2,,,19.024,0.058,,,,,,,,,,,,,,,,,,,,,,,,,,17.8769,0.007723,16.79,0.011,gbprp,gaia2,,,,,,,,,,,,,,,,1396.18,1286.01,0.781,0.3462,0,,DUPLICATE,316330152,,0.2695,0.4229,panstarrs,,,,,,,,,,,623.813,1948.21,bj2018,,,,19.0627,0.035086,16.529,0.017408,0,gaia2,,,10.92165131554,11.85287954319,52.2339368612,58.93236498627,0.34754127933,0.30178740532,0,0,48035770
0.217566,J032856.15+585556.4,52.2339646,58.9323545,316330152,52.23391675541,58.93240966158,58.932,52.234,0.0,0,,,03285615+5855563,0,J032856.15+585556.4,450164249668930688,0,0,STAR,gaia2,gaia2,2.41,0.613,-10.376,0.764,gaia2,0.9392,0.4564,gaia2,20.871,0.162,19.024,0.058,,,,,,,,,,,14.481,0.027,13.713,0.027,13.383,0.031,AAA-222-111-000-0-0,13.12,0.026,13.108,0.031,9.953,0.109,7.181,0.107,17.8769,0.007723,16.79,0.011,gbprp,gaia2,,,,,,,,,,,,,,,,1396.18,1286.01,0.781,0.3462,0,,,0,,0.2695,0.4229,panstarrs,,,,,,,,,,,623.813,1948.21,bj2018,,,,19.0627,0.035086,16.529,0.017408,0,gaia2,bpbj,,10.92165131554,11.85287954319,52.2339368612,58.93236498627,0.34754127933,0.30178740532,0,0,47453063
0.10267,J033226.58+520357.1,53.1107836,52.0658716,285674460,53.11081014285,52.06589499021,53.111,52.066,90.0,16502,3324-00950-1,711-028079,03322659+5203572,0,J033226.58+520357.1,442431354329823488,55489061,0,STAR,tmgaia2,tmgaia2,1.285,0.157,-6.163,0.102,gaia2,1.2831,0.0551,gaia2,8.982,0.0,8.47,0.03,,,,,,,,,,,8.004,0.027,7.995,0.044,7.983,0.018,AAA-111-111-000-0-0,7.912,0.027,7.951,0.021,7.943,0.021,6.948,0.089,8.40313,0.002376,8.253,0.121,rered,gaia2,10465.0,149.0,,,,,7.777,,,,,,GIANT,,,763.668,32.4645,0.3319,0.1429,0,,,0,,0.0192,0.2666,panstarrs,,,,,,,,,,,31.112,33.817,bj2018,,,dered,8.5432,0.004816,8.16585,0.00328,1,hipvmag,apassdr9,,2.70683284897,1.57460189722,53.1108191435,52.06586845542,0.04133128684,0.02982023887,0,0,48390553
0.177114,J033359.90+564753.9,53.4995872,56.798333,317028902,53.49967703833,56.7983323678,56.798,53.5,0.0,0,,734-030535,03335990+5647540,0,J033359.90+564753.9,448596934500298880,57233292,0,STAR,tmgaia2,tmgaia2,-2.288,1.597,-7.428,1.597,hsoy,,,,13.012,0.034,12.353,0.069,,,,,,,,,,,10.836,0.022,10.679,0.02,10.608,0.022,AAA-222-111-000-0-0,10.523,0.023,10.526,0.021,8.98,0.03,5.968,0.047,12.1883,0.003954,11.679,0.007,gbprp,splin,9486.0,,,,,,2.359,,,,,,DWARF,,,834.323,,,,305,0.3394,,0,1.9e-05,,,,,,,,,,,,,,,,,,,dered,12.4793,0.010341,11.496,0.010381,0,ucac4,apassdr9,,28.13957266015,24.75174705671,53.49965904706,56.79830038416,0.17540209131,0.14368573551,1,0,48462883
0.543237,J033359.90+564753.9,53.4995872,56.798333,645712556,53.49937055128,56.79842625525,56.798,53.499,0.0,0,,,,0,,448596934497373056,0,0,STAR,gaia2,gaia2,-1.214,0.263,-0.033,0.402,gaia2,1.6541,0.109,gaia2,,,,,,,,,,,,,,,,,,,,,,,,,,,,,,14.0644,0.001378,13.634,0.6,goffs,gaia2,,,,,,,,,,,,,,,,597.866,40.138,0.5737,0.0313,0,,,0,,0.021,0.0416,panstarrs,,,,,,,,,,,37.5,42.776,bj2018,,,,,0.0,,0.0,0,,,,4.62717438606,6.23183380529,53.49936100357,56.79842611181,0.08041744773,0.11776415787,0,0,48904003
0.099724,J034220.34+320530.9,55.5847764,32.0919196,101220458,55.58475478069,32.09194038196,55.585,32.092,90.0,0,,,03422033+3205310,0,J034220.34+320530.9,216688766601562368,0,0,STAR,tmgaia2,tmgaia2,4.805,0.26,-7.062,0.182,gaia2,3.3734,0.1737,gaia2,20.514,0.162,,,,,,,,,,,,,13.039,0.023,11.962,0.021,11.47,0.019,AAA-222-111-000-0-0,11.147,0.022,10.727,0.022,8.616,0.031,6.797,0.079,16.6483,0.008253,15.308,0.087,rered,gaia2,3155.0,124.0,,,,,,,,,,,,,,295.019,15.5365,0.1692,0.2818,0,,,0,,0.0641,0.4994,panstarrs,,,,,,,,,,,14.735,16.338,bj2018,,,dered,18.6025,0.045426,15.2926,0.021616,1,,bpbj,,4.19198032928,2.82687936006,55.58477919789,32.09190997625,0.1650970303,0.09185881545,0,0,50001646
0.066405,J034444.71+320402.4,56.1862918,32.0673497,126098187,56.18628074931,32.06736559179,56.186,32.067,90.0,0,,611-010919,03444472+3204024,0,J034444.71+320402.4,216676981211381632,48418568,0,STAR,tmgaia2,tmgaia2,6.06,2.393,-6.981,2.393,hsoy,,,,17.264,0.0,16.217,0.16,,,,,,,,,,,11.026,0.02,9.937,0.018,9.333,0.014,AAA-222-111-000-0-0,8.581,0.023,7.996,0.021,6.217,0.017,4.146,0.058,14.7043,0.002612,13.505,0.007,gbprp,,,,,,,,,,,,,,GIANT,,,,,,,0,,,0,,,,,,,,,,,,,,,,,,,,,16.3791,0.020236,13.4167,0.005491,0,ucac4,apassdr9,,38.59816900815,37.09479574131,56.18631154025,32.06733553604,0.29794249675,0.12050696883,0,0,50967280
0.067756,J034640.87+321724.6,56.6703016,32.2901745,26432264,56.67029387339,32.29019215122,56.67,32.29,90.0,17631,2360-00780-1,612-010670,03464087+3217247,0,J034640.87+321724.6,216660488536984448,48419316,0,STAR,tmgaia2,tmgaia2,6.736,0.104,-11.516,0.069,gaia2,3.4713,0.0639,gaia2,6.735,0.12,6.659,0.019,,,,,,,,,,,6.478,0.024,6.486,0.018,6.457,0.021,AAA-111-111-000-0-0,6.381,0.086,6.247,0.027,5.88,0.015,5.291,0.036,6.61682,0.000399,6.578,0.006,rered,gaia2,9186.0,123.0,,,,,5.419,,,,,,GIANT,,,285.832,5.262,0.0503,0.1364,0,,,0,,0.0291,0.2436,panstarrs,,,,,,,,,,,5.167,5.357,bj2018,,,dered,6.67001,0.001578,6.54432,0.00145,1,mermil,mermil,,1.67543145679,1.07500273858,56.67032818257,32.29014256974,0.05754706048,0.02503875994,0,0,50921057
0.064924,J034838.14-274913.5,57.158934,-27.8204255,257433210,57.15892788318,-27.82040829603,57.159,-27.82,90.0,0,,,03483813-2749127,0,J034838.14-274913.5,5080719708693519232,0,0,STAR,tmgaia2,tmgaia2,1.643,2.332,-6.178,2.332,hsoy,,,,19.885,0.199,19.485,0.071,,,,,,,,,,,16.77,0.164,16.307,0.233,15.531,0.236,CDD-222-111-000-0-0,14.185,0.026,13.052,0.026,9.823,0.042,7.421,0.101,19.2517,0.027394,18.689,0.028,gbprp,,,,,,,,,,,,,,DWARF,,,,,,,0,,,0,,,,,,,,,,,,,,,,,,,,,19.5386,0.086189,18.4422,0.084691,0,gaia2,bpbj,,37.24369835618,36.15200052451,57.15893588055,-27.82043489744,0.16769575062,0.25303395186,1,0,523026099
0.06903,J034930.30+533517.3,57.376267,53.5881494,428808305,57.37629047794,53.58816257042,57.376,53.588,90.0,0,,718-030648,03493031+5335171,0,J034930.30+533517.3,444258467775953152,56676576,0,STAR,tmgaia2,tmgaia2,-0.706,0.052,-1.412,0.046,gaia2,0.8223,0.0259,gaia2,15.151,0.054,14.655,0.103,,,,,,,,,,,12.074,0.021,11.218,0.027,10.358,0.025,AAA-222-111-000-0-0,9.331,0.022,8.748,0.019,6.365,0.016,4.218,0.026,13.9987,0.0017,13.375,0.227,rered,gaia2,7981.0,128.0,4.0192,,,,2.244,,1.92,,0.1698,,DWARF,18.41142,,1175.64,36.155,0.7688,0.2929,0,,,0,,0.2503,0.3355,panstarrs,,,,,,,,,,,35.07,37.24,bj2018,,,dered,14.5405,0.006122,13.2901,0.005078,1,ucac4,apassdr9,,0.89756622214,0.71882526522,57.37628536061,53.58815649106,0.0188570639,0.01425782818,1,0,52177400
0.289594,J035056.00-204815.9,57.7333709,-20.8044237,121106998,57.73329900301,-20.80437949621,57.733,-20.804,90.0,0,,346-004227,03505598-2048157,0,J035056.00-204815.9,5093945085525624448,10187313,0,STAR,tmgaia2,tmgaia2,28.515,2.142,-12.023,2.142,hsoy,,,,15.246,1.022,15.196,0.252,,,,,,,,,,,12.737,0.026,11.72,0.025,10.822,0.024,AAA-222-111-000-0-0,9.66,0.022,9.02,0.02,7.629,0.021,5.368,0.04,14.751,0.035996,14.121,0.039,gbprp,,,,,,,,,,,,,,DWARF,,,,,,,0,,,0,,,,,,,,,,,,,,,,,,,,,15.1262,0.112125,13.8792,0.082618,0,ucac4,apassdr9,,33.75473587519,33.19976471781,57.7334303374,-20.80443126196,0.01679335464,0.01769916852,1,0,522976023
0.028093,J035302.29+455724.7,58.2595586,45.9568767,432176789,58.25956210571,45.95686928671,58.26,45.957,90.0,18166,3326-03105-1,680-024479,03530229+4557247,0,J035302.29+455724.7,244281835538657792,0,0,STAR,tmgaia2,tmgaia2,-1.282,0.118,-3.258,0.083,gaia2,1.0141,0.0552,gaia2,8.609,0.03,8.54,0.03,,,,,,,,,,,8.262,0.02,8.304,0.04,8.283,0.017,AAA-111-111-000-0-0,8.203,0.021,8.262,0.02,8.286,0.023,7.052,0.108,8.49447,0.00044,8.458,0.023,rered,gaia2,14208.0,132.0,,,,,,,,,,,,,,961.022,52.285,0.2925,0.0254,0,,,0,,0.0358,0.0151,panstarrs,,,,,,,,,,,49.502,55.068,bj2018,,,dered,8.56542,0.001019,8.37218,0.000828,1,hipvmag,tycho2b3,,1.98010654638,1.28761006246,58.25955416867,45.95685525921,0.04334239295,0.02536256415,0,0,53236658
0.0446,J035607.78+413302.0,59.0324401,41.5505565,187044048,59.03243852372,41.55056883247,59.032,41.551,90.0,0,,658-019850,03560777+4133021,0,J035607.78+413302.0,230239663299901568,52993334,0,STAR,tmgaia2,tmgaia2,5.697,0.074,-8.794,0.051,gaia2,2.1956,0.0392,gaia2,17.129,0.166,16.229,0.137,,,,,,,,,,,12.433,0.022,11.621,0.022,11.279,0.02,AAA-222-111-000-0-0,10.667,0.023,10.168,0.021,8.202,0.023,6.325,0.057,15.1138,0.002524,14.075,0.008,rered,gaia2,3898.0,122.0,,,,,1.393,,,,,,GIANT,,,449.714,7.9925,0.2026,0.136,0,,,0,,0.1191,0.1528,panstarrs,,,,,,,,,,,7.853,8.132,bj2018,,,dered,16.2496,0.012195,14.0292,0.007027,1,ucac4,bpbj,,1.22443488834,0.78716957327,59.03247130016,41.55053096895,0.0333511486,0.01769556789,0,0,54057508
0.033727,J040105.01+503116.8,60.2708859,50.5213511,266039282,60.27089926755,50.52134715821,60.271,50.521,90.0,0,,703-028069,04010502+5031169,1237667136952402085,J040105.01+503116.8,250618561566316160,55495669,0,STAR,tmgaia2,tmgaia2,-0.132,0.096,-0.824,0.078,gaia2,0.2409,0.0514,gaia2,17.057,0.167,15.191,0.172,18.937,0.021,16.356,0.003,14.375,0.003,13.302,0.003,12.494,0.003,10.518,0.027,9.672,0.03,9.276,0.021,AAA-222-111-000-0-0,8.974,0.023,8.671,0.02,8.227,0.021,7.302,0.097,13.9106,0.004295,12.578,0.02,rered,gaia2,4742.0,127.0,,,,,31.068,,,,,,GIANT,,,3521.56,649.155,1.0757,0.0321,0,,,0,,0.0294,0.0347,panstarrs,,,,,,,,,,,543.96,754.35,bj2018,,,dered,15.3505,0.012589,12.7104,0.013377,1,ucac4,apassdr9,,1.64468203154,1.21179502651,60.27089837374,50.52134361193,0.04283905515,0.02262212847,0,0,55126813
0.075394,J040219.09+324015.1,60.5795788,32.670876,467650732,60.5795789981,32.670896942,60.58,32.671,90.0,0,,614-011815,04021909+3240152,0,J040219.09+324015.1,170146920436165376,48431843,0,STAR,tmgaia2,tmgaia2,2.909,0.158,-5.127,0.09,gaia2,2.8135,0.0762,gaia2,17.686,0.0,16.21,0.103,,,,,,,,,,,12.27,0.023,11.509,0.03,11.216,0.022,AAA-222-111-000-0-0,10.519,0.023,9.967,0.02,7.802,0.02,5.989,0.047,15.8945,0.030182,14.773,0.031,rered,gaia2,3666.0,142.0,4.2697,,,,0.892,,0.54,,0.7609,,DWARF,0.12947,,352.163,9.5355,0.1674,0.0095,0,,,0,,0.0073,0.0118,panstarrs,,,,,,,,,,,9.282,9.789,bj2018,,,dered,17.1178,0.087124,14.6209,0.076453,1,ucac4,apassdr9,,2.54499113657,1.3886210477,60.57959387959,32.67087486875,0.068898736,0.03217684435,1,0,55372091
0.0526,J040655.92+061720.9,61.7330292,6.2891526,283601222,61.73301609426,6.28914598306,61.733,6.289,90.0,0,,482-006147,04065592+0617209,0,J040655.92+061720.9,3297078447035834240,38905309,0,STAR,tmgaia2,tmgaia2,0.657,0.087,-5.733,0.043,gaia2,4.0325,0.0395,gaia2,12.633,0.033,11.723,0.057,,,,,,,,,,,10.275,0.022,9.973,0.03,9.838,0.02,AAA-222-111-000-0-0,9.675,0.024,9.348,0.02,5.699,0.015,3.92,0.019,11.5845,0.0013,11.04,0.007,rered,gaia2,5796.0,149.6,4.2498,0.0798,,,1.267,0.063,1.041,0.132,0.5115,0.1083,DWARF,1.63278,0.08556,246.247,2.411,0.1772,0.0183,50,0.3517,,0,0.000615,0.0242,0.0124,panstarrs,0.134,0.13,0.061,0.065,0.1132,0.1034,0.0916,0.068,0.07413,0.09698,2.387,2.435,bj2018,195.7,103.4,dered,12.0403,0.003995,10.9943,0.003005,1,ucac4,apassdr9,,1.35077575745,0.66994429125,61.73301894163,6.28912129987,0.03628884031,0.01777296845,1,0,56200805
0.071821,J040818.25+322736.0,62.0760568,32.4600003,467728012,62.0760331583,32.46000059117,62.076,32.46,90.0,19306,2362-03069-1,613-012965,04081824+3227359,0,J040818.25+322736.0,169425224194573056,48438144,0,STAR,tmgaia2,tmgaia2,6.703,0.142,3.702,0.06,gaia2,6.1763,0.0599,gaia2,9.369,1.57,7.52,0.03,,,,,,,,,,,7.118,0.024,7.165,0.036,7.105,0.02,AAA-111-111-000-0-0,7.088,0.049,7.116,0.02,6.964,0.017,5.951,0.056,7.47624,0.000629,7.355,0.006,rered,gaia2,8248.0,455.7,3.9824,0.0879,,,2.405,0.085,2.025,0.364,0.1457,0.0341,DWARF,24.10818,4.93587,161.179,1.5695,0.0537,0.0514,177,0.0026,,0,0.00165,0.0343,0.0686,panstarrs,0.447,0.282,0.094,0.077,0.028,0.0403,0.0999,0.0759,3.58969,6.28205,1.554,1.585,bj2018,325.6,585.8,dered,7.58451,0.001775,7.32333,0.002798,1,hipvmag,apassdr9,,2.28598894583,0.93215413693,62.07606736163,32.46001652982,0.05123744793,0.02195068352,1,0,57531212
0.070115,J041049.16+380445.7,62.7048526,38.0793815,347128725,62.70484978654,38.07940085001,62.705,38.079,90.0,0,,641-017504,04104915+3804457,0,J041049.16+380445.7,226027159377149440,51019089,0,STAR,tmgaia2,tmgaia2,8.487,0.063,-8.443,0.036,gaia2,2.3747,0.0301,gaia2,16.349,0.274,14.927,0.126,,,,,,,,,,,11.425,0.026,10.605,0.037,10.113,0.018,AAA-222-111-000-0-0,9.416,0.023,8.664,0.02,6.299,0.015,4.489,0.025,14.187,0.000926,13.138,0.007,rered,gaia2,4444.0,122.0,,,,,1.951,,,,,,GIANT,,,416.115,5.248,0.526,0.3419,0,,,0,,0.3275,0.3562,panstarrs,,,,,,,,,,,5.183,5.313,bj2018,,,dered,15.1892,0.005826,13.0826,0.002915,1,ucac4,apassdr9,,1.02936978963,0.55116880007,62.70489620787,38.0793644989,0.02636874529,0.01076055813,0,0,57367372
0.860743,J041942.74+531017.6,64.9281061,53.1715745,668137262,64.92847883119,53.1716596403,64.928,53.172,90.0,0,,,,0,,275302971267574912,0,0,STAR,gaia2,gaia2,0.259,0.046,-0.593,0.033,gaia2,0.2245,0.0305,gaia2,,,14.269,0.046,,,,,,,,,,,,,,,,,,,,,,,,,,13.9737,0.002148,13.339,0.089,rered,gaia2,7245.0,136.0,,,,,,,,,,,,,,3885.85,471.37,0.6419,0.1176,0,,DUPLICATE,470364079,,0.0336,0.2015,panstarrs,,,,,,,,,,,417.69,525.05,bj2018,,,dered,14.467,0.010019,13.2196,0.011072,1,gaia2,,,0.80524517044,0.50898219854,64.92848069082,53.17165708582,0.02776644812,0.01861176299,0,0,60105511
0.860743,J041942.74+531017.6,64.9281061,53.1715745,470364079,64.92847883119,53.1716596403,64.928,53.172,90.0,0,,716-032288,04194278+5310176,0,J041942.74+531017.6,275302971267574912,56176799,0,STAR,gaia2,gaia2,0.259,0.046,-0.593,0.033,gaia2,0.2245,0.0305,gaia2,14.728,0.077,13.878,0.252,,,,,,,,,,,11.991,0.035,11.8,0.046,11.553,0.034,EEE-222-111-000-0-0,11.177,0.023,11.17,0.021,11.253,,6.329,0.1,13.9737,0.002148,13.339,0.089,rered,gaia2,7245.0,136.0,,,,,,,,,,,,,,3885.85,471.37,0.6419,0.1176,0,,SPLIT,0,,0.0336,0.2015,panstarrs,,,,,,,,,,,417.69,525.05,bj2018,,,dered,14.467,0.010019,13.2196,0.011072,1,ucac4,apassdr9,,0.80524517044,0.50898219854,64.92848069082,53.17165708582,0.02776644812,0.01861176299,0,0,59747597
1.102919,J041942.74+531017.6,64.9281061,53.1715745,668137270,64.92794072562,53.17128461424,64.928,53.171,90.0,0,,,,0,,275302975567261824,0,0,STAR,gaia2,gaia2,,,,,,,,,,,,,,,,,,,,,,,,,,,,,,,,,,,,,,15.9691,0.005671,15.539,0.6,goffs,,,,,,,,,,,,,,,,,,,,,0,,,470364079,,,,,,,,,,,,,,,,,,,,,,0.0,,0.0,0,,,,32.2334969514,42.97544278218,64.92794072562,53.17128461424,32.2334969514,42.97544278218,0,0,60105519
1.472492,J041942.74+531017.6,64.9281061,53.1715745,668137264,64.92750956736,53.17137589971,64.927,53.171,90.0,0,,,,0,,275302975564153728,0,0,STAR,gaia2,gaia2,-4.16,0.521,-5.257,0.404,gaia2,2.3788,0.3588,gaia2,,,15.219,0.047,,,,,,,,,,,,,,,,,,,,,,,,,,14.8795,0.006968,14.209,0.009,gbprp,gaia2,,,,,,,,,,,,,,,,431.863,77.5125,0.3327,0.0558,0,,,470364079,,0.0467,0.0648,schlegel,,,,,,,,,,,64.124,90.901,bj2018,,,,15.1706,0.00673,13.8274,0.010281,0,gaia2,,,9.03820912807,6.26909330482,64.92747968379,53.17135326468,0.31508173031,0.23014358989,1,0,60105513
0.05404,J042016.75+421851.7,65.0698322,42.314383,410193513,65.06984982195,42.31439045197,65.07,42.314,90.0,20245,2887-01673-1,662-022819,04201676+4218517,0,J042016.75+421851.7,229136921858228096,51487702,0,STAR,tmgaia2,tmgaia2,-4.286,0.097,-4.868,0.053,gaia2,1.679,0.0478,gaia2,10.626,0.809,9.68,0.03,,,,,,,,,,,8.165,0.024,7.659,0.04,7.499,0.024,AAA-111-111-000-0-0,7.324,0.035,7.313,0.019,6.994,0.019,6.489,0.076,9.49622,0.002016,9.036,0.008,rered,gaia2,6541.0,126.0,,,,,6.505,,,,,,GIANT,,,586.108,16.568,0.2239,0.0398,0,,,0,,0.0269,0.0527,panstarrs,,,,,,,,,,,16.108,17.028,bj2018,,,dered,9.86096,0.004161,8.97569,0.008371,1,hipvmag,apassdr9,,1.61814875901,0.82044457125,65.06982486707,42.31436949386,0.04282678706,0.02294722664,0,0,60687390
0.053858,J042130.86+353538.7,65.3785899,35.5941098,239706902,65.37857406259,35.59411741369,65.379,35.594,90.0,0,,628-017263,04213086+3535388,0,J042130.86+353538.7,176519067056844672,0,0,STAR,tmgaia2,tmgaia2,1.459,0.215,0.035,0.139,gaia2,0.1334,0.0915,gaia2,17.107,0.184,14.35,0.149,,,,,,,,,,,8.609,0.023,7.519,0.026,7.116,0.021,AAA-111-111-000-0-0,7.0,0.044,6.979,0.019,6.439,0.018,5.849,0.052,12.2991,0.003605,10.8,0.009,rered,gaia2,3224.0,123.0,,,,,,,,,,,,,,3766.37,1001.53,0.458,0.0184,0,,,0,,0.0136,0.0231,panstarrs,,,,,,,,,,,817.92,1185.15,bj2018,,,dered,14.4984,0.024089,10.9435,0.010494,1,ucac4,bpbj,,3.50019676562,2.1484882049,65.37858178723,35.59411756626,0.07885689788,0.05543200383,0,0,60568334
0.034368,J042541.31+353718.9,66.4221335,35.6219303,286617697,66.42212423188,35.62192443635,66.422,35.622,90.0,0,,629-017029,04254131+3537189,0,J042541.31+353718.9,176422967165002368,51025120,0,STAR,tmgaia2,tmgaia2,3.093,0.066,-4.324,0.053,gaia2,1.8349,0.0313,gaia2,14.701,0.083,13.679,0.114,,,,,,,,,,,11.172,0.021,10.545,0.022,10.069,0.017,AAA-222-111-000-0-0,9.102,0.023,8.628,0.02,7.308,0.019,3.779,0.029,13.1806,0.00325,12.442,0.012,rered,gaia2,5201.0,132.0,,,,,2.025,,,,,,GIANT,,,536.688,9.08,0.3183,0.0293,0,,,0,,0.0288,0.0299,panstarrs,,,,,,,,,,,8.929,9.231,bj2018,,,dered,13.8411,0.012515,12.401,0.01629,1,ucac4,apassdr9,,1.07215519434,0.82284557212,66.42214061658,35.62190581973,0.03069044348,0.02363890388,0,0,61694908
0.120665,J042859.11+362311.0,67.2463275,36.3864113,353847813,67.24631110715,36.38644211078,67.246,36.386,90.0,0,,632-018104,04285911+3623112,0,J042859.11+362311.0,177975958619305728,0,0,STAR,tmgaia2,tmgaia2,5.063,2.265,-7.034,2.257,hsoy,,,,19.678,0.167,16.765,0.961,,,,,,,,,,,11.986,0.024,10.96,0.032,10.427,0.023,AAA-222-111-000-0-0,9.976,0.022,9.507,0.02,7.743,0.021,6.14,0.058,15.5835,0.008028,14.406,0.01,gbprp,,,,,,,,,,,,,,GIANT,,,,,,,0,,,0,,,,,,,,,,,,,,,,,,,,,17.1304,0.014241,14.2563,0.009949,0,ucac4,bpbj,,36.9890316941,35.00395641784,67.24633818308,36.38641182378,1.61572613788,1.06208146402,0,0,62920827
0.097033,J043930.11-323306.5,69.8754902,-32.5518221,170803999,69.87551884221,-32.55183408474,69.875,-32.552,90.0,0,7042-00951-1,288-005401,04393012-3233066,0,J043930.11-323306.5,4871414755381303680,15088048,0,STAR,tmgaia2,tmgaia2,-8.679,0.039,-2.465,0.046,gaia2,2.5586,0.0235,gaia2,11.267,0.078,10.376,0.006,,,,,,,,,,,8.663,0.03,8.112,0.029,7.696,0.023,AAA-111-111-000-0-0,7.254,0.045,6.854,0.022,5.157,0.015,3.427,0.021,10.0959,0.002155,9.534,0.006,rered,gaia2,5097.0,123.0,,,,,4.368,,,,,,GIANT,,,386.493,3.5425,0.0203,0.0001,0,,,0,,0.0001,0.0001,schlegel,,,,,,,,,,,3.51,3.575,bj2018,,,dered,10.5742,0.005696,9.48134,0.004439,1,tycho2v3,tycho2b3,,0.62323685446,0.70964724945,69.87547450771,-32.55184469717,0.01730755319,0.02081215246,0,0,526515105
0.050034,J045003.60+563126.9,72.5150302,56.5241597,252237618,72.5150081288,56.5241664049,72.515,56.524,90.0,0,,733-039708,04500360+5631269,0,J045003.60+563126.9,274653542151645696,57992140,0,STAR,tmgaia2,tmgaia2,0.136,0.063,-2.064,0.049,gaia2,1.8975,0.0382,gaia2,17.056,0.037,15.38,0.114,,,,,,,,,,,13.35,0.025,12.723,0.026,12.35,0.021,AAA-222-111-000-0-0,11.178,0.023,10.344,0.02,8.502,0.026,7.158,0.092,15.3475,0.004754,14.558,0.013,rered,gaia2,4810.0,133.0,4.4867,,,,0.835,,0.78,,1.3393,,DWARF,0.33632,,519.376,10.382,0.2754,0.0181,0,,,0,,0.0185,0.0178,panstarrs,,,,,,,,,,,10.178,10.586,bj2018,,,dered,16.0858,0.018669,14.5284,0.01871,1,ucac4,apassdr9,,1.11026242796,0.75786900207,72.51500919119,56.52415751883,0.03199781551,0.02631082157,1,0,68505598
2.023727,J045003.60+563126.9,72.5150302,56.5241597,668011808,72.51578500895,56.52378198778,72.516,56.524,90.0,0,,,,0,,274653542151645824,0,0,STAR,gaia2,gaia2,0.845,0.628,-2.135,0.451,gaia2,-0.2457,0.3984,gaia2,,,19.05,0.116,,,,,,,,,,,,,,,,,,,,,,,,,,18.7122,0.003008,18.042,0.083,gbprp,gaia2,,,,,,,,,,,,,,,,3344.43,1693.98,0.3821,0.0255,0,,,0,,0.0316,0.0195,panstarrs,,,,,,,,,,,1300.62,2087.34,bj2018,,,,19.0935,0.224017,17.7528,0.027691,0,gaia2,,,11.06252598712,6.99552312771,72.51579160499,56.52377279697,0.31458034621,0.23745198298,1,0,69255772
0.091963,J045300.81-680132.3,73.2534025,-68.0256464,29992873,73.25347067592,-68.02564507263,73.253,-68.026,90.0,0,,110-004856,04530085-6801324,0,J045300.81-680132.3,4661587151814849920,32431458,0,STAR,tmgaia2,tmgaia2,1.805,0.051,-0.219,0.066,gaia2,-0.066,0.0287,gaia2,13.336,0.079,13.557,0.138,,,,,,,,,,,13.981,0.028,14.04,0.039,14.251,0.08,AAA-222-111-000-0-0,14.12,0.026,14.273,0.033,11.254,0.105,7.665,0.099,13.5178,0.004195,12.732,0.6,rered,gaia2,,,,,,,,,,,,,,,,9593.45,1374.09,0.5389,0.0,0,,,0,,-0.0,0.0,schlegel,,,,,,,,,,,1255.23,1492.95,bj2018,,,,13.3489,0.012203,13.6872,0.012728,1,ucac4,apassdr9,,0.95949275211,1.02054000335,73.25349145017,-68.02564601561,0.02689377083,0.029487785,0,0,529322114
0.108492,J045439.87-671306.0,73.6661638,-67.2183603,30113254,73.66621905819,-67.2183390779,73.666,-67.218,90.0,0,,114-004857,04543987-6713059,0,J045439.87-671306.0,4661729018926196096,32432233,0,STAR,tmgaia2,tmgaia2,1.825,0.055,0.214,0.065,gaia2,-0.0962,0.0255,gaia2,,,13.351,0.092,,,,,,,,,,,13.447,0.023,13.498,0.031,13.474,0.039,AAA-222-111-000-0-0,13.455,0.026,13.497,0.028,11.859,0.164,7.255,0.079,13.2562,0.001089,13.472,0.006,rered,gaia2,,,,,,,,,,,,,,,,11230.1,1528.9,0.3682,0.0,0,,,0,,0.0,-0.0,schlegel,,,,,,,,,,,1407.79,1650.0,bj2018,,,,13.1621,0.006136,13.2972,0.004521,1,ucac4,,,1.01488768958,1.00657852483,73.66623935572,-67.21833815802,0.02590618084,0.02562686119,0,0,529324777
2.470228,J045439.87-671306.0,73.6661638,-67.2183603,682961737,73.66633978891,-67.21904308224,73.666,-67.219,90.0,0,,,,0,,4661729018926195712,0,0,STAR,gaia2,gaia2,,,,,,,,,,,18.893,0.047,,,,,,,,,,,,,,,,,,,,,,,,,,18.8714,0.008529,19.013,0.075,gbprp,,,,,,,,,,,,,,,,,,,,,0,,,0,,,,,,,,,,,,,,,,,,,,,17.6059,0.03102,17.7738,0.143173,0,gaia2,,,0.82825241838,1.09367514824,73.66633978891,-67.21904308224,0.82825241838,1.09367514824,0,0,530311544
0.863205,J045527.17-662646.8,73.8632319,-66.446342,30111897,73.86383073144,-66.44632681342,73.864,-66.446,90.0,0,,118-004921,04552720-6626454,0,J045527.17-662646.8,4662155049585876864,0,0,STAR,tmgaia2,tmgaia2,1.784,0.093,0.033,0.124,gaia2,-0.0515,0.0556,gaia2,16.291,0.131,16.149,0.088,,,,,,,,,,,16.262,0.125,15.638,,15.621,0.252,BUD-202-101-000-0-0,14.421,0.036,13.82,0.031,9.446,0.093,6.794,0.088,16.2888,0.000759,15.002,0.6,rered,gaia2,,,,,,,,,,,,,,,,5935.2,1083.77,1.2982,0.0,0,,,0,,-0.0,0.0,schlegel,,,,,,,,,,,962.42,1205.11,bj2018,,,,16.2135,0.003067,16.2498,0.00244,1,ucac4,bpbj,,1.73106041689,1.91655289679,73.86384995273,-66.44632667255,0.04620543599,0.05998340754,0,1,529765163
0.219578,J045605.87-692640.0,74.02448,-69.4444603,30268014,74.02456748797,-69.44440760613,74.025,-69.444,90.0,0,,103-005991,04560588-6926397,0,J045605.87-692640.0,4655267433897950080,0,0,STAR,tmgaia2,tmgaia2,2.005,0.054,-0.099,0.066,gaia2,-0.0152,0.0282,gaia2,,,15.271,0.309,,,,,,,,,,,14.827,0.046,14.74,0.08,14.774,0.128,AAB-222-111-000-0-0,13.858,0.025,13.899,0.03,9.165,0.03,6.996,0.075,15.0225,0.002426,15.092,0.007,rered,gaia2,,,,,,,,,,,,,,,,8538.89,1253.36,0.4797,0.0,0,,,0,,0.0,-0.0,schlegel,,,,,,,,,,,1134.3,1372.42,bj2018,,,,15.0072,0.00847,14.8973,0.008156,1,ucac4,,,1.02184471882,1.02540114724,74.02459207045,-69.4444080324,0.02661028558,0.02902761914,0,0,530774229
0.43635,J045847.65-661118.2,74.6985483,-66.188396,30469490,74.69884492358,-66.18837729323,74.699,-66.188,90.0,0,,120-005024,04584773-6611180,0,J045847.65-661118.2,4662138041514235648,0,0,STAR,tmgaia2,tmgaia2,1.596,0.069,-0.225,0.075,gaia2,0.0072,0.0366,gaia2,,,14.865,0.151,,,,,,,,,,,15.124,0.047,15.052,0.089,15.262,0.185,AAC-222-111-000-0-0,15.316,0.037,15.617,0.063,12.502,,6.691,0.067,14.8318,0.008962,13.947,0.6,rered,gaia2,,,,,,,,,,,,,,,,6811.26,1079.46,0.6898,0.0,0,,,0,,-0.0,0.0,schlegel,,,,,,,,,,,966.28,1192.65,bj2018,,,,14.6495,0.026853,14.8808,0.026301,1,ucac4,,,1.27311188125,1.15720900754,74.69886194634,-66.18837825994,0.03356331655,0.03808586464,0,1,530862275
1.553785,J045847.65-661118.2,74.6985483,-66.188396,683635010,74.6994545805,-66.18816707768,74.699,-66.188,90.0,0,,,,0,,4662138041506459008,0,0,STAR,gaia2,gaia2,2.268,0.626,-1.493,0.779,gaia2,-0.0289,0.2973,gaia2,,,,,,,,,,,,,,,,,,,,,,,,,,,,,,18.1363,0.003059,17.706,0.6,goffs,gaia2,,,,,,,,,,,,,,,,2145.58,752.975,0.6892,0.0002,0,,,0,,0.0003,0.0,schlegel,,,,,,,,,,,604.44,901.51,bj2018,,,,,0.0,,0.0,0,,,,11.58848165078,12.08497647828,74.69947876262,-66.18817350764,0.29671150983,0.51595229316,0,0,530931182
0.222771,J045903.04+300300.1,74.7626891,30.050032,97041244,74.7626872947,30.05009386107,74.763,30.05,90.0,0,,601-015832,04590305+3003004,0,J045903.04+300300.1,156732977357829888,49178189,0,STAR,tmgaia2,tmgaia2,4.59,0.067,-24.734,0.04,gaia2,6.3878,0.0412,gaia2,15.564,0.196,14.34,0.08,,,,,,,,,,,10.697,0.018,9.848,0.016,9.387,0.017,AAA-222-111-000-0-0,8.901,0.023,8.526,0.019,7.158,0.015,5.109,0.034,13.4469,0.00869,12.414,0.016,rered,gaia2,3646.0,127.5,4.1348,0.1697,,,1.03,0.138,0.528,0.093,0.4828,0.2273,DWARF,0.169,0.02796,155.853,1.007,0.0188,0.0099,289,0.0983,,0,3.4e-05,0.0068,0.0131,panstarrs,0.088,0.097,0.108,0.169,0.2273,0.2273,0.1773,0.162,0.02213,0.0338,1.001,1.013,bj2018,121.4,133.6,dered,14.6591,0.03165,12.3241,0.024912,1,ucac4,apassdr9,,1.08231618184,0.62481021035,74.76271012735,30.04998736875,0.03439766907,0.0225389819,1,0,71343208
0.117872,J045912.77+165543.8,74.8032443,16.9288582,59131142,74.80322075414,16.92888196253,74.803,16.929,90.0,0,1285-01036-1,535-010723,04591278+1655441,0,J045912.77+165543.8,3405515582300888192,42975846,0,STAR,tmgaia2,tmgaia2,2.138,0.076,-6.325,0.05,gaia2,2.0603,0.0534,gaia2,9.288,0.042,8.981,0.003,,,,,,,,,,,8.191,0.018,8.128,0.02,8.068,0.023,AAA-111-111-000-0-0,8.036,0.024,8.044,0.021,7.991,0.022,6.819,0.085,8.89736,0.000918,8.664,0.031,rered,gaia2,8714.0,333.9,3.4485,0.0783,,,4.614,0.174,2.18,0.331,0.0222,0.0044,DWARF,110.57037,15.6296,479.024,12.362,0.2914,0.0342,157,0.0013,,0,0.0,0.0435,0.0249,panstarrs,0.307,0.356,0.168,0.179,0.004,0.0048,0.0821,0.0744,19.4803,11.7789,12.049,12.675,bj2018,391.9,275.9,dered,9.08925,0.003179,8.58956,0.004522,1,tycho2v3,tycho2b3,,1.19613451816,0.78253929425,74.80323037624,16.92885473157,0.04258529915,0.03199120889,1,0,72025676
0.085463,J050228.42+134637.7,75.6184283,13.7771588,303676101,75.61843029447,13.77718246051,75.618,13.777,90.0,0,,519-009900,05022842+1346377,0,J050228.42+134637.7,3391710560978349568,40743247,0,STAR,tmgaia2,tmgaia2,1.792,0.157,-2.94,0.105,gaia2,3.2857,0.0943,gaia2,19.736,0.164,16.66,1.133,,,,,,,,,,,12.433,0.025,10.969,0.023,10.085,0.02,AAA-222-111-000-0-0,9.217,0.024,8.496,0.02,6.651,0.016,4.837,0.032,15.6875,0.009914,14.479,0.016,rered,gaia2,3312.0,125.0,3.929,,,,1.055,,0.345,,0.2935,,DWARF,0.12076,,302.054,8.6785,0.0727,0.0395,0,,,0,,0.0276,0.0515,panstarrs,,,,,,,,,,,8.434,8.923,bj2018,,,dered,17.2976,0.037259,14.3951,0.026282,1,ucac4,bpbj,,2.44578256654,1.62802682872,75.61843823818,13.77716980144,0.07734909599,0.05592483054,1,0,72575257
1.381325,J050234.70-690546.7,75.6445932,-69.0963146,30726415,75.6438231386,-69.09604676664,75.644,-69.096,90.0,0,,105-006651,05023449-6905459,0,J050234.70-690546.7,4655290764166851584,0,0,STAR,tmgaia2,tmgaia2,1.733,0.059,-0.031,0.074,gaia2,-0.0236,0.0331,gaia2,12.816,0.066,15.255,0.095,,,,,,,,,,,15.385,0.055,15.579,0.158,15.25,0.178,ACC-222-111-000-0-0,15.038,0.029,15.09,0.043,9.277,0.032,7.34,0.084,14.9265,0.000608,14.03,0.6,rered,gaia2,,,,,,,,,,,,,,,,7926.29,1232.35,0.7071,0.0,0,,,0,,0.0,-0.0,schlegel,,,,,,,,,,,1110.36,1354.35,bj2018,,,,14.7707,0.005915,15.0599,0.002314,1,ucac4,bpbj,,1.11285438379,1.15309987269,75.643844049,-69.09604689944,0.03057487859,0.03862162177,0,1,533072910
2.000328,J050234.70-690546.7,75.6445932,-69.0963146,678844973,75.64591380311,-69.09602011471,75.646,-69.096,90.0,0,,,,0,,4655290759935920512,0,0,STAR,gaia2,gaia2,-0.275,0.519,-0.335,0.868,gaia2,-0.4609,0.2976,gaia2,,,19.016,0.049,,,,,,,,,,,,,,,,,,,,,,,,,,18.9351,0.005048,18.626,0.008,gbprp,gaia2,,,,,,,,,,,,,,,,2687.44,893.265,0.7073,0.0,0,,,0,,0.0001,0.0,schlegel,,,,,,,,,,,739.1,1047.43,bj2018,,,,18.4037,0.056412,17.818,0.055386,0,gaia2,,,9.77827748314,13.45961161686,75.64591049051,-69.09602155559,0.24474999659,0.36596234632,0,1,532446666
0.634724,J050416.88-655352.1,76.070354,-65.8978236,30854820,76.07077678915,-65.89778786356,76.071,-65.898,90.0,0,,121-005606,05041699-6553517,0,J050416.88-655352.1,4662249401424080000,31807824,0,STAR,tmgaia2,tmgaia2,1.492,0.077,0.203,0.1,gaia2,-0.0715,0.0493,gaia2,15.913,0.11,15.819,0.15,,,,,,,,,,,15.996,0.106,15.71,0.168,16.093,,ACU-220-110-000-0-0,15.58,0.032,15.468,0.054,11.091,0.08,7.605,0.098,15.9488,0.001344,16.048,0.006,rered,gaia2,,,,,,,,,,,,,,,,6700.29,1175.7,0.2145,0.0,0,,,0,,0.0,-0.0,schlegel,,,,,,,,,,,1051.22,1300.18,bj2018,,,,15.8884,0.004444,15.9215,0.002886,1,ucac4,apassdr9,,1.41903163064,1.55142569515,76.07079252103,-65.8977869899,0.04157651996,0.05094546732,0,0,534630932
2.389937,J050416.88-655352.1,76.070354,-65.8978236,683782821,76.0697030986,-65.89721526538,76.07,-65.897,90.0,0,,,,0,,4662249401388653696,0,0,STAR,gaia2,gaia2,1.839,0.852,1.849,1.34,gaia2,-0.1399,0.7029,gaia2,,,19.799,0.046,,,,,,,,,,,,,,,,,,,,,,,,,,19.7814,0.003482,19.802,0.009,gbprp,gaia2,,,,,,,,,,,,,,,,1491.02,728.163,0.2149,0.001,0,,,0,,0.002,0.0001,schlegel,,,,,,,,,,,554.436,901.89,bj2018,,,,18.9304,0.115557,18.9115,0.107123,0,gaia2,,,15.74538063854,20.78661405231,76.06972248533,-65.89720730493,0.55621339652,0.71422778163,0,1,533460325
1.085663,J050527.88-685635.5,76.3662061,-68.9432141,681651065,76.36536814412,-68.94323148314,76.365,-68.943,90.0,0,,,,0,,4661253346966701824,0,0,STAR,gaia2,gaia2,,,,,,,,,,,,,,,,,,,,,,,,,,,,,,,,,,,,,,20.5932,0.022309,20.163,0.6,goffs,,,,,,,,,,,,,,,,,,,,,0,,,31101774,,,,,,,,,,,,,,,,,,,,,,0.0,,0.0,0,,,,1.69430809474,5.6353202206,76.36536814412,-68.94323148314,1.69430809474,5.6353202206,0,0,534270189
1.337565,J050527.88-685635.5,76.3662061,-68.9432141,681651082,76.36645079463,-68.94357509435,76.366,-68.944,90.0,0,,,,0,,4661253346999109376,0,0,STAR,gaia2,gaia2,1.936,0.185,-0.258,0.235,gaia2,-0.1462,0.1379,gaia2,,,17.758,0.046,,,,,,,,,,,,,,,,,,,,,,,,,,17.7409,0.004035,17.781,0.007,gbprp,gaia2,,,,,,,,,,,,,,,,3728.99,959.115,0.4275,0.0,0,,DUPLICATE,31101774,,0.0,0.0,schlegel,,,,,,,,,,,818.33,1099.9,bj2018,,,,17.5698,0.030634,17.5826,0.031925,0,gaia2,,,3.48354827201,3.65127820347,76.36647399334,-68.94357620641,0.10961786888,0.13427229602,0,1,533849682
1.337565,J050527.88-685635.5,76.3662061,-68.9432141,31101774,76.36645079463,-68.94357509435,76.366,-68.944,90.0,0,,,05052791-6856355,0,J050527.88-685635.5,4661253346999109376,0,0,STAR,gaia2,gaia2,1.936,0.185,-0.258,0.235,gaia2,-0.1462,0.1379,gaia2,,,17.758,0.046,,,,,,,,,,,16.834,0.212,14.356,0.066,12.013,0.029,CAA-222-111-c00-0-0,10.029,0.023,8.411,0.02,6.398,0.014,5.357,0.028,17.7409,0.004035,17.781,0.007,gbprp,gaia2,,,,,,,,,,,,,,,,3728.99,959.115,0.4275,0.0,0,,SPLIT,0,,0.0,0.0,schlegel,,,,,,,,,,,818.33,1099.9,bj2018,,,,17.5698,0.030634,17.5826,0.031925,0,gaia2,,,3.48354827201,3.65127820347,76.36647399334,-68.94357620641,0.10961786888,0.13427229602,0,1,533686727
1.786247,J050527.88-685635.5,76.3662061,-68.9432141,681650975,76.36618939861,-68.94271795664,76.366,-68.943,90.0,0,,,,0,,4661253342729578112,0,0,STAR,gaia2,gaia2,-0.101,1.264,-7.852,2.554,gaia2,2.082,1.0057,gaia2,,,20.799,0.115,,,,,,,,,,,,,,,,,,,,,,,,,,20.2365,0.010801,19.403,0.014,gbprp,gaia2,,,,,,,,,,,,,,,,613.96,522.69,0.4041,0.0394,0,,,31101774,,0.0574,0.0214,schlegel,,,,,,,,,,,266.29,779.09,bj2018,,,,20.4005,0.111058,18.6466,0.129817,0,gaia2,,,23.78641871278,39.59221238158,76.36618819028,-68.94275176554,0.69904178247,0.81878754445,1,0,533324395
1.127844,J050815.47-444908.6,77.0644936,-44.8190585,200363294,77.06438970258,-44.81936299831,77.065,-44.819,90.0,0,7594-01798-1,226-005776,05081544-4449097,0,J050815.47-444908.6,4810658663408687744,19803070,0,STAR,tmgaia2,tmgaia2,21.772,0.035,98.284,0.042,gaia2,15.7784,0.0212,gaia2,11.001,0.078,10.151,0.006,,,,,,,,,,,8.23,0.019,7.812,0.031,7.647,0.024,AAA-111-111-000-0-0,7.595,0.024,7.56,0.019,7.427,0.015,7.1,0.093,9.68727,0.001903,9.125,0.006,gbprp,gaia2,5029.0,123.1,4.4832,0.0847,,,0.87,0.054,0.84,0.101,1.2751,0.3109,DWARF,0.43629,0.01229,63.2618,0.0853,0.0,0.0,43,1.159,,0,0.005358,0.0,0.0,,0.089,0.112,0.054,0.054,0.2317,0.39,0.0968,0.0727,0.01101,0.01357,0.0852,0.0855,bj2018,93.3,153.0,dered0,10.1719,0.005556,9.07661,0.004864,1,tycho2v3,tycho2b3,,0.57994091126,0.65544218622,77.06452185455,-44.81893983331,0.01776587692,0.02108827642,1,0,536467698
0.219125,J050833.52-684020.3,77.1396732,-68.6723202,40272987,77.13953069285,-68.67235211501,77.14,-68.672,90.0,0,,107-007493,05083350-6840205,0,J050833.52-684020.3,4661274783171674752,0,0,STAR,tmgaia2,tmgaia2,1.456,0.1,0.054,0.108,gaia2,0.0019,0.0564,gaia2,,,16.629,1.133,,,,,,,,,,,13.017,0.033,12.037,0.034,11.775,0.024,AAA-222-111-000-0-0,11.619,0.023,11.796,0.021,9.623,0.048,7.359,0.098,15.8738,0.002729,14.664,0.007,rered,gaia2,4521.0,125.0,,,,,15.833,,,,,,GIANT,,,5448.15,1039.24,0.8042,0.0,0,,,0,,0.0,-0.0,schlegel,,,,,,,,,,,911.93,1166.55,bj2018,,,dered,17.111,0.01705,14.6953,0.006995,1,ucac4,,,1.88702077346,1.66837019345,77.13954793457,-68.67235188223,0.05425170107,0.05466163423,0,0,536457781
1.982804,J050833.52-684020.3,77.1396732,-68.6723202,681765574,77.14077542697,-68.6719425112,77.141,-68.672,90.0,0,,,,0,,4661274787449021568,0,0,STAR,gaia2,gaia2,1.301,0.608,0.099,0.802,gaia2,-0.1195,0.3035,gaia2,,,,,,,,,,,,,,,,,,,,,,,,,,,,,,19.1911,0.003954,18.761,0.6,goffs,gaia2,,,,,,,,,,,,,,,,2278.38,808.655,0.806,0.0002,0,,,0,,0.0003,0.0,schlegel,,,,,,,,,,,651.72,965.59,bj2018,,,,,0.0,,0.0,0,,,,11.41834739209,12.439399202,77.14079082935,-68.67194208467,0.31405312094,0.31039589229,0,0,536312593
0.033507,J051242.95+240737.3,78.1789666,24.1270533,70102742,78.17897626095,24.12705031814,78.179,24.127,90.0,0,,571-015681,05124294+2407373,0,J051242.95+240737.3,3418938660772018176,46128017,0,STAR,tmgaia2,tmgaia2,0.043,0.18,-0.97,0.116,gaia2,-0.0815,0.1087,gaia2,18.62,0.162,16.743,0.183,,,,,,,,,,,9.533,0.021,8.421,0.016,8.087,0.023,AAA-211-111-000-0-0,7.846,0.026,7.796,0.021,6.938,0.017,6.0,0.053,13.5713,0.006592,11.976,0.009,rered,gaia2,,,,,,,,,,,,,,,,5071.57,1467.36,0.356,0.0112,0,,,0,,0.0115,0.0109,panstarrs,,,,,,,,,,,1225.32,1709.41,bj2018,,,,16.2829,0.036383,12.1046,0.018453,1,ucac4,bpbj,,2.851750366,1.79445132634,78.17897646323,24.12704614264,0.09112584533,0.06795904441,0,0,77834694
0.057994,J051245.22+084035.1,78.1884503,8.6764278,373490610,78.18846655943,8.67642887863,78.188,8.676,90.0,0,,494-010666,05124523+0840351,0,J051245.22+084035.1,3242429592398117632,39832186,0,STAR,tmgaia2,tmgaia2,-1.949,0.108,-2.706,0.079,gaia2,2.5802,0.0656,gaia2,17.846,-0.195,16.974,1.133,,,,,,,,,,,12.805,0.023,11.906,0.031,11.347,0.02,AAA-222-111-000-0-0,10.85,0.023,10.234,0.021,8.356,0.023,6.331,0.06,15.8235,0.009381,14.831,0.012,rered,gaia2,3902.0,129.0,4.4267,,,,0.785,,0.6,,1.2413,,DWARF,0.12864,,383.59,9.7315,0.1351,0.006,0,,,0,,0.005,0.007,panstarrs,,,,,,,,,,,9.489,9.974,bj2018,,,dered,16.821,0.04965,14.6943,0.023393,1,ucac4,apassdr9,,1.67466160804,1.22981236812,78.18845807259,8.67641722965,0.05911063662,0.0446599505,1,0,78142056
1.481631,J051308.33-690803.4,78.284748,-69.1342893,231790589,78.28485672016,-69.13387956156,78.285,-69.134,90.0,0,,,05130835-6908019,0,J051308.33-690803.4,4658243189212581888,0,0,STAR,tmgaia2,tmgaia2,-12.307,3.671,21.234,4.431,hsoy,,,,,,16.642,0.046,,,,,,,,,,,16.546,0.144,15.39,,14.932,,BUU-200-100-000-0-0,13.887,0.036,13.216,0.027,8.195,0.022,6.019,0.051,16.6246,0.003973,16.642,0.008,gbprp,,,,,,,,,,,,,,DWARF,,,,,,,0,,,0,,,,,,,,,,,,,,,,,,,,,16.5027,0.019989,16.4784,0.014671,0,gaia2,,,69.13005204379,68.68084488071,78.28470795125,-69.13378813703,0.04975604346,0.06921901113,0,1,537675177
2.151036,J051308.33-690803.4,78.284748,-69.1342893,680462601,78.28381930871,-69.13478689943,78.284,-69.135,90.0,0,,,,0,,4658243189212238464,0,0,STAR,gaia2,gaia2,,,,,,,,,,,20.246,0.049,,,,,,,,,,,,,,,,,,,,,,,,,,20.1443,0.009253,19.786,0.013,gbprp,,,,,,,,,,,,,,,,,,,,,0,,,0,,,,,,,,,,,,,,,,,,,,,18.9107,0.049493,18.2329,0.037702,0,gaia2,,,2.35687010537,2.59609254687,78.28381930871,-69.13478689943,2.35687010537,2.59609254687,0,0,537726987
0.293536,J051440.43+412423.2,78.6684909,41.4064523,414892010,78.66851246438,41.40637238258,78.669,41.406,90.0,0,,658-032843,05144044+4124230,0,J051440.43+412423.2,189136688839546368,53024668,0,STAR,tmgaia2,tmgaia2,0.331,0.156,-0.098,0.122,gaia2,0.3173,0.0979,gaia2,15.673,0.335,12.975,0.069,,,,,,,,,,,7.846,0.027,6.666,0.044,6.156,0.024,AAA-111-111-sss-0-0,5.95,0.098,5.676,0.05,5.154,0.014,4.929,0.029,11.1779,0.006066,9.904,0.019,rered,gaia2,3394.0,124.0,,,,,88.348,,,,,,GIANT,,,2864.9,913.46,0.2214,0.0468,0,,,0,,0.0382,0.0554,panstarrs,,,,,,,,,,,674.0,1152.92,bj2018,,,dered,12.9406,0.022971,9.96759,0.017676,1,ucac4,apassdr9,,2.58284869741,1.89420931116,78.66851436253,41.40637196108,0.08315352107,0.07270466777,0,0,77580755
1.459493,J051539.07-664057.3,78.9127987,-66.6825875,40974092,78.91381745813,-66.68262934734,78.914,-66.683,90.0,0,,,05153931-6640573,0,J051539.07-664057.3,4658969523884474112,32440702,0,STAR,tmgaia2,tmgaia2,1.883,0.109,0.466,0.136,gaia2,-0.0012,0.0616,gaia2,16.327,0.017,16.499,0.076,,,,,,,,,,,16.514,0.145,16.057,,14.924,,BUU-200-100-c00-0-0,15.47,0.032,15.435,0.048,9.88,0.032,7.83,0.092,16.3803,0.000758,16.651,0.006,rered,gaia2,,,,,,,,,,,,,,,,5209.03,1026.59,0.2036,0.0,0,,,0,,-0.0,0.0,schlegel,,,,,,,,,,,897.65,1155.53,bj2018,,,,16.2249,0.002581,16.5026,0.002924,1,apassdr9,apassdr9,,2.01938620267,2.11559503674,78.91383793874,-66.68262734208,0.05860041001,0.06005429364,0,1,538328312
0.072817,J051740.83+090514.5,79.4201484,9.0873643,284906299,79.42015995173,9.08738100388,79.42,9.087,90.0,0,,496-011335,05174083+0905147,0,J051740.83+090514.5,3338576249250088064,39834292,0,STAR,tmgaia2,tmgaia2,-1.203,0.047,-2.303,0.038,gaia2,2.4597,0.0337,gaia2,15.41,0.097,14.274,0.137,,,,,,,,,,,11.069,0.023,10.295,0.028,9.939,0.022,AAA-222-111-000-0-0,9.558,0.023,9.323,0.02,7.392,0.017,5.032,0.032,13.4291,0.003661,12.522,0.01,rered,gaia2,4379.0,124.0,,,,,2.057,,,,,,GIANT,,,401.91,5.492,0.2824,0.0132,0,,,0,,0.0175,0.009,panstarrs,,,,,,,,,,,5.419,5.565,bj2018,,,dered,14.3138,0.014398,12.48,0.009292,1,ucac4,apassdr9,,0.73381143454,0.58343421078,79.42015470723,9.08737108922,0.02358674206,0.02468896296,0,0,79445189
0.283275,J051751.49+071219.4,79.4645526,7.2054125,284907861,79.46462051614,7.20545314105,79.465,7.205,90.0,0,,487-011001,05175150+0712195,0,J051751.49+071219.4,3241289944299948672,38937259,0,STAR,tmgaia2,tmgaia2,4.341,2.27,-4.389,2.263,hsoy,,,,17.399,0.251,15.276,0.057,,,,,,,,,,,12.004,0.022,11.187,0.035,10.811,0.021,AAA-222-111-000-0-0,9.831,0.023,9.28,0.02,7.272,0.02,5.17,0.037,14.9332,0.009598,13.93,0.011,gbprp,,,,,,,,,,,,,,GIANT,,,,,,,0,,,0,,,,,,,,,,,,,,,,,,,,,15.983,0.043362,13.7292,0.046067,0,ucac4,apassdr9,,35.2648580044,35.07878529528,79.46463935638,7.20543424608,0.47282162378,0.35735721783,0,0,78790669
0.030297,J051822.42-692733.6,79.5934259,-69.4593545,680086049,79.59342003229,-69.45934634,79.593,-69.459,90.0,0,,,,0,,4658173133895644288,0,0,STAR,gaia2,gaia2,-3.164,0.719,-7.141,1.074,gaia2,2.6396,0.7065,gaia2,,,17.74,0.102,,,,,,,,,,,,,,,,,,,,,,,,,,16.9374,0.038135,15.98,0.041,gbprp,gaia2,,,,,,,,,,,,,,,,413.352,196.969,1.1943,0.1496,0,,,0,,0.1525,0.1467,schlegel,,,,,,,,,,,119.986,273.951,bj2018,,,,17.39,0.052918,15.2809,0.099434,0,gaia2,,,13.56697935311,16.65997843844,79.59338121231,-69.45937708391,0.53529999335,0.48593849104,1,0,539935399
0.415823,J051822.42-692733.6,79.5934259,-69.4593545,179307212,79.593211,-69.459442,79.593,-69.459,90.0,0,,,05182237-6927339,0,J051822.42-692733.6,0,0,0,STAR,tmmgaia,tmmgaia,,,,,,,,,20.748,0.171,,,,,,,,,,,,,13.564,0.046,12.1,0.035,10.856,0.026,EAA-222-111-000-0-0,9.213,0.022,8.404,0.019,7.059,0.016,6.774,0.052,,,14.855,0.019,gaiah,,,,,,,,,,,,,,,,,,,,,0,,,0,,,,,,,,,,,,,,,,,,,,,,,,,0,,bpbj,,228.776,228.776,79.593427,-69.459419,228.776,228.776,0,0,539220006
0.601113,J051822.42-692733.6,79.5934259,-69.4593545,680086028,79.59352421713,-69.45951787354,79.594,-69.46,90.0,0,,,,0,,4658173133840680576,0,0,STAR,gaia2,gaia2,0.938,0.669,0.907,0.514,gaia2,0.1942,0.2995,gaia2,,,18.413,0.073,,,,,,,,,,,,,,,,,,,,,,,,,,17.8215,0.004264,16.971,0.032,gbprp,gaia2,,,,,,,,,,,,,,,,1931.82,734.765,1.3976,0.0012,0,,,0,,0.0023,0.0002,schlegel,,,,,,,,,,,569.05,900.48,bj2018,,,,17.6877,0.089071,15.8867,0.002772,0,gaia2,,,12.6235396187,7.97605416395,79.59353572818,-69.45951396812,0.41224217921,0.24965612547,1,0,540156704
1.905378,J051822.42-692733.6,79.5934259,-69.4593545,680086649,79.59492253427,-69.45928839724,79.595,-69.459,90.0,0,,,,0,,4658173236974862336,0,0,STAR,gaia2,gaia2,2.888,0.691,0.074,0.964,gaia2,-0.0154,0.4671,gaia2,,,,,,,,,,,,,,,,,,,,,,,,,,,,,,18.7648,0.007572,18.335,0.6,goffs,gaia2,,,,,,,,,,,,,,,,1781.03,780.225,1.3988,0.0029,0,,,0,,0.0054,0.0003,schlegel,,,,,,,,,,,601.13,959.32,bj2018,,,,,0.0,,0.0,0,,,,13.03221787418,14.95510496277,79.59495797582,-69.45928807727,0.38177401992,0.53322101638,0,0,539160598
1.916552,J051822.42-692733.6,79.5934259,-69.4593545,680086103,79.59190955284,-69.45933570017,79.592,-69.459,90.0,0,,,,0,,4658173133898456192,0,0,STAR,gaia2,gaia2,1.44,0.812,-2.126,1.144,gaia2,0.5911,0.4444,gaia2,,,,,,,,,,,,,,,,,,,,,,,,,,,,,,19.2804,0.005732,18.85,0.6,goffs,gaia2,,,,,,,,,,,,,,,,1320.05,639.72,1.3937,0.0121,0,,,0,,0.0213,0.0029,schlegel,,,,,,,,,,,450.86,828.58,bj2018,,,,,0.0,,0.0,0,,,,15.32274493828,17.73276993639,79.59192722383,-69.4593448524,0.3764017769,0.51877122556,0,0,539492636
0.251929,J051915.37-694128.4,79.8140649,-69.6912474,179309253,79.81386907792,-69.69123072947,79.814,-69.691,90.0,0,,102-009025,05191532-6941283,0,J051915.37-694128.4,4658168972005342720,0,0,STAR,tmgaia2,tmgaia2,1.709,0.054,0.039,0.062,gaia2,-0.0675,0.0283,gaia2,,,15.349,0.115,,,,,,,,,,,14.056,0.04,13.709,0.048,13.581,0.059,AAA-222-111-000-0-0,13.386,0.054,13.455,0.057,9.337,0.036,7.093,0.076,15.258,0.00697,13.651,0.6,rered,gaia2,,,,,,,,,,,,,,,,10047.7,1471.5,1.7831,0.0,0,,,0,,0.0,-0.0,schlegel,,,,,,,,,,,1341.9,1601.1,bj2018,,,,15.6052,0.024379,14.6436,0.015838,1,ucac4,,,1.02221712655,0.96602298674,79.81389027962,-69.69123056316,0.02515233004,0.02954913569,0,0,539441116
1.658302,J051915.37-694128.4,79.8140649,-69.6912474,680060774,79.81476790601,-69.69163811037,79.815,-69.692,90.0,0,,,,0,,4658168976369713920,0,0,STAR,gaia2,gaia2,2.773,0.44,1.499,0.636,gaia2,-0.0964,0.2369,gaia2,,,,,,,,,,,,,,,,,,,,,,,,,,,,,,18.6594,0.0046,18.229,0.6,goffs,gaia2,,,,,,,,,,,,,,,,2636.08,867.46,1.776,0.0001,0,,,0,,0.0002,0.0,schlegel,,,,,,,,,,,707.71,1027.21,bj2018,,,,,0.0,,0.0,0,,,,8.30383645489,9.85746807888,79.81480230741,-69.69163165549,0.20461146405,0.28544028659,0,0,538492706
0.780033,J051929.57-674307.0,79.8732313,-67.718621,179438235,79.8729596059,-67.71881162157,79.873,-67.719,90.0,0,,112-006996,05192950-6743076,0,J051929.57-674307.0,4658760788461137024,32442055,0,STAR,tmgaia2,tmgaia2,1.582,0.072,0.24,0.075,gaia2,0.0185,0.0364,gaia2,15.009,0.053,15.519,0.044,,,,,,,,,,,15.331,0.071,15.332,0.124,15.22,0.188,ABC-222-111-000-0-0,14.465,0.029,14.298,0.031,9.287,0.032,7.234,0.064,15.2735,0.001537,15.47,0.006,rered,gaia2,,,,,,,,,,,,,,,,6770.57,1093.9,0.3398,0.0,0,,,0,,0.0,-0.0,schlegel,,,,,,,,,,,975.06,1212.73,bj2018,,,,15.1606,0.008332,15.2817,0.004901,1,ucac4,apassdr9,,1.34604339107,1.15638559672,79.87297756693,-67.7188105886,0.0359409645,0.03537799415,0,0,538444155
1.730513,J051929.57-674307.0,79.8732313,-67.718621,681123733,79.87401382217,-67.71824279395,79.874,-67.718,90.0,0,,,,0,,4658760788441064576,0,0,STAR,gaia2,gaia2,2.336,1.992,1.778,1.772,gaia2,-1.4648,0.6861,gaia2,,,20.365,0.047,,,,,,,,,,,,,,,,,,,,,,,,,,20.3476,0.008464,20.402,0.033,gbprp,gaia2,,,,,,,,,,,,,,,,2052.58,862.07,0.3401,0.0003,0,,,0,,0.0006,0.0,schlegel,,,,,,,,,,,694.22,1029.92,bj2018,,,,19.2813,0.1042,19.315,0.05485,0,gaia2,,,37.19775045318,27.48020802407,79.87404035262,-67.71823513777,0.8301739112,0.92129864258,0,1,538740341
0.065764,J051931.15-685341.2,79.8797985,-68.8947995,179384817,79.87977240553,-68.89481516608,79.88,-68.895,90.0,0,,106-010778,05193112-6853413,0,J051931.15-685341.2,4658287581822106112,33100957,0,STAR,tmgaia2,tmgaia2,1.757,0.052,0.159,0.064,gaia2,-0.0605,0.0264,gaia2,15.561,0.177,14.215,0.114,,,,,,,,,,,10.155,0.026,9.245,0.024,8.934,0.021,AAA-222-111-000-0-0,8.735,0.023,8.846,0.02,8.369,0.02,7.518,0.07,12.8267,0.005499,11.685,0.008,rered,gaia2,3942.0,123.0,,,,,112.008,,,,,,GIANT,,,10309.2,1473.28,0.3933,0.0,0,,,0,,-0.0,0.0,schlegel,,,,,,,,,,,1345.66,1600.9,bj2018,,,dered,14.1212,0.026474,11.7179,0.013299,1,ucac4,apassdr9,,0.97763179145,0.98895957607,79.87979341752,-68.8948144831,0.02613820444,0.02640348078,0,0,539885441
0.174973,J052039.21+370144.7,80.163397,37.0291067,333724987,80.16343690924,37.02906999566,80.163,37.029,90.0,0,,,05203922+3701446,0,J052039.21+370144.7,184082646202247680,0,0,STAR,tmgaia2,tmgaia2,-0.538,0.328,-0.562,0.219,gaia2,0.2391,0.141,gaia2,18.478,0.102,18.166,0.049,,,,,,,,,,,15.405,0.08,14.461,0.047,13.698,0.038,AAA-222-111-000-0-0,12.549,0.024,12.066,0.022,9.689,0.052,6.663,0.07,17.6767,0.005801,16.84,0.064,rered,gaia2,5418.0,147.0,3.8874,,,,1.828,,0.94,,0.1539,,DWARF,2.59351,,3260.23,1399.98,0.5262,0.1002,0,,,0,,0.0941,0.1063,panstarrs,,,,,,,,,,,995.87,1804.09,bj2018,,,dered,18.417,0.024156,16.7872,0.017488,1,gaia2,bpbj,,5.36778746223,3.40011421875,80.16343400659,37.02906757602,0.12136013516,0.09531425518,1,0,80008839
0.11676,J052042.74-692115.1,80.1781221,-69.3542158,179507942,80.17814876607,-69.35424684061,80.178,-69.354,90.0,0,,104-011278,05204274-6921152,0,J052042.74-692115.1,4658271260944580992,0,0,STAR,tmgaia2,tmgaia2,,,,,,,,,,,16.74,0.206,,,,,,,,,,,10.66,0.023,9.753,0.025,9.387,0.025,AAA-222-111-000-0-0,9.045,0.02,9.121,0.018,8.205,0.018,7.304,0.058,14.7091,0.018475,13.336,0.02,gbprp,,,,,,,,,,,,,,,,,,,,,0,,,0,,,,,,,,,,,,,,,,,,,,,17.0472,0.083434,13.2659,0.052619,0,ucac4,,,0.06931135401,0.08172546666,80.17814876607,-69.35424684061,0.06931135401,0.08172546666,0,0,540217766
2.286592,J052042.74-692115.1,80.1781221,-69.3542158,730154845,80.17748004716,-69.3548092534,80.178,-69.355,90.0,0,,,,0,,4658271265274472320,0,0,STAR,gaia2,gaia2,1.803,0.986,-2.641,1.478,gaia2,-0.9079,0.5275,gaia2,,,19.206,0.095,,,,,,,,,,,,,,,,,,,,,,,,,,18.8322,0.007493,18.131,0.02,gbprp,gaia2,,,,,,,,,,,,,,,,2195.23,880.385,0.3018,0.0002,0,,,0,,0.0003,0.0,schlegel,,,,,,,,,,,710.7,1050.07,bj2018,,,,18.2757,0.094275,16.8603,0.136616,0,gaia2,,,18.58909795715,22.91032225847,80.17750206036,-69.35482062338,0.49054186976,0.57482024578,1,0,541968193
1.108726,J052138.79-655529.3,80.4116649,-65.9248169,732869530,80.41091010144,-65.92481030677,80.411,-65.925,90.0,0,,,,0,,4660548078967960704,0,0,STAR,gaia2,gaia2,3.13,0.996,4.067,1.118,gaia2,0.0209,0.5117,gaia2,,,20.022,0.046,,,,,,,,,,,,,,,,,,,,,,,,,,20.0042,0.00363,20.123,0.023,rered,gaia2,,,,,,,,,,,,,,,,1672.27,757.625,0.1399,0.0004,0,,,0,,0.0008,0.0001,schlegel,,,,,,,,,,,579.09,936.16,bj2018,,,,19.3933,0.071184,19.4814,0.070216,0,gaia2,,,18.40029437345,17.33126240182,80.41094313305,-65.92479279569,0.50504776503,0.56577940948,0,0,541429540
1.75961,J052138.79-655529.3,80.4116649,-65.9248169,149102944,80.41277421451,-65.92463217531,80.413,-65.925,90.0,0,,121-006753,05213903-6555285,0,J052138.79-655529.3,4660548078975323392,32442806,0,STAR,tmgaia2,tmgaia2,1.773,0.101,0.229,0.107,gaia2,-0.018,0.0511,gaia2,16.441,0.096,16.358,0.15,,,,,,,,,,,16.423,0.149,17.21,,16.307,,BUU-200-100-000-0-0,16.0,0.038,16.159,0.081,10.868,0.063,8.013,0.104,16.5659,0.000935,16.678,0.006,rered,gaia2,,,,,,,,,,,,,,,,6052.92,1122.07,0.1395,0.0,0,,,0,,-0.0,0.0,schlegel,,,,,,,,,,,990.59,1253.56,bj2018,,,,16.4903,0.003144,16.5693,0.002882,1,ucac4,apassdr9,,1.8612924796,1.65854960961,80.41279292552,-65.92463118746,0.05136827922,0.05469527652,0,0,541115597
0.287294,J052145.42-695226.8,80.4392618,-69.8741208,179512712,80.43948819883,-69.87410347359,80.44,-69.874,90.0,0,,101-009217,05214547-6952267,0,J052145.42-695226.8,4657952235159687168,0,0,STAR,tmgaia2,tmgaia2,2.188,0.079,0.117,0.107,gaia2,0.0248,0.0506,gaia2,,,16.846,1.133,,,,,,,,,,,13.021,0.036,12.088,0.035,11.815,0.034,AAA-222-212-c0c-0-0,11.446,0.024,11.626,0.023,9.82,0.091,7.815,0.099,16.081,0.001633,14.807,0.006,rered,gaia2,4940.0,130.0,,,,,15.921,,,,,,GIANT,,,5624.72,1049.69,1.0523,0.0,0,,,0,,0.0,-0.0,schlegel,,,,,,,,,,,919.99,1179.38,bj2018,,,dered,17.3631,0.019148,14.8498,0.005225,1,ucac4,,,1.49794702393,1.65326073501,80.43951557897,-69.87410296911,0.04109361617,0.05945002327,0,0,541905877
1.965336,J052145.42-695226.8,80.4392618,-69.8741208,729135581,80.43794270887,-69.87381743937,80.438,-69.874,90.0,0,,,,0,,4657952230833907840,0,0,STAR,gaia2,gaia2,1.527,0.179,0.262,0.274,gaia2,-0.3433,0.1096,gaia2,,,18.534,0.125,,,,,,,,,,,,,,,,,,,,,,,,,,18.0457,0.001602,17.259,0.077,gbprp,gaia2,,,,,,,,,,,,,,,,5272.59,1189.64,1.0521,0.0,0,,,0,,-0.0,0.0,schlegel,,,,,,,,,,,1045.28,1334.0,bj2018,,,,18.4247,0.202824,16.7957,0.002417,0,gaia2,,,3.38538392005,4.25428017051,80.43796181297,-69.87381630992,0.09129380278,0.1446451001,1,0,540824271
2.47201,J052145.42-695226.8,80.4392618,-69.8741208,729135624,80.4383187704,-69.87472596919,80.438,-69.875,90.0,0,,,,0,,4657952235112310784,0,0,STAR,gaia2,gaia2,1.828,0.163,0.785,0.228,gaia2,-0.0101,0.1038,gaia2,,,18.35,0.046,,,,,,,,,,,,,,,,,,,,,,,,,,17.8697,0.001466,17.089,0.006,gbprp,gaia2,,,,,,,,,,,,,,,,3960.69,957.83,1.0505,0.0,0,,,0,,0.0,-0.0,schlegel,,,,,,,,,,,815.68,1099.98,bj2018,,,,18.2795,0.000163,16.6655,0.003343,0,gaia2,,,3.07909762806,3.54380795792,80.43834165026,-69.87472258787,0.08361836496,0.1256562286,1,0,541162883
0.068729,J052145.58+350631.8,80.4399376,35.1088548,2771568,80.43995456294,35.10884168839,80.44,35.109,90.0,0,,626-023810,05214559+3506318,0,J052145.58+350631.8,183587896031732736,50940233,0,STAR,tmgaia2,tmgaia2,-0.118,0.125,-2.658,0.084,gaia2,0.4109,0.0679,gaia2,17.008,0.219,16.045,0.06,,,,,,,,,,,14.078,0.027,13.537,0.026,13.05,0.026,AAA-222-111-000-0-0,12.424,0.024,11.926,0.024,9.136,0.038,6.741,0.079,16.144,0.022477,15.452,0.087,rered,gaia2,6204.0,366.0,3.9758,,,,1.857,,1.19,,0.1857,,DWARF,4.60419,,2280.66,380.49,0.4965,0.123,0,,,0,,0.1374,0.1086,panstarrs,,,,,,,,,,,321.32,439.66,bj2018,,,dered,16.7141,0.072621,15.3732,0.0723,1,apassdr9,apassdr9,,2.03458211997,1.30262992462,80.4399539413,35.10883024521,0.05951065679,0.04773238042,1,0,80922582
0.084528,J052331.01-010423.6,80.8792135,-1.0732267,4206238,80.87921006185,-1.07324992703,80.879,-1.073,90.0,0,4753-01534-1,445-009704,05233100-0104237,0,J052331.01-010423.6,3220462655745525632,84156,0,STAR,tmgaia2,tmgaia2,1.269,0.091,-0.516,0.066,gaia2,2.821,0.0481,gaia2,10.974,0.097,10.411,0.007,,,,,,,,,,,9.147,0.021,8.466,0.042,7.856,0.021,AAA-111-111-000-0-0,6.986,0.063,6.491,0.022,4.513,0.016,1.817,0.022,10.2788,0.001019,9.896,0.006,rered,gaia2,6503.0,128.6,3.8228,0.0873,,,2.345,0.105,1.333,0.213,0.1034,0.0238,DWARF,8.85672,0.48604,351.015,5.9745,0.0968,0.0076,129,0.0072,,0,0.000614,0.0097,0.0055,panstarrs,0.151,0.274,0.086,0.124,0.0251,0.0225,0.0806,0.0941,0.42074,0.55133,5.875,6.074,bj2018,138.6,118.6,dered,10.5712,0.001576,9.84142,0.001568,1,tycho2v3,tycho2b3,,1.40413134757,1.01793268634,80.87921552704,-1.07325214675,0.03353975191,0.02960284896,1,0,540658443
0.072928,J052337.32-695615.9,80.9055351,-69.9377525,373519602,80.90554339736,-69.93777255691,80.906,-69.938,90.0,0,,,05233732-6956160,0,J052337.32-695615.9,4657971201699144064,0,0,STAR,tmgaia2,tmgaia2,,,,,,,,,,,,,,,,,,,,,,,15.362,,13.805,0.049,11.859,0.029,UAA-022-011-000-0-0,9.108,0.023,7.631,0.02,5.553,0.015,4.742,0.024,19.5959,0.038402,19.166,0.6,goffs,,,,,,,,,,,,,,,,,,,,,0,,,0,,,,,,,,,,,,,,,,,,,,,,0.0,,0.0,0,,,,1.25077088599,1.63089194389,80.90554339736,-69.93777255691,1.25077088599,1.63089194389,0,0,541909440
1.207106,J052337.32-695615.9,80.9055351,-69.9377525,729252549,80.90648705246,-69.93767640741,80.907,-69.938,90.0,0,,,,0,,4657971236105236608,0,0,STAR,gaia2,gaia2,2.113,0.343,-0.03,0.447,gaia2,-0.3153,0.2041,gaia2,,,18.93,0.066,,,,,,,,,,,,,,,,,,,,,,,,,,18.6102,0.003263,17.958,0.009,gbprp,gaia2,,,,,,,,,,,,,,,,3324.3,980.93,0.4226,0.0,0,,,0,,0.0,0.0,schlegel,,,,,,,,,,,825.6,1136.26,bj2018,,,,18.4769,0.079694,17.1767,0.065792,0,gaia2,,,6.4865163614,6.92665063203,80.90651357344,-69.93767653746,0.16797564391,0.21468026421,1,0,540262609
2.079421,J052337.32-695615.9,80.9055351,-69.9377525,729252370,80.9045263563,-69.93729001232,80.905,-69.937,90.0,0,,,,0,,4657971231847170560,0,0,STAR,gaia2,gaia2,1.545,0.216,0.652,0.262,gaia2,-0.3255,0.1187,gaia2,,,18.506,0.048,,,,,,,,,,,,,,,,,,,,,,,,,,18.2624,0.00201,17.688,0.008,gbprp,gaia2,,,,,,,,,,,,,,,,4912.55,1169.39,0.4251,0.0,0,,,0,,0.0,-0.0,schlegel,,,,,,,,,,,1019.06,1319.71,bj2018,,,,18.2751,0.029298,17.152,0.018893,0,gaia2,,,4.09555824018,4.06033481393,80.90454574413,-69.93728720391,0.10693619397,0.12241665768,1,0,541163555
0.023521,J052441.03+015438.5,81.170992,1.910698,264459904,81.17099621159,1.9107029969,81.171,1.911,90.0,0,,460-010241,05244103+0154386,0,J052441.03+015438.5,3222286505017306240,36578281,0,STAR,tmgaia2,tmgaia2,1.322,0.056,-0.445,0.046,gaia2,2.9289,0.0435,gaia2,15.956,0.283,14.786,0.183,,,,,,,,,,,12.506,0.026,11.492,0.026,10.751,0.023,AAA-222-111-000-0-0,9.621,0.022,9.049,0.019,7.18,0.018,5.163,0.036,14.1913,0.03771,13.377,0.094,rered,gaia2,4185.0,289.0,4.199,,,,1.066,,0.655,,0.5412,,DWARF,0.31387,,338.178,5.0195,0.0638,0.0103,0,,,0,,0.0098,0.0108,panstarrs,,,,,,,,,,,4.946,5.093,bj2018,,,dered,14.9258,0.194458,13.2482,0.100718,1,ucac4,apassdr9,,0.86556422258,0.71279562651,81.17100190795,1.9107010829,0.02769590997,0.03064305626,1,0,82553056
0.034372,J052528.23-695319.2,81.3676499,-69.8886673,373774468,81.36762553295,-69.88866272154,81.368,-69.889,90.0,0,,101-010756,05252821-6953191,0,J052528.23-695319.2,4657960786358274560,33101996,0,STAR,tmgaia2,tmgaia2,1.959,0.034,0.489,0.042,gaia2,-0.0609,0.0205,gaia2,,,14.916,0.103,,,,,,,,,,,12.084,0.028,11.258,0.025,11.067,0.026,AAA-222-111-000-0-0,10.859,0.022,11.09,0.02,9.089,0.035,7.433,0.081,14.3378,0.000681,13.415,0.006,rered,gaia2,6440.0,124.0,,,,,35.9,,,,,,GIANT,,,12476.3,1652.9,0.9009,0.0,0,,,0,,-0.0,0.0,schlegel,,,,,,,,,,,1521.1,1784.7,bj2018,,,dered,15.1829,0.006154,13.3814,0.001926,1,ucac4,,,0.63474959258,0.65722192317,81.36765006611,-69.88866061672,0.01758281,0.02188485048,0,0,542137872
1.517954,J052528.23-695319.2,81.3676499,-69.8886673,729185721,81.36658619027,-69.88845749949,81.367,-69.888,90.0,0,,,,0,,4657960790740159616,0,0,STAR,gaia2,gaia2,-1.74,0.38,-3.281,0.465,gaia2,-1.0837,0.1915,gaia2,,,,,,,,,,,,,,,,,,,,,,,,,,,,,,17.9428,0.007331,17.513,0.6,goffs,gaia2,,,,,,,,,,,,,,,,4855.18,1202.49,0.9018,0.0,0,,,0,,0.0,-0.0,schlegel,,,,,,,,,,,1054.22,1350.77,bj2018,,,,,0.0,,0.0,0,,,,7.19048312729,7.21779707871,81.36656440373,-69.88847162529,0.18918770095,0.25832139175,0,0,542185010
1.869596,J052528.23-695319.2,81.3676499,-69.8886673,729185720,81.36646520221,-69.88898943682,81.366,-69.889,90.0,0,,,,0,,4657960790740159488,0,0,STAR,gaia2,gaia2,,,,,,,,,,,,,,,,,,,,,,,,,,,,,,,,,,,,,,19.6431,0.020016,19.213,0.6,goffs,,,,,,,,,,,,,,,,,,,,,0,,,0,,,,,,,,,,,,,,,,,,,,,,0.0,,0.0,0,,,,4.52283994411,12.98231094778,81.36646520221,-69.88898943682,4.52283994411,12.98231094778,0,0,542302562
0.044431,J052537.23-694249.4,81.4051361,-69.7137464,373776269,81.40510709706,-69.71375355619,81.405,-69.714,90.0,0,,102-012041,05253720-6942493,0,J052537.23-694249.4,4657969548092341504,0,0,STAR,tmgaia2,tmgaia2,2.183,0.117,1.195,0.131,gaia2,-0.0242,0.0674,gaia2,,,15.656,0.057,,,,,,,,,,,11.069,0.024,9.907,0.022,9.403,0.021,AAA-222-111-000-0-0,9.107,0.023,9.062,0.02,8.248,0.02,7.486,0.08,14.4284,0.007444,13.182,0.01,rered,gaia2,4140.0,131.0,,,,,34.023,,,,,,GIANT,,,5239.47,1084.79,0.7006,0.0,0,,,0,,0.0,-0.0,schlegel,,,,,,,,,,,945.29,1224.28,bj2018,,,dered,15.7727,0.026974,13.231,0.019236,1,ucac4,,,2.20656864021,2.03825963456,81.40513420658,-69.71374841166,0.0573455116,0.06819497673,0,0,543776179
2.368707,J052537.23-694249.4,81.4051361,-69.7137464,729241793,81.40324765805,-69.71368128053,81.403,-69.714,90.0,0,,,,0,,4657969552428251264,0,0,STAR,gaia2,gaia2,5.418,0.681,2.692,0.658,gaia2,0.0978,0.3452,gaia2,,,,,,,,,,,,,,,,,,,,,,,,,,,,,,18.8671,0.005071,18.437,0.6,goffs,gaia2,,,,,,,,,,,,,,,,1951.61,781.62,0.7063,0.0008,0,,,0,,0.0014,0.0001,schlegel,,,,,,,,,,,606.04,957.2,bj2018,,,,,0.0,,0.0,0,,,,12.86434739892,10.20863075059,81.40331493893,-69.71366968892,0.33476035432,0.35633129783,0,0,543592287
2.491143,J052537.23-694249.4,81.4051361,-69.7137464,729241796,81.40470210774,-69.71442182699,81.405,-69.714,90.0,0,,,,0,,4657969552428258688,0,0,STAR,gaia2,gaia2,0.266,1.337,-1.756,0.861,gaia2,0.5147,0.5005,gaia2,,,,,,,,,,,,,,,,,,,,,,,,,,,,,,18.7856,0.009212,18.356,0.6,goffs,gaia2,,,,,,,,,,,,,,,,1363.42,687.18,0.6983,0.0064,0,,,0,,0.0115,0.0014,schlegel,,,,,,,,,,,488.969,885.39,bj2018,,,,,0.0,,0.0,0,,,,25.27769765162,13.35869195879,81.40470541056,-69.71442938871,0.87254507915,0.47937588824,0,0,543592288
0.096006,J052539.72+483844.8,81.4155113,48.6457804,309769465,81.41551622064,48.64580686953,81.416,48.646,90.0,0,,,05253972+4838448,0,J052539.72+483844.8,212644380582894720,0,0,STAR,tmgaia2,tmgaia2,0.68,0.13,-3.501,0.12,gaia2,0.2113,0.082,gaia2,17.785,0.076,17.051,0.047,,,,,,,,,,,15.256,0.042,14.866,0.06,14.392,0.056,AAA-222-111-000-0-0,13.683,0.026,13.287,0.031,10.112,0.058,6.838,0.074,16.8262,0.002597,16.269,0.013,rered,gaia2,6116.0,140.0,4.0437,,,,1.689,,1.15,,0.2389,,DWARF,3.59419,,3650.27,1053.82,0.2719,0.0174,0,,,0,,0.0146,0.0201,panstarrs,,,,,,,,,,,819.4,1288.25,bj2018,,,dered,17.2834,0.019826,16.2104,0.005837,1,gaia2,bpbj,,2.20612358419,1.86719462982,81.41552065072,48.64579179462,0.06602811824,0.06551216382,1,0,81323561
0.025757,J052626.13+353000.3,81.6088814,35.5000855,127966275,81.60888481873,35.50007890867,81.609,35.5,90.0,0,,628-024569,05262613+3530003,0,J052626.13+353000.3,182953443464034176,51059869,0,STAR,tmgaia2,tmgaia2,-0.004,0.074,-1.447,0.05,gaia2,0.2407,0.0332,gaia2,16.405,0.086,15.18,0.046,,,,,,,,,,,12.71,0.023,12.356,0.023,12.133,0.024,AAA-222-111-000-0-0,12.051,0.024,12.051,0.024,9.792,0.068,6.847,0.103,14.803,0.000406,13.996,0.029,rered,gaia2,6774.0,124.0,,,,,6.78,,,,,,GIANT,,,3655.7,462.105,0.8021,0.0404,0,,,0,,0.0393,0.0415,panstarrs,,,,,,,,,,,407.31,516.9,bj2018,,,dered,15.529,0.004301,13.9512,0.003366,1,ucac4,apassdr9,,1.19733043423,0.77352545554,81.60888479837,35.50007267772,0.03772243915,0.02956618987,0,0,81594991
0.044878,J052705.83+343311.8,81.774296,34.553285,128017259,81.77429256406,34.55329714067,81.774,34.553,90.0,0,,623-023969,05270583+3433120,0,J052705.83+343311.8,182828618832166144,0,0,STAR,tmgaia2,tmgaia2,0.239,0.064,-2.408,0.05,gaia2,0.4863,0.0387,gaia2,15.532,0.066,15.105,0.126,,,,,,,,,,,13.313,0.021,12.738,0.023,12.066,0.021,AAA-222-111-000-0-0,10.834,0.024,10.194,0.021,7.809,0.031,6.186,0.063,14.7688,0.002358,14.281,0.021,rered,gaia2,7420.0,130.0,4.0683,,,,1.996,,1.7,,0.2138,,DWARF,10.8786,,1945.24,150.395,0.456,0.0264,0,,,0,,0.0224,0.0305,panstarrs,,,,,,,,,,,139.09,161.7,bj2018,,,dered,15.1529,0.008076,14.1908,0.007052,1,ucac4,bpbj,,1.0398411206,0.76815031895,81.77429381358,34.55328677319,0.03240303981,0.02785108007,1,0,81690736
2.212085,J052707.95-665437.1,81.78313,-66.9103115,373849147,81.78168262493,-66.91007617874,81.782,-66.91,90.0,0,,,05270756-6654362,0,J052707.95-665437.1,4660224307182698752,0,0,STAR,tmgaia2,tmgaia2,-4.24,3.272,4.832,3.272,hsoy,,,,15.92,0.161,16.944,0.046,,,,,,,,,,,16.531,0.148,17.534,,15.914,,CUU-200-100-000-0-0,14.596,0.027,14.313,0.03,9.203,0.024,7.175,0.064,16.9234,0.001245,17.047,0.006,gbprp,,,,,,,,,,,,,,DWARF,,,,,,,0,,,0,,,,,,,,,,,,,,,,,,,,,16.6922,0.004678,16.833,0.006392,0,gaia2,bpbj,,60.80133704438,50.7186900225,81.78163607776,-66.91005537603,0.07218599684,0.07470833227,0,1,542255940
0.162397,J052728.95-700152.6,81.8706525,-70.0312922,373926793,81.87077798413,-70.03127811134,81.871,-70.031,90.0,0,,,05272898-7001526,0,J052728.95-700152.6,4657909147983622784,0,0,STAR,tmgaia2,tmgaia2,,,,,,,,,,,19.755,0.089,,,,,,,,,,,14.228,0.063,12.467,0.042,10.998,0.029,AAA-222-111-000-0-0,9.772,0.022,8.816,0.019,7.352,0.022,6.71,0.067,18.9922,0.041169,18.053,0.042,gbprp,,,,,,,,,,,,,,,,,,,,,0,,,0,,,,,,,,,,,,,,,,,,,,,18.9565,0.062805,16.9022,0.062091,0,gaia2,,,0.58485172066,0.61767068714,81.87077798413,-70.03127811134,0.58485172066,0.61767068714,1,0,543074909
0.705421,J052728.95-700152.6,81.8706525,-70.0312922,728903341,81.87010981323,-70.0312285701,81.87,-70.031,90.0,0,,,,0,,4657909148035350656,0,0,STAR,gaia2,gaia2,1.168,0.786,0.818,0.53,gaia2,-0.696,0.2902,gaia2,,,19.438,0.058,,,,,,,,,,,,,,,,,,,,,,,,,,19.0356,0.004042,18.312,0.012,gbprp,gaia2,,,,,,,,,,,,,,,,3108.68,993.215,0.6198,0.0,0,,,0,,0.0,0.0,schlegel,,,,,,,,,,,833.05,1153.38,bj2018,,,,18.7725,0.033492,17.3023,0.058357,0,gaia2,,,14.88915293971,8.22428235626,81.87012453373,-70.03122504752,0.37860461066,0.2969000714,1,0,542645043
1.953268,J052728.95-700152.6,81.8706525,-70.0312922,728903300,81.86907790572,-70.03121989966,81.869,-70.031,90.0,0,,,,0,,4657909147983622656,0,0,STAR,gaia2,gaia2,,,,,,,,,,,,,,,,,,,,,,,,,,,,,,,,,,,,,,20.5413,0.017749,20.111,0.6,goffs,,,,,,,,,,,,,,,,,,,,,0,,,0,,,,,,,,,,,,,,,,,,,,,,0.0,,0.0,0,,,,12.54637383165,73.99157193069,81.86907790572,-70.03121989966,12.54637383165,73.99157193069,0,0,542995507
0.074702,J052735.68+353547.7,81.8986797,35.5965929,239720942,81.89870518656,35.59659395082,81.899,35.597,90.0,0,,628-024740,05273569+3535477,0,J052735.68+353547.7,183318446964071296,0,0,STAR,tmgaia2,tmgaia2,0.347,0.154,-2.238,0.114,gaia2,0.3272,0.0856,gaia2,19.812,0.165,17.04,1.133,,,,,,,,,,,14.386,0.031,13.507,0.036,12.671,0.027,AAA-222-111-000-0-0,11.471,0.023,10.798,0.021,8.275,0.024,5.938,0.051,16.9635,0.022228,16.061,0.075,rered,gaia2,5658.0,361.0,3.6799,,,,2.394,,1.0,,0.0729,,DWARF,5.29058,,2771.59,737.09,0.6874,0.1109,0,,,0,,0.0712,0.1505,panstarrs,,,,,,,,,,,569.09,905.09,bj2018,,,dered,17.7335,0.096504,15.9752,0.056301,1,ucac4,bpbj,,2.5142748788,1.76384603703,81.89870702577,35.5965843137,0.07157816552,0.06030023305,1,0,82075902
0.022826,J052747.63-714852.7,81.9484769,-71.8146514,280049433,81.94848261705,-71.81464531575,81.949,-71.815,90.0,0,,091-009442,05274762-7148526,0,J052747.63-714852.7,4651696391895922688,33593409,0,STAR,tmgaia2,tmgaia2,2.144,0.041,0.308,0.047,gaia2,-0.0079,0.0214,gaia2,14.369,0.02,14.48,0.035,,,,,,,,,,,13.483,0.029,12.748,0.029,11.768,0.028,AAA-222-111-000-0-0,10.212,0.021,9.352,0.019,7.376,0.016,5.975,0.038,14.119,0.000742,13.945,0.006,rered,gaia2,8590.0,127.0,,,,,7.935,,,,,,GIANT,,,10215.8,1416.76,0.1849,0.0,0,,,0,,-0.0,0.0,schlegel,,,,,,,,,,,1286.71,1546.8,bj2018,,,dered,14.1959,0.003899,13.8183,0.003256,1,ucac4,apassdr9,,0.77714300788,0.72236928346,81.94851219825,-71.81464399166,0.02099199949,0.02524568274,0,0,543421765
0.180034,J052917.52-671330.0,82.3230086,-67.2250097,287400902,82.322883,-67.224998,82.323,-67.225,90.0,0,,,05291749-6713299,0,J052917.52-671330.0,0,0,0,STAR,2mass,2mass,,,,,,,,,,,,,,,,,,,,,,,14.588,0.034,12.191,0.025,10.262,0.021,AAA-222-111-000-0-0,8.858,0.023,7.218,0.02,4.683,0.014,3.667,0.02,,,16.338,1.0,jhk,,,,,,,,,,,,,,,,,,,,,0,,,0,,,,,,,,,,,,,,,,,,,,,,,,,0,,,,60.0,60.0,82.322883,-67.224998,60.0,60.0,0,0,543893035
2.367661,J052917.52-671330.0,82.3230086,-67.2250097,732401548,82.32470737792,-67.22500051187,82.325,-67.225,90.0,0,,,,0,,4660183831381560960,0,0,STAR,gaia2,gaia2,-0.756,3.581,-1.344,2.124,gaia2,1.6011,1.1855,gaia2,,,20.69,0.06,,,,,,,,,,,,,,,,,,,,,,,,,,20.641,0.011733,20.429,0.027,gbprp,gaia2,,,,,,,,,,,,,,,,854.122,665.619,0.2505,0.0171,0,,,0,,0.0292,0.0051,schlegel,,,,,,,,,,,415.49,915.748,bj2018,,,,20.319,0.196214,19.9102,0.153938,0,gaia2,,,66.65928443,32.93319690542,82.32469896594,-67.22500629923,0.81709460006,0.96502658923,1,1,545546165
2.48993,J052917.52-671330.0,82.3230086,-67.2250097,732400762,82.32247577702,-67.2256698762,82.322,-67.226,90.0,0,,,,0,,4660183453422186624,0,0,STAR,gaia2,gaia2,0.758,0.369,1.228,0.399,gaia2,-0.0536,0.2107,gaia2,,,18.656,0.046,,,,,,,,,,,,,,,,,,,,,,,,,,18.6312,0.003483,18.592,0.01,rered,gaia2,,,,,,,,,,,,,,,,2743.56,871.235,0.2568,0.0,0,,,0,,0.0,0.0,schlegel,,,,,,,,,,,712.99,1029.48,bj2018,,,,18.5669,0.024506,18.3809,0.027265,0,gaia2,,,6.87860585013,6.18567720772,82.3224842079,-67.22566458963,0.18147238343,0.21491729759,0,0,544941828
0.032097,J053009.55+332520.0,82.5398026,33.4222402,3319461,82.53979527812,33.42224669207,82.54,33.422,90.0,0,,618-024452,05300955+3325200,0,J053009.55+332520.0,3449132040346732800,49459014,0,STAR,tmgaia2,tmgaia2,0.042,0.073,-2.044,0.054,gaia2,0.5005,0.0426,gaia2,15.813,0.132,15.282,0.103,,,,,,,,,,,12.947,0.024,12.268,0.023,11.631,0.021,AAA-222-111-000-0-0,10.742,0.025,10.145,0.022,6.955,0.022,5.099,0.047,14.8331,0.001411,14.217,0.045,rered,gaia2,5546.0,124.0,3.6137,,,,2.557,,0.98,,0.0586,,DWARF,5.57427,,1894.38,157.025,0.2251,0.0698,0,,,0,,0.0231,0.1165,panstarrs,,,,,,,,,,,144.39,169.66,bj2018,,,dered,15.3274,0.005086,14.1371,0.00418,1,ucac4,apassdr9,,1.17640188366,0.83264786227,82.53979549736,33.42223789264,0.03671951619,0.03185090671,1,0,83491654
0.039893,J053118.40-054213.5,82.8266979,-5.7037708,50724937,82.82669166199,-5.70376162004,82.827,-5.704,90.0,25863,4778-00442-1,422-009792,05311841-0542134,0,J053118.40-054213.5,3209398648192413440,3052607,0,STAR,tmgaia2,tmgaia2,-0.445,0.072,-2.119,0.067,gaia2,2.1962,0.038,gaia2,10.186,0.0,9.46,0.03,,,,,,,,,,,7.816,0.019,7.546,0.034,7.407,0.024,AAA-111-111-000-0-0,7.293,0.035,7.324,0.021,7.086,0.019,6.626,0.08,9.21441,0.000585,8.671,0.017,rered,gaia2,6859.0,122.0,,,,,6.618,,,,,,GIANT,,,449.558,7.7485,0.4207,0.0228,0,,,0,,0.0273,0.0182,panstarrs,,,,,,,,,,,7.617,7.88,bj2018,,,dered,9.67342,0.001928,8.61783,0.001752,1,hipvmag,apassdr9,,1.11131018328,1.04017485918,82.82668973775,-5.70377074209,0.03036356483,0.0280790309,0,0,544972280
0.149796,J053132.39-695411.5,82.8849926,-69.9032126,425064621,82.88491728031,-69.90318001799,82.885,-69.903,90.0,0,,101-013098,05313239-6954114,0,J053132.39-695411.5,4657996078156713600,0,0,STAR,tmgaia2,tmgaia2,1.997,0.064,0.425,0.092,gaia2,-0.0073,0.0378,gaia2,,,16.856,0.263,,,,,,,,,,,13.499,0.028,12.599,0.029,12.426,0.03,AAA-222-111-000-0-0,12.268,0.026,12.37,0.025,10.149,0.052,7.816,0.101,15.9471,0.007376,14.934,0.009,rered,gaia2,4653.0,138.0,,,,,13.765,,,,,,GIANT,,,7223.69,1208.07,0.5593,0.0,0,,,0,,0.0,-0.0,schlegel,,,,,,,,,,,1077.34,1338.81,bj2018,,,dered,16.9214,0.032986,14.9086,0.017885,1,ucac4,,,1.2129128981,1.42950799176,82.8849423001,-69.90317818722,0.03264918915,0.04406247465,0,0,544501429
0.086819,J053135.16+095155.4,82.8965031,9.8653893,200519049,82.89648103433,9.86537885972,82.896,9.865,90.0,0,,500-013104,05313515+0951553,0,J053135.16+095155.4,3338172522325457408,39841891,0,STAR,tmgaia2,tmgaia2,2.911,2.246,-1.882,2.244,hsoy,,,,15.977,0.143,15.764,0.126,,,,,,,,,,,14.3,0.038,13.483,0.037,12.665,0.031,AAA-222-111-000-0-0,10.803,0.024,9.892,0.021,5.508,0.015,3.392,0.024,15.7099,0.017695,15.266,0.028,gbprp,,,,,,,,,,,,,,GIANT,,,,,,,0,,,0,,,,,,,,,,,,,,,,,,,,,15.9516,0.059399,15.1043,0.016298,0,ucac4,apassdr9,,34.93618609331,34.78819990046,82.89649375496,9.86537075456,0.30677545548,0.27474040643,1,0,84271836
0.121254,J053236.51+122748.3,83.1521585,12.463442,302831500,83.15217282962,12.46341136211,83.152,12.463,90.0,0,,513-012283,05323651+1227483,0,J053236.51+122748.3,3340984729470702208,41460977,0,STAR,tmgaia2,tmgaia2,,,,,,,,,17.42,0.62,16.182,0.48,,,,,,,,,,,13.87,0.024,12.651,0.026,11.73,0.021,AAA-222-111-000-0-0,10.353,0.023,9.619,0.02,8.038,0.023,6.363,0.064,16.3522,0.072077,15.592,0.073,gbprp,,,,,,,,,,,,,,,,,,,,,0,,,0,,,,,,,,,,,,,,,,,,,,,16.935,0.248351,15.3724,0.218089,0,ucac4,apassdr9,,0.08391596363,0.0761446509,83.15217282962,12.46341136211,0.08391596363,0.0761446509,1,0,84860563
0.115375,J053300.77-003620.8,83.2532478,-0.6057926,50789436,83.25327274177,-0.60577247319,83.253,-0.606,90.0,0,,447-010437,05330077-0036208,1237674283783291234,J053300.77-003620.8,3220692483739671296,85380,0,STAR,tmgaia2,tmgaia2,-1.805,2.276,-5.052,2.276,hsoy,,,,13.823,0.213,12.623,0.103,15.833,0.006,13.983,0.003,12.52,0.002,12.003,0.001,11.958,0.004,10.216,0.023,9.495,0.022,9.17,0.021,AAA-222-111-000-0-0,8.543,0.022,8.039,0.02,6.443,0.015,4.816,0.03,12.1511,0.004128,11.388,0.008,gbprp,spec7,4109.3,70.2,,,-0.499,0.067,,,,,,,GIANT,,,,,,,0,,,0,,,,,,,,,,,,,,,,,,,,spect,12.8778,0.020144,11.3087,0.011797,0,ucac4,apassdr9,,35.28230501943,35.28169233529,83.25326496998,-0.60579422403,0.16838327634,0.14114692281,0,0,547346782
0.025938,J053345.25-053049.7,83.4385833,-5.513828,427334068,83.43858616058,-5.51382138162,83.439,-5.514,90.0,0,,423-010042,05334525-0530498,1237653751149822013,J053345.25-053049.7,3209416098642552576,3056531,0,STAR,tmgaia2,tmgaia2,2.604,0.076,-0.408,0.077,gaia2,3.025,0.0412,gaia2,15.695,0.087,14.18,0.092,15.129,0.004,14.316,0.003,14.251,0.011,16.121,0.017,11.934,0.004,10.263,0.023,9.26,0.03,8.606,0.021,AAA-222-111-000-0-0,8.108,0.024,7.293,0.021,4.715,0.02,2.754,0.032,13.2729,0.006975,12.319,0.011,rered,gaia2,3924.0,124.0,,,,,2.021,,,,,,GIANT,,,327.521,4.451,0.0938,0.0127,0,,,0,,0.0112,0.0142,panstarrs,,,,,,,,,,,4.392,4.51,bj2018,,,dered,14.2703,0.03265,12.2302,0.017115,1,ucac4,apassdr9,,1.17725351921,1.19908616264,83.43859742466,-5.51382313967,0.03101534506,0.03214182984,0,0,547242123
1.340166,J053503.56-690401.2,83.7648538,-69.0670127,728307670,83.76448581035,-69.06666442127,83.765,-69.067,90.0,0,,,,0,,4657695361694998912,0,0,STAR,gaia2,gaia2,1.816,1.361,1.234,1.036,gaia2,-0.1412,0.5402,gaia2,,,19.915,0.054,,,,,,,,,,,,,,,,,,,,,,,,,,19.7387,0.00764,18.028,0.6,rered,gaia2,,,,,,,,,,,,,,,,1782.55,819.865,1.941,0.0057,0,,,0,,0.0106,0.0007,schlegel,,,,,,,,,,,630.95,1008.78,bj2018,,,,19.2281,0.062693,18.2914,0.059003,0,gaia2,,,25.60954287871,16.07475222103,83.76450769619,-69.06665910637,0.61604761534,0.54250922892,0,0,546937799
0.025412,J053555.79+303219.7,83.9824955,30.5388312,115630877,83.98249022202,30.53883660041,83.982,30.539,90.0,0,,603-023464,05355579+3032197,1237671257988793969,J053555.79+303219.7,3447581282273082624,0,0,STAR,tmgaia2,tmgaia2,-0.763,0.151,-2.009,0.12,gaia2,0.1351,0.0799,gaia2,18.578,0.162,16.908,0.366,19.617,0.029,17.647,0.006,16.539,0.005,15.979,0.005,15.574,0.006,14.249,0.027,13.634,0.027,13.185,0.027,AAA-222-111-000-0-0,12.383,0.024,11.912,0.023,8.546,0.028,5.847,0.044,16.5113,0.001432,15.632,0.048,rered,gaia2,6640.0,128.0,3.2776,,,,4.501,,1.4,,0.0154,,DWARF,35.47918,,4640.39,1464.49,0.8811,0.0672,0,,,0,,0.0909,0.0435,panstarrs,,,,,,,,,,,1138.9,1790.09,bj2018,,,dered,17.3319,0.010195,15.6137,0.0046,1,ucac4,bpbj,,2.43254293686,1.86695872602,83.98248640964,30.53882794948,0.07183871744,0.06407087299,1,0,85044519
0.017897,J053643.61+825703.2,84.1817276,82.9509117,357956061,84.1817676785,82.95091242304,84.182,82.951,90.0,0,,865-003815,05364363+8257032,1237671566134739010,J053643.61+825703.2,558128942827121792,60963297,0,STAR,tmgaia2,tmgaia2,0.18,0.026,-4.756,0.029,gaia2,0.9051,0.0192,gaia2,14.393,0.377,13.957,0.206,15.128,0.005,14.006,0.003,14.287,0.01,13.677,0.008,13.387,0.004,12.384,0.025,11.792,0.03,11.259,0.026,AAA-222-111-000-0-0,10.467,0.023,10.018,0.019,8.361,0.021,6.355,0.056,13.6183,0.008129,13.203,0.011,rered,gaia2,6068.0,170.0,4.0508,,,,1.66,,1.13,,0.247,,DWARF,3.36652,,1070.49,22.17,0.0453,0.0066,0,,,0,,0.0045,0.0088,panstarrs,,,,,,,,,,,21.72,22.62,bj2018,,,dered,13.9246,0.027279,13.1341,0.022503,1,ucac4,apassdr9,,0.54443088084,0.45218488132,84.18177397768,82.95089194595,0.01479637941,0.01507575782,1,0,86898755
0.113498,J053649.00-055649.2,84.2041905,-5.9470061,427454915,84.2041980182,-5.94697547249,84.204,-5.947,90.0,0,,421-010136,05364899-0556491,1237667726977335456,J053649.00-055649.2,3017180960273832576,3060519,0,STAR,tmgaia2,tmgaia2,2.833,0.075,-0.799,0.064,gaia2,2.5446,0.0428,gaia2,16.878,-0.083,15.291,0.103,18.618,0.02,16.063,0.003,14.678,0.004,14.361,0.002,13.451,0.004,12.173,0.021,11.424,0.03,11.224,0.02,AAA-222-111-000-0-0,11.164,0.024,11.013,0.023,8.676,0.042,5.844,0.048,14.7809,0.00653,13.718,0.015,rered,gaia2,4828.0,138.0,4.0629,,,,1.36,,0.78,,0.3099,,DWARF,0.90578,,388.696,6.5235,0.6957,0.0214,0,,,0,,0.0281,0.0147,panstarrs,,,,,,,,,,,6.416,6.631,bj2018,,,dered,15.8444,0.027309,13.7453,0.016458,1,ucac4,apassdr9,,1.16839992308,0.99280441661,84.20421028288,-5.94697891294,0.02916188431,0.0302799125,1,0,548364116
0.166199,J053749.52-664011.4,84.4563438,-66.6698483,277316707,84.45641974515,-66.66988332475,84.456,-66.67,90.0,0,,117-008569,05374955-6640116,0,J053749.52-664011.4,4659527590418747520,32449352,0,STAR,tmgaia2,tmgaia2,2.629,0.108,1.099,0.139,gaia2,-0.0541,0.0574,gaia2,13.9,0.064,14.233,0.093,,,,,,,,,,,14.591,0.037,14.599,0.067,14.744,0.129,AAB-222-111-000-0-0,14.795,0.027,14.904,0.038,12.582,0.241,7.782,0.098,14.1232,0.001953,14.492,0.006,rered,gaia2,,,,,,,,,,,,,,,,6122.51,1177.34,0.3143,0.0,0,,,0,,-0.0,0.0,schlegel,,,,,,,,,,,1039.49,1315.19,bj2018,,,,13.9344,0.0065,14.2932,0.006303,1,ucac4,apassdr9,,2.00481316286,2.15893338875,84.45644832439,-66.66987859217,0.05405949568,0.06012513491,0,0,548250843
0.247381,J053751.57-701639.3,84.4648918,-70.2776032,277293966,84.46472781466,-70.27756246198,84.465,-70.278,90.0,0,,,05375152-7016392,0,J053751.57-701639.3,4657221811466964480,0,0,STAR,tmgaia2,tmgaia2,1.632,0.119,0.624,0.124,gaia2,-0.0391,0.0586,gaia2,,,17.848,0.048,,,,,,,,,,,13.79,0.032,12.689,0.032,12.337,0.03,AAA-222-111-000-0-0,12.141,0.025,12.133,0.024,9.518,0.076,7.631,0.108,16.8215,0.003118,15.606,0.007,rered,gaia2,5019.0,129.0,,,,,10.582,,,,,,GIANT,,,5934.09,1180.09,0.988,0.0,0,,,0,,0.0,-0.0,schlegel,,,,,,,,,,,1035.6,1324.58,bj2018,,,dered,17.9579,0.016105,15.564,0.008057,1,gaia2,,,2.24856478545,1.9274593471,84.46474863549,-70.27755977676,0.05867222944,0.05947590674,0,0,548791445
1.998634,J053751.57-701639.3,84.4648918,-70.2776032,727311115,84.46531841583,-70.2770670159,84.465,-70.277,90.0,0,,,,0,,4657221811613104000,0,0,STAR,gaia2,gaia2,,,,,,,,,,,,,,,,,,,,,,,,,,,,,,,,,,,,,,20.0916,0.010504,19.662,0.6,goffs,,,,,,,,,,,,,,,,,,,,,0,,,0,,,,,,,,,,,,,,,,,,,,,,0.0,,0.0,0,,,,0.73545960334,0.61435100612,84.46531841583,-70.2770670159,0.73545960334,0.61435100612,0,0,547970306
2.322784,J053751.57-701639.3,84.4648918,-70.2776032,727311214,84.46552335845,-70.27821220239,84.466,-70.278,90.0,0,,,,0,,4657221815816140416,0,0,STAR,gaia2,gaia2,1.819,0.504,-0.599,0.457,gaia2,-0.336,0.2246,gaia2,,,19.587,0.065,,,,,,,,,,,,,,,,,,,,,,,,,,19.3649,0.003763,18.894,0.018,rered,gaia2,,,,,,,,,,,,,,,,3208.73,990.59,0.9887,0.0,0,,,0,,0.0,0.0,schlegel,,,,,,,,,,,828.23,1152.95,bj2018,,,,19.1401,0.108887,18.0725,0.057488,0,gaia2,,,9.56191927235,7.08382815132,84.46554656216,-70.27821478253,0.24284479152,0.22962444625,0,0,549268436
0.036528,J053822.21+235856.7,84.5925689,23.982424,19813337,84.59257993775,23.98242511765,84.593,23.982,90.0,0,1861-00395-1,570-018548,05382221+2358567,0,J053822.21+235856.7,3404637072510961408,45488571,0,STAR,tmgaia2,tmgaia2,0.823,0.094,-4.817,0.073,gaia2,0.6422,0.0557,gaia2,10.103,0.074,10.052,0.007,,,,,,,,,,,9.661,0.022,9.604,0.022,9.502,0.018,AAA-222-111-000-0-0,9.229,0.023,8.973,0.02,7.856,0.022,6.631,0.067,10.0028,0.000941,10.05,0.074,rered,gaia2,,,,,,,,,,,,,,,,1496.88,128.365,0.7497,0.0733,0,,,0,,0.0683,0.0784,panstarrs,,,,,,,,,,,117.67,139.06,bj2018,,,,10.0917,0.002419,9.83558,0.004995,1,tycho2v3,tycho2b3,,1.4919872716,1.13311109428,84.59258381479,23.98240437581,0.0546833199,0.04090150996,0,0,85998847
0.101095,J053931.97+231520.7,84.8832153,23.2557593,19934277,84.88322465621,23.25573256612,84.883,23.256,90.0,0,,567-018351,05393197+2315207,0,J053931.97+231520.7,3404379992948605696,46148447,0,STAR,tmgaia2,tmgaia2,0.727,0.053,-2.739,0.04,gaia2,0.7347,0.0305,gaia2,15.187,0.096,14.414,0.114,,,,,,,,,,,11.49,0.023,10.754,0.026,10.157,0.021,AAA-222-111-000-0-0,9.439,0.023,8.883,0.02,6.328,0.015,3.937,0.024,13.5779,0.001853,12.821,0.112,rered,spect,6079.5,113.9,3.424,0.2142,0.075,0.044,3.432,0.784,1.14,0.154,0.0282,0.0198,DWARF,14.49379,6.11639,1311.14,52.855,0.4513,0.1547,180,0.0477,,0,0.0,0.0415,0.2679,panstarrs,0.13,0.178,0.343,1.225,0.0108,0.0288,0.2237,0.2046,3.05815,9.17463,52.855,52.855,bj2018,118.8,109.0,spect,14.2429,0.006668,12.7736,0.005652,1,ucac4,apassdr9,,0.84015343506,0.62706127195,84.88322806302,23.25572077183,0.02914262936,0.02569013767,1,0,86384457
2.495881,J053931.97+231520.7,84.8832153,23.2557593,720034885,84.88329028155,23.25644916926,84.883,23.256,90.0,0,,,,0,,3404379992946323456,0,0,STAR,gaia2,gaia2,1.065,0.254,-3.402,0.208,gaia2,0.4867,0.1667,gaia2,,,,,,,,,,,,,,,,,,,,,,,,,,,,,,17.1174,0.002525,16.687,0.6,goffs,gaia2,,,,,,,,,,,,,,,,1990.55,809.26,1.2742,0.2412,0,,,0,,0.4287,0.0537,panstarrs,,,,,,,,,,,551.5,1067.02,bj2018,,,,,0.0,,0.0,0,,,,4.02116995594,3.21955435755,84.88329527442,23.25643452137,0.14435169118,0.13774209726,0,0,86756557
0.048569,J054030.81-661737.3,85.1283979,-66.2936958,404926941,85.12838006725,-66.2937072287,85.128,-66.294,90.0,0,,,05403079-6617374,0,J054030.81-661737.3,4659906032909694080,0,0,STAR,tmgaia2,tmgaia2,1.436,2.774,6.631,2.774,hsoy,,,,16.77,0.123,15.958,0.046,,,,,,,,,,,15.511,0.066,15.099,0.101,14.033,0.075,AAA-222-111-000-0-0,12.627,0.023,11.32,0.021,6.286,0.015,3.51,0.02,15.8947,0.000734,15.636,0.006,gbprp,,,,,,,,,,,,,,DWARF,,,,,,,0,,,0,,,,,,,,,,,,,,,,,,,,,15.931,0.003895,15.4393,0.002613,0,gaia2,bpbj,,51.35602994065,42.99381466658,85.12839544973,-66.29367867878,0.13985890727,0.1806833822,1,0,550055467
0.055517,J054047.31-702512.1,85.1971538,-70.4200445,404846237,85.19715850007,-70.42002915931,85.197,-70.42,90.0,0,,,05404730-7025121,0,J054047.31-702512.1,4657169447353334912,0,0,STAR,tmgaia2,tmgaia2,1.534,0.426,0.471,0.37,gaia2,-0.1208,0.1604,gaia2,19.118,0.17,,,,,,,,,,,,,13.632,0.027,12.364,0.026,11.937,0.024,AAA-222-111-000-0-0,11.725,0.024,11.744,0.022,9.278,0.031,7.47,0.094,17.9243,0.013094,17.494,0.6,goffs,gaia2,,,,,,,,,,,,,,,,3470.26,999.925,0.9036,0.0,0,,,0,,0.0,0.0,schlegel,,,,,,,,,,,836.43,1163.42,bj2018,,,,,0.0,,0.0,0,,bpbj,,8.07967685676,5.73254280687,85.19717820937,-70.42002712967,0.20645876487,0.18825055431,0,0,550157076
1.546425,J054047.31-702512.1,85.1971538,-70.4200445,727099893,85.19702958771,-70.42047204105,85.197,-70.42,90.0,0,,,,0,,4657169451564427520,0,0,STAR,gaia2,gaia2,0.139,0.241,-0.205,0.258,gaia2,-0.3231,0.1042,gaia2,,,17.537,0.049,,,,,,,,,,,,,,,,,,,,,,,,,,17.4507,0.00213,17.282,0.007,rered,gaia2,,,,,,,,,,,,,,,,5515.28,1243.77,0.9037,0.0,0,,,0,,-0.0,0.0,schlegel,,,,,,,,,,,1092.69,1394.84,bj2018,,,,17.3481,0.011706,16.7401,0.079442,0,gaia2,,,4.56729431743,3.99467013322,85.19703137589,-70.42047292479,0.12110807436,0.12815194208,0,0,549886941
0.021559,J054048.50-693335.9,85.2020911,-69.5599981,404850824,85.20207448074,-69.55999662409,85.202,-69.56,90.0,0,,103-017563,05404850-6933360,0,J054048.50-693335.9,4657599188763136896,32015554,0,STAR,tmgaia2,tmgaia2,1.757,0.064,0.602,0.07,gaia2,-0.0236,0.0354,gaia2,,,13.91,0.114,,,,,,,,,,,9.165,0.023,8.201,0.046,7.711,0.023,AAA-111-111-000-0-0,7.307,0.038,7.148,0.02,4.926,0.015,3.521,0.026,12.6604,0.028348,11.467,0.046,gbprp,,,,,,,,,,,,,,,,,7870.37,1293.33,,,0,,,0,,,,,,,,,,,,,,,1158.47,1428.19,bj2018,,,,14.1836,0.124875,11.2432,0.07142,1,ucac4,,,1.2019769907,1.08880244624,85.20209614078,-69.55999403411,0.03210122493,0.03801088892,0,0,550972364
1.77815,J054048.50-693335.9,85.2020911,-69.5599981,728062852,85.20279719754,-69.55957012729,85.203,-69.56,90.0,0,,,,0,,4657599188763136768,0,0,STAR,gaia2,gaia2,1.922,0.24,0.722,0.221,gaia2,-0.4356,0.1246,gaia2,,,,,,,,,,,,,,,,,,,,,,,,,,,,,,15.8193,0.005178,15.389,0.6,goffs,gaia2,,,,,,,,,,,,,,,,5186.77,1218.29,2.9255,0.0,0,,,0,,-0.0,0.0,schlegel,,,,,,,,,,,1067.43,1369.14,bj2018,,,,,0.0,,0.0,0,,,,4.53944417424,3.43178499429,85.20282089766,-69.55956701909,0.12385437699,0.11959401036,0,0,549593486
2.376261,J054048.50-693335.9,85.2020911,-69.5599981,728062845,85.20028915816,-69.56019734634,85.2,-69.56,90.0,0,,,,0,,4657599188763133440,0,0,STAR,gaia2,gaia2,2.468,0.168,2.133,0.211,gaia2,0.2764,0.1043,gaia2,,,14.375,0.047,,,,,,,,,,,,,,,,,,,,,,,,,,14.3382,0.008195,14.179,0.038,gbprp,,,,,,,,,,,,,,,,,2608.57,625.61,,,0,,,0,,,,,,,,,,,,,,,511.19,740.03,bj2018,,,,14.0801,0.040713,13.7647,0.048261,0,gaia2,,,3.1802096573,3.27095711873,85.20031958367,-69.56018816419,0.08603032927,0.12060284948,0,0,549796846
0.113249,J054126.50-085839.4,85.3604391,-8.977633,279540150,85.36041269183,-8.97765058386,85.36,-8.978,90.0,0,,406-009977,05412651-0858394,0,J054126.50-085839.4,3012295555231502976,3063342,0,STAR,tmgaia2,tmgaia2,0.754,0.121,-1.325,0.099,gaia2,2.045,0.0524,gaia2,18.279,-0.276,16.399,0.24,,,,,,,,,,,12.748,0.029,11.702,0.028,11.072,0.024,AAA-222-111-000-0-0,10.388,0.023,10.011,0.021,7.618,0.02,5.037,0.037,15.3477,0.01116,14.057,0.024,rered,gaia2,5614.0,185.0,3.9057,,,,1.837,,0.99,,0.1598,,DWARF,3.01852,,482.518,12.293,1.2638,0.0325,0,,,0,,0.0397,0.0253,panstarrs,,,,,,,,,,,11.985,12.601,bj2018,,,dered,16.6302,0.041092,14.1022,0.021021,1,ucac4,apassdr9,,1.88494584936,1.52863825467,85.36041597901,-8.97765628915,0.04742975738,0.04413973312,1,0,549947671
1.224147,J054126.50-085839.4,85.3604391,-8.977633,710184036,85.36077597792,-8.97756296703,85.361,-8.978,90.0,0,,,,0,,3012295555230722432,0,0,STAR,gaia2,gaia2,0.704,0.543,-1.271,0.553,gaia2,1.9146,0.2202,gaia2,,,,,,,,,,,,,,,,,,,,,,,,,,,,,,17.9317,0.005927,17.502,0.6,goffs,gaia2,,,,,,,,,,,,,,,,521.715,64.286,1.2708,0.0326,0,,,0,,0.0393,0.0258,panstarrs,,,,,,,,,,,56.637,71.935,bj2018,,,,,0.0,,0.0,0,,,,8.45151787187,8.5789044348,85.36077904465,-8.97756843754,0.18672751974,0.2034783241,0,0,550779894
0.018088,J054213.74+084356.4,85.5572791,8.7323475,290173570,85.5572812641,8.73235204633,85.557,8.732,90.0,0,,494-014121,05421374+0843565,0,J054213.74+084356.4,3336066717040247040,0,0,STAR,tmgaia2,tmgaia2,1.704,0.047,-3.13,0.041,gaia2,2.6368,0.0282,gaia2,15.479,0.064,15.098,0.16,,,,,,,,,,,11.798,0.024,11.009,0.025,10.536,0.023,AAA-222-111-000-0-0,9.806,0.021,9.492,0.018,7.088,0.015,4.82,0.026,14.2917,0.003759,13.417,0.015,rered,gaia2,4012.0,123.0,4.0079,,,,1.302,,0.63,,0.2852,,DWARF,0.39592,,375.185,3.997,0.0682,0.0276,0,,,0,,0.0345,0.0207,panstarrs,,,,,,,,,,,3.955,4.039,bj2018,,,dered,15.1556,0.025669,13.3212,0.010255,1,ucac4,bpbj,,0.73067847274,0.6303673836,85.55728868463,8.7323385705,0.02331699789,0.02217153109,1,0,87469946
0.077878,J054247.79-091037.8,85.6991527,-9.1771867,279641315,85.69916658026,-9.1771699604,85.699,-9.177,90.0,0,,405-010168,05424779-0910378,0,J054247.79-091037.8,3012235460049150208,3064225,0,STAR,tmgaia2,tmgaia2,0.009,0.113,-0.462,0.098,gaia2,2.1675,0.0644,gaia2,17.647,-0.159,16.608,0.126,,,,,,,,,,,12.364,0.029,11.492,0.022,11.113,0.026,AAA-222-111-000-0-0,10.75,0.022,10.329,0.021,8.308,0.032,6.106,0.053,15.2251,0.004752,14.093,0.018,rered,gaia2,4470.0,126.0,,,,,1.549,,,,,,GIANT,,,455.744,13.4975,0.6645,0.029,0,,,0,,0.0316,0.0264,panstarrs,,,,,,,,,,,13.105,13.89,bj2018,,,dered,16.3662,0.018064,14.0978,0.012462,1,ucac4,apassdr9,,1.76356381497,1.51270165927,85.69916662143,-9.17717194965,0.04891421548,0.04930567837,0,0,549541654
0.02154,J054343.62-083416.4,85.9317886,-8.5712398,279644582,85.93178703538,-8.57124557982,85.932,-8.571,90.0,0,,,05434362-0834164,0,J054343.62-083416.4,3012327436772983936,0,0,STAR,tmgaia2,tmgaia2,0.39,0.167,-0.533,0.175,gaia2,2.3112,0.0933,gaia2,20.412,0.174,,,,,,,,,,,,,12.916,0.026,11.796,0.024,11.231,0.023,AAA-222-111-000-0-0,10.599,0.023,10.155,0.018,8.27,0.021,6.13,0.048,16.6631,0.018855,15.298,0.182,rered,gaia2,3753.0,141.0,4.0236,,,,1.217,,0.57,,0.3165,,DWARF,0.26456,,428.172,17.2725,0.6034,0.426,0,,,0,,0.5664,0.2857,panstarrs,,,,,,,,,,,16.589,17.956,bj2018,,,dered,18.286,0.086051,15.3556,0.054969,1,,bpbj,,2.60327536078,2.71047292062,85.93178873246,-8.5712478739,0.0700448838,0.0778913695,1,0,549541850
0.038985,J054559.08+232923.9,86.4961727,23.4899968,29445460,86.4961697276,23.49000728039,86.496,23.49,90.0,0,,,05455908+2329239,0,J054559.08+232923.9,3427630021014270592,0,0,STAR,tmgaia2,tmgaia2,2.432,2.664,-3.68,2.663,hsoy,,,,,,20.106,0.072,,,,,,,,,,,15.521,0.058,14.255,0.046,13.023,0.028,AAA-222-111-000-0-0,11.546,0.023,9.877,0.02,7.391,0.017,4.969,0.031,18.9682,0.010064,17.885,0.013,gbprp,,,,,,,,,,,,,,GIANT,,,,,,,0,,,0,,,,,,,,,,,,,,,,,,,,,19.8877,0.053483,17.3643,0.032845,0,gaia2,,,42.18651004534,41.2739807008,86.49618114646,23.48999143736,0.51097868737,0.44885289156,0,0,89179375
0.024807,J054611.87+003225.8,86.5494595,0.5405164,200051880,86.54945614153,0.54051038276,86.549,0.541,90.0,0,,453-012239,05461186+0032259,1237658188389351477,J054611.87+003225.8,3219228106049667456,35555594,0,STAR,tmgaia2,tmgaia2,2.915,0.052,-0.31,0.049,gaia2,3.1449,0.0329,gaia2,14.473,0.584,13.45,0.492,17.483,0.014,16.02,0.008,13.07,0.002,12.611,0.003,14.266,0.021,10.936,0.024,10.046,0.023,9.448,0.019,AAA-222-111-000-0-0,8.668,0.023,8.396,0.02,7.253,0.021,4.496,0.028,13.1842,0.045928,12.35,0.046,rered,gaia2,4052.0,246.0,,,,,1.689,,,,,,GIANT,,,315.12,3.2885,0.0342,0.0067,0,,,0,,0.0073,0.006,panstarrs,,,,,,,,,,,3.255,3.322,bj2018,,,dered,14.027,0.172431,12.2856,0.128816,1,ucac4,apassdr9,,0.80251870797,0.75469541928,86.54946869145,0.54050904949,0.02808937392,0.02950617999,0,0,89198263
0.050601,J054951.53+023637.1,87.4647203,2.6103192,158764834,87.46473419979,2.61031701826,87.465,2.61,90.0,0,,,05495153+0236370,1237674284859327568,J054951.53+023637.1,3316161497831006464,0,0,STAR,tmgaia2,tmgaia2,-1.128,0.118,-2.377,0.105,gaia2,2.244,0.0843,gaia2,18.433,0.163,16.916,0.088,20.159,0.041,18.104,0.006,16.44,0.005,15.224,0.005,14.445,0.005,12.774,0.024,11.845,0.024,11.396,0.022,AAA-222-111-000-0-0,10.821,0.022,10.321,0.02,8.583,0.031,6.0,0.049,15.8099,0.016118,14.648,0.033,rered,gaia2,3839.0,139.0,4.011,,,,1.256,,0.59,,0.2979,,DWARF,0.30864,,440.803,16.525,0.3516,0.0866,0,,,0,,0.1278,0.0454,panstarrs,,,,,,,,,,,15.917,17.133,bj2018,,,dered,17.1351,0.072904,14.6483,0.041836,1,gaia2,bpbj,,1.83040327558,1.63054001173,87.46472933644,2.61030678438,0.0647524347,0.06859536103,1,0,91448341
0.406744,J055047.52+142231.3,87.69803,14.3753851,247845518,87.69799564448,14.37527712812,87.698,14.375,90.0,0,,522-016444,05504752+1422310,0,J055047.52+142231.3,3347098495160412160,40774344,0,STAR,tmgaia2,tmgaia2,0.61,0.129,0.568,0.108,gaia2,0.4966,0.0645,gaia2,13.139,0.014,11.413,0.034,,,,,,,,,,,6.801,0.023,5.872,0.02,5.561,0.016,AAA-111-111-000-0-0,5.582,0.047,5.492,0.051,5.329,0.018,5.241,0.034,9.91863,0.002368,8.722,0.012,rered,gaia2,3528.0,122.0,,,,,88.149,,,,,,GIANT,,,1910.68,250.175,0.1852,0.0261,0,,,0,,0.0215,0.0308,panstarrs,,,,,,,,,,,218.98,281.37,bj2018,,,dered,11.486,0.011595,8.75293,0.005499,1,ucac4,apassdr9,,2.01826845107,1.67246077086,87.69799835703,14.37527957303,0.06720159032,0.06095800936,0,0,91769835
0.12595,J055103.61+082048.8,87.7650581,8.3469165,80766775,87.76507417767,8.34694766055,87.765,8.347,90.0,0,,,05510362+0820490,0,J055103.61+082048.8,3335137969015544960,0,0,STAR,tmgaia2,tmgaia2,-3.682,2.259,-5.414,2.259,hsoy,,,,18.793,0.163,18.128,0.097,,,,,,,,,,,14.357,0.033,13.488,0.033,12.93,0.033,AAA-222-111-000-0-0,12.29,0.024,11.874,0.022,9.499,0.046,5.356,0.035,17.4626,0.027924,16.282,0.07,cdwrf,cdwrf,3849.0,189.0,4.5975,0.0576,,,0.665,0.073,0.638,0.055,2.1712,0.5392,DWARF,0.08741,0.0368,,,,,0,,,0,,,,,,,,,,,,,,,,,,,,cdwrf,18.2064,0.093984,16.2919,0.07486,0,gaia2,bpbj,cooldwarfs_v8,35.11521581843,35.0194862689,87.7650581555,8.34692434915,0.25164291781,0.25879562707,1,0,90613361
0.051517,J055301.39+021002.8,88.2558247,2.1674666,159056633,88.25582391542,2.16748088869,88.256,2.167,90.0,0,,461-013720,05530140+0210030,0,J055301.39+021002.8,3316092782650519296,36156926,0,STAR,tmgaia2,tmgaia2,,,,,,,,,18.435,0.246,17.28,0.343,,,,,,,,,,,9.089,0.024,7.755,0.023,7.204,0.018,AAA-111-111-000-0-0,6.948,0.034,7.009,0.019,6.73,0.017,6.506,0.064,13.6122,0.009626,12.068,0.013,gbprp,,,,,,,,,,,,,,,,,,,,,0,,,0,,,,,,,,,,,,,,,,,,,,,16.9282,0.065874,12.0629,0.025961,0,ucac4,bpbj,,0.11084504368,0.10650431615,88.25582391542,2.16748088869,0.11084504368,0.10650431615,0,0,92709532
0.052791,J055342.42-102214.7,88.4267623,-10.3707741,66918300,88.42677670442,-10.37077787761,88.427,-10.371,90.0,0,,399-010096,05534241-1022148,0,J055342.42-102214.7,3011245590347545600,5264985,0,STAR,tmgaia2,tmgaia2,-0.576,0.163,1.934,0.176,gaia2,1.2927,0.0903,gaia2,18.831,0.162,16.995,0.252,,,,,,,,,,,13.197,0.026,12.273,0.023,11.856,0.021,AAA-222-111-000-0-0,11.322,0.023,10.886,0.021,8.838,0.034,6.794,0.096,16.2767,0.014741,14.999,0.112,rered,gaia2,4502.0,178.0,,,,,2.091,,,,,,GIANT,,,759.346,53.4835,0.8995,0.2015,0,,,0,,0.2423,0.1606,panstarrs,,,,,,,,,,,49.81,57.157,bj2018,,,dered,17.6166,0.070629,15.0632,0.052677,1,ucac4,bpbj,,2.53862143252,2.72635987532,88.42677418378,-10.37076955032,0.06927690857,0.07421773791,0,0,554266581
0.129878,J055606.26-381649.2,89.0261212,-38.2803372,20072363,89.02613204071,-38.28037225925,89.026,-38.28,90.0,0,7598-00738-1,259-007514,05560627-3816494,0,J055606.26-381649.2,2883699664545307136,17611524,0,STAR,tmgaia2,tmgaia2,-2.009,0.092,11.945,0.095,gaia2,4.3011,0.0541,gaia2,8.76,0.031,8.731,0.003,,,,,,,,,,,8.587,0.023,8.603,0.025,8.58,0.021,AAA-122-111-000-0-0,8.573,0.023,8.592,0.021,8.45,0.023,7.421,0.093,8.69618,0.00042,8.691,0.006,rered,gaia2,9369.0,172.1,4.4183,0.0675,,,1.578,0.047,2.38,0.335,0.6054,0.1039,DWARF,17.29041,1.14812,230.997,2.91,0.0197,0.0098,97,0.0101,,0,0.003094,0.0096,0.01,schlegel,0.316,0.354,0.05,0.045,0.0758,0.1319,0.0818,0.0532,1.43048,0.86575,2.874,2.946,bj2018,162.8,181.4,dered,8.73161,0.00158,8.66593,0.002909,1,tycho2v3,tycho2b3,,1.50317274041,1.46576118444,89.0261210237,-38.28032083068,0.04296015117,0.04796134111,1,0,555362638
0.462838,J055733.71+165806.1,89.3904716,16.9683622,88927664,89.39044841569,16.96848883925,89.39,16.968,90.0,0,,535-021768,05573371+1658060,0,J055733.71+165806.1,3349751788516845952,43139428,0,STAR,gaia2,gaia2,-0.716,0.084,-5.875,0.07,gaia2,1.4379,0.0493,gaia2,16.737,0.037,16.117,0.08,,,,,,,,,,,12.582,0.022,11.698,0.019,11.417,0.026,AAA-222-111-000-0-0,10.624,0.023,10.166,0.022,7.921,0.021,5.62,0.042,15.5452,0.010291,14.692,0.01,rered,gaia2,4196.0,149.0,,,,,,,,,,,,,,682.795,23.1895,0.1267,0.0155,0,,SPLIT,0,,0.02,0.011,panstarrs,,,,,,,,,,,22.417,23.962,bj2018,,,dered,16.2873,0.048614,14.5343,0.029825,1,ucac4,apassdr9,,1.31496842233,1.09091668307,89.3904451933,16.96846354514,0.04323313369,0.04116340426,1,0,94702182
0.462838,J055733.71+165806.1,89.3904716,16.9683622,717197411,89.39044841569,16.96848883925,89.39,16.968,90.0,0,,,,0,,3349751788516845952,0,0,STAR,gaia2,gaia2,-0.716,0.084,-5.875,0.07,gaia2,1.4379,0.0493,gaia2,,,16.107,0.059,,,,,,,,,,,,,,,,,,,,,,,,,,15.5452,0.010291,14.692,0.01,rered,gaia2,4196.0,149.0,,,,,,,,,,,,,,682.795,23.1895,0.1267,0.0155,0,,DUPLICATE,88927664,,0.02,0.011,panstarrs,,,,,,,,,,,22.417,23.962,bj2018,,,dered,16.2873,0.048614,14.5343,0.029825,1,gaia2,,,1.31496842233,1.09091668307,89.3904451933,16.96846354514,0.04323313369,0.04116340426,1,0,94241853
1.542534,J055733.71+165806.1,89.3904716,16.9683622,717197409,89.39052464886,16.96793673301,89.391,16.968,90.0,0,,,,0,,3349751788513257216,0,0,STAR,gaia2,gaia2,1.564,0.718,-7.437,0.69,gaia2,4.2467,0.4108,gaia2,,,,,,,,,,,,,,,,,,,,,,,,,,,,,,16.8444,0.006026,16.414,0.6,goffs,gaia2,,,,,,,,,,,,,,,,237.9,24.62,0.0617,0.006,0,,,88927664,,0.0054,0.0066,schlegel,,,,,,,,,,,22.13,27.11,bj2018,,,,,0.0,,0.0,0,,,,11.25787304616,10.70674520764,89.39053168819,16.96790471255,0.35348549944,0.33028914682,0,0,94029205
0.081576,J060112.05-095712.3,90.3002399,-9.9534419,71516323,90.30026262274,-9.9534454463,90.3,-9.953,90.0,0,,,06011206-0957123,0,J060112.05-095712.3,2999326368906892160,0,0,STAR,tmgaia2,tmgaia2,-2.277,0.165,1.995,0.168,gaia2,0.9491,0.1112,gaia2,,,18.116,0.14,,,,,,,,,,,13.51,0.026,12.376,0.027,11.675,0.026,AAA-222-111-000-0-0,11.127,0.023,10.579,0.021,8.048,0.02,5.583,0.042,17.08,0.034908,15.881,0.073,rered,gaia2,4437.0,257.0,,,,,1.693,,,,,,GIANT,,,1028.54,125.151,0.7504,0.1192,0,,,0,,0.2219,0.0165,panstarrs,,,,,,,,,,,110.552,139.75,bj2018,,,dered,18.2608,0.110017,15.8552,0.103829,1,gaia2,,,2.56996971915,2.60851737549,90.30025267123,-9.95343685646,0.08215407693,0.09188639138,0,0,556336541
0.083637,J060138.22-144349.0,90.4092755,-14.730294,318063985,90.40929580805,-14.73030640941,90.409,-14.73,90.0,0,,377-010654,06013823-1443490,0,J060138.22-144349.0,2994120284428436480,5277722,0,STAR,tmgaia2,tmgaia2,-2.017,0.111,1.598,0.103,gaia2,1.356,0.0544,gaia2,13.599,0.202,12.838,0.092,,,,,,,,,,,10.965,0.023,10.464,0.022,10.094,0.021,AAA-222-111-000-0-0,9.105,0.023,8.566,0.019,6.158,0.017,3.435,0.024,12.4334,0.001457,11.861,0.009,rered,gaia2,5807.0,133.1,3.6076,0.0901,,,2.653,0.172,1.04,0.134,0.0557,0.0147,DWARF,7.21135,0.63087,723.054,28.696,0.2223,0.0086,145,0.0308,,0,0.000151,0.0101,0.0071,panstarrs,0.12,0.148,0.163,0.18,0.0153,0.0142,0.1011,0.079,0.51715,0.74459,27.58,29.812,bj2018,128.3,137.8,dered,12.9047,0.005241,11.803,0.004125,1,ucac4,apassdr9,,1.73558516706,1.59674036158,90.40928683067,-14.73029953038,0.04562679695,0.05426502716,1,0,556420588
0.100149,J060317.89+300351.2,90.8245735,30.0642309,353720689,90.82457977397,30.06425818397,90.825,30.064,90.0,0,,,06031789+3003513,0,J060317.89+300351.2,3437714436723632768,0,0,STAR,tmgaia2,tmgaia2,-0.003,0.266,-1.224,0.214,gaia2,-0.0095,0.1462,gaia2,,,18.358,0.051,,,,,,,,,,,15.588,0.061,14.933,0.079,14.3,0.064,AAA-222-111-000-0-0,14.111,0.029,13.744,0.04,10.581,0.112,7.0,0.096,17.8675,0.005227,17.028,0.043,rered,gaia2,5699.0,167.0,3.7162,,,,2.307,,1.01,,0.0822,,DWARF,5.05928,,4588.81,1746.93,0.6008,0.0657,0,,,0,,0.0936,0.0378,panstarrs,,,,,,,,,,,1376.45,2117.4,bj2018,,,dered,18.6558,0.031474,17.0239,0.018707,1,gaia2,,,4.26759734898,3.31232204205,90.82457975769,30.06425291285,0.13857680489,0.1253987939,1,0,96776608
0.07192,J060345.82-093605.2,90.9409401,-9.6014702,71723645,90.94096031793,-9.60147151208,90.941,-9.601,90.0,0,,,06034582-0936053,0,J060345.82-093605.2,3005364538872571904,0,0,STAR,tmgaia2,tmgaia2,-1.717,0.155,1.668,0.178,gaia2,1.2085,0.0806,gaia2,18.324,0.162,17.576,0.229,,,,,,,,,,,13.661,0.028,12.536,0.026,11.767,0.026,AAA-222-111-000-0-0,10.854,0.022,10.333,0.02,8.888,0.031,6.844,0.075,16.7084,0.062092,15.627,0.069,rered,gaia2,4259.0,374.0,4.0329,,,,1.305,,0.67,,0.3015,,DWARF,0.50483,,810.952,54.4455,0.4964,0.0563,0,,,0,,0.0861,0.0265,panstarrs,,,,,,,,,,,50.877,58.014,bj2018,,,dered,17.8078,0.224476,15.6118,0.169314,1,gaia2,bpbj,,2.4188672985,2.76127256961,90.94095282179,-9.60146433076,0.07177487659,0.08659189563,1,0,556900511
0.069113,J060413.65-071148.3,91.0569102,-7.1967577,71728354,91.05692595593,-7.19674655505,91.057,-7.197,90.0,0,4794-01400-1,415-012300,06041366-0711483,0,J060413.65-071148.3,3018300125670463360,3098539,0,STAR,tmgaia2,tmgaia2,-3.243,0.08,0.249,0.084,gaia2,2.3754,0.054,gaia2,10.959,0.134,10.662,0.01,,,,,,,,,,,10.249,0.026,10.167,0.024,10.158,0.023,AAA-222-111-000-0-0,10.069,0.024,10.012,0.02,8.449,0.022,6.531,0.059,10.6663,0.000444,10.512,0.006,rered,spect,7874.4,102.2,4.3002,0.0828,-0.169,0.014,1.607,0.071,1.88,0.3,0.453,0.0986,DWARF,8.94526,0.69128,416.208,9.439,0.0889,0.024,171,0.0077,,0,0.000765,0.0169,0.031,panstarrs,0.217,0.382,0.082,0.059,0.0859,0.1113,0.0764,0.0892,0.76347,0.61909,9.229,9.649,bj2018,87.4,117.0,spect,10.79,0.00157,10.466,0.000949,1,tycho2v3,tycho2b3,,1.24054511474,1.29882436499,91.05691188153,-7.19674548222,0.03973259056,0.04752732916,1,0,557432350
0.018454,J060414.38+293904.2,91.0599363,29.6511676,79969837,91.05994128237,29.65116485616,91.06,29.651,90.0,0,,599-028446,06041439+2939042,0,J060414.38+293904.2,3437501402051438208,47738102,0,STAR,tmgaia2,tmgaia2,0.236,0.155,-1.287,0.131,gaia2,-0.1222,0.0973,gaia2,17.364,0.0,15.262,0.103,,,,,,,,,,,9.299,0.021,8.141,0.018,7.734,0.024,AAA-211-111-000-0-0,7.588,0.032,7.593,0.02,7.234,0.018,6.733,0.077,13.0791,0.005645,11.475,0.011,rered,gaia2,3276.0,124.0,,,,,,,,,,,,,,6667.13,2048.61,0.6495,0.0204,0,,,0,,0.0276,0.0132,schlegel,,,,,,,,,,,1705.15,2392.08,bj2018,,,dered,15.4289,0.036856,11.7131,0.016265,1,ucac4,apassdr9,,2.48613516006,2.03511847402,91.05994245015,29.6511593134,0.08040483021,0.07939978292,0,0,97339748
0.072716,J060417.81-100334.9,91.0742473,-10.0597049,71788056,91.07426773209,-10.05970670664,91.074,-10.06,90.0,0,,400-011157,06041782-1003349,0,J060417.81-100334.9,3005127181799003648,5284012,0,STAR,tmgaia2,tmgaia2,-2.052,0.064,1.307,0.075,gaia2,1.1674,0.057,gaia2,13.263,0.112,12.994,0.092,,,,,,,,,,,11.094,0.024,10.436,0.024,9.695,0.021,AAA-222-111-000-0-0,8.69,0.023,8.179,0.021,5.662,0.014,3.304,0.019,12.5475,0.002294,12.136,0.03,rered,gaia2,6953.0,232.2,3.9894,0.1031,,,2.067,0.132,1.52,0.284,0.1722,0.0472,DWARF,8.99257,1.26617,837.346,40.3415,0.2418,0.036,177,0.0246,,0,0.000177,0.0459,0.0261,panstarrs,0.227,0.341,0.138,0.127,0.0443,0.0501,0.1128,0.0934,1.52898,1.00336,38.439,42.244,bj2018,260.6,203.9,dered,12.8633,0.007291,12.0669,0.006954,1,ucac4,apassdr9,,1.00090041708,1.16268913142,91.07425875783,-10.05970107769,0.0353163049,0.0561749764,1,0,557435122
0.07625,J060423.43-064230.0,91.0976364,-6.7083368,71727946,91.09764764243,-6.70835479873,91.098,-6.708,90.0,0,,417-011839,06042343-0642300,0,J060423.43-064230.0,3018471095433166208,0,0,STAR,tmgaia2,tmgaia2,3.59,2.353,4.047,2.365,hsoy,,,,19.659,0.163,16.721,0.114,,,,,,,,,,,12.629,0.029,11.747,0.024,11.336,0.025,AAA-222-111-sss-0-0,10.729,0.023,10.244,0.02,8.451,0.024,6.648,0.079,15.7158,0.013924,14.685,0.017,gbprp,,,,,,,,,,,,,,GIANT,,,,,,,0,,,0,,,,,,,,,,,,,,,,,,,,,16.7713,0.033784,14.4293,0.010266,0,ucac4,bpbj,,37.53970547255,38.38056768016,91.0976632065,-6.70833737518,8.64706845863,11.34831478353,0,0,557431942
0.05727,J060442.50+300803.0,91.1771163,30.1341698,367263836,91.1771336612,30.13417505655,91.177,30.134,90.0,0,,601-029197,06044250+3008030,0,J060442.50+300803.0,3437717838340328320,48160139,0,STAR,tmgaia2,tmgaia2,0.481,0.15,-0.929,0.123,gaia2,0.159,0.0689,gaia2,17.133,-0.134,16.396,0.172,,,,,,,,,,,14.634,0.042,14.105,0.045,13.792,0.041,AAA-222-111-000-0-0,13.307,0.025,12.214,0.022,6.971,0.017,4.553,0.026,16.3257,0.001323,15.76,0.087,rered,gaia2,8140.0,134.0,3.9109,,,,2.582,,1.98,,0.1151,,DWARF,26.36495,,4389.95,1206.21,0.7092,0.1108,0,,,0,,0.1812,0.0403,panstarrs,,,,,,,,,,,956.17,1456.26,bj2018,,,dered,16.7944,0.006175,15.6538,0.009147,1,ucac4,apassdr9,,2.40926689798,1.90057698696,91.17713605521,30.13417105544,0.08106584465,0.07315662628,1,0,97596539
0.107974,J060533.48+221628.8,91.3895318,22.2746774,385598188,91.38955122795,22.27470140737,91.39,22.275,90.0,0,1325-01014-1,562-024245,06053348+2216289,0,J060533.48+221628.8,3423728820617420288,44978728,0,STAR,tmgaia2,tmgaia2,-0.879,0.101,-4.115,0.085,gaia2,0.8582,0.0496,gaia2,9.745,0.05,9.664,0.005,,,,,,,,,,,9.384,0.041,9.381,0.03,9.4,0.02,AAA-122-111-sss-0-0,9.355,0.023,9.371,0.019,8.914,0.033,6.893,0.109,9.60696,0.000503,9.578,0.022,rered,gaia2,12695.0,152.0,,,,,,,,,,,,,,1130.74,65.13,0.2342,0.0245,0,,,0,,0.0283,0.0207,panstarrs,,,,,,,,,,,61.46,68.8,bj2018,,,dered,9.66872,0.001799,9.50582,0.002628,1,tycho2v3,tycho2b3,,1.59631796002,1.31599126752,91.38954713821,22.27468368988,0.0525053522,0.04717200985,0,0,97611802
0.132976,J060629.19+295951.1,91.6216285,29.9975345,400381423,91.62159593756,29.99751064352,91.622,29.998,90.0,0,,,06062918+2959509,0,J060629.19+295951.1,3437604726079901056,47220971,0,STAR,tmgaia2,tmgaia2,-0.072,0.195,-1.19,0.164,gaia2,0.2106,0.145,gaia2,,,17.364,0.047,,,,,,,,,,,15.286,0.052,14.734,0.074,14.293,0.063,AAA-222-111-000-0-0,13.312,0.026,12.901,0.029,9.929,0.051,6.757,0.09,17.0657,0.005057,16.417,0.071,rered,gaia2,6196.0,142.0,4.1037,,,,1.603,,1.19,,0.2888,,DWARF,3.41263,,3269.31,1307.02,0.4284,0.1046,0,,,0,,0.0435,0.1657,panstarrs,,,,,,,,,,,963.66,1650.38,bj2018,,,dered,17.594,0.0147,16.34,0.015978,1,gaia2,,,3.12392875378,2.53932867303,91.62159557739,29.99750551904,0.11033963918,0.11755896575,1,0,98429056
0.099821,J060715.75+250938.2,91.8156573,25.1606187,81185608,91.81566639035,25.16059222087,91.816,25.161,90.0,0,,,06071575+2509383,0,J060715.75+250938.2,3426575005251210112,0,32379,STAR,tmgaia2,tmgaia2,0.399,0.302,-0.575,0.252,gaia2,0.2763,0.1685,gaia2,18.558,0.085,17.91,0.047,,,,,,,,,,,16.185,0.076,15.752,0.129,15.227,0.111,ABB-222-111-000-0-0,14.521,0.033,14.081,0.052,10.345,0.09,7.155,0.105,17.6931,0.004081,17.145,0.063,rered,gaia2,5974.0,146.0,4.5829,,,,0.888,,1.1,,1.5721,,DWARF,0.9044,,2887.5,1300.73,0.2251,0.0933,0,,,0,,0.0765,0.1101,panstarrs,,,,,,,,,,,914.61,1686.86,bj2018,,,dered,18.1426,0.019934,17.0881,0.014355,1,gaia2,bpbj,,4.80338812499,3.90698482685,91.81566828859,25.16058974518,0.1547007074,0.13898373684,1,0,98254859
0.12441,J060814.39+183724.8,92.0599624,18.6235762,45166781,92.0599615268,18.62361074853,92.06,18.624,90.0,0,,544-022728,06081439+1837249,0,J060814.39+183724.8,3373611117822105472,43168062,0,STAR,tmgaia2,tmgaia2,-0.907,0.083,-6.767,0.069,gaia2,1.44,0.0389,gaia2,12.637,0.043,11.797,0.057,,,,,,,,,,,10.053,0.022,9.501,0.022,9.08,0.018,AAA-222-111-000-0-0,8.56,0.021,8.116,0.021,5.145,0.015,2.436,0.015,11.6146,0.001174,11.043,0.101,rered,spect,5918.7,20.6,,,0.106,0.018,4.755,,,,,,GIANT,,,681.413,18.2045,0.4673,,0,,,0,,,,panstarrs,,,,,,,,,,,,,bj2018,,,spect,12.0743,0.004048,10.9625,0.002884,1,ucac4,apassdr9,,1.30908866398,1.07619329365,92.05995740649,18.62358161163,0.04008980813,0.0355657311,0,0,98974189
0.015595,J060838.76+161820.0,92.1615414,16.305575,294058532,92.16153933195,16.30557114952,92.162,16.306,90.0,0,,532-022612,06083877+1618200,0,J060838.76+161820.0,3346127248435263744,43168791,0,STAR,tmgaia2,tmgaia2,0.0,0.057,-5.568,0.048,gaia2,1.3878,0.034,gaia2,15.525,0.014,14.439,0.48,,,,,,,,,,,12.042,0.024,11.344,0.032,11.026,0.021,AAA-222-111-000-0-0,10.52,0.022,10.045,0.021,7.941,0.02,6.29,0.065,14.0464,0.002982,13.313,0.027,rered,spect,4730.1,82.2,,,-0.299,0.079,1.85,,,,,,GIANT,,,706.389,17.0815,0.1504,,0,,,0,,,,panstarrs,,,,,,,,,,,,,bj2018,,,spect,14.708,0.012059,13.2541,0.009107,1,ucac4,apassdr9,,0.89483203775,0.75216143721,92.16153933308,16.30554717649,0.0283249381,0.02698684484,0,0,99211516
0.093841,J060839.74+295923.3,92.1656015,29.9898218,400460141,92.16557497346,29.9898341142,92.166,29.99,90.0,0,,600-029751,06083973+2959234,0,J060839.74+295923.3,3437571568932263808,47741441,0,STAR,tmgaia2,tmgaia2,0.173,0.092,0.667,0.079,gaia2,0.3387,0.0581,gaia2,17.652,0.168,16.156,0.309,,,,,,,,,,,13.498,0.026,12.807,0.034,12.625,0.032,AAA-222-111-000-0-0,12.477,0.023,12.355,0.026,11.516,0.221,6.674,0.087,15.8305,0.004206,14.939,0.01,rered,gaia2,4702.0,128.0,,,,,4.258,,,,,,GIANT,,,2686.42,443.89,0.3924,0.0117,0,,,0,,0.0123,0.011,panstarrs,,,,,,,,,,,376.44,511.34,bj2018,,,dered,16.6725,0.017926,14.906,0.012315,1,ucac4,bpbj,,1.48030109571,1.23205909995,92.16557583362,29.98983698725,0.04872650423,0.0445512501,0,0,99269463
0.061996,J060937.66+205743.4,92.4069321,20.9620607,45444726,92.40694003031,20.96207624753,92.407,20.962,90.0,0,,,06093766+2057434,0,J060937.66+205743.4,3375235783690685568,0,0,STAR,tmgaia2,tmgaia2,0.168,0.231,-2.247,0.198,gaia2,0.4272,0.1303,gaia2,20.431,0.164,18.595,0.053,,,,,,,,,,,14.798,0.036,14.152,0.034,13.644,0.035,AAA-222-111-000-0-0,13.048,0.025,12.656,0.026,8.77,0.036,5.271,0.035,17.7641,0.003173,16.729,0.047,rered,gaia2,4028.0,125.0,,,,,2.096,,,,,,GIANT,,,2198.44,735.705,0.3236,0.0951,0,,,0,,0.0722,0.118,schlegel,,,,,,,,,,,533.86,937.55,bj2018,,,dered,18.8041,0.031294,16.657,0.015095,1,gaia2,bpbj,,3.63699015837,3.07605317704,92.40694080318,20.96206657261,0.11753446431,0.11219262881,0,0,99019888
0.10799,J061037.63-053520.4,92.6568275,-5.5890041,299466304,92.656810895,-5.58897906566,92.657,-5.589,90.0,0,,423-012878,06103763-0535201,0,J061037.63-053520.4,3020110883883311616,3108841,0,STAR,tmgaia2,tmgaia2,3.836,2.322,-2.766,2.321,hsoy,,,,14.128,0.816,12.412,0.069,,,,,,,,,,,8.75,0.023,8.318,0.031,8.053,0.027,AAA-111-111-000-0-0,7.54,0.032,7.299,0.02,7.023,0.018,6.631,0.069,12.1399,0.046476,11.144,0.049,gbprp,,,,,,,,,,,,,,GIANT,,,,,,,0,,,0,,,,,,,,,,,,,,,,,,,,,13.0331,0.193119,10.8015,0.144412,0,ucac4,apassdr9,,36.02616223662,35.97601777618,92.65682749195,-5.58899097508,0.06198928038,0.06162264764,0,0,559236401
0.041752,J061254.94+090208.8,93.2289447,9.0357892,153406662,93.22895474244,9.03579521197,93.229,9.036,90.0,29496,0730-00827-1,496-021965,06125493+0902088,0,J061254.94+090208.8,3328632747127743104,39876090,0,STAR,tmgaia2,tmgaia2,-4.008,0.223,-3.021,0.178,gaia2,1.5802,0.2377,gaia2,7.863,0.025,7.96,0.03,,,,,,,,,,,8.075,0.024,8.185,0.033,8.15,0.021,AAA-111-111-000-0-0,8.148,0.023,8.193,0.02,8.192,0.024,7.163,0.1,7.927,0.000754,8.037,0.026,rered,gaia2,,,,,,,,,,,,,,,,643.771,111.801,0.0913,0.0285,0,,,0,,0.0278,0.0292,panstarrs,,,,,,,,,,,93.145,130.458,bj2018,,,,7.9044,0.00331,7.99642,0.004423,1,hipvmag,tycho2b3,,3.46439878393,2.76513836237,93.22893726754,9.03578220635,0.11326026674,0.14487513964,0,0,100723477
0.091913,J061341.92-062321.1,93.4246923,-6.3892154,72553073,93.42468852257,-6.38919014599,93.425,-6.389,90.0,0,,419-012531,06134192-0623211,0,J061341.92-062321.1,3019810751569094528,0,0,STAR,tmgaia2,tmgaia2,-0.813,2.136,0.631,2.136,hsoy,,,,17.386,0.162,16.184,0.103,,,,,,,,,,,13.0,0.023,12.019,0.022,11.427,0.021,AAA-222-111-000-0-0,10.759,0.023,10.261,0.02,9.046,0.029,6.403,0.063,15.6097,0.009969,14.681,0.012,gbprp,,,,,,,,,,,,,,GIANT,,,,,,,0,,,0,,,,,,,,,,,,,,,,,,,,,16.5711,0.034252,14.5473,0.027367,0,ucac4,bpbj,,33.18218519319,33.1377664656,93.42468500039,-6.38918742869,1.21283654638,1.26179264468,0,0,559750020
0.033437,J061434.48+182828.3,93.6437046,18.4745289,46127223,93.64369815293,18.47452190879,93.644,18.475,90.0,0,1318-00042-1,543-024721,06143448+1828283,0,J061434.48+182828.3,3373452826804138752,43183404,0,STAR,tmgaia2,tmgaia2,0.112,0.075,-0.202,0.064,gaia2,0.2373,0.04,gaia2,12.019,0.232,11.416,0.016,,,,,,,,,,,9.337,0.02,9.027,0.021,8.745,0.017,AAA-222-111-000-0-0,8.304,0.023,8.041,0.02,7.249,0.02,6.454,0.083,11.0875,0.011916,10.459,0.043,rered,gaia2,7387.0,244.0,,,,,26.636,,,,,,GIANT,,,3652.18,548.125,0.6619,0.0541,0,,,0,,0.0389,0.0693,panstarrs,,,,,,,,,,,472.88,623.37,bj2018,,,dered,11.6013,0.036081,10.3618,0.034025,1,tycho2v3,tycho2b3,,1.18167863345,0.98758789312,93.64369866201,18.47452103868,0.0398457272,0.03708916277,0,0,101415855
0.078595,J061439.95-062917.4,93.6664947,-6.4881868,143077966,93.66650451523,-6.4881672674,93.666,-6.488,90.0,0,,418-013175,06143996-0629173,0,J061439.95-062917.4,3007796967830937600,0,0,STAR,tmgaia2,tmgaia2,-3.636,0.047,0.571,0.044,gaia2,1.1833,0.028,gaia2,14.174,0.113,14.059,0.206,,,,,,,,,,,11.712,0.026,11.048,0.023,10.611,0.021,AAA-222-111-000-0-0,9.763,0.021,9.428,0.018,7.457,0.019,5.688,0.039,13.5888,0.002404,12.889,0.036,rered,spect,5598.7,107.7,3.8491,0.105,0.17,0.098,1.96,0.185,0.99,0.125,0.1314,0.0399,DWARF,3.40127,0.56483,825.371,19.196,0.2355,0.0581,240,1.0884,,0,0.000109,0.0395,0.0767,panstarrs,0.111,0.138,0.139,0.231,0.0333,0.0465,0.105,0.105,0.42086,0.7088,19.196,19.196,bj2018,95.4,120.0,spect,14.2051,0.009012,12.8392,0.00604,1,ucac4,bpbj,,0.72999472792,0.68335235652,93.66648876083,-6.48816480866,0.0243484966,0.02388947444,1,0,560368215
0.089982,J061602.04+142902.1,94.0085215,14.4839291,434402766,94.00853700494,14.48390911546,94.009,14.484,90.0,0,,523-024002,06160204+1429021,0,J061602.04+142902.1,3344816282680222976,42385031,0,STAR,tmgaia2,tmgaia2,-0.21,0.097,-0.381,0.09,gaia2,0.1066,0.0554,gaia2,16.596,0.0,16.492,0.458,,,,,,,,,,,13.776,0.026,12.79,0.022,11.943,0.022,AAA-222-111-000-0-0,10.573,0.023,9.927,0.02,7.24,0.019,4.866,0.036,15.685,0.001746,15.08,0.064,rered,gaia2,6925.0,136.0,3.2694,,,,4.719,,1.51,,0.0144,,DWARF,46.1315,,5612.29,1511.89,0.5292,0.0881,0,,,0,,0.0803,0.0959,schlegel,,,,,,,,,,,1213.27,1810.51,bj2018,,,dered,16.1561,0.007317,14.9759,0.013913,1,ucac4,apassdr9,,1.51176445657,1.39749221739,94.00853607073,14.48390747529,0.04880585012,0.04652958427,1,0,102528863
0.060471,J061706.96-120322.7,94.2790389,-12.0563257,34137906,94.27905438488,-12.05631843147,94.279,-12.056,90.0,0,,390-012842,06170697-1203228,0,J061706.96-120322.7,3000756726159384832,5312735,0,STAR,tmgaia2,tmgaia2,-0.699,0.061,0.362,0.06,gaia2,0.2309,0.0359,gaia2,16.173,0.102,15.158,0.057,,,,,,,,,,,12.61,0.024,11.853,0.027,11.417,0.024,AAA-222-111-000-0-0,10.854,0.023,10.475,0.02,7.745,0.02,5.441,0.035,14.6138,0.002201,13.817,0.009,rered,gaia2,4750.0,124.0,,,,,8.471,,,,,,GIANT,,,3673.36,489.295,0.2665,0.011,0,,,0,,0.0134,0.0087,panstarrs,,,,,,,,,,,430.04,548.55,bj2018,,,dered,15.3326,0.008868,13.7566,0.007155,1,ucac4,apassdr9,,0.94753546475,0.928293722,94.27905130832,-12.05631687184,0.03209687726,0.03594596371,0,0,560887452
1.550573,J061706.96-120322.7,94.2790389,-12.0563257,709411504,94.27925688229,-12.05669996185,94.279,-12.057,90.0,0,,,,0,,3000756730455136000,0,0,STAR,gaia2,gaia2,,,,,,,,,,,,,,,,,,,,,,,,,,,,,,,,,,,,,,17.5595,0.006528,17.129,0.6,goffs,,,,,,,,,,,,,,,,,,,,,0,,,0,,,,,,,,,,,,,,,,,,,,,,0.0,,0.0,0,,,,0.76145277695,0.51761241953,94.27925688229,-12.05669996185,0.76145277695,0.51761241953,0,0,561211579
0.022717,J061852.96+211902.2,94.7206777,21.3172867,429900163,94.72068321567,21.31729036307,94.721,21.317,90.0,0,1327-01235-1,557-025840,06185295+2119021,0,J061852.96+211902.2,3376619145415036800,45928863,0,STAR,tmgaia2,tmgaia2,0.274,0.081,-1.364,0.069,gaia2,0.2582,0.0571,gaia2,12.505,0.259,11.131,0.038,,,,,,,,,,,8.588,0.034,8.097,0.047,7.878,0.021,AAA-111-111-000-0-0,7.663,0.026,7.461,0.019,7.106,0.017,6.398,0.071,10.6027,0.006632,9.798,0.034,rered,gaia2,5319.0,134.0,,,,,46.214,,,,,,GIANT,,,3334.16,660.6,0.4521,0.0523,0,,,0,,0.0463,0.0583,panstarrs,,,,,,,,,,,545.81,775.39,bj2018,,,dered,11.3314,0.012662,9.76212,0.016644,1,tycho2v3,tycho2b3,,1.28612825717,1.06263909851,94.72068448403,21.31728448969,0.04845551902,0.04191813862,0,0,103359791
0.052372,J062531.59+200550.3,96.3816419,20.0973317,430152140,96.38164549618,20.09734585031,96.382,20.097,90.0,0,1336-00697-1,551-026310,06253159+2005504,0,J062531.59+200550.3,3372586102405306496,45937394,0,STAR,tmgaia2,tmgaia2,0.157,0.087,0.074,0.07,gaia2,0.1644,0.0491,gaia2,11.888,0.367,11.084,0.069,,,,,,,,,,,10.096,0.026,9.95,0.03,9.687,0.022,AAA-222-111-000-0-0,9.062,0.022,8.747,0.019,7.945,0.022,6.741,0.109,10.9376,0.001803,10.657,0.035,rered,gaia2,9967.0,154.0,,,,,18.525,,,,,,GIANT,,,4540.56,960.125,0.4909,0.0414,0,,,0,,0.0563,0.0265,panstarrs,,,,,,,,,,,794.13,1126.12,bj2018,,,dered,11.167,0.006298,10.5411,0.005204,1,ucac4,tycho2b3,,1.36408826663,1.08001142881,96.38164621504,20.0973461669,0.04543231085,0.04153911288,0,0,105943701
0.002604,J062809.07+194918.2,97.0378058,19.821741,46780147,97.03780656656,19.82174105515,97.038,19.822,90.0,0,,,06280906+1949183,0,J062809.07+194918.2,3372518929117312256,0,0,STAR,tmgaia2,tmgaia2,-0.275,0.332,-0.435,0.343,gaia2,0.4011,0.1529,gaia2,19.843,0.166,18.332,0.085,,,,,,,,,,,15.032,0.044,14.091,0.042,13.501,0.043,AAA-222-111-000-0-0,12.77,0.023,12.282,0.026,9.424,0.049,6.924,0.085,17.6681,0.014131,16.737,0.03,rered,gaia2,4160.0,187.0,,,,,1.804,,,,,,GIANT,,,2257.76,848.82,0.231,0.0506,0,,,0,,0.0562,0.045,panstarrs,,,,,,,,,,,605.36,1092.28,bj2018,,,dered,18.5573,0.098366,16.6448,0.035402,1,gaia2,bpbj,,5.21897223156,5.32120443504,97.03780530954,19.82173918339,0.13258253678,0.12746738972,0,0,107357792
0.379039,J062839.24-322216.2,97.1635248,-32.3711739,29628522,97.1635104982,-32.37127849333,97.164,-32.371,90.0,30840,7078-00912-1,289-010745,06283925-3222165,0,J062839.24-322216.2,2892312723242963072,0,0,STAR,tmgaia2,tmgaia2,-0.707,0.203,8.513,0.209,gaia2,2.6459,0.1159,gaia2,5.73,0.021,5.74,0.03,,,,,,,,,,,6.018,0.023,6.113,0.027,6.091,0.02,AAA-111-111-000-0-0,6.096,0.101,5.858,0.039,5.697,0.015,5.221,0.033,5.88486,0.004481,6.086,0.015,rered,,,,,,,,,,,,,,,,,374.872,16.456,0.029,0.0068,0,,,0,,0.0035,0.0102,panstarrs,,,,,,,,,,,15.748,17.164,bj2018,,,,5.70496,0.014823,5.95156,0.012369,1,hipvmag,tycho2b3,,3.27129569243,3.24739948101,97.1635068946,-32.37124184186,0.0941747142,0.11064476969,0,0,564713272
0.747855,J062839.24-322216.2,97.1635248,-32.3711739,705677373,97.16339317358,-32.37134938745,97.163,-32.371,90.0,0,,,,0,,2892312723240653312,0,0,STAR,gaia2,gaia2,,,,,,,,,,,5.926,0.046,,,,,,,,,,,,,,,,,,,,,,,,,,5.89638,0.000926,6.117,0.012,gbprp,,,,,,,,,,,,,,,,,,,,,0,,,0,,,,,,,,,,,,,,,,,,,,,5.60531,0.000789,5.89078,0.016396,0,gaia2,,,3.28936451438,2.82841491302,97.16339317358,-32.37134938745,3.28936451438,2.82841491302,0,0,564937921
0.92313,J062839.24-322216.2,97.1635248,-32.3711739,705677372,97.16377725082,-32.37103145251,97.164,-32.371,90.0,0,,,,0,,2892312718949018624,0,0,STAR,gaia2,gaia2,-2.139,0.28,7.478,0.359,gaia2,2.695,0.1212,gaia2,,,,,,,,,,,,,,,,,,,,,,,,,,,,,,7.5838,0.003398,7.154,0.6,goffs,gaia2,,,,,,,,,,,,,,,,368.175,16.5965,0.032,0.0009,0,,,0,,0.0008,0.0009,schlegel,,,,,,,,,,,15.863,17.33,bj2018,,,,,0.0,,0.0,0,,,,4.51421205012,5.57045175645,97.16376634729,-32.37099925376,0.10374960267,0.15095492729,0,0,564937920
0.042617,J063027.35+014406.3,97.6139998,1.7350888,234801497,97.61400229396,1.73507722725,97.614,1.735,90.0,0,,459-019136,06302736+0144062,0,J063027.35+014406.3,3123854268434443648,36190574,0,STAR,tmgaia2,tmgaia2,-0.462,0.065,2.329,0.066,gaia2,0.3111,0.0398,gaia2,14.831,0.074,13.338,0.137,,,,,,,,,,,9.975,0.021,9.253,0.022,8.919,0.023,AAA-222-111-000-0-0,8.635,0.024,8.509,0.019,6.471,0.017,5.378,0.036,12.6606,0.008087,11.664,0.022,rered,spect,4861.2,64.7,,,-0.299,0.062,23.141,,,,,,GIANT,,,2932.71,354.665,0.5799,,0,,,0,,,,panstarrs,,,,,,,,,,,,,bj2018,,,spect,13.6399,0.02259,11.6698,0.02414,1,ucac4,apassdr9,,1.01432576044,1.0254683668,97.61400030372,1.73508725532,0.03311035136,0.0355420451,0,0,108363807
0.064025,J063153.33+093413.1,97.9722317,9.5703092,229280638,97.97222950448,9.57032685233,97.972,9.57,90.0,0,,498-029103,06315333+0934130,1237673843540887078,J063153.33+093413.1,3327230320046303616,39908801,0,STAR,tmgaia2,tmgaia2,-3.272,2.19,-3.627,2.178,hsoy,,,,17.245,0.0,16.553,1.133,20.021,0.043,17.882,0.006,16.472,0.004,15.665,0.003,15.089,0.005,13.348,0.024,12.511,0.023,12.101,0.026,AAA-222-111-000-0-0,11.454,0.023,11.135,0.021,9.235,0.053,6.53,0.087,16.9366,0.020855,15.958,0.022,gbprp,,,,,,,,,,,,,,GIANT,,,,,,,0,,,0,,,,,,,,,,,,,,,,,,,,,17.8287,0.064907,15.6523,0.082586,0,ucac4,apassdr9,,34.05690171486,33.75432149609,97.97221521643,9.57031123763,0.09376285983,0.09240975682,1,0,108351429
0.967673,J063153.33+093413.1,97.9722317,9.5703092,714763507,97.97233217207,9.57005932656,97.972,9.57,90.0,0,,,,0,,3327230320043334272,0,0,STAR,gaia2,gaia2,,,,,,,,,,,,,,,,,,,,,,,,,,,,,,,,,,,,,,18.5043,0.004099,18.074,0.6,goffs,,,,,,,,,,,,,,,,,,,,,0,,,0,,,,,,,,,,,,,,,,,,,,,,0.0,,0.0,0,,,,4.52346254402,3.65308893618,97.97233217207,9.57005932656,4.52346254402,3.65308893618,0,0,108722778
0.047571,J063202.18+102609.4,98.0091208,10.435972,229288345,98.00910913727,10.43596543793,98.009,10.436,90.0,0,,503-028508,06320218+1026095,0,J063202.18+102609.4,3327701971883631104,40524476,0,STAR,tmgaia2,tmgaia2,-1.558,0.205,-5.567,0.176,gaia2,0.5739,0.1222,gaia2,18.871,0.162,17.066,0.229,,,,,,,,,,,12.124,0.026,10.976,0.022,10.314,0.023,AAA-222-111-000-0-0,9.513,0.022,8.968,0.02,7.088,0.017,5.194,0.037,15.7866,0.011538,14.561,0.02,rered,gaia2,3450.0,129.0,,,,,5.662,,,,,,GIANT,,,1705.94,419.26,0.1811,0.0417,0,,,0,,0.033,0.0504,schlegel,,,,,,,,,,,325.84,512.68,bj2018,,,dered,17.3108,0.052607,14.4697,0.029848,1,ucac4,bpbj,,3.18488260671,2.7361253791,98.00910231852,10.43594147007,0.10804702813,0.10507617578,0,0,109081725
0.0203,J063209.81+022451.3,98.040914,2.4142758,234876809,98.04091626343,2.41428096545,98.041,2.414,90.0,0,,,06320982+0224514,0,J063209.81+022451.3,3124006074056325760,0,0,STAR,tmgaia2,tmgaia2,-0.551,0.165,-0.572,0.175,gaia2,0.4794,0.0911,gaia2,17.483,0.07,17.213,0.052,,,,,,,,,,,14.382,0.032,13.518,0.034,12.634,0.03,AAA-222-111-000-0-0,11.472,0.022,10.934,0.021,7.42,0.018,4.633,0.026,16.7734,0.008546,15.98,0.137,rered,gaia2,5785.0,181.0,4.094,,,,1.515,,1.04,,0.2988,,DWARF,2.31749,,1998.86,410.085,0.5526,0.2084,0,,,0,,0.1167,0.3002,panstarrs,,,,,,,,,,,332.54,487.63,bj2018,,,dered,17.4606,0.03424,15.9192,0.023943,1,gaia2,bpbj,,2.55385770244,2.71646902474,98.04091388949,2.41427850113,0.0736133322,0.07286889444,1,0,109139407
0.086135,J063358.64-144723.3,98.4943349,-14.7898282,288265926,98.49435469395,-14.78984255962,98.494,-14.79,90.0,31311,5377-02046-1,377-015258,06335863-1447231,0,J063358.64-144723.3,2950400021319407744,5359202,0,STAR,tmgaia2,tmgaia2,-4.9,1.3,3.5,1.2,tycho2,1.74,1.42,hip,8.833,0.007,9.15,0.03,,,,,,,,,,,7.571,0.02,7.503,0.04,7.325,0.024,AAA-111-111-000-0-0,8.04,0.022,7.795,0.02,7.122,0.017,6.382,0.056,8.74056,0.000885,8.699,0.006,gbprp,,,,,,,,,,,,,,DWARF,,,73.2496,,,,0,,,0,,,,,,,,,,,,,,,,,hip,,,,8.78071,0.002183,8.6624,0.002661,0,hipvmag,apassdr9,,20.32649753009,18.60939390321,98.4943328738,-14.78982749017,0.55128958201,0.59122030131,0,0,566280781
0.053707,J063428.26-251322.8,98.6177762,-25.2230019,172198807,98.61776868864,-25.22301518121,98.618,-25.223,90.0,0,,324-012909,06342828-2513229,0,J063428.26-251322.8,2923318195232438144,13248829,0,STAR,tmgaia2,tmgaia2,-0.224,0.048,3.368,0.062,gaia2,0.2416,0.0407,gaia2,13.563,0.17,12.248,0.069,,,,,,,,,,,7.557,0.021,6.675,0.02,6.316,0.023,AAA-111-111-000-0-0,6.299,0.086,6.227,0.026,5.791,0.015,5.182,0.035,10.5873,0.003963,9.415,0.007,rered,gaia2,3366.0,123.0,,,,,118.068,,,,,,GIANT,,,3512.85,504.15,0.0502,0.0045,0,,,0,,0.0065,0.0025,panstarrs,,,,,,,,,,,438.96,569.34,bj2018,,,dered,12.1887,0.022068,9.39845,0.00907,1,ucac4,apassdr9,,0.75591559283,0.96229155932,98.61776762335,-25.22300068135,0.02282548993,0.03385180771,0,0,566934791
0.099045,J063616.10-012017.9,99.0671041,-1.3383098,52560460,99.06711142375,-1.33828327964,99.067,-1.338,90.0,0,,444-018835,06361610-0120179,0,J063616.10-012017.9,3118915163421188480,108747,0,STAR,tmgaia2,tmgaia2,0.521,0.191,-1.217,0.207,gaia2,0.0487,0.1089,gaia2,17.072,0.291,15.138,0.092,,,,,,,,,,,8.535,0.02,7.377,0.034,6.94,0.024,AAA-111-111-000-0-0,6.744,0.07,6.741,0.022,6.435,0.015,6.15,0.047,12.355,0.00737,10.753,0.027,rered,gaia2,3224.0,124.0,,,,,,,,,,,,,,5283.44,1984.06,0.6122,0.0778,0,,,0,,0.0792,0.0765,panstarrs,,,,,,,,,,,1542.33,2425.78,bj2018,,,dered,14.7186,0.03521,10.9608,0.017225,1,ucac4,apassdr9,,2.96343970528,3.21614883357,99.06711366888,-1.33828852019,0.08868141901,0.09390923913,0,0,567532631
0.056186,J063645.94-224538.0,99.1914184,-22.7605628,48232830,99.19141512593,-22.76054748759,99.191,-22.761,90.0,0,,337-014785,06364593-2245380,0,J063645.94-224538.0,2924804941112026240,10378238,0,STAR,tmgaia2,tmgaia2,-0.171,0.06,1.683,0.088,gaia2,0.2279,0.0559,gaia2,14.476,0.306,12.59,0.034,,,,,,,,,,,8.602,0.018,7.617,0.017,7.338,0.021,AAA-111-111-000-0-0,7.241,0.045,7.336,0.02,6.949,0.017,6.623,0.063,11.5772,0.009594,10.428,0.012,rered,gaia2,3437.0,127.0,,,,,71.33,,,,,,GIANT,,,3568.09,700.61,0.057,0.0058,0,,,0,,0.0055,0.006,panstarrs,,,,,,,,,,,583.79,817.43,bj2018,,,dered,13.0441,0.044982,10.3469,0.020445,1,ucac4,apassdr9,,0.94907682795,1.36281290355,99.1914143252,-22.76054024319,0.02955642143,0.04655323381,0,0,567489373
0.011485,J063728.68-285405.5,99.3695114,-28.9015322,172255198,99.36951273502,-28.90152923141,99.37,-28.902,90.0,0,,306-012393,06372868-2854054,0,J063728.68-285405.5,2895408329512601088,13961662,0,STAR,tmgaia2,tmgaia2,0.737,0.108,1.955,0.103,gaia2,0.3799,0.066,gaia2,14.597,0.132,13.21,0.08,,,,,,,,,,,7.405,0.027,6.486,0.046,6.129,0.021,AAA-111-111-000-0-0,6.133,0.086,5.989,0.036,4.98,0.015,4.052,0.026,10.6489,0.006849,9.369,0.009,rered,gaia2,3115.0,123.0,,,,,,,,,,,,,,2378.56,389.59,0.0472,0.0041,0,,,0,,0.0054,0.0028,panstarrs,,,,,,,,,,,331.65,447.53,bj2018,,,dered,12.6269,0.035488,9.3902,0.018457,1,ucac4,apassdr9,,1.72989664934,1.60058160866,99.36951635897,-28.90152081405,0.05170493021,0.05470430534,0,0,567670373
0.050917,J063949.97-271109.6,99.9582278,-27.1860028,172404262,99.95822783253,-27.18601694347,99.958,-27.186,90.0,0,,,06394998-2711096,0,J063949.97-271109.6,2919695235699582080,0,0,STAR,tmgaia2,tmgaia2,-2.899,0.078,3.561,0.105,gaia2,1.1473,0.0574,gaia2,19.422,0.17,17.539,0.055,,,,,,,,,,,13.893,0.031,12.94,0.033,12.4,0.033,AAA-222-111-000-0-0,11.505,0.023,11.036,0.021,9.058,0.032,6.691,0.066,16.7512,0.007681,15.773,0.033,rered,gaia2,3924.0,125.0,4.1328,,,,1.11,,0.61,,0.4461,,DWARF,0.26315,,852.034,42.799,0.1307,0.0697,0,,,0,,0.0691,0.0703,panstarrs,,,,,,,,,,,40.693,44.905,bj2018,,,dered,17.7609,0.033144,15.6718,0.023948,1,gaia2,bpbj,,1.24880855953,1.63359116229,99.95821380194,-27.18600161096,0.03682302403,0.05179008231,1,0,568461415
0.041472,J063957.56+440224.7,99.989861,44.0402075,274217494,99.98987262139,44.04019956763,99.99,44.04,90.0,0,,671-047469,06395757+4402247,0,J063957.56+440224.7,964233871784567552,52264403,0,STAR,tmgaia2,tmgaia2,0.545,0.175,-0.694,0.158,gaia2,0.214,0.1406,gaia2,15.778,0.301,14.369,0.103,,,,,,,,,,,8.694,0.019,7.826,0.044,7.487,0.023,AAA-111-111-ppd-0-0,7.246,0.03,7.043,0.02,6.146,0.015,5.386,0.035,12.1343,0.024542,10.889,0.025,rered,gaia2,3269.0,144.0,,,,,,,,,,,,,,2696.17,813.16,0.1028,0.0042,0,,,0,,0.0036,0.0049,panstarrs,,,,,,,,,,,645.82,980.5,bj2018,,,dered,13.8045,0.105546,10.7934,0.073421,1,ucac4,apassdr9,,2.93525698323,2.45760063157,99.98987588391,44.04019657755,0.09915655327,0.10859937517,0,0,111376253
0.038858,J064022.05-141410.8,100.091903,-14.2363426,333424997,100.09189226757,-14.23633972081,100.092,-14.236,90.0,0,,379-016716,06402205-1414108,0,J064022.05-141410.8,2950852509014344832,5380486,0,STAR,tmgaia2,tmgaia2,2.669,0.047,-1.903,0.05,gaia2,0.4151,0.0233,gaia2,15.253,0.005,14.097,0.114,,,,,,,,,,,11.915,0.026,11.387,0.022,11.178,0.021,AAA-222-111-000-0-0,10.506,0.023,10.125,0.021,7.851,0.019,5.792,0.037,13.763,0.001241,13.043,0.007,rered,gaia2,4958.0,123.0,,,,,6.456,,,,,,GIANT,,,2252.82,121.145,0.2177,0.0074,0,,,0,,0.007,0.0077,panstarrs,,,,,,,,,,,114.78,127.51,bj2018,,,dered,14.4026,0.005909,12.991,0.003946,1,ucac4,apassdr9,,0.73392190322,0.77186431629,100.09190412323,-14.23634791359,0.01763141795,0.02126258376,0,0,569294064
0.044644,J064400.85-254201.4,101.0035478,-25.7004019,172630594,101.00353718551,-25.70039400633,101.004,-25.7,90.0,0,,322-013860,06440084-2542014,0,J064400.85-254201.4,2920462587441265536,12511677,0,STAR,tmgaia2,tmgaia2,-2.59,0.032,4.109,0.043,gaia2,1.1959,0.0252,gaia2,13.186,0.031,12.9,0.08,,,,,,,,,,,11.733,0.028,11.234,0.029,10.733,0.024,AAA-222-111-000-0-0,9.819,0.023,9.385,0.019,7.815,0.02,5.884,0.047,12.6621,0.000401,12.353,0.007,rered,gaia2,6717.0,125.4,4.1964,0.0891,,,1.579,0.077,1.43,0.24,0.3629,0.0851,DWARF,4.57507,0.27536,816.803,16.9485,0.0351,0.0055,356,0.37,,0,0.000272,0.007,0.004,panstarrs,0.213,0.268,0.076,0.078,0.0738,0.0965,0.0665,0.1117,0.2665,0.28422,16.603,17.294,bj2018,135.8,115.0,dered,12.8853,0.001166,12.2966,0.000968,1,ucac4,apassdr9,,0.51389122452,0.66332776226,101.00352480818,-25.7003763148,0.01540180463,0.02291323075,1,0,570893677
0.338347,J064519.68-421003.7,101.3320283,-42.1677053,393268331,101.3321052558,-42.16777999839,101.332,-42.168,90.0,0,,240-010805,06451970-4210040,0,J064519.68-421003.7,5563423631325452416,19909556,0,STAR,tmgaia2,tmgaia2,-1.97,0.117,5.232,0.113,gaia2,0.313,0.0599,gaia2,14.336,0.165,13.119,0.057,,,,,,,,,,,7.168,0.026,6.238,0.057,5.846,0.024,AAA-111-111-000-0-0,5.765,0.099,5.564,0.028,4.771,0.014,3.807,0.019,10.7711,0.006591,9.398,0.009,rered,gaia2,3025.0,123.0,,,,,,,,,,,,,,2767.59,466.015,0.1097,0.0001,0,,,0,,0.0001,0.0001,schlegel,,,,,,,,,,,396.53,535.5,bj2018,,,dered,13.0083,0.034019,9.44891,0.016196,1,ucac4,apassdr9,,1.94209184343,1.74792118865,101.33209381408,-42.16775747306,0.05462643017,0.0541407418,0,0,571040194
0.073371,J064549.97+022957.3,101.4582437,2.4992588,234155805,101.45823835732,2.49927846956,101.458,2.499,90.0,32397,0152-00591-1,463-022446,06454998+0229574,0,J064549.97+022957.3,3126438949691961472,36197340,0,STAR,tmgaia2,tmgaia2,-1.505,0.118,-2.815,0.107,gaia2,0.9651,0.0779,gaia2,7.111,0.0,7.22,0.03,,,,,,,,,,,7.147,0.023,7.182,0.034,7.119,0.018,AAA-111-111-000-0-0,7.007,0.051,6.956,0.02,6.715,0.016,6.263,0.068,7.16708,0.002807,7.229,0.019,rered,gaia2,12945.0,498.0,,,,,,,,,,,,,,1013.18,82.444,0.1048,0.0209,0,,,0,,0.0279,0.014,panstarrs,,,,,,,,,,,75.898,88.99,bj2018,,,dered,7.17107,0.010028,7.18628,0.012431,1,hipvmag,apassdr9,,1.8310884723,1.66012067862,101.45823186969,2.49926635158,0.05670365977,0.06749622276,0,0,113663989
0.061678,J064609.51+021051.6,101.5396433,2.1810184,234168215,101.53964551086,2.18103538984,101.54,2.181,90.0,0,,,06460951+0210517,0,J064609.51+021051.6,3126414515618681344,0,0,STAR,tmgaia2,tmgaia2,-0.306,0.402,-0.144,0.365,gaia2,0.4671,0.2325,gaia2,,,19.511,0.111,,,,,,,,,,,15.327,0.055,14.443,0.059,13.645,0.051,AAA-222-111-000-0-0,12.599,0.024,11.626,0.021,8.749,0.027,6.497,0.073,18.5003,0.007601,17.393,0.037,rered,gaia2,3849.0,153.0,,,,,1.583,,,,,,GIANT,,,2128.39,1186.64,0.2751,0.08,0,,,0,,0.078,0.0821,panstarrs,,,,,,,,,,,747.19,1626.09,bj2018,,,dered,19.7593,0.116071,17.3846,0.036161,1,gaia2,,,6.23703835126,5.65811345187,101.53964419237,2.18103476773,0.20980594037,0.19622092168,0,0,114392769
0.030827,J065035.73+045529.6,102.648904,4.9249118,237456248,102.6489094888,4.92491838936,102.649,4.925,90.0,0,,,06503573+0455296,0,J065035.73+045529.6,3129303173184140672,0,0,STAR,tmgaia2,tmgaia2,-2.649,2.257,-2.614,2.257,hsoy,,,,18.92,0.164,17.131,0.07,,,,,,,,,,,13.412,0.028,12.508,0.03,11.982,0.024,AAA-222-111-000-0-0,11.475,0.022,10.949,0.021,9.03,0.033,6.965,0.104,16.2562,0.011339,15.268,0.014,gbprp,,,,,,,,,,,,,,GIANT,,,,,,,0,,,0,,,,,,,,,,,,,,,,,,,,,17.2917,0.055226,15.0866,0.038629,0,gaia2,bpbj,,35.0379410291,35.0017939953,102.64889804004,4.92490713524,1.28280507853,1.15051718601,0,0,115922548
1.567231,J065035.73+045529.6,102.648904,4.9249118,758891739,102.64933182222,4.92500034183,102.649,4.925,90.0,0,,,,0,,3129303177479264768,0,0,STAR,gaia2,gaia2,-0.178,1.144,0.039,1.241,gaia2,0.044,0.5675,gaia2,,,,,,,,,,,,,,,,,,,,,,,,,,,,,,19.3944,0.008035,18.964,0.6,goffs,gaia2,,,,,,,,,,,,,,,,2548.81,1546.57,0.4724,0.0814,0,,,0,,0.0351,0.1277,panstarrs,,,,,,,,,,,1135.52,1957.63,bj2018,,,,,0.0,,0.0,0,,,,17.74949353213,19.24975738832,102.64933105461,4.92500050836,0.52524062809,0.51805883166,0,0,116179408
0.050078,J065454.71-012232.8,103.7279643,-1.3757973,282807013,103.7279516505,-1.3757915046,103.728,-1.376,90.0,33237,4801-01012-1,444-024454,06545471-0122328,0,J065454.71-012232.8,3112305895950166784,206210,0,STAR,tmgaia2,tmgaia2,-1.39,0.1,-0.184,0.086,gaia2,1.0832,0.0552,gaia2,8.411,0.209,8.36,0.03,,,,,,,,,,,7.781,0.026,7.559,0.038,7.419,0.026,AAA-111-111-000-0-0,7.382,0.035,7.321,0.019,7.08,0.017,6.778,0.096,8.22134,0.002513,8.147,0.017,rered,gaia2,8950.0,156.0,,,,,8.763,,,,,,GIANT,,,901.916,46.09,0.0789,0.02,0,,,0,,0.0243,0.0156,panstarrs,,,,,,,,,,,43.782,48.398,bj2018,,,dered,8.29451,0.007574,8.10359,0.009231,1,hipvmag,apassdr9,,1.54479800651,1.34136401436,103.72794566621,-1.37579229658,0.05070832439,0.04851146614,0,0,575713161
0.036781,J065537.52-080600.0,103.9063455,-8.100025,124106762,103.90633965993,-8.10001657637,103.906,-8.1,90.0,0,,410-021517,06553751-0806000,0,J065537.52-080600.0,3051069179958852992,0,0,STAR,tmgaia2,tmgaia2,-0.777,0.091,0.876,0.082,gaia2,0.3615,0.0538,gaia2,17.317,0.101,16.509,1.133,,,,,,,,,,,13.393,0.021,12.579,0.025,11.863,0.021,AAA-222-111-000-0-0,10.947,0.022,10.486,0.02,8.598,0.025,6.211,0.05,15.771,0.001117,14.925,0.036,rered,gaia2,5363.0,123.0,,,,,3.549,,,,,,GIANT,,,2570.36,382.92,0.5262,0.0561,0,,,0,,0.0555,0.0567,panstarrs,,,,,,,,,,,329.12,436.72,bj2018,,,dered,16.5368,0.00459,14.887,0.002949,1,ucac4,bpbj,,1.42182933482,1.27898744829,103.9063362798,-8.10001280378,0.04169565432,0.04326247535,0,0,575562767
0.187031,J070019.35-220708.5,105.0806486,-22.1190281,80042405,105.08068558805,-22.11906715082,105.081,-22.119,90.0,33721,5975-03461-1,340-020398,07001936-2207086,0,J070019.35-220708.5,2928790052294961152,0,0,STAR,tmgaia2,tmgaia2,-4.023,0.193,5.099,0.25,gaia2,-0.0398,0.1573,gaia2,,,6.53,0.03,,,,,,,,,,,6.884,0.024,6.987,0.063,6.988,0.024,AAA-111-111-000-0-0,6.714,0.072,6.708,0.021,6.341,0.015,5.973,0.047,6.50474,0.000474,6.736,0.009,rered,gaia2,,,,,,,,,,,,,,,,5233.27,2231.35,0.1023,0.0072,0,,,0,,0.0066,0.0077,panstarrs,,,,,,,,,,,1732.07,2730.64,bj2018,,,,6.42113,0.001463,6.68504,0.002127,1,hipvmag,,,3.04854027258,3.86989067189,105.08066689279,-22.11904519551,0.08903586956,0.12504189499,0,0,578547411
0.069496,J070132.37-132625.3,105.3848794,-13.4403682,147708177,105.38488131536,-13.44038741426,105.385,-13.44,90.0,0,5393-00718-1,383-023106,07013237-1326253,0,J070132.37-132625.3,2948727668434458240,5456293,0,STAR,tmgaia2,tmgaia2,-1.216,0.076,-0.695,0.085,gaia2,0.5854,0.0542,gaia2,9.351,0.043,9.292,0.004,,,,,,,,,,,8.837,0.034,8.806,0.053,8.733,0.021,AAA-112-111-000-0-0,8.656,0.023,8.673,0.019,8.493,0.026,6.824,0.072,9.19802,0.002743,9.119,0.01,rered,gaia2,10866.0,289.0,,,,,10.001,,,,,,GIANT,,,1640.01,152.825,0.2465,0.009,0,,,0,,0.0071,0.0109,panstarrs,,,,,,,,,,,138.99,166.66,bj2018,,,dered,9.28967,0.007545,9.04601,0.009126,1,tycho2v3,tycho2b3,,1.18850106381,1.32618729516,105.3848759314,-13.44039040516,0.03831041896,0.05091161819,0,0,578755382
0.045403,J070213.46-491128.4,105.5561144,-49.1912447,238126439,105.55613041598,-49.19125173564,105.556,-49.191,90.0,0,,,07021347-4911285,0,J070213.46-491128.4,5508341672187105280,0,0,STAR,tmgaia2,tmgaia2,,,,,,,,,18.036,0.148,18.502,0.048,,,,,,,,,,,16.379,0.101,15.318,0.093,14.309,0.065,AAA-222-111-000-0-0,12.84,0.023,11.846,0.021,9.183,0.027,6.619,0.063,18.238,0.003899,17.641,0.009,gbprp,,,,,,,,,,,,,,,,,,,,,0,,,0,,,,,,,,,,,,,,,,,,,,,18.3617,0.025777,17.189,0.013373,0,gaia2,bpbj,,0.14304678111,0.15702496142,105.55613041598,-49.19125173564,0.14304678111,0.15702496142,1,0,579977145
0.021583,J070418.57-065641.8,106.0774028,-6.9449471,125687523,106.0774052942,-6.94494163989,106.077,-6.945,90.0,0,,416-025400,07041857-0656417,0,J070418.57-065641.8,3052580733568435456,3317509,0,STAR,tmgaia2,tmgaia2,-1.098,0.044,0.615,0.045,gaia2,0.4284,0.0277,gaia2,14.793,0.196,14.43,0.08,,,,,,,,,,,13.235,0.022,12.687,0.027,12.084,0.023,AAA-222-111-000-0-0,11.134,0.024,10.326,0.02,7.227,0.018,5.586,0.034,14.2352,0.002178,13.999,0.027,rered,gaia2,8258.0,136.0,4.2314,,,,1.808,,2.03,,0.3437,,DWARF,13.68976,,2188.17,135.84,0.2297,0.0332,0,,,0,,0.0286,0.0378,panstarrs,,,,,,,,,,,127.62,144.06,bj2018,,,dered,14.401,0.008782,13.9111,0.0063,1,ucac4,apassdr9,,0.68270386099,0.69013618955,106.07740053133,-6.94493899376,0.0192847445,0.02110038775,1,0,580963271
0.042271,J070518.97+061219.4,106.3290636,6.2054149,262032775,106.3290705109,6.20542442222,106.329,6.205,90.0,0,,482-031200,07051897+0612195,0,J070518.97+061219.4,3152916838954800512,39060246,0,STAR,tmgaia2,tmgaia2,-3.818,0.064,-7.614,0.055,gaia2,0.961,0.0374,gaia2,13.71,0.96,12.969,0.092,,,,,,,,,,,12.007,0.021,11.756,0.023,11.529,0.024,AAA-222-111-000-0-0,10.755,0.023,9.973,0.02,7.193,0.015,5.667,0.039,12.8313,0.000464,12.493,0.007,rered,gaia2,6630.0,126.0,4.0176,0.0951,,,1.913,0.109,1.39,0.236,0.1985,0.0515,DWARF,6.37165,0.58583,1011.38,38.572,0.059,0.0055,424,0.3339,,0,1.4e-05,0.0039,0.0071,panstarrs,0.191,0.282,0.127,0.091,0.0374,0.0656,0.0797,0.1105,0.6792,0.49247,37.124,40.02,bj2018,116.5,135.6,dered,13.0798,0.001689,12.4358,0.000925,1,ucac4,apassdr9,,1.00085281482,0.84557527907,106.32905397574,6.20539163886,0.03403715402,0.03161499357,1,0,120452690
0.059823,J070547.24-122348.7,106.4468589,-12.3968794,148503657,106.44687173002,-12.39689031399,106.447,-12.397,90.0,0,,389-022105,07054725-1223488,0,J070547.24-122348.7,3044960396431590784,5472698,0,STAR,tmgaia2,tmgaia2,-3.925,0.063,1.462,0.07,gaia2,0.8986,0.0366,gaia2,13.375,0.035,13.005,0.069,,,,,,,,,,,11.462,0.026,10.877,0.022,10.242,0.019,AAA-222-111-000-0-0,9.495,0.023,8.925,0.021,6.023,0.015,3.959,0.024,12.7336,0.004229,12.319,0.021,rered,gaia2,6709.0,186.2,3.8084,0.0921,,,2.469,0.137,1.43,0.249,0.095,0.0242,DWARF,11.12512,1.4307,1080.23,43.1,0.1929,0.0266,743,0.3449,,0,1.2e-05,0.0266,0.0266,panstarrs,0.175,0.322,0.194,0.081,0.019,0.0294,0.1143,0.0698,1.62808,1.23333,41.41,44.79,bj2018,214.5,157.9,dered,13.0455,0.014548,12.248,0.009818,1,ucac4,apassdr9,,0.97914640599,1.08656654693,106.44685442539,-12.39688401712,0.02925274364,0.02979909045,1,0,581050383
2.48786,J070559.97-781020.9,106.4999101,-78.1724793,278054944,106.50064365699,-78.17315381876,106.501,-78.173,90.0,0,,,07060009-7810230,0,J070559.97-781020.9,5211561459256742656,0,0,STAR,tmgaia2,tmgaia2,-3.203,0.165,9.677,0.18,gaia2,0.1541,0.0966,gaia2,18.406,0.133,18.242,0.049,,,,,,,,,,,15.754,0.073,15.225,0.122,14.927,0.132,ABB-222-111-000-0-0,14.083,0.025,13.286,0.026,10.167,0.04,7.298,0.077,17.7934,0.00191,17.003,0.006,rered,gaia2,4845.0,135.0,,,,,1.787,,,,,,GIANT,,,3434.44,890.455,0.2891,0.0,0,,,0,,0.0,0.0,schlegel,,,,,,,,,,,729.45,1051.46,bj2018,,,dered,18.4848,0.02448,16.9263,0.014564,1,gaia2,bpbj,,3.29807913969,2.7875362361,106.50057637926,-78.17311215395,0.08192308341,0.09571439804,0,0,582410289
0.028558,J070720.68-093459.6,106.8361963,-9.5832253,177410029,106.83619651888,-9.58321737022,106.836,-9.583,90.0,34355,5385-00099-1,403-022835,07072068-0934594,0,J070720.68-093459.6,3049687781034121472,3335428,0,STAR,tmgaia2,tmgaia2,-1.382,0.082,-0.017,0.079,gaia2,0.7709,0.0533,gaia2,8.66,0.0,8.33,0.03,,,,,,,,,,,7.994,0.019,8.036,0.051,7.981,0.023,AAA-111-111-000-0-0,7.81,0.024,7.806,0.02,7.465,0.018,6.914,0.094,8.27377,0.002374,8.202,0.095,rered,gaia2,13599.0,375.0,,,,,,,,,,,,,,1256.08,86.45,0.3285,0.1091,0,,,0,,0.0695,0.1487,panstarrs,,,,,,,,,,,80.64,92.26,bj2018,,,dered,8.38093,0.008419,8.12346,0.006133,1,hipvmag,apassdr9,,1.2760017392,1.2287410377,106.83619048531,-9.58321744439,0.03856885859,0.0448879032,0,0,582366931
0.042744,J070753.94-101634.2,106.974779,-10.2761892,177443916,106.97478064863,-10.27617743791,106.975,-10.276,90.0,0,,399-021044,07075395-1016341,0,J070753.94-101634.2,3046598630098375680,5482115,0,STAR,tmgaia2,tmgaia2,-2.958,0.135,0.889,0.123,gaia2,0.6122,0.0766,gaia2,16.685,0.22,15.453,0.114,,,,,,,,,,,13.019,0.029,12.394,0.028,12.085,0.029,AAA-222-111-000-0-0,11.311,0.023,10.719,0.021,8.543,0.033,7.131,0.089,15.1532,0.007639,14.351,0.021,rered,gaia2,6542.0,176.0,3.7815,,,,2.474,,1.35,,0.0891,,DWARF,10.10235,,1578.27,204.11,0.7413,0.0266,0,,,0,,0.0281,0.025,panstarrs,,,,,,,,,,,178.76,229.46,bj2018,,,dered,15.8533,0.029746,14.2905,0.020991,1,ucac4,apassdr9,,2.1041476907,1.90458991649,106.97476770653,-10.27617360832,0.06370462242,0.06731411427,1,0,582377223
1.195642,J070753.94-101634.2,106.974779,-10.2761892,751935025,106.97509184793,-10.27631388553,106.975,-10.276,90.0,0,,,,0,,3046598634393274880,0,0,STAR,gaia2,gaia2,-3.139,0.741,2.685,0.684,gaia2,1.3299,0.4322,gaia2,,,,,,,,,,,,,,,,,,,,,,,,,,,,,,18.5012,0.005627,18.071,0.6,goffs,gaia2,,,,,,,,,,,,,,,,878.546,801.155,0.1201,0.3299,0,,,0,,0.0204,0.6393,panstarrs,,,,,,,,,,,335.546,1266.76,bj2018,,,,,0.0,,0.0,0,,,,11.53451586146,10.60393145626,106.97507811241,-10.27630232495,0.25693565201,0.3940857899,0,0,582771776
0.187446,J071357.20+021834.6,108.4883347,2.3096254,284035979,108.48829598621,2.30959054618,108.488,2.31,90.0,0,,462-030294,07135718+0218346,0,J071357.20+021834.6,3115031653991733504,0,0,STAR,tmgaia2,tmgaia2,-0.572,0.075,-0.206,0.061,gaia2,0.1856,0.0536,gaia2,14.469,0.072,15.091,0.114,,,,,,,,,,,13.221,0.039,12.464,0.041,11.826,0.03,AAA-222-221-cc0-0-0,10.847,0.023,10.234,0.019,7.992,0.021,6.268,0.063,15.1604,0.006058,14.494,0.012,rered,gaia2,4806.0,135.0,,,,,5.687,,,,,,GIANT,,,4097.44,855.045,0.0875,0.0137,0,,,0,,0.0148,0.0126,panstarrs,,,,,,,,,,,708.72,1001.37,bj2018,,,dered,15.7158,0.024233,14.4027,0.015311,1,ucac4,bpbj,,1.16069135948,0.94772712378,108.4882935218,2.30958966053,0.04198843098,0.03869500316,0,0,122677009
0.026633,J071515.12+021000.7,108.8130039,2.1668786,284336608,108.81301044545,2.16688205698,108.813,2.167,90.0,0,,461-032030,07151511+0210007,0,J071515.12+021000.7,3114967912380686848,36216005,0,STAR,tmgaia2,tmgaia2,0.077,0.139,-0.559,0.119,gaia2,0.1885,0.0775,gaia2,15.202,0.054,13.564,0.092,,,,,,,,,,,8.663,0.026,7.711,0.047,7.413,0.018,AAA-111-111-000-0-0,7.143,0.039,7.125,0.02,6.757,0.016,6.337,0.054,11.7497,0.008948,10.537,0.011,rered,gaia2,3263.0,126.0,,,,,,,,,,,,,,3755.36,989.645,0.0482,0.0079,0,,,0,,0.0049,0.0109,panstarrs,,,,,,,,,,,791.96,1187.33,bj2018,,,dered,13.4712,0.046873,10.5211,0.023052,1,ucac4,apassdr9,,2.1552599108,1.84901384163,108.81301077932,2.16687964901,0.07226376489,0.06651707338,0,0,123164537
0.061213,J071848.88-271140.0,109.7036916,-27.194455,106413799,109.70370170229,-27.19446943554,109.704,-27.194,90.0,0,,315-021881,07184889-2711401,0,J071848.88-271140.0,5615989628689465088,0,0,STAR,tmgaia2,tmgaia2,-2.826,0.041,1.657,0.044,gaia2,0.7436,0.026,gaia2,17.019,0.046,15.478,0.229,,,,,,,,,,,13.085,0.029,12.364,0.027,11.89,0.026,AAA-222-111-000-0-0,11.223,0.022,10.779,0.021,8.623,0.026,6.591,0.073,15.0876,0.008286,14.369,0.012,rered,gaia2,4628.0,146.0,,,,,2.106,,,,,,GIANT,,,1296.16,44.14,0.1042,0.0118,0,,,0,,0.0122,0.0114,panstarrs,,,,,,,,,,,42.67,45.61,bj2018,,,dered,15.768,0.036477,14.3371,0.030031,1,ucac4,bpbj,,0.65369929926,0.68622884533,109.70368802269,-27.19446229947,0.01726913873,0.02159575041,0,0,590076772
2.233726,J071848.88-271140.0,109.7036916,-27.194455,780667192,109.70438108702,-27.19454930303,109.704,-27.195,90.0,0,,,,0,,5615989632980702848,0,0,STAR,gaia2,gaia2,-3.862,1.171,7.106,1.241,gaia2,1.5213,0.6646,gaia2,,,20.411,0.132,,,,,,,,,,,,,,,,,,,,,,,,,,19.9762,0.00735,19.228,0.086,gbprp,gaia2,,,,,,,,,,,,,,,,1182.66,1182.66,0.0987,0.0627,0,,,0,,0.0584,0.0671,panstarrs,,,,,,,,,,,636.772,3720.81,bj2018,,,,19.4295,0.228785,17.8974,0.01291,0,gaia2,,,18.68730838218,19.24196747109,109.70436239406,-27.19451870672,0.4743622072,0.61646280532,1,0,591151082
0.079738,J071951.40-240400.6,109.9641813,-24.0668557,106588577,109.96419263191,-24.06687528409,109.964,-24.067,90.0,0,6537-01197-1,330-025566,07195140-2404007,0,J071951.40-240400.6,5617719263555651968,10542692,0,STAR,tmgaia2,tmgaia2,-2.822,0.066,2.742,0.089,gaia2,0.7108,0.0516,gaia2,8.623,0.025,8.752,0.003,,,,,,,,,,,9.026,0.018,9.114,0.024,9.156,0.023,AAA-122-111-000-0-0,9.145,0.023,9.19,0.021,8.969,0.039,6.744,0.076,8.7333,0.000648,9.019,0.022,rered,gaia2,,,,,,,,,,,,,,,,1359.89,98.28,0.4662,0.0208,0,,,0,,0.0211,0.0204,panstarrs,,,,,,,,,,,91.34,105.22,bj2018,,,,8.67595,0.001982,8.85833,0.002211,1,tycho2v3,tycho2b3,,1.04342027972,1.38080695599,109.96417932264,-24.06686347657,0.02817747409,0.04480927765,0,0,590098617
0.060196,J071958.97-180155.0,109.9957229,-18.031945,5134856,109.99572077137,-18.03196159828,109.996,-18.032,90.0,0,,360-027445,07195897-1801550,0,J071958.97-180155.0,2931523369480955904,7926272,0,STAR,tmgaia2,tmgaia2,-1.309,0.066,2.351,0.063,gaia2,0.2635,0.0411,gaia2,16.512,0.074,16.063,0.32,,,,,,,,,,,14.32,0.036,13.71,0.035,13.133,0.027,AAA-222-111-000-0-0,12.368,0.024,11.895,0.023,7.916,0.021,5.052,0.033,15.7317,0.000853,15.324,0.197,rered,gaia2,8176.0,124.0,4.1628,,,,1.942,,2.0,,0.2733,,DWARF,15.17649,,3388.69,494.235,0.4755,0.2515,0,,,0,,0.1635,0.3395,panstarrs,,,,,,,,,,,427.02,561.45,bj2018,,,dered,16.0525,0.003216,15.2249,0.002242,1,ucac4,apassdr9,,1.02871010557,0.97008626699,109.9957148451,-18.03195147536,0.03228608112,0.03349179433,1,0,589940748
0.204223,J072114.64-463619.9,110.3110189,-46.6055407,59855698,110.31104539661,-46.60548697139,110.311,-46.606,90.0,0,8120-00802-1,217-012801,07211464-4636197,0,J072114.64-463619.9,5510387828968085120,22397576,0,STAR,tmgaia2,tmgaia2,-5.956,0.048,-15.349,0.046,gaia2,3.3476,0.0237,gaia2,10.937,0.084,10.348,0.006,,,,,,,,,,,9.284,0.022,9.022,0.022,8.942,0.019,AAA-222-111-000-0-0,8.952,0.023,8.986,0.02,8.662,0.022,6.92,0.074,10.2515,0.0068,9.862,0.009,rered,gaia2,6318.0,170.3,3.9118,0.0972,,,2.041,0.117,1.24,0.184,0.1459,0.0384,DWARF,5.97964,0.27105,296.178,2.0935,0.0649,0.0103,284,0.0456,,0,0.001317,0.0112,0.0093,schlegel,0.155,0.213,0.101,0.132,0.0415,0.0353,0.1156,0.0789,0.25169,0.2904,2.079,2.108,bj2018,200.4,140.1,dered,10.5514,0.020274,9.80954,0.021734,1,tycho2v3,tycho2b3,,0.81781051184,0.71135831626,110.31100806986,-46.60555305952,0.02056733691,0.02211574103,1,0,591363016
0.065341,J072224.82-243058.7,110.603431,-24.5163108,106995575,110.60344941607,-24.5163177772,110.603,-24.516,90.0,0,,328-026295,07222482-2430586,0,J072224.82-243058.7,5616893564685632768,10553283,0,STAR,tmgaia2,tmgaia2,-2.246,0.037,2.698,0.046,gaia2,0.7026,0.0281,gaia2,13.142,0.17,13.033,0.069,,,,,,,,,,,11.77,0.021,11.14,0.026,10.368,0.023,AAA-222-111-000-0-0,9.331,0.022,8.886,0.02,6.941,0.016,3.733,0.019,12.7345,0.006823,12.544,0.021,rered,gaia2,7952.0,230.5,4.0947,0.09,,,2.052,0.112,1.91,0.311,0.221,0.0554,DWARF,15.1721,1.80524,1369.25,53.085,0.1061,0.0234,770,0.2812,,0,1.6e-05,0.0196,0.0273,panstarrs,0.251,0.371,0.068,0.155,0.0472,0.0635,0.097,0.0829,1.14634,2.46413,51.07,55.1,bj2018,93.0,368.0,dered,12.8488,0.021293,12.4605,0.013292,1,ucac4,apassdr9,,0.58239205837,0.71005693111,110.60343878893,-24.51630615874,0.01632915222,0.02323112044,1,0,592843496
0.060781,J072301.97-444015.7,110.7582391,-44.6710502,59973444,110.7582537982,-44.67106345892,110.758,-44.671,90.0,0,,227-013873,07230198-4440158,0,J072301.97-444015.7,5511490501691609216,19993676,0,STAR,tmgaia2,tmgaia2,-2.752,0.03,5.59,0.029,gaia2,0.3531,0.0165,gaia2,13.885,0.05,14.284,0.183,,,,,,,,,,,12.746,0.023,12.102,0.022,11.409,0.019,AAA-222-111-000-0-0,10.869,0.023,10.343,0.02,7.296,0.017,5.299,0.031,13.6536,0.001328,13.488,0.006,rered,gaia2,8237.0,125.0,3.9596,,,,2.465,,2.02,,0.1348,,DWARF,25.20848,,2612.63,113.565,0.1191,0.0002,0,,,0,,0.0002,0.0002,schlegel,,,,,,,,,,,108.74,118.39,bj2018,,,dered,13.7683,0.003916,13.4192,0.003566,1,ucac4,apassdr9,,0.50327924206,0.45290078161,110.75823713551,-44.6710393888,0.01456042784,0.01589700189,1,0,592831055
0.05133,J072358.68+055252.8,110.9945354,5.88134,318128572,110.99453577214,5.88135425352,110.995,5.881,90.0,0,,480-035796,07235869+0552530,0,J072358.68+055252.8,3140132576740887168,39089178,0,STAR,tmgaia2,tmgaia2,-2.88,0.145,-4.13,0.118,gaia2,0.2878,0.0845,gaia2,14.716,0.304,12.751,0.046,,,,,,,,,,,7.85,0.029,6.894,0.036,6.57,0.021,AAA-111-111-000-0-0,6.412,0.076,6.357,0.023,5.717,0.014,4.883,0.033,11.0382,0.006806,9.776,0.009,rered,gaia2,3136.0,124.0,,,,,,,,,,,,,,2837.63,665.855,0.0357,0.004,0,,,0,,0.0055,0.0025,panstarrs,,,,,,,,,,,538.33,793.38,bj2018,,,dered,12.9363,0.037325,9.76079,0.019902,1,ucac4,apassdr9,,2.24902182911,1.82639381525,110.9945233044,5.88133647261,0.07707373806,0.06806689918,0,0,125011450
2.322263,J072358.68+055252.8,110.9945354,5.88134,759871294,110.99441271822,5.88197342447,110.994,5.882,90.0,0,,,,0,,3140132576736350976,0,0,STAR,gaia2,gaia2,,,,,,,,,,,,,,,,,,,,,,,,,,,,,,,,,,,,,,17.4476,0.012405,17.018,0.6,goffs,,,,,,,,,,,,,,,,,,,,,0,,,0,,,,,,,,,,,,,,,,,,,,,,0.0,,0.0,0,,,,1.76461728397,1.41702569819,110.99441271822,5.88197342447,1.76461728397,1.41702569819,0,0,125195791
0.072912,J072724.21-244603.9,111.8509092,-24.7677525,108055720,111.85091374382,-24.76777232877,111.851,-24.768,90.0,0,,,07272422-2446040,0,J072724.21-244603.9,5616722560568034560,0,0,STAR,tmgaia2,tmgaia2,-2.28,0.142,1.933,0.153,gaia2,0.6585,0.1052,gaia2,20.137,0.164,18.701,0.051,,,,,,,,,,,14.428,0.036,13.561,0.029,13.06,0.029,AAA-222-111-000-0-0,12.733,0.023,11.847,0.023,8.087,0.02,5.622,0.035,17.5371,0.002138,16.302,0.157,rered,gaia2,4002.0,123.0,,,,,2.301,,,,,,GIANT,,,1495.02,264.385,0.605,0.3253,0,,,0,,0.4758,0.1748,panstarrs,,,,,,,,,,,219.94,308.83,bj2018,,,dered,18.8994,0.023389,16.3468,0.006333,1,gaia2,bpbj,,2.26016390882,2.37956615507,111.85090293153,-24.76776400661,0.05882311725,0.07256371839,0,0,595848616
0.067647,J073110.50-201457.6,112.7937901,-20.2493569,456710832,112.79377378857,-20.24936780456,112.794,-20.249,90.0,0,5987-01881-1,349-031410,07311050-2014576,0,J073110.50-201457.6,5620392210680839808,10589487,0,STAR,tmgaia2,tmgaia2,-1.363,0.045,1.675,0.053,gaia2,0.2002,0.0407,gaia2,11.934,0.282,11.887,0.027,,,,,,,,,,,11.086,0.023,10.956,0.022,10.653,0.021,AAA-222-111-000-0-0,11.048,0.023,10.799,0.02,9.46,0.037,7.085,0.088,11.8089,0.001435,11.606,0.096,rered,gaia2,9346.0,137.0,,,,,9.932,,,,,,GIANT,,,4190.76,735.25,0.3164,0.1171,0,,,0,,0.0625,0.1717,panstarrs,,,,,,,,,,,620.19,850.31,bj2018,,,dered,11.9623,0.003636,11.5055,0.005522,1,tycho2v3,tycho2b3,,0.70697894681,0.8277618224,112.79376753346,-20.24936059426,0.02190670408,0.02805816543,0,0,599019188
0.036192,J073130.12-365327.0,112.8755032,-36.8908348,173756330,112.87551300504,-36.89084109087,112.875,-36.891,90.0,0,7117-00767-1,266-017959,07313011-3653268,0,J073130.12-365327.0,5586397308316921984,17799458,0,STAR,tmgaia2,tmgaia2,-4.871,0.053,4.121,0.063,gaia2,4.8222,0.0346,gaia2,9.113,0.031,8.943,0.003,,,,,,,,,,,8.63,0.027,8.637,0.065,8.569,0.023,AAA-112-111-000-0-0,8.532,0.023,8.567,0.02,8.389,0.023,7.199,0.106,8.92338,0.000325,8.824,0.006,rered,gaia2,8650.0,160.5,4.4083,0.075,,,1.521,0.045,2.16,0.332,0.6139,0.1147,DWARF,11.66805,0.6918,206.153,1.4805,0.0798,0.0102,616,0.0228,,0,0.000288,0.0121,0.0084,schlegel,0.266,0.398,0.041,0.048,0.1219,0.1075,0.0899,0.06,0.80887,0.57474,1.47,1.491,bj2018,166.0,155.0,dered,9.02057,0.001312,8.78937,0.002502,1,tycho2v3,tycho2b3,,0.87065514121,0.98165634429,112.87548678099,-36.89082334699,0.02486125988,0.03465070129,1,0,598898047
0.085087,J073153.48-143308.7,112.9728367,-14.5524386,55873490,112.97286111878,-14.55243862035,112.973,-14.552,90.0,0,5408-00278-1,378-034527,07315349-1433087,0,J073153.48-143308.7,3030158702183550592,5602210,0,STAR,tmgaia2,tmgaia2,-4.1,2.0,2.6,2.0,tycho2,,,,11.676,0.122,10.702,0.01,,,,,,,,,,,8.354,0.032,8.072,0.044,7.716,0.023,AAA-111-111-000-0-0,7.559,0.031,7.42,0.019,7.165,0.017,6.607,0.088,10.3896,0.00842,9.678,0.01,gbprp,,,,,,,,,,,,,,DWARF,,,39.8536,,,,0,,,0,,,,,,,,,,,,,,,,,,,,,11.0513,0.024112,9.61059,0.026091,0,tycho2v3,tycho2b3,,31.25456609273,31.00304563185,112.9728428809,-14.5524274259,0.4200060931,0.43455546347,0,0,598653395
0.078271,J073157.06-223444.5,112.9877715,-22.5790506,456746777,112.98779434185,-22.57905588066,112.988,-22.579,90.0,0,,338-029401,07315707-2234445,0,J073157.06-223444.5,5618714841276809856,10592935,0,STAR,tmgaia2,tmgaia2,-5.862,0.073,4.089,0.101,gaia2,-0.0139,0.0578,gaia2,14.119,0.143,15.519,0.217,,,,,,,,,,,11.286,0.028,10.223,0.024,9.358,0.025,AAA-222-111-000-0-0,7.838,0.026,7.256,0.02,5.326,0.015,3.516,0.02,13.3812,0.013065,12.724,0.082,rered,gaia2,10990.0,1778.0,,,,,21.837,,,,,,GIANT,,,8259.74,2358.92,1.1265,0.0951,0,,,0,,0.1055,0.0847,schlegel,,,,,,,,,,,1953.28,2764.56,bj2018,,,dered,13.9681,0.079822,12.577,0.01467,1,ucac4,apassdr9,,1.15024039597,1.56492123163,112.98776700725,-22.5790382765,0.03533572955,0.04601744681,0,0,599033219
0.027087,J073208.30-154429.7,113.0346155,-15.7415915,56027879,113.03460782285,-15.74159008146,113.035,-15.742,90.0,0,,372-031334,07320830-1544296,0,J073208.30-154429.7,3028329767670301568,7980250,0,STAR,tmgaia2,tmgaia2,-1.162,0.073,1.383,0.059,gaia2,0.218,0.0588,gaia2,15.919,0.046,15.298,0.069,,,,,,,,,,,13.357,0.039,12.752,0.045,11.832,0.029,AAA-222-111-000-0-0,9.623,0.022,8.204,0.019,5.307,0.013,3.855,0.022,15.4062,0.002114,14.782,0.062,rered,gaia2,6626.0,167.0,3.4392,,,,3.723,,1.39,,0.0269,,DWARF,24.07559,,3742.02,827.45,0.4918,0.0874,0,,,0,,0.0569,0.1178,panstarrs,,,,,,,,,,,673.76,981.14,bj2018,,,dered,15.853,0.027341,14.6408,0.01688,1,ucac4,apassdr9,,1.14954405323,0.91608415526,113.03460262368,-15.74158412653,0.03411667289,0.03407641977,1,0,600065758
1.773881,J073208.30-154429.7,113.0346155,-15.7415915,748819261,113.03496713726,-15.74123338068,113.035,-15.741,90.0,0,,,,0,,3028329767670301440,0,0,STAR,gaia2,gaia2,-1.829,0.2,1.729,0.188,gaia2,0.2539,0.14,gaia2,,,,,,,,,,,,,,,,,,,,,,,,,,,,,,17.1403,0.001927,16.71,0.6,goffs,gaia2,,,,,,,,,,,,,,,,3000.89,1158.02,0.4269,0.1643,0,,,0,,0.1775,0.1511,panstarrs,,,,,,,,,,,848.85,1467.19,bj2018,,,,,0.0,,0.0,0,,,,3.12681852932,2.91418713195,113.03495895578,-15.7412259378,0.0942961947,0.09266448573,0,0,600570785
0.101752,J073625.23-615225.8,114.1051578,-61.8738556,349907707,114.10521731509,-61.87385217682,114.105,-61.874,90.0,37012,8910-00108-1,141-010807,07362523-6152258,0,J073625.23-615225.8,5289291395127135360,29932052,0,STAR,tmgaia2,tmgaia2,-6.001,0.202,9.749,0.173,gaia2,1.7727,0.0909,gaia2,8.38,0.0,8.34,0.03,,,,,,,,,,,7.79,0.027,7.672,0.053,7.531,0.018,AAA-111-111-000-0-0,7.444,0.033,7.477,0.02,7.305,0.015,6.984,0.062,8.38213,0.001824,8.291,0.007,rered,gaia2,9071.0,171.0,,,,,5.179,,,,,,GIANT,,,556.842,28.962,0.1177,0.0027,0,,,0,,0.0027,0.0027,schlegel,,,,,,,,,,,27.486,30.438,bj2018,,,dered,8.38301,0.008356,8.15582,0.011222,1,hipvmag,apassdr9,,3.64945759662,2.67534021457,114.10516250916,-61.87381020102,0.09498402049,0.08856125464,0,0,603455570
0.151976,J073821.46-221416.4,114.5894267,-22.237896,415089399,114.58946618924,-22.23787487871,114.589,-22.238,90.0,0,5992-03237-1,339-030229,07382147-2214163,0,J073821.46-221416.4,5618972535011404544,10616820,0,STAR,tmgaia2,tmgaia2,-2.371,0.082,1.076,0.099,gaia2,0.5497,0.0639,gaia2,8.881,0.031,8.931,0.003,,,,,,,,,,,8.964,0.023,9.001,0.025,9.009,0.023,AAA-122-111-000-0-0,8.79,0.023,8.752,0.02,8.626,0.024,7.155,0.101,8.89464,0.001092,8.94,0.008,rered,gaia2,10627.0,155.0,,,,,9.715,,,,,,GIANT,,,1741.14,203.14,0.0454,0.0067,0,,,0,,0.0064,0.007,panstarrs,,,,,,,,,,,180.35,225.93,bj2018,,,dered,8.89734,0.003393,8.90519,0.004038,1,tycho2v3,tycho2b3,,1.30060681664,1.53468585432,114.58945516278,-22.23787024645,0.0395300521,0.04871304143,0,0,604926550
0.08325,J073937.23-363011.8,114.9051634,-36.5033033,174666938,114.9051873446,-36.50331611834,114.905,-36.503,90.0,0,7118-02057-1,268-020402,07393724-3630119,0,J073937.23-363011.8,5587216100884856448,17827058,0,STAR,tmgaia2,tmgaia2,-8.431,0.078,4.65,0.115,gaia2,2.539,0.05,gaia2,8.058,0.026,8.131,0.003,,,,,,,,,,,8.226,0.026,8.253,0.047,8.302,0.024,AAA-112-111-000-0-0,8.305,0.023,8.353,0.02,8.33,0.021,6.479,0.051,8.10615,0.002334,8.218,0.007,rered,gaia2,,,,,,,,,,,,,,,,389.662,7.652,0.1421,0.0023,0,,,0,,0.0023,0.0023,schlegel,,,,,,,,,,,7.504,7.8,bj2018,,,,8.08794,0.008385,8.1646,0.01132,1,tycho2v3,tycho2b3,,1.27587714722,1.77778028796,114.90514218487,-36.50329609838,0.03523163153,0.0500719146,0,0,604763320
0.02555,J074141.88-255027.2,115.424505,-25.8409112,126032886,115.42450742835,-25.84091795247,115.424,-25.841,90.0,0,,321-030581,07414188-2550272,0,J074141.88-255027.2,5613973815864971264,13342067,0,STAR,tmgaia2,tmgaia2,-2.195,0.053,3.084,0.052,gaia2,0.3233,0.036,gaia2,16.217,0.113,15.893,0.172,,,,,,,,,,,14.085,0.029,13.277,0.022,12.397,0.026,AAA-222-111-000-0-0,11.482,0.022,10.924,0.021,8.991,0.031,7.013,0.085,15.4962,0.007983,15.132,0.025,rered,gaia2,7081.0,192.0,4.2011,,,,1.646,,1.57,,0.352,,DWARF,6.13733,,2840.54,302.175,0.1971,0.0308,0,,,0,,0.0322,0.0294,panstarrs,,,,,,,,,,,271.33,333.02,bj2018,,,dered,15.7726,0.030698,15.0673,0.021423,1,ucac4,bpbj,,0.84681777795,0.80909166423,115.42449692977,-25.840904674,0.02143733599,0.02848599955,1,0,606211735
0.168352,J074233.18-330405.7,115.6382517,-33.0682649,149139640,115.63830543302,-33.06827752027,115.638,-33.068,90.0,0,,,07423318-3304058,0,J074233.18-330405.7,5594949722077327744,0,0,STAR,tmgaia2,tmgaia2,-2.21,0.215,3.606,0.225,gaia2,-0.0136,0.1356,gaia2,19.738,0.114,18.802,0.05,,,,,,,,,,,15.679,0.061,14.856,0.051,14.059,0.055,AAA-222-111-000-0-0,13.057,0.023,12.606,0.023,10.089,0.05,7.176,0.081,18.1446,0.003614,17.174,0.027,rered,gaia2,6794.0,161.0,3.5854,,,,3.225,,1.46,,0.0435,,DWARF,19.96386,,5941.0,2588.78,1.0544,0.0367,0,,,0,,0.0559,0.0175,schlegel,,,,,,,,,,,1991.31,3186.25,bj2018,,,dered,19.0997,0.025438,17.1966,0.012628,1,gaia2,bpbj,,3.47361988426,3.49187245767,115.63829407871,-33.0682619959,0.10044303966,0.10964829224,1,0,607901550
0.092594,J074450.39-221808.1,116.2099635,-22.3022719,140610280,116.20998990303,-22.30227995124,116.21,-22.302,90.0,0,,,07445040-2218082,0,J074450.39-221808.1,5711987340376628096,0,0,STAR,tmgaia2,tmgaia2,-2.019,0.093,2.49,0.099,gaia2,0.1489,0.0642,gaia2,17.816,0.118,17.048,0.064,,,,,,,,,,,15.106,0.044,14.263,0.029,13.642,0.047,AAA-222-111-000-0-0,12.889,0.024,12.428,0.024,10.151,0.057,7.084,0.091,16.8098,0.01606,16.234,0.052,rered,gaia2,6087.0,375.0,3.7978,,,,2.231,,1.14,,0.1026,,DWARF,6.1588,,4614.32,1241.14,0.2934,0.0735,0,,,0,,0.0717,0.0753,panstarrs,,,,,,,,,,,988.65,1493.63,bj2018,,,dered,17.3573,0.083253,16.2475,0.066545,1,gaia2,bpbj,,1.47772679222,1.53955323112,116.20998050716,-22.30226922856,0.04416645739,0.04690816822,1,0,609291726
0.047729,J074550.39-341948.4,116.4599807,-34.3301374,149683329,116.45999670786,-34.33013841447,116.46,-34.33,90.0,37876,7114-00644-1,279-023617,07455041-3419483,0,J074550.39-341948.4,5588584477463342592,15509585,0,STAR,tmgaia2,tmgaia2,-2.184,0.043,3.035,0.045,gaia2,0.183,0.0279,gaia2,11.322,0.014,10.49,0.03,,,,,,,,,,,8.452,0.018,8.11,0.061,7.545,0.027,AAA-111-111-000-0-0,7.199,0.036,6.921,0.02,6.261,0.016,5.48,0.036,10.1413,0.00062,9.546,0.02,rered,gaia2,14194.0,152.0,,,,,,,,,,,,,,4658.66,632.31,1.1377,0.0213,0,,,0,,0.0231,0.0195,schlegel,,,,,,,,,,,552.06,712.56,bj2018,,,dered,10.7299,0.001764,9.42904,0.001671,1,hipvmag,apassdr9,,0.69382612272,0.69133435199,116.45998532251,-34.33012534608,0.01954055542,0.0238799608,0,0,609414577
0.097202,J074831.09-162029.9,117.1295421,-16.3416407,346797519,117.12956790839,-16.34165145586,117.13,-16.342,90.0,0,5981-01440-1,369-037022,07483110-1620300,0,J074831.09-162029.9,5718917459085374464,0,0,STAR,tmgaia2,tmgaia2,-8.866,0.045,2.26,0.042,gaia2,0.9418,0.0353,gaia2,9.979,0.042,9.669,0.003,,,,,,,,,,,8.278,0.023,7.824,0.033,7.665,0.023,AAA-111-111-000-0-0,7.387,0.035,7.317,0.02,7.019,0.016,6.743,0.082,9.41222,0.0012,9.026,0.007,rered,gaia2,6228.0,124.0,,,,,10.424,,,,,,GIANT,,,1031.31,37.8375,0.0385,0.0055,0,,,0,,0.0069,0.0042,panstarrs,,,,,,,,,,,36.475,39.2,bj2018,,,dered,9.70608,0.003316,8.97218,0.004628,1,tycho2v3,tycho2b3,,0.70978551743,0.65559716525,117.12952812637,-16.34164172436,0.02158330506,0.02084793841,0,0,612555617
0.029925,J074906.00-310742.6,117.2750331,-31.1285031,150333213,117.2750422753,-31.12850582206,117.275,-31.128,90.0,0,7119-00178-1,295-030802,07490602-3107426,0,J074906.00-310742.6,5595565070634119680,15519267,0,STAR,tmgaia2,tmgaia2,-1.929,0.044,3.262,0.045,gaia2,0.2466,0.0272,gaia2,10.213,0.041,9.436,0.003,,,,,,,,,,,7.508,0.026,7.096,0.036,6.819,0.018,AAA-111-111-000-0-0,6.321,0.093,5.991,0.036,5.486,0.015,4.65,0.028,9.13146,0.011948,8.464,0.028,rered,gaia2,7292.0,244.0,,,,,69.907,,,,,,GIANT,,,3617.81,369.115,0.7015,0.0338,0,,,0,,0.0328,0.0348,schlegel,,,,,,,,,,,333.02,405.21,bj2018,,,dered,9.71484,0.037045,8.40109,0.034695,1,tycho2v3,tycho2b3,,0.70899262332,0.6917903144,117.27503257398,-31.12849177532,0.02027930203,0.02371536368,0,0,612466076
0.0547,J075010.83-283151.6,117.5451657,-28.5310079,127972931,117.54518072001,-28.53101543223,117.545,-28.531,90.0,0,6565-01088-1,308-032858,07501084-2831516,0,J075010.83-283151.6,5600568570087420672,14117048,0,STAR,tmgaia2,tmgaia2,-1.233,0.073,1.716,0.079,gaia2,0.3188,0.0482,gaia2,12.003,0.202,11.62,0.014,,,,,,,,,,,10.133,0.024,9.889,0.024,9.671,0.023,AAA-222-111-000-0-0,9.296,0.023,8.978,0.02,7.985,0.02,7.007,0.086,11.2508,0.00212,10.821,0.018,rered,gaia2,8323.0,130.0,,,,,13.584,,,,,,GIANT,,,2873.77,420.8,0.5346,0.0217,0,,,0,,0.0225,0.0208,panstarrs,,,,,,,,,,,362.9,478.7,bj2018,,,dered,11.6023,0.005597,10.7244,0.005528,1,tycho2v3,tycho2b3,,1.16815765267,1.22641938555,117.54517467686,-28.53100804286,0.0307881739,0.03881193217,0,0,613673752
0.112068,J075310.87-025719.2,118.2953113,-2.9553563,123016984,118.29530028299,-2.9553854208,118.295,-2.955,90.0,0,,436-042467,07531087-0257196,0,J075310.87-025719.2,3080943838593400832,2203215,0,STAR,tmgaia2,tmgaia2,-1.94,0.138,-0.179,0.101,gaia2,0.5966,0.0847,gaia2,13.7,0.072,12.086,0.046,,,,,,,,,,,7.222,0.026,6.276,0.036,5.962,0.026,AAA-111-111-000-0-0,5.952,0.102,5.951,0.04,5.686,0.014,5.35,0.044,10.5179,0.003881,9.257,0.007,rered,gaia2,3140.0,123.0,,,,,,,,,,,,,,1587.24,223.915,0.0364,0.004,0,,,0,,0.0051,0.0029,panstarrs,,,,,,,,,,,194.33,253.5,bj2018,,,dered,12.4149,0.032512,9.24738,0.010141,1,ucac4,apassdr9,,2.13479604946,1.56589051583,118.29529192098,-2.95538618995,0.06805272805,0.04935554575,0,0,615198237
0.166891,J075433.28-345249.7,118.6386885,-34.880489,151230959,118.63865410585,-34.88052578342,118.639,-34.881,90.0,0,,,07543328-3452501,0,J075433.28-345249.7,5593521795767712640,0,0,STAR,tmgaia2,tmgaia2,,,,,,,,,,,20.616,0.09,,,,,,,,,,,16.998,0.163,15.878,0.129,14.797,0.108,CBB-222-111-c00-0-0,13.943,0.032,13.471,0.035,9.766,0.045,6.819,0.074,20.0454,0.007881,19.207,0.031,gbprp,,,,,,,,,,,,,,,,,,,,,0,,,0,,,,,,,,,,,,,,,,,,,,,20.5784,0.118508,18.8119,0.037808,0,gaia2,,,0.31752690199,0.44413674339,118.63865410585,-34.88052578342,0.31752690199,0.44413674339,0,1,617008556
0.219117,J075739.78+773434.9,119.4157574,77.57637,441618236,119.41562292321,77.57642355053,119.416,77.576,90.0,38900,4531-01785-1,838-009941,07573975+7734350,0,J075739.78+773434.9,1138343737065678720,60870103,0,STAR,tmgaia2,tmgaia2,2.292,0.047,-22.401,0.061,gaia2,3.7836,0.0343,gaia2,7.09,0.025,6.897,0.023,,,,,,,,,,,6.292,0.019,6.198,0.017,6.167,0.016,AAA-111-111-000-0-0,6.196,0.092,6.088,0.032,6.092,0.015,5.275,0.027,6.79981,0.001031,6.621,0.008,rered,spect,7042.5,292.3,,,,,6.764,,,,,,GIANT,,,262.32,2.377,0.0215,,0,,,0,,,,panstarrs,,,,,,,,,,,,,bj2018,,,spect,6.95035,0.003796,6.59611,0.003317,1,sirful,tycho2b3,,0.92889310821,0.93970530905,119.41566878976,77.57632710265,0.0230435076,0.03573368852,0,0,130644405
0.186785,J075805.87-531414.5,119.5244936,-53.2373856,269569644,119.52453150379,-53.23743226262,119.524,-53.237,90.0,0,,184-014520,07580588-5314148,0,J075805.87-531414.5,5512695768295536000,26235163,0,STAR,tmgaia2,tmgaia2,-10.552,0.049,17.633,0.043,gaia2,0.8097,0.0216,gaia2,13.251,0.014,11.949,0.034,,,,,,,,,,,9.578,0.027,8.878,0.04,8.733,0.019,AAA-212-111-000-0-0,8.596,0.023,8.684,0.019,8.549,0.021,7.712,0.109,11.5348,0.000295,10.745,0.006,rered,spect,4563.5,65.0,,,-0.55,0.09,12.685,,,,,,GIANT,,,1192.9,30.935,0.2662,,0,,,0,,,,schlegel,,,,,,,,,,,,,bj2018,,,spect,12.2771,0.001242,10.7178,0.00112,1,ucac4,apassdr9,,0.84244766065,0.6688473776,119.52445559728,-53.23735634149,0.0211069407,0.02218497557,0,0,620016313
0.610756,J080006.97-284829.6,120.0290488,-28.8082484,130348983,120.02891827285,-28.80837370581,120.029,-28.808,90.0,0,,,08000695-2848301,0,J080006.97-284829.6,5597766189838132736,0,0,STAR,tmgaia2,tmgaia2,-2.112,0.092,2.813,0.112,gaia2,0.267,0.064,gaia2,15.823,0.099,17.056,0.046,,,,,,,,,,,15.546,0.049,15.074,0.118,14.817,0.136,ABB-222-222-ccc-0-0,13.612,0.028,13.033,0.027,8.974,0.03,6.391,0.058,16.8783,0.0009,16.389,0.04,rered,gaia2,6453.0,127.0,4.3377,,,,1.285,,1.31,,0.6178,,DWARF,2.57856,,3275.71,733.72,0.2471,0.0569,0,,,0,,0.0676,0.0462,panstarrs,,,,,,,,,,,590.69,876.75,bj2018,,,dered,17.2065,0.006132,16.2653,0.007758,1,gaia2,bpbj,,1.47810399676,1.73614930759,120.0289078937,-28.80836159566,0.04037028321,0.05219645963,1,0,621245972
1.221431,J080006.97-284829.6,120.0290488,-28.8082484,825738771,120.02935589797,-28.80845505321,120.029,-28.808,90.0,0,,,,0,,5597766121110116864,0,0,STAR,gaia2,gaia2,-2.168,0.793,4.012,2.276,gaia2,0.373,0.4535,gaia2,,,,,,,,,,,,,,,,,,,,,,,,,,,,,,19.6366,0.005419,19.207,0.6,goffs,gaia2,,,,,,,,,,,,,,,,2448.09,1633.91,0.1492,0.1255,0,,,0,,0.0696,0.1814,panstarrs,,,,,,,,,,,1120.17,2147.65,bj2018,,,,,0.0,,0.0,0,,,,12.70076637647,35.28506374717,120.02934524404,-28.80843777932,0.27925199991,0.66615174043,0,0,622401411
0.168895,J080630.27-440542.1,121.6261301,-44.0950491,80474059,121.626178,-44.095081,121.626,-44.095,90.0,0,,230-022914,08063028-4405422,0,J080630.27-440542.1,0,20119912,0,STAR,2mass,2mass,,,,,,,,,15.407,0.196,14.112,0.114,,,,,,,,,,,11.127,0.029,10.459,0.027,10.108,0.026,AAA-222-111-000-0-0,9.703,0.023,9.474,0.02,7.72,0.018,5.672,0.036,,,12.489,0.06,vjk,,,,,,,,,,,,,,,,,,,,,0,,,0,,,,,,,,,,,,,,,,,,,,,,,,,0,ucac4,apassdr9,,60.0,60.0,121.626178,-44.095081,60.0,60.0,0,0,625890377
1.539086,J080630.27-440542.1,121.6261301,-44.0950491,818972758,121.62569423452,-44.09475791847,121.626,-44.095,90.0,0,,,,0,,5520795977844975360,0,0,STAR,gaia2,gaia2,-6.649,0.175,9.092,0.194,gaia2,2.6295,0.0971,gaia2,,,,,,,,,,,,,,,,,,,,,,,,,,,,,,16.3712,0.002503,15.941,0.6,goffs,gaia2,,,,,,,,,,,,,,,,377.071,13.936,0.0963,0.003,0,,,0,,0.0029,0.0031,schlegel,,,,,,,,,,,13.43,14.442,bj2018,,,,,0.0,,0.0,0,,,,2.92971643302,3.00197414675,121.62565437298,-44.09471877396,0.07671263814,0.08721397771,0,0,626697044
0.20861,J080739.87-532923.9,121.9161497,-53.4899796,238535393,121.91623027235,-53.49001215541,121.916,-53.49,90.0,0,8566-01850-1,183-016069,08073990-5329239,0,J080739.87-532923.9,5320386271155585664,26243616,0,STAR,tmgaia2,tmgaia2,-15.682,0.528,12.661,0.572,tgas,,,,9.21,0.035,8.943,0.003,,,,,,,,,,,8.452,0.029,8.425,0.038,8.339,0.033,AAA-111-111-000-0-0,8.327,0.023,8.352,0.02,8.255,0.019,7.575,0.088,8.90686,0.000727,8.733,0.006,gbprp,splin,9201.0,,,,,,2.318,,,,,,DWARF,,,299.505,,,,446,0.0592,,0,0.002012,,,,,,,,,,,,,,,,,,,dered,9.04506,0.002808,8.70375,0.004618,0,tycho2v3,tycho2b3,,9.17301496723,8.87315183525,121.91611678385,-53.48995764067,0.23887814122,0.23998133791,1,0,626272695
0.092582,J080957.52-490820.1,122.4896966,-49.1389297,238616135,122.48972146018,-49.1389496211,122.49,-49.139,90.0,0,8144-01293-1,205-019222,08095753-4908202,0,J080957.52-490820.1,5514373043228302080,22522172,0,STAR,tmgaia2,tmgaia2,-8.989,0.089,3.842,0.098,gaia2,2.5265,0.0463,gaia2,8.84,0.032,8.912,0.003,,,,,,,,,,,8.941,0.032,8.968,0.073,8.95,0.021,AAA-112-111-000-0-0,8.925,0.022,8.956,0.019,8.595,0.026,6.604,0.056,8.88991,0.000385,8.959,0.006,rered,gaia2,13589.0,149.0,,,,,,,,,,,,,,391.546,7.159,0.1148,0.0016,0,,,0,,0.0016,0.0017,schlegel,,,,,,,,,,,7.03,7.288,bj2018,,,dered,8.88974,0.001475,8.91196,0.002039,1,tycho2v3,tycho2b3,,1.51445268908,1.52005612477,122.48966229932,-49.13893307968,0.04009504179,0.04165934908,0,0,627778076
0.138043,J081016.54+464520.4,122.5689409,46.7556761,407586495,122.568910466,46.7556439192,122.569,46.756,90.0,0,3408-01399-1,684-048181,08101655+4645204,1237651271884144764,J081016.54+464520.4,929856163272739840,53581779,0,STAR,tmgaia2,tmgaia2,-0.938,0.066,-2.136,0.053,gaia2,0.1888,0.0442,gaia2,13.3,0.504,11.4,0.138,16.324,0.008,12.957,0.001,13.893,0.008,13.399,0.01,9.856,0.001,8.041,0.019,7.124,0.033,6.892,0.018,AAA-111-111-000-0-0,6.779,0.061,6.84,0.02,6.456,0.016,6.149,0.05,10.9232,0.007015,9.815,0.009,rered,spect,3645.4,38.0,,,-0.669,0.0125,80.663,,,,,,GIANT,,,3704.98,529.73,0.0422,,0,,,0,,,,schlegel,,,,,,,,,,,,,bj2018,,,spect,12.3658,0.033697,9.79871,0.015399,1,tycho2v,tycho2b,,1.11698615136,0.82956289324,122.56890456911,46.75563472137,0.03295590205,0.0296458893,0,0,132265072
0.040952,J081024.33-104650.3,122.6013932,-10.7806525,170520781,122.60140446702,-10.78064987362,122.601,-10.781,90.0,0,,397-039011,08102433-1046503,0,J081024.33-104650.3,5728389163339526784,5791262,0,STAR,tmgaia2,tmgaia2,-1.874,0.119,0.933,0.104,gaia2,0.1282,0.0807,gaia2,15.908,0.043,14.787,0.114,,,,,,,,,,,8.074,0.018,7.167,0.046,6.776,0.023,AAA-111-111-000-0-0,6.672,0.075,6.688,0.023,5.929,0.014,4.986,0.035,11.9258,0.004856,10.528,0.008,rered,gaia2,,,,,,,,,,,,,,,,3919.73,965.485,0.0381,0.0067,0,,,0,,0.0044,0.009,panstarrs,,,,,,,,,,,798.8,1132.17,bj2018,,,,14.295,0.012894,10.4645,0.010162,1,ucac4,apassdr9,,1.85292137423,1.61540977124,122.60139625134,-10.78064585494,0.05717624673,0.05615338899,0,0,629307526
0.060722,J081222.38-350223.3,123.0932753,-35.0398201,145861901,123.09326161198,-35.03983270561,123.093,-35.04,90.0,0,,,08122238-3502234,0,J081222.38-350223.3,5544774333580648448,0,0,STAR,tmgaia2,tmgaia2,-2.96,0.16,3.168,0.135,gaia2,0.4235,0.0926,gaia2,18.391,0.119,17.875,0.047,,,,,,,,,,,15.244,0.051,14.52,0.043,13.624,0.048,AAA-222-111-000-0-0,12.494,0.024,11.894,0.023,9.121,0.031,7.285,0.098,17.4555,0.001724,16.699,0.022,rered,gaia2,4658.0,127.0,4.0746,,,,1.307,,0.74,,0.3312,,DWARF,0.72482,,2235.8,526.505,0.1731,0.037,0,,,0,,0.0299,0.0441,schlegel,,,,,,,,,,,415.22,637.79,bj2018,,,dered,18.1601,0.016238,16.6565,0.013021,1,gaia2,bpbj,,2.60020393846,2.08994521053,123.09324604541,-35.03981906398,0.07199115307,0.06931336225,1,0,630622268
0.080268,J081322.28-382618.0,123.3428585,-38.4383448,182307712,123.34288627705,-38.4383496756,123.343,-38.438,90.0,40265,7660-03790-1,258-026518,08132229-3826181,0,J081322.28-382618.0,5540761975127277568,17916253,0,STAR,tmgaia2,tmgaia2,-5.561,0.059,4.066,0.065,gaia2,1.5806,0.0333,gaia2,7.616,0.024,7.54,0.03,,,,,,,,,,,7.232,0.024,7.267,0.033,7.241,0.02,AAA-111-111-000-0-0,7.155,0.037,7.286,0.02,7.226,0.018,6.462,0.066,7.4697,0.000439,7.445,0.008,rered,gaia2,,,,,,,,,,,,,,,,621.693,12.9795,0.3327,0.0063,0,,,0,,0.0062,0.0064,schlegel,,,,,,,,,,,12.714,13.245,bj2018,,,,7.54805,0.001508,7.3604,0.002943,1,hipvmag,tycho2b3,,0.97636310766,1.00921692513,123.34285571146,-38.43833216745,0.02540367545,0.03201492276,0,0,630809141
0.107894,J081345.91+381049.7,123.4412957,38.1804891,10021819,123.44130295201,38.18051852344,123.441,38.18,90.0,0,,,08134590+3810496,0,J081345.91+381049.7,908001445525035520,0,0,STAR,tmgaia2,tmgaia2,-8.026,2.256,-10.496,2.256,hsoy,,,,15.357,0.084,19.069,0.05,,,,,,,,,,,15.61,0.076,14.755,0.085,14.392,0.09,AAA-222-111-000-0-0,13.224,0.025,12.809,0.026,9.577,0.043,7.151,0.099,18.7963,0.014613,18.19,0.017,gbprp,,,,,,,,,,,,,,DWARF,,,,,,,0,,,0,,,,,,,,,,,,,,,,,,,,,18.2195,0.02637,17.0258,0.013128,0,gaia2,bpbj,,37.01338728657,34.97385642529,123.44125899177,38.18047333363,0.69808182824,0.51834752469,1,0,132408703
0.580904,J081345.91+381049.7,123.4412957,38.1804891,10000510591,123.441284,38.180328,0.0,0.0,90.0,0,,,08134590+3810491,1237657609108652295,,0,0,0,EXTENDED,,2MASSEXT,,,,,,,,,,,,,17.688,0.022,16.716,0.005,16.073,0.004,15.621,0.004,15.395,0.004,14.66,,13.597,,13.396,,,,,,,,,,,,,16.41,1.0,tor_j,,,,,,,,,,,,,,,,,,,,,0,,,0,,,,,,,,,,,,,,,,,,,,,,,,,0,,,,,,,,,,0,0,1726469630
0.099157,J082053.67-622336.3,125.223665,-62.393431,309551309,125.22369675346,-62.3934542839,125.224,-62.393,90.0,40908,8929-02872-1,139-013612,08205369-6223363,0,J082053.67-622336.3,5277781161945756928,29981546,0,STAR,tmgaia2,tmgaia2,-2.326,0.073,8.948,0.083,gaia2,2.346,0.0371,gaia2,7.819,0.0,7.92,0.03,,,,,,,,,,,7.837,0.019,7.92,0.034,7.883,0.021,AAA-111-111-000-0-0,7.868,0.024,7.914,0.019,7.582,0.015,6.896,0.056,7.88251,0.000847,7.933,0.006,rered,gaia2,13062.0,151.0,,,,,,,,,,,,,,421.203,6.637,0.1264,0.0013,0,,,0,,0.0013,0.0013,schlegel,,,,,,,,,,,6.534,6.74,bj2018,,,dered,7.89566,0.002252,7.88648,0.00181,1,hipvmag,apassdr9,,1.32848301417,1.28505714234,125.22367514445,-62.39341575964,0.03341940144,0.04006901304,0,0,636599391
0.062567,J082106.35-125651.6,125.2764745,-12.9476841,296439655,125.27648693372,-12.94769655882,125.276,-12.948,90.0,0,,386-046695,08210635-1256517,0,J082106.35-125651.6,5726903933585655168,5832342,0,STAR,tmgaia2,tmgaia2,-1.365,0.157,0.25,0.131,gaia2,0.6933,0.1177,gaia2,14.624,0.124,13.086,0.034,,,,,,,,,,,7.286,0.02,6.388,0.034,6.013,0.023,AAA-111-111-000-0-0,5.997,0.105,6.002,0.034,4.977,0.015,4.135,0.026,10.9799,0.007952,9.618,0.01,rered,gaia2,,,,,,,,,,,,,,,,1379.27,243.095,0.0265,0.0041,0,,,0,,0.0052,0.0031,panstarrs,,,,,,,,,,,203.62,282.57,bj2018,,,,13.2956,0.055738,9.63008,0.018394,1,ucac4,apassdr9,,2.44293310842,2.03077066916,125.27648090486,-12.94769548234,0.07884407565,0.07911495599,0,0,636572247
0.0905,J082646.01-384212.4,126.6917263,-38.7034483,184072805,126.69171413667,-38.70347157787,126.692,-38.703,90.0,0,,,08264601-3842124,0,J082646.01-384212.4,5529668894935401472,0,0,STAR,tmgaia2,tmgaia2,-1.964,0.34,3.503,0.354,gaia2,0.2442,0.1941,gaia2,20.306,0.19,19.213,0.052,,,,,,,,,,,15.78,0.064,15.125,0.063,14.641,0.101,AAA-222-111-000-0-0,12.969,0.023,12.365,0.023,9.259,0.033,7.144,0.09,18.5275,0.004866,17.59,0.044,rered,gaia2,4059.0,127.0,,,,,1.689,,,,,,GIANT,,,3037.19,1486.33,0.1941,0.0885,0,,,0,,0.0643,0.1127,schlegel,,,,,,,,,,,1043.6,1929.07,bj2018,,,dered,19.4646,0.031797,17.5203,0.013513,1,gaia2,bpbj,,5.57949429452,5.48298463706,126.69170330261,-38.70345649538,0.13592585412,0.1627894596,0,0,640671637
0.296702,J082800.01-710548.2,127.0000656,-71.0967404,307575988,126.99996456301,-71.09681603833,127.0,-71.097,90.0,0,,095-015315,08275998-7105485,0,J082800.01-710548.2,5221682738669737216,33684521,0,STAR,tmgaia2,tmgaia2,-17.256,0.037,18.793,0.038,gaia2,1.0646,0.0218,gaia2,12.806,0.018,11.716,0.057,,,,,,,,,,,9.642,0.032,9.027,0.03,8.868,0.027,AEE-222-111-000-0-0,8.679,0.023,8.766,0.02,8.587,0.022,8.02,0.1,11.565,0.000395,10.813,0.006,rered,gaia2,4603.0,122.0,,,,,8.036,,,,,,GIANT,,,914.706,18.42,0.1441,0.0007,0,,,0,,0.0007,0.0007,schlegel,,,,,,,,,,,18.056,18.784,bj2018,,,dered,12.2566,0.005379,10.7586,0.002299,1,ucac4,apassdr9,,0.7117057918,0.58211639161,126.99973522974,-71.09673512287,0.0192825073,0.02194489763,0,0,640802398
2.231,J082800.01-710548.2,127.0000656,-71.0967404,805248509,127.00196817461,-71.09667612889,127.002,-71.097,90.0,0,,,,0,,5221682738667276288,0,0,STAR,gaia2,gaia2,,,,,,,,,,,13.232,0.05,,,,,,,,,,,,,,,,,,,,,,,,,,13.0098,0.00783,12.46,0.013,gbprp,,,,,,,,,,,,,,,,,,,,,0,,,0,,,,,,,,,,,,,,,,,,,,,13.318,0.020704,12.2496,0.040318,0,gaia2,,,0.46720844955,0.60289966456,127.00196817461,-71.09667612889,0.46720844955,0.60289966456,0,0,642257783
0.072237,J082920.68-435031.8,127.3361809,-43.8421923,140132301,127.33620113815,-43.84220606866,127.336,-43.842,90.0,0,7673-01514-1,231-028512,08292069-4350320,0,J082920.68-435031.8,5523066503711021056,20173307,0,STAR,tmgaia2,tmgaia2,-5.031,0.056,4.604,0.05,gaia2,0.6168,0.0354,gaia2,9.379,0.036,9.286,0.003,,,,,,,,,,,8.782,0.029,8.77,0.049,8.698,0.021,AAA-112-111-000-0-0,8.606,0.023,8.478,0.019,7.912,0.024,7.181,0.104,9.20031,0.005019,9.316,0.041,rered,gaia2,,,,,,,,,,,,,,,,1552.94,87.79,0.9155,0.0373,0,,,0,,0.0359,0.0387,schlegel,,,,,,,,,,,82.93,92.65,bj2018,,,,9.27934,0.014692,9.03087,0.013051,1,tycho2v3,tycho2b3,,0.93044223869,0.77971256078,127.33617110534,-43.8421862474,0.02702802932,0.02922009521,0,0,641943877
0.047421,J083500.42-613938.3,128.7517731,-61.6606415,310483481,128.75180080627,-61.66064223643,128.752,-61.661,90.0,0,8926-02352-1,142-014949,08350043-6139383,0,J083500.42-613938.3,5301142794745771904,30003611,0,STAR,tmgaia2,tmgaia2,-11.847,0.041,7.944,0.04,gaia2,0.8439,0.02,gaia2,12.744,0.319,11.7,0.028,,,,,,,,,,,9.463,0.024,8.83,0.042,8.726,0.026,AAA-212-111-000-0-0,8.579,0.022,8.692,0.019,8.528,0.02,7.817,0.103,11.3226,0.000412,10.588,0.006,rered,gaia2,4683.0,122.0,,,,,10.788,,,,,,GIANT,,,1146.14,26.45,0.1486,0.0011,0,,,0,,0.0011,0.0011,schlegel,,,,,,,,,,,25.85,27.05,bj2018,,,dered,12.0009,0.001114,10.5434,0.001465,1,tycho2v3,tycho2b3,,0.73658670759,0.62804516679,128.75169335534,-61.66060803197,0.01777098052,0.01975168443,0,0,646121055
2.251639,J083500.42-613938.3,128.7517731,-61.6606415,808060092,128.75289229871,-61.66097156603,128.753,-61.661,90.0,0,,,,0,,5301142794745772032,0,0,STAR,gaia2,gaia2,-19.865,0.052,8.111,0.04,gaia2,1.3434,0.0208,gaia2,,,14.383,0.067,,,,,,,,,,,,,,,,,,,,,,,,,,14.1245,0.001737,13.534,0.03,gbprp,gaia2,,,,,,,,,,,,,,,,728.874,11.1135,0.1237,0.0009,0,,,0,,0.0009,0.0009,schlegel,,,,,,,,,,,10.947,11.28,bj2018,,,,14.3312,0.110134,13.1719,0.044737,0,gaia2,,,0.93171983557,0.61310564717,128.75271211744,-61.66093664573,0.0243466838,0.0228177424,1,0,646294527
0.168924,J083838.64-461406.6,129.6610367,-46.2351759,141497272,129.6609843306,-46.23520572675,129.661,-46.235,90.0,0,,219-028367,08383863-4614066,0,J083838.64-461406.6,5521667100299017728,22603434,0,STAR,tmgaia2,tmgaia2,-2.688,0.034,3.9,0.032,gaia2,0.2106,0.0184,gaia2,14.768,0.053,14.074,0.103,,,,,,,,,,,12.338,0.024,12.121,0.027,12.001,0.026,AAA-222-111-000-0-0,11.874,0.023,11.876,0.021,10.926,0.08,7.758,0.106,13.8311,0.00153,13.334,0.022,rered,gaia2,10271.0,163.0,,,,,6.723,,,,,,GIANT,,,4152.29,323.12,0.8435,0.0245,0,,,0,,0.0243,0.0247,schlegel,,,,,,,,,,,298.86,347.38,bj2018,,,dered,14.2574,0.007237,13.1948,0.004855,1,ucac4,apassdr9,,0.57691528881,0.49853758754,129.66096759899,-46.23518893457,0.01532772578,0.01654415375,0,0,648615664
1.459542,J083838.64-461406.6,129.6610367,-46.2351759,819372834,129.660747679,-46.23482318833,129.661,-46.235,90.0,0,,,,0,,5521667100292697600,0,0,STAR,gaia2,gaia2,-4.408,0.695,-2.115,0.626,gaia2,0.7788,0.3055,gaia2,,,,,,,,,,,,,,,,,,,,,,,,,,,,,,17.8311,0.005161,17.401,0.6,goffs,gaia2,,,,,,,,,,,,,,,,1485.14,1161.28,0.4721,0.2175,0,,,0,,0.1484,0.2866,schlegel,,,,,,,,,,,571.666,1750.89,bj2018,,,,,0.0,,0.0,0,,,,11.72534428616,9.71274739587,129.66072023958,-46.23483229506,0.34586869435,0.27315923579,0,0,649242217
0.114932,J084005.43-405835.3,130.0226307,-40.9764994,180984565,130.02267247596,-40.97650434685,130.023,-40.976,90.0,0,7679-00805-1,246-028175,08400543-4058354,0,J084005.43-405835.3,5528216547451597184,20195890,0,STAR,tmgaia2,tmgaia2,-7.422,0.06,4.556,0.06,gaia2,0.9998,0.0339,gaia2,11.306,0.109,11.097,0.009,,,,,,,,,,,10.482,0.022,10.424,0.021,10.392,0.021,AAA-222-111-000-0-0,10.322,0.022,10.351,0.019,9.701,0.042,6.989,0.102,11.0112,0.001778,10.835,0.008,rered,gaia2,8540.0,179.2,3.7619,0.0813,,,3.179,0.14,2.13,0.342,0.0663,0.014,DWARF,48.42313,5.16186,973.181,32.3905,0.1823,0.0119,259,0.0325,,0,3e-05,0.0136,0.0102,schlegel,0.241,0.444,0.153,0.127,0.0128,0.0151,0.093,0.0697,5.61734,4.70638,31.332,33.449,bj2018,208.8,149.5,dered,11.1391,0.005415,10.7576,0.00509,1,tycho2v3,tycho2b3,,0.99667993693,0.93445443018,130.02263014995,-40.97648473221,0.03025005829,0.02882155772,1,0,649972206
0.044361,J084110.89-304021.5,130.2953781,-30.6726545,185575635,130.29537028401,-30.67266482709,130.295,-30.673,90.0,0,,297-050141,08411088-3040215,0,J084110.89-304021.5,5641976109275550592,15736031,0,STAR,tmgaia2,tmgaia2,-0.783,0.136,1.712,0.127,gaia2,0.5902,0.0858,gaia2,15.037,0.017,13.968,0.092,,,,,,,,,,,7.62,0.026,6.702,0.031,6.311,0.026,AAA-111-111-000-0-0,6.233,0.097,6.247,0.025,6.044,0.015,5.694,0.044,11.3509,0.003114,9.979,0.007,rered,gaia2,,,,,,,,,,,,,,,,1624.69,244.69,0.0536,0.0097,0,,,0,,0.011,0.0083,panstarrs,,,,,,,,,,,209.89,279.49,bj2018,,,,13.6437,0.017327,9.98258,0.008292,1,ucac4,apassdr9,,2.18178857009,1.97286657864,130.29536636489,-30.67265745736,0.05494388757,0.0629036921,0,0,650047562
0.038565,J084118.23-451652.0,130.3259851,-45.2811168,285626095,130.32599890014,-45.2811122754,130.326,-45.281,90.0,0,,,08411824-4516520,0,J084118.23-451652.0,5522106797555959552,0,0,STAR,tmgaia2,tmgaia2,-2.888,0.23,4.189,0.213,gaia2,-0.0243,0.1317,gaia2,20.167,0.18,18.533,0.049,,,,,,,,,,,15.165,0.049,14.164,0.035,13.14,0.033,AAA-222-111-000-0-0,12.15,0.023,11.517,0.021,9.043,0.028,7.223,0.088,17.9352,0.00278,17.031,0.149,rered,gaia2,8101.0,183.0,3.8523,,,,2.755,,1.97,,0.0942,,DWARF,29.44733,,5177.58,1959.67,1.2151,0.1906,0,,,0,,0.2016,0.1796,schlegel,,,,,,,,,,,1549.41,2369.93,bj2018,,,dered,18.7656,0.024435,16.9544,0.01104,1,gaia2,bpbj,,3.85899932882,3.31049014944,130.32598123102,-45.28109423754,0.10840828822,0.10862646529,1,0,650112684
0.077914,J084156.61-751857.6,130.4858936,-75.3160162,281979863,130.4859156454,-75.31603710877,130.486,-75.316,90.0,0,,074-009127,08415662-7518576,0,J084156.61-751857.6,5216716553884534016,34682797,0,STAR,tmgaia2,tmgaia2,-3.587,0.098,5.469,0.113,gaia2,0.369,0.0549,gaia2,14.557,0.165,13.067,0.046,,,,,,,,,,,7.864,0.023,6.967,0.034,6.619,0.021,AAA-111-111-000-0-0,6.523,0.069,6.546,0.023,5.899,0.015,5.306,0.03,11.2103,0.007301,9.928,0.009,rered,gaia2,3203.0,124.0,,,,,,,,,,,,,,2465.3,345.855,0.1149,0.0001,0,,,0,,0.0002,0.0001,schlegel,,,,,,,,,,,300.88,390.83,bj2018,,,dered,12.9884,0.036829,9.84351,0.016229,1,ucac4,apassdr9,,1.92720341915,1.75615483007,130.48585472729,-75.31601356342,0.04883522083,0.05681660612,0,0,650097562
0.043291,J084447.28-455855.3,131.1970283,-45.9820527,430553024,131.197042582,-45.98205949067,131.197,-45.982,90.0,0,8151-04295-1,221-030102,08444729-4558554,0,J084447.28-455855.3,5329864237502044160,22623942,0,STAR,tmgaia2,tmgaia2,-3.038,0.049,3.56,0.051,gaia2,0.1252,0.0299,gaia2,11.344,0.14,10.874,0.01,,,,,,,,,,,8.616,0.024,8.26,0.033,7.869,0.027,AAA-111-111-000-0-0,7.28,0.032,6.949,0.02,6.021,0.016,4.964,0.028,10.3635,0.001114,9.842,0.059,rered,gaia2,13499.0,276.0,,,,,,,,,,,,,,5916.37,1028.62,1.0072,0.0677,0,,,0,,0.067,0.0684,schlegel,,,,,,,,,,,874.91,1182.34,bj2018,,,dered,10.8476,0.005773,9.69818,0.004604,1,tycho2v3,tycho2b3,,0.82788354579,0.79550201037,131.19702375997,-45.98204416083,0.02403657001,0.02925213156,0,0,652700199
1.572464,J084447.28-455855.3,131.1970283,-45.9820527,815740817,131.19646749309,-45.98225000261,131.196,-45.982,90.0,0,,,,0,,5329864237497031424,0,0,STAR,gaia2,gaia2,-5.295,0.362,6.668,1.066,gaia2,-0.1673,0.2563,gaia2,,,,,,,,,,,,,,,,,,,,,,,,,,,,,,15.0828,0.018459,14.653,0.6,goffs,gaia2,,,,,,,,,,,,,,,,4167.89,1886.8,0.8552,0.1928,0,,,0,,0.1986,0.187,schlegel,,,,,,,,,,,1470.58,2303.01,bj2018,,,,,0.0,,0.0,0,,,,6.10609811664,16.53140637527,131.19643468293,-45.98222129309,0.20144445541,0.4867126122,0,0,653134368
0.030724,J084539.23-304257.9,131.4134796,-30.7161047,186013608,131.41348907397,-30.71610724927,131.413,-30.716,90.0,0,,297-051350,08453923-3042579,0,J084539.23-304257.9,5641931063657772800,15758329,0,STAR,tmgaia2,tmgaia2,-3.801,0.113,4.521,0.107,gaia2,0.3079,0.0734,gaia2,15.688,0.114,13.77,0.069,,,,,,,,,,,7.948,0.018,6.958,0.029,6.604,0.021,AAA-111-111-000-0-0,6.456,0.077,6.547,0.02,6.195,0.015,5.996,0.039,11.7088,0.003171,10.299,0.009,rered,gaia2,,,,,,,,,,,,,,,,2833.73,610.645,0.1041,0.024,0,,,0,,0.0291,0.0189,panstarrs,,,,,,,,,,,496.99,724.3,bj2018,,,,14.0762,0.016192,10.3247,0.00845,1,ucac4,apassdr9,,1.81692535924,1.66350205162,131.41347003877,-30.71608778554,0.05009957804,0.05454701342,0,0,652575984
0.064927,J084608.00-433322.8,131.5333722,-43.5563561,28549901,131.5333864954,-43.55637086308,131.533,-43.556,90.0,0,,233-031262,08460801-4333230,0,J084608.00-433322.8,5523999508042091648,0,0,STAR,tmgaia2,tmgaia2,-4.007,0.069,6.731,0.063,gaia2,0.3706,0.0395,gaia2,16.908,0.162,14.522,0.126,,,,,,,,,,,9.39,0.023,8.343,0.042,7.942,0.029,AAA-211-111-000-0-0,7.637,0.031,7.696,0.02,7.527,0.024,7.036,0.085,13.1343,0.001997,11.867,0.012,rered,gaia2,3519.0,122.0,,,,,29.961,,,,,,GIANT,,,2492.33,254.5,0.2871,0.0279,0,,,0,,0.0253,0.0305,schlegel,,,,,,,,,,,229.63,279.37,bj2018,,,dered,14.7529,0.011211,11.8723,0.006265,1,ucac4,bpbj,,1.14776738685,0.97830622917,131.53336269051,-43.55634188222,0.03173506859,0.03328018066,0,0,653603039
1.948688,J084608.00-433322.8,131.5333722,-43.5563561,820031867,131.53293812175,-43.55679661246,131.533,-43.557,90.0,0,,,,0,,5523999508042516096,0,0,STAR,gaia2,gaia2,-5.648,0.217,5.046,0.171,gaia2,0.4874,0.1207,gaia2,,,,,,,,,,,,,,,,,,,,,,,,,,,,,,17.3879,0.002733,16.958,0.6,goffs,gaia2,,,,,,,,,,,,,,,,1948.55,525.025,0.2272,0.0587,0,,,0,,0.0455,0.0719,schlegel,,,,,,,,,,,402.06,647.99,bj2018,,,,,0.0,,0.0,0,,,,3.62544684145,2.64667823954,131.53290456316,-43.556774885,0.09094938882,0.09560288313,0,0,654423420
0.049535,J084702.18-614058.1,131.7590906,-61.6828315,355626805,131.75906366316,-61.68282639465,131.759,-61.683,90.0,0,,142-016237,08470219-6140582,0,J084702.18-614058.1,5300992333452573696,30025345,0,STAR,tmgaia2,tmgaia2,-2.849,0.105,2.051,0.108,gaia2,0.0849,0.0608,gaia2,15.02,0.213,13.079,0.08,,,,,,,,,,,7.866,0.035,6.95,0.029,6.581,0.029,AAA-111-111-000-0-0,6.529,0.085,6.308,0.027,5.98,0.015,5.544,0.031,11.323,0.005678,9.955,0.008,rered,gaia2,3126.0,123.0,,,,,,,,,,,,,,5772.79,1602.58,0.1884,0.0001,0,,,0,,0.0001,0.0,schlegel,,,,,,,,,,,1293.43,1911.73,bj2018,,,dered,13.4174,0.029261,10.0192,0.004077,1,ucac4,apassdr9,,1.89671377503,1.67609558295,131.75903780498,-61.68281756228,0.05061639987,0.06332253135,0,0,653962366
0.06558,J084748.55-444117.6,131.9523245,-44.6882301,270741790,131.95232390477,-44.68824831173,131.952,-44.688,90.0,0,,,08474855-4441177,0,J084748.55-444117.6,5523673021809208704,0,0,STAR,tmgaia2,tmgaia2,-4.614,0.141,5.399,0.119,gaia2,0.5026,0.0811,gaia2,19.949,0.167,17.821,0.047,,,,,,,,,,,14.072,0.032,13.16,0.034,12.422,0.03,AAA-222-111-000-0-0,11.943,0.023,11.485,0.021,9.238,0.029,7.178,0.091,16.9976,0.002153,15.972,0.022,rered,gaia2,4003.0,122.0,,,,,2.508,,,,,,GIANT,,,1890.42,312.795,0.2889,0.043,0,,,0,,0.0371,0.049,schlegel,,,,,,,,,,,264.42,361.17,bj2018,,,dered,18.0697,0.01442,15.9325,0.005208,1,gaia2,bpbj,,2.36543043886,1.84526940782,131.95229596447,-44.68822506462,0.06490774367,0.06832594974,0,0,653906118
0.09057,J084837.62-293343.4,132.1567683,-29.5620808,1567341,132.15679303005,-29.56209384721,132.157,-29.562,90.0,0,,303-053846,08483764-2933433,0,J084837.62-293343.4,5642475081394797440,12980716,0,STAR,tmgaia2,tmgaia2,-2.169,0.092,0.039,0.097,gaia2,0.3945,0.0693,gaia2,13.825,0.308,12.551,0.137,,,,,,,,,,,8.358,0.021,7.446,0.021,7.181,0.02,AAA-111-111-000-0-0,6.872,0.053,6.991,0.02,6.593,0.016,6.339,0.063,11.1534,0.004728,10.043,0.008,rered,gaia2,3569.0,123.0,,,,,51.18,,,,,,GIANT,,,2319.1,392.205,0.0814,0.009,0,,,0,,0.0065,0.0115,panstarrs,,,,,,,,,,,331.67,452.74,bj2018,,,dered,12.5588,0.017799,10.0227,0.006657,1,ucac4,apassdr9,,1.47505393475,1.50336029203,132.15678229409,-29.5620936806,0.03819885388,0.04912052873,0,0,654778260
0.036558,J084845.54-460509.4,132.1897551,-46.085947,270939007,132.18976456622,-46.0859547472,132.19,-46.086,90.0,0,,220-031106,08484554-4605094,0,J084845.54-460509.4,5329885506170824832,22638018,0,STAR,tmgaia2,tmgaia2,-2.798,0.043,3.047,0.041,gaia2,0.0938,0.0252,gaia2,15.028,0.217,13.959,0.092,,,,,,,,,,,10.442,0.023,9.859,0.022,9.354,0.019,AAA-222-111-000-0-0,8.751,0.022,8.349,0.02,7.331,0.017,6.185,0.053,12.8564,0.009835,11.882,0.055,rered,gaia2,6835.0,207.0,,,,,44.082,,,,,,GIANT,,,7065.11,1169.36,1.0692,0.0756,0,,,0,,0.0742,0.0769,schlegel,,,,,,,,,,,1007.48,1331.25,bj2018,,,dered,13.7737,0.034067,11.8622,0.028888,1,ucac4,apassdr9,,0.71670773334,0.63266587822,132.18974719658,-46.08594162779,0.01992943309,0.02126055178,0,0,655120573
0.085661,J084935.85-494920.0,132.3994087,-49.8222497,145498319,132.39943587584,-49.82226578705,132.399,-49.822,90.0,0,,201-024670,08493586-4949201,0,J084935.85-494920.0,5327931983242555136,22640726,0,STAR,tmgaia2,tmgaia2,-5.133,0.049,4.204,0.052,gaia2,0.4569,0.03,gaia2,16.32,0.091,15.895,0.08,,,,,,,,,,,13.044,0.024,12.204,0.024,11.363,0.021,AAA-222-111-000-0-0,10.722,0.023,10.29,0.021,8.018,0.027,4.652,0.031,15.0992,0.000645,14.527,0.039,rered,gaia2,,,,,,,,,,,,,,,,2063.9,131.065,1.2248,0.0431,0,,,0,,0.0419,0.0443,schlegel,,,,,,,,,,,122.94,139.19,bj2018,,,,15.6634,0.002945,14.3661,0.002422,1,ucac4,apassdr9,,0.83152749533,0.80409236424,132.3994016219,-49.82224768844,0.02344534201,0.02670912922,0,0,654966156
0.067514,J085103.07-410222.7,132.7628293,-41.0396488,190257495,132.76283953024,-41.03966589299,132.763,-41.04,90.0,0,7680-02320-1,245-029497,08510308-4102227,0,J085103.07-410222.7,5525401110489911936,20216851,0,STAR,tmgaia2,tmgaia2,-5.225,0.045,2.209,0.048,gaia2,0.8579,0.0278,gaia2,9.818,0.044,9.613,0.004,,,,,,,,,,,8.835,0.027,8.727,0.031,8.672,0.02,AAA-112-111-000-0-0,8.587,0.022,8.595,0.019,8.588,0.026,7.476,0.092,9.52043,0.001692,9.328,0.01,rered,gaia2,10089.0,152.0,,,,,7.468,,,,,,GIANT,,,1128.45,35.735,0.367,0.0099,0,,,0,,0.0096,0.0101,schlegel,,,,,,,,,,,34.62,36.85,bj2018,,,dered,9.69734,0.004862,9.24413,0.005898,1,tycho2v3,tycho2b3,,0.73889871473,0.74352842144,132.76280970643,-41.0396563806,0.02015438501,0.02394197108,0,0,656336924
0.044773,J085125.73-415632.3,132.8572189,-41.9423118,29208454,132.85723044757,-41.94232079451,132.857,-41.942,90.0,0,,241-029506,08512573-4156323,0,J085125.73-415632.3,5524542731207705088,20217665,0,STAR,tmgaia2,tmgaia2,-2.52,0.055,1.19,0.055,gaia2,0.483,0.032,gaia2,12.434,0.01,12.031,0.069,,,,,,,,,,,10.774,0.022,10.651,0.024,10.522,0.023,AAA-222-111-000-0-0,10.462,0.023,10.488,0.02,9.626,0.037,7.597,0.098,11.8682,0.001011,11.544,0.027,rered,gaia2,10496.0,139.0,,,,,5.611,,,,,,GIANT,,,1952.57,124.965,0.5983,0.0309,0,,,0,,0.0294,0.0325,schlegel,,,,,,,,,,,117.18,132.75,bj2018,,,dered,12.1412,0.003411,11.4169,0.002787,1,ucac4,apassdr9,,0.90830575005,0.85395709142,132.85721586357,-41.94231567133,0.02350390626,0.0296442891,0,0,656087144
0.363946,J085139.47-414840.5,132.9144723,-41.8112564,190393003,132.91453325703,-41.81134671167,132.915,-41.811,90.0,0,,241-029551,08513948-4148408,0,J085139.47-414840.5,5524567955556719744,0,0,STAR,tmgaia2,tmgaia2,-5.223,0.077,3.641,0.086,gaia2,0.9572,0.0456,gaia2,17.276,0.108,16.497,0.263,,,,,,,,,,,13.615,0.036,12.854,0.038,12.518,0.034,AAA-222-111-000-0-0,12.208,0.023,12.112,0.021,11.067,0.087,7.04,0.07,16.0444,0.007586,15.139,0.012,rered,gaia2,4500.0,136.0,,,,,1.535,,,,,,GIANT,,,1015.95,47.519,0.3342,0.0139,0,,,0,,0.0133,0.0145,schlegel,,,,,,,,,,,45.348,49.69,bj2018,,,dered,16.8886,0.034188,15.0744,0.023488,1,ucac4,bpbj,,1.28279373254,1.32597370381,132.91450308295,-41.81133103424,0.03682754789,0.04217838992,0,0,656367875
0.038009,J085640.46-475229.3,134.1686114,-47.8748233,30397916,134.16861992016,-47.87483217757,134.169,-47.875,90.0,0,,211-032598,08564047-4752293,0,J085640.46-475229.3,5328575334983694848,0,0,STAR,tmgaia2,tmgaia2,-5.131,0.103,4.3,0.089,gaia2,0.6111,0.0531,gaia2,18.782,0.162,16.88,0.046,,,,,,,,,,,13.648,0.026,12.696,0.026,11.923,0.025,AAA-222-111-000-0-0,10.847,0.023,10.353,0.02,6.938,0.018,4.385,0.027,16.2488,0.001219,15.358,0.007,rered,gaia2,4022.0,122.0,,,,,2.283,,,,,,GIANT,,,1569.44,134.635,0.0999,0.0071,0,,,0,,0.0066,0.0076,schlegel,,,,,,,,,,,123.42,145.85,bj2018,,,dered,17.1422,0.006986,15.2802,0.00313,1,gaia2,bpbj,,1.75075954297,1.38269678787,134.16858698527,-47.87481366179,0.04500631302,0.04408094101,0,0,659690308
0.035671,J085722.48-481433.3,134.3436681,-48.2425975,400592330,134.34367324627,-48.24260679711,134.344,-48.243,90.0,0,,209-029091,08572248-4814333,0,J085722.48-481433.3,5328516030073812224,22658412,0,STAR,tmgaia2,tmgaia2,-5.139,0.04,4.337,0.039,gaia2,0.4993,0.0238,gaia2,17.115,0.17,15.211,0.195,,,,,,,,,,,11.663,0.023,11.177,0.022,10.944,0.021,AAA-222-111-000-0-0,10.787,0.022,10.76,0.02,10.046,0.116,6.447,0.077,14.3204,0.000479,13.267,0.008,rered,gaia2,3994.0,122.0,,,,,9.036,,,,,,GIANT,,,1894.47,86.105,0.3205,0.0114,0,,,0,,0.011,0.0118,schlegel,,,,,,,,,,,82.28,89.93,bj2018,,,dered,15.4508,0.006674,13.2555,0.001662,1,ucac4,bpbj,,0.6780958623,0.60099176467,134.34364002561,-48.24258812431,0.01963177567,0.02045402123,0,0,660006465
0.101535,J085845.20-441027.7,134.6883355,-44.1743651,30829932,134.68836550583,-44.17438332997,134.688,-44.174,90.0,0,,230-032414,08584520-4410278,0,J085845.20-441027.7,5331784122221998848,20230989,0,STAR,tmgaia2,tmgaia2,-9.303,0.032,5.114,0.027,gaia2,1.2813,0.0187,gaia2,14.639,0.288,13.38,0.092,,,,,,,,,,,11.774,0.023,11.204,0.025,10.65,0.023,AAA-222-111-000-0-0,9.72,0.023,9.297,0.021,8.286,0.025,5.278,0.034,13.3075,0.011279,12.741,0.013,rered,gaia2,5706.0,213.0,3.9044,0.1088,,,1.867,0.155,1.02,0.136,0.1567,0.0508,DWARF,3.32922,0.17802,763.364,10.9775,0.1892,0.0103,304,0.0279,,0,2.2e-05,0.0098,0.0107,schlegel,0.125,0.148,0.124,0.186,0.0465,0.055,0.1051,0.1126,0.16435,0.1917,10.822,11.133,bj2018,206.3,219.8,dered,13.7673,0.042357,12.677,0.030736,1,ucac4,apassdr9,,0.52785777481,0.41851318804,134.68830966092,-44.17436131258,0.01561691689,0.01534301828,1,0,660792894
0.117528,J090509.15-440929.4,136.2881485,-44.1581788,31370757,136.2881482146,-44.15821144607,136.288,-44.158,90.0,0,,230-032974,09050915-4409295,0,J090509.15-440929.4,5331081186401399168,20242843,0,STAR,tmgaia2,tmgaia2,-4.314,0.061,4.544,0.058,gaia2,0.339,0.0371,gaia2,16.65,0.099,15.864,0.08,,,,,,,,,,,12.627,0.024,11.607,0.025,10.672,0.023,AAA-222-111-000-0-0,9.506,0.022,8.864,0.02,6.53,0.016,4.787,0.024,15.086,0.002188,14.286,0.044,rered,gaia2,7120.0,129.0,3.3683,,,,4.308,,1.58,,0.0198,,DWARF,42.96154,,2687.48,275.92,0.8669,0.0599,0,,,0,,0.0563,0.0636,schlegel,,,,,,,,,,,248.99,302.85,bj2018,,,dered,15.7769,0.007604,14.204,0.006854,1,ucac4,apassdr9,,1.0238385716,0.89668548421,136.28812232685,-44.15819188116,0.0288926317,0.03008786127,1,0,664163809
1.105051,J090509.15-440929.4,136.2881485,-44.1581788,815940133,136.28804911975,-44.15847736365,136.288,-44.158,90.0,0,,,,0,,5331081190694657024,0,0,STAR,gaia2,gaia2,,,,,,,,,,,,,,,,,,,,,,,,,,,,,,,,,,,,,,18.771,0.0059,18.341,0.6,goffs,,,,,,,,,,,,,,,,,,,,,0,,,0,,,,,,,,,,,,,,,,,,,,,,0.0,,0.0,0,,,,0.7393020266,0.68482289344,136.28804911975,-44.15847736365,0.7393020266,0.68482289344,0,0,664917383
0.084604,J090808.68-455820.2,137.0361843,-45.9722804,32061329,137.03621578404,-45.97228897316,137.036,-45.972,90.0,0,,221-033696,09080868-4558202,0,J090808.68-455820.2,5330611424357482112,22670557,0,STAR,tmgaia2,tmgaia2,-4.045,0.092,3.314,0.085,gaia2,0.0889,0.0567,gaia2,16.744,0.025,15.255,0.103,,,,,,,,,,,10.276,0.021,9.225,0.021,8.863,0.021,AAA-222-111-000-0-0,8.585,0.023,8.606,0.02,8.299,0.022,6.872,0.086,14.1963,0.000501,12.673,0.078,rered,gaia2,4034.0,125.0,,,,,66.552,,,,,,GIANT,,,5351.75,1278.19,1.0661,0.1581,0,,,0,,0.1469,0.1694,schlegel,,,,,,,,,,,1061.88,1494.51,bj2018,,,dered,15.9634,0.029864,12.8506,0.005978,1,ucac4,apassdr9,,1.5537728704,1.31996112389,137.03619072593,-45.97227470326,0.04511867354,0.04526256851,0,0,666431980
2.180896,J090808.68-455820.2,137.0361843,-45.9722804,815847016,137.03533565153,-45.97241866394,137.035,-45.972,90.0,0,,,,0,,5330611424357482240,0,0,STAR,gaia2,gaia2,-3.739,0.064,6.161,0.066,gaia2,0.6149,0.0404,gaia2,,,15.947,0.049,,,,,,,,,,,,,,,,,,,,,,,,,,15.4025,0.002877,14.529,0.02,rered,gaia2,4818.0,137.0,,,,,2.857,,,,,,GIANT,,,1554.65,100.175,0.406,0.0231,0,,,0,,0.0218,0.0243,schlegel,,,,,,,,,,,93.88,106.47,bj2018,,,dered,16.2014,0.02171,14.477,0.021555,1,gaia2,,,1.08232226984,1.02913806425,137.03531248792,-45.97239213527,0.03129966991,0.03336561126,0,0,667200218
0.212846,J090906.48-481834.0,137.2770012,-48.3094459,382678556,137.27708801798,-48.30943319748,137.277,-48.309,90.0,0,8169-00926-1,209-029927,09090649-4818338,0,J090906.48-481834.0,5326805533573046528,22671657,0,STAR,tmgaia2,tmgaia2,-7.155,0.051,4.664,0.049,gaia2,1.3222,0.0297,gaia2,12.694,0.206,11.052,0.049,,,,,,,,,,,8.245,0.027,7.628,0.063,7.436,0.024,AAA-111-111-000-0-0,7.221,0.037,7.402,0.02,7.215,0.02,6.832,0.068,10.6191,0.000368,9.75,0.006,rered,gaia2,4121.0,122.0,,,,,13.642,,,,,,GIANT,,,740.528,16.3965,0.1208,0.0026,0,,,0,,0.0026,0.0027,schlegel,,,,,,,,,,,16.04,16.753,bj2018,,,dered,11.5037,0.001139,9.70808,0.001714,1,tycho2v3,tycho2b3,,0.86047372922,0.76622880036,137.27704169911,-48.30941311612,0.0243014337,0.0277012213,0,0,666645957
2.353014,J090906.48-481834.0,137.2770012,-48.3094459,814722308,137.27616798903,-48.30979246163,137.276,-48.31,90.0,0,,,,0,,5326805533573046272,0,0,STAR,gaia2,gaia2,-7.758,0.076,4.191,0.144,gaia2,1.2979,0.0393,gaia2,,,12.713,0.06,,,,,,,,,,,,,,,,,,,,,,,,,,12.366,0.010243,11.677,0.009,rered,gaia2,4808.0,196.0,,,,,3.96,,,,,,GIANT,,,754.459,22.5385,0.1231,0.0036,0,,,0,,0.0035,0.0037,schlegel,,,,,,,,,,,21.877,23.2,bj2018,,,dered,12.9916,0.054056,11.6327,0.054372,1,gaia2,,,1.29287639585,2.23271850766,137.27611776999,-48.30977441663,0.03536856284,0.05540351491,0,0,667184141
0.096348,J091559.79-491225.1,138.9991471,-49.2069955,391627028,138.99915494219,-49.20702176835,138.999,-49.207,90.0,0,,,09155978-4912252,0,J091559.79-491225.1,5325777765085610112,0,0,STAR,tmgaia2,tmgaia2,-5.673,0.148,4.672,0.15,gaia2,0.3076,0.0875,gaia2,20.26,0.164,,,,,,,,,,,,,13.249,0.026,12.489,0.024,12.096,0.024,AAA-222-111-000-0-0,11.664,0.023,11.496,0.021,9.19,0.049,6.907,0.071,16.8342,0.002073,15.541,0.014,rered,gaia2,3236.0,123.0,,,,,,,,,,,,,,2859.58,767.095,0.1531,0.0399,0,,,0,,0.0312,0.0486,schlegel,,,,,,,,,,,595.09,939.1,bj2018,,,dered,18.6463,0.026682,15.5115,0.008375,1,,bpbj,,2.52954006513,2.32363613598,138.99911755867,-49.20700165228,0.07110845913,0.07777972027,0,0,670289173
0.042314,J092254.75-554411.9,140.7281297,-55.7366639,436802660,140.7281505558,-55.73666336636,140.728,-55.737,90.0,0,8588-02569-1,172-031414,09225475-5544119,0,J092254.75-554411.9,5310311416074775936,27598998,0,STAR,tmgaia2,tmgaia2,-5.068,0.056,4.954,0.049,gaia2,0.6268,0.0306,gaia2,9.456,0.036,9.311,0.003,,,,,,,,,,,8.697,0.027,8.557,0.044,8.42,0.034,AAA-111-111-000-0-0,8.113,0.023,7.912,0.02,7.27,0.017,6.457,0.049,9.27026,0.001291,9.173,0.011,rered,gaia2,13174.0,202.0,,,,,,,,,,,,,,1529.13,72.17,0.3531,0.0106,0,,,0,,0.0103,0.0108,schlegel,,,,,,,,,,,68.83,75.51,bj2018,,,dered,9.39024,0.002891,9.0877,0.004228,1,tycho2v3,tycho2b3,,0.9817971984,0.76207357138,140.7281118008,-55.73664203608,0.02652760747,0.02801663058,0,0,675150219
0.05679,J092331.61-454205.1,140.8817282,-45.7014427,76749064,140.88171476062,-45.70143002103,140.882,-45.701,90.0,0,,222-035295,09233161-4542050,0,J092331.61-454205.1,5422843166980485632,22688930,0,STAR,tmgaia2,tmgaia2,-4.53,0.043,2.268,0.044,gaia2,0.3255,0.0262,gaia2,16.379,0.101,15.186,0.023,,,,,,,,,,,12.517,0.026,12.055,0.026,11.686,0.024,AAA-222-111-000-0-0,10.898,0.024,10.334,0.022,8.392,0.022,7.216,0.092,14.6559,0.001259,13.798,0.024,rered,gaia2,6823.0,124.0,,,,,6.12,,,,,,GIANT,,,2804.72,209.835,0.8892,0.0328,0,,,0,,0.032,0.0337,schlegel,,,,,,,,,,,194.68,224.99,bj2018,,,dered,15.4459,0.004692,13.767,0.004458,1,ucac4,apassdr9,,0.72240839141,0.68892207569,140.881686835,-45.70142025586,0.01988077497,0.02272399044,0,0,674894533
0.01965,J092405.70-525157.7,141.0237793,-52.8660457,295953805,141.02378177702,-52.86605094962,141.024,-52.866,90.0,0,8584-00990-1,186-032846,09240570-5251577,0,J092405.70-525157.7,5312358019526915584,26334783,0,STAR,tmgaia2,tmgaia2,-4.904,0.054,3.909,0.053,gaia2,0.3363,0.0313,gaia2,10.149,0.06,9.877,0.004,,,,,,,,,,,9.178,0.027,9.112,0.024,9.055,0.021,AAA-222-111-000-0-0,9.073,0.023,9.107,0.02,9.066,0.028,7.337,0.101,9.75164,0.001194,9.586,0.03,rered,gaia2,,,,,,,,,,,,,,,,2742.51,241.6,0.5419,0.033,0,,,0,,0.0312,0.0348,schlegel,,,,,,,,,,,221.0,262.2,bj2018,,,,9.92761,0.003004,9.46107,0.003017,1,tycho2v3,tycho2b3,,0.92825906547,0.82528533263,141.02374680318,-52.86603411972,0.02556755298,0.02752190178,0,0,676243955
0.084873,J092427.58-461754.5,141.1149266,-46.2984983,77011668,141.11494742195,-46.29851697797,141.115,-46.298,90.0,0,,219-036376,09242759-4617546,0,J092427.58-461754.5,5422763929120045184,22689993,0,STAR,tmgaia2,tmgaia2,-10.019,0.052,6.606,0.058,gaia2,1.2351,0.0329,gaia2,13.474,0.05,12.232,0.046,,,,,,,,,,,9.676,0.026,9.374,0.024,9.178,0.027,AAA-222-111-000-0-0,9.053,0.023,9.012,0.02,8.6,0.022,6.989,0.089,11.7497,0.000492,10.889,0.009,rered,gaia2,5079.0,122.0,,,,,7.388,,,,,,GIANT,,,791.672,20.7715,0.4684,0.0104,0,,,0,,0.0102,0.0106,schlegel,,,,,,,,,,,20.236,21.307,bj2018,,,dered,12.5545,0.001623,10.8674,0.001052,1,ucac4,apassdr9,,0.87992408645,0.90529930888,141.11488498433,-46.29848853674,0.02687685572,0.03191572887,0,0,676133381
0.050137,J092429.65-530026.9,141.123571,-53.0074943,295955955,141.12357136768,-53.00750822509,141.124,-53.007,90.0,0,,185-033867,09242966-5300270,0,J092429.65-530026.9,5312309400493615872,26335359,0,STAR,tmgaia2,tmgaia2,-4.873,0.039,3.824,0.039,gaia2,0.3428,0.0234,gaia2,14.709,0.041,14.404,0.092,,,,,,,,,,,12.806,0.027,12.285,0.026,11.475,0.023,AAA-222-111-000-0-0,10.096,0.022,9.407,0.02,6.497,0.015,4.851,0.023,14.0514,0.001059,13.656,0.026,rered,gaia2,10021.0,137.0,3.8227,,,,3.256,,2.57,,0.0745,,DWARF,96.309,,2692.72,174.01,0.6697,0.0298,0,,,0,,0.0286,0.031,schlegel,,,,,,,,,,,163.05,184.97,bj2018,,,dered,14.3843,0.004587,13.5288,0.002839,1,ucac4,apassdr9,,0.67532603847,0.6108419177,141.12353649758,-53.00749175919,0.01904087217,0.01948551783,1,0,676245051
0.137072,J092527.12-572144.1,141.3630229,-57.362253,437369882,141.36307036547,-57.36228118545,141.363,-57.362,90.0,46224,8592-00188-1,164-029063,09252713-5721442,0,J092527.12-572144.1,5306601835634200704,27605386,0,STAR,tmgaia2,tmgaia2,-12.951,0.062,7.928,0.058,gaia2,1.7639,0.0296,gaia2,8.323,0.0,8.08,0.03,,,,,,,,,,,7.814,0.026,7.839,0.044,7.841,0.018,AAA-111-111-000-0-0,7.833,0.025,7.887,0.02,7.897,0.018,7.341,0.081,8.00319,0.000725,7.997,0.007,rered,gaia2,14046.0,162.0,,,,,,,,,,,,,,558.01,9.305,0.242,0.0033,0,,,0,,0.0033,0.0034,schlegel,,,,,,,,,,,9.153,9.457,bj2018,,,dered,8.05607,0.001886,7.92466,0.002196,1,hipvmag,apassdr9,,1.096583075,0.90343765688,141.36296697072,-57.36224705071,0.02825441214,0.02922309414,0,0,676447247
0.143956,J093230.58-381858.4,143.1274357,-38.3162424,5542386,143.12747778644,-38.31621984723,143.127,-38.316,90.0,46823,7692-02923-1,259-041921,09323058-3818584,0,J093230.58-381858.4,5435867947360784256,18129528,0,STAR,tmgaia2,tmgaia2,-29.135,0.069,15.511,0.087,gaia2,1.7477,0.0509,gaia2,8.536,0.0,8.45,0.03,,,,,,,,,,,7.918,0.027,7.613,0.042,7.512,0.023,AAA-111-111-000-0-0,7.165,0.035,7.311,0.019,6.998,0.017,6.494,0.059,8.49017,0.000573,8.392,0.007,rered,gaia2,9278.0,124.0,,,,,5.047,,,,,,GIANT,,,563.477,16.306,0.1505,0.0029,0,,,0,,0.0028,0.0029,schlegel,,,,,,,,,,,15.843,16.769,bj2018,,,dered,8.57642,0.001443,8.32964,0.002235,1,hipvmag,apassdr9,,1.13484495321,1.34870429303,143.12731790597,-38.3161530643,0.03133649734,0.04331223336,0,0,680893136
0.147876,J093351.35+144600.0,143.463974,14.766684,193018818,143.46393939341,14.76666017815,143.464,14.767,90.0,0,,524-049906,09335135+1445598,0,J093351.35+144600.0,618696365476243968,42490804,0,STAR,tmgaia2,tmgaia2,3.079,0.106,-5.324,0.087,gaia2,0.171,0.0685,gaia2,13.889,0.43,12.351,0.057,,,,,,,,,,,7.801,0.019,6.923,0.023,6.664,0.018,AAA-111-111-000-0-0,6.618,0.076,6.514,0.022,6.292,0.015,5.948,0.052,10.7048,0.003694,9.569,0.007,rered,gaia2,3441.0,123.0,,,,,95.429,,,,,,GIANT,,,3280.94,578.99,0.0385,0.0066,0,,,0,,0.0073,0.006,panstarrs,,,,,,,,,,,503.09,654.89,bj2018,,,dered,12.2172,0.023041,9.54927,0.010533,1,ucac4,apassdr9,,1.65063573447,1.35205474247,143.46395310217,14.76663725714,0.05639498869,0.0487149532,0,0,138251287
1.138755,J093623.07-503850.9,144.0961312,-50.647481,280207430,144.0957742521,-50.64726002455,144.096,-50.647,90.0,0,,197-031583,09362298-5038501,0,J093623.07-503850.9,5313019341404026624,0,0,STAR,tmgaia2,tmgaia2,-6.106,0.091,6.082,0.093,gaia2,0.4271,0.0528,gaia2,18.119,0.108,16.845,1.133,,,,,,,,,,,14.182,0.044,13.661,0.045,13.398,0.047,AAA-222-111-000-0-0,12.594,0.023,11.946,0.021,9.444,0.044,7.236,0.093,16.5201,0.005908,15.632,0.028,rered,gaia2,4878.0,135.0,,,,,2.457,,,,,,GIANT,,,2195.88,269.49,0.4468,0.0458,0,,,0,,0.0414,0.0502,schlegel,,,,,,,,,,,237.95,301.03,bj2018,,,dered,17.341,0.020289,15.5918,0.017595,1,ucac4,bpbj,,1.55972775766,1.44667036512,144.09573278889,-50.64723383602,0.04425120585,0.04549891063,0,0,683417531
0.033709,J093629.74-291418.7,144.1239544,-29.2385488,189624327,144.12396051198,-29.23855649642,144.124,-29.239,90.0,0,,304-058602,09362974-2914188,0,J093629.74-291418.7,5633582158327138560,14295223,0,STAR,tmgaia2,tmgaia2,-1.059,0.074,1.59,0.089,gaia2,0.0213,0.041,gaia2,15.051,0.14,13.176,0.103,,,,,,,,,,,9.384,0.023,8.473,0.046,8.199,0.024,AAA-211-111-000-0-0,8.116,0.023,8.045,0.02,7.623,0.017,7.292,0.092,12.2013,0.003958,11.106,0.008,rered,gaia2,3591.0,123.0,,,,,89.316,,,,,,GIANT,,,6753.47,1247.93,0.0743,0.0065,0,,,0,,0.0062,0.0068,panstarrs,,,,,,,,,,,1093.77,1402.08,bj2018,,,dered,13.585,0.023484,11.0918,0.01599,1,ucac4,apassdr9,,1.17974182945,1.38660130454,144.12395528799,-29.23854964964,0.02795839411,0.03797114099,0,0,683378434
0.070336,J093826.24-570244.6,144.609334,-57.0457422,440638880,144.60933297443,-57.04576172976,144.609,-57.046,90.0,0,,165-033222,09382624-5702447,0,J093826.24-570244.6,5306155090320029568,0,0,STAR,tmgaia2,tmgaia2,-5.019,0.095,3.937,0.092,gaia2,0.3112,0.0464,gaia2,18.565,0.175,16.417,0.114,,,,,,,,,,,13.579,0.024,12.688,0.023,12.14,0.023,AAA-222-111-000-0-0,11.244,0.022,10.402,0.021,7.889,0.02,5.672,0.037,16.0697,0.001966,15.101,0.029,rered,gaia2,5316.0,130.0,,,,,4.529,,,,,,GIANT,,,2966.05,442.625,0.6999,0.0459,0,,,0,,0.0443,0.0476,schlegel,,,,,,,,,,,380.0,505.25,bj2018,,,dered,16.9911,0.015029,15.0959,0.007666,1,ucac4,bpbj,,1.67813100965,1.42366792448,144.60929324764,-57.04574478064,0.04265068785,0.04502388734,0,0,684864292
1.301222,J093826.24-570244.6,144.609334,-57.0457422,856774617,144.60866965231,-57.04573529871,144.609,-57.046,90.0,0,,,,0,,5306155090298572032,0,0,STAR,gaia2,gaia2,-7.55,1.248,5.786,1.31,gaia2,0.2142,0.6759,gaia2,,,,,,,,,,,,,,,,,,,,,,,,,,,,,,19.6796,0.010077,19.25,0.6,goffs,gaia2,,,,,,,,,,,,,,,,3928.23,2861.39,0.7817,0.1792,0,,,0,,0.2443,0.1141,schlegel,,,,,,,,,,,2109.1,3613.67,bj2018,,,,,0.0,,0.0,0,,,,22.03040471711,20.31679399977,144.60860989045,-57.04571038575,0.53075779095,0.60480058269,0,0,685265341
1.839096,J093826.24-570244.6,144.609334,-57.0457422,856774616,144.60929819331,-57.04523171132,144.609,-57.045,90.0,0,,,,0,,5306155090298571776,0,0,STAR,gaia2,gaia2,-7.238,3.045,3.577,3.045,gaia2,-1.1907,1.06,gaia2,,,,,,,,,,,,,,,,,,,,,,,,,,,,,,20.4795,0.01094,20.049,0.6,goffs,gaia2,,,,,,,,,,,,,,,,4457.39,2964.58,0.8129,0.1498,0,,,0,,0.2106,0.089,schlegel,,,,,,,,,,,2253.21,3675.96,bj2018,,,,,0.0,,0.0,0,,,,53.74143139182,47.21003555311,144.60924090268,-57.04521630924,1.17201693666,0.99661461498,0,0,685265340
0.112019,J094355.32-550303.7,145.9805319,-55.0510334,442240473,145.9805644068,-55.05105832944,145.98,-55.051,90.0,0,8589-01020-1,175-038783,09435534-5503038,0,J094355.32-550303.7,5308011443900113280,27653776,0,STAR,tmgaia2,tmgaia2,-13.303,0.057,11.448,0.053,gaia2,1.7124,0.034,gaia2,9.024,0.031,8.855,0.003,,,,,,,,,,,7.51,0.023,7.002,0.057,6.801,0.017,AAA-111-111-000-0-0,6.713,0.068,6.761,0.021,6.525,0.016,6.176,0.045,8.6621,0.001968,8.376,0.007,rered,gaia2,7835.0,136.0,,,,,6.722,,,,,,GIANT,,,574.603,11.314,0.2305,0.0043,0,,,0,,0.0042,0.0044,schlegel,,,,,,,,,,,11.095,11.533,bj2018,,,dered,8.88146,0.004378,8.30632,0.011829,1,tycho2v3,tycho2b3,,0.99363422504,0.82266696571,145.98046442195,-55.05100903948,0.02936478867,0.0292192916,0,0,687436552
0.183462,J094608.30+035750.2,146.5346125,3.9639637,455273447,146.53460823153,3.96401448337,146.535,3.964,90.0,0,0239-01406-1,470-042858,09460830+0357504,0,J094608.30+035750.2,3848221810236018816,36262916,0,STAR,tmgaia2,tmgaia2,6.329,0.093,-14.15,0.095,gaia2,1.938,0.0747,gaia2,9.985,0.055,9.712,0.004,,,,,,,,,,,9.065,0.026,8.848,0.053,8.53,0.023,AAA-112-111-000-0-0,7.798,0.027,7.399,0.02,6.098,0.016,4.295,0.026,9.67542,0.004279,9.451,0.009,rered,spect,8207.7,123.2,3.8668,0.0788,-0.319,0.069,2.737,0.132,2.01,0.291,0.0981,0.021,DWARF,30.62486,2.69596,508.882,19.5095,0.0417,0.0067,33,0.0012,,0,0.000578,0.0089,0.0045,panstarrs,0.194,0.388,0.164,0.1,0.0192,0.0228,0.0636,0.094,2.09687,3.29504,18.776,20.243,bj2018,127.0,119.3,spect,9.87149,0.014813,9.43512,0.013361,1,tycho2v3,tycho2b3,,1.45138207258,1.46736478626,146.53463554519,3.9639535589,0.0621489816,0.05415541946,1,0,138985135
0.112819,J094742.50-562630.0,146.9271244,-56.4416933,443340750,146.92708239741,-56.44171434788,146.927,-56.442,90.0,48050,8606-01205-1,168-036818,09474250-5626301,0,J094742.50-562630.0,5307604311042180224,27666145,0,STAR,tmgaia2,tmgaia2,-5.747,0.08,8.068,0.079,gaia2,1.4641,0.0456,gaia2,8.876,0.0,8.97,0.03,,,,,,,,,,,9.001,0.021,9.06,0.026,9.052,0.019,AAA-122-111-000-0-0,9.036,0.023,9.083,0.02,9.112,0.031,7.393,0.091,8.94666,0.000317,9.072,0.01,rered,gaia2,,,,,,,,,,,,,,,,670.742,20.6925,0.3016,0.0084,0,,,0,,0.0082,0.0086,schlegel,,,,,,,,,,,20.066,21.319,bj2018,,,,8.93823,0.00092,8.97599,0.001515,1,hipvmag,apassdr9,,1.40236886875,1.21915121913,146.92703763618,-56.44167961157,0.03848862874,0.0386410624,0,0,689988158
0.019314,J094752.64-402723.4,146.9693405,-40.4565267,45003492,146.96934307822,-40.45653169339,146.969,-40.457,90.0,0,7697-01851-1,248-039268,09475264-4027233,0,J094752.64-402723.4,5431510170463208448,20348571,0,STAR,tmgaia2,tmgaia2,-12.038,0.041,2.523,0.049,gaia2,0.4907,0.0297,gaia2,13.576,0.323,11.326,0.083,,,,,,,,,,,7.866,0.019,6.97,0.021,6.741,0.017,AAA-111-111-000-0-0,6.588,0.077,6.513,0.023,5.782,0.015,5.343,0.039,10.4404,0.004611,9.411,0.008,rered,spect,4079.5,52.1,,,-0.5335,0.0517,43.813,,,,,,GIANT,,,1923.7,112.605,0.198,,0,,,0,,,,schlegel,,,,,,,,,,,,,bj2018,,,spect,11.6032,0.019352,9.40887,0.010749,1,tycho2v,tycho2b,,0.67136456039,0.76237579643,146.96927496271,-40.45652083256,0.02093090754,0.02578271791,0,0,689731862
0.095486,J094844.71-583157.6,147.1863057,-58.5326764,443935945,147.18627175314,-58.5326961358,147.186,-58.533,90.0,0,8610-00896-1,158-035396,09484470-5831576,0,J094844.71-583157.6,5257835265126188416,27669572,0,STAR,tmgaia2,tmgaia2,-5.547,0.048,4.528,0.046,gaia2,0.1708,0.0255,gaia2,11.761,0.175,11.422,0.013,,,,,,,,,,,10.099,0.026,9.896,0.024,9.678,0.021,AAA-222-111-000-0-0,9.416,0.023,9.206,0.019,8.451,0.02,7.281,0.082,11.2474,0.001556,10.966,0.032,rered,gaia2,,,,,,,,,,,,,,,,4962.44,658.755,1.1271,0.0315,0,,,0,,0.0328,0.0301,schlegel,,,,,,,,,,,576.59,740.92,bj2018,,,,11.5884,0.002946,10.7336,0.002553,1,tycho2v3,tycho2b3,,0.84633488749,0.71456438616,147.18622600436,-58.53267664215,0.02140362265,0.02340124731,0,0,691145968
0.07639,J095103.39-531335.7,147.7641366,-53.2265866,131623458,147.76411179464,-53.22660175763,147.764,-53.227,90.0,0,,184-041082,09510338-5313357,0,J095103.39-531335.7,5308591367570295168,0,0,STAR,tmgaia2,tmgaia2,-5.761,0.051,3.498,0.053,gaia2,0.2819,0.0277,gaia2,16.267,0.112,15.773,0.137,,,,,,,,,,,13.261,0.03,12.398,0.03,11.669,0.024,AAA-222-111-sss-0-0,10.509,0.022,9.964,0.021,7.522,0.022,5.433,0.036,15.151,0.001515,14.599,0.038,rered,gaia2,7785.0,132.0,3.7145,,,,3.12,,1.84,,0.0606,,DWARF,32.21922,,3201.5,289.77,0.6234,0.0488,0,,,0,,0.0452,0.0525,schlegel,,,,,,,,,,,264.57,314.97,bj2018,,,dered,15.6081,0.009312,14.5076,0.005679,1,ucac4,bpbj,,0.87909150851,0.81435594078,147.76407035952,-53.22658669599,0.02411540366,0.024964534,1,0,692301973
0.385335,J095310.02+335352.5,148.2917838,33.8979362,4918441,148.29167142632,33.89798870747,148.292,33.898,90.0,0,2505-00672-1,620-046119,09531000+3353527,1237664668432597014,J095310.02+335352.5,795188391420888192,48537093,0,STAR,tmgaia2,tmgaia2,3.054,0.077,-11.645,0.071,gaia2,0.6994,0.0513,gaia2,12.602,0.25,10.741,0.061,15.552,0.006,14.472,0.008,13.745,0.008,13.079,0.009,12.085,0.009,7.614,0.018,6.781,0.016,6.567,0.021,AAA-111-111-000-0-0,6.496,0.065,6.54,0.027,6.317,0.017,5.726,0.042,10.0172,0.002798,9.091,0.007,rered,gaia2,3871.0,123.0,,,,,35.602,,,,,,GIANT,,,1360.33,96.365,0.0141,0.0036,0,,,0,,0.0026,0.0046,panstarrs,,,,,,,,,,,89.79,102.94,bj2018,,,dered,11.0569,0.010881,9.05013,0.00879,1,tycho2v,tycho2b,,1.24816342716,1.10063311501,148.29168726933,33.89793857013,0.04236217135,0.03566399877,0,0,139236526
0.222476,J095436.27+452108.6,148.6511614,45.3524092,105505564,148.65120586155,45.35246251846,148.651,45.352,90.0,0,,,09543630+4521089,0,J095436.27+452108.6,820654592547388672,0,0,STAR,tmgaia2,tmgaia2,-3.168,2.335,2.037,2.335,hsoy,,,,18.481,0.206,19.059,0.049,,,,,,,,,,,17.157,0.199,16.432,0.202,15.541,0.174,CCC-222-111-000-0-0,15.259,0.036,14.692,0.056,10.063,0.057,6.941,0.085,18.9267,0.007458,18.51,0.017,gbprp,,,,,,,,,,,,,,DWARF,,,,,,,0,,,0,,,,,,,,,,,,,,,,,,,,,18.5869,0.049241,17.7938,0.021653,0,gaia2,bpbj,,39.23823513951,36.20180788406,148.65118644928,45.35247129052,0.65416939309,0.77879323918,1,0,139343041
0.140174,J095911.11-580903.5,149.7963186,-58.1509894,461871214,149.79627705083,-58.15102157773,149.796,-58.151,90.0,0,,,09591112-5809037,0,J095911.11-580903.5,5259136532825192832,0,0,STAR,tmgaia2,tmgaia2,,,,,,,,,,,20.888,0.119,,,,,,,,,,,16.833,0.172,15.19,0.099,14.092,0.062,CAA-222-111-000-0-0,12.869,0.027,12.359,0.026,9.568,0.048,6.656,0.086,20.0083,0.007932,19.018,0.035,gbprp,,,,,,,,,,,,,,,,,,,,,0,,,0,,,,,,,,,,,,,,,,,,,,,20.8309,0.138742,18.6194,0.031887,0,gaia2,,,0.53936427595,0.53581447012,149.79627705083,-58.15102157773,0.53936427595,0.53581447012,0,1,697665025
0.212496,J100046.46-580000.2,150.1935935,-58.0000755,462030296,150.19348675613,-58.00009236727,150.193,-58.0,90.0,0,,,10004645-5800003,0,J100046.46-580000.2,5259142618807481088,0,0,STAR,tmgaia2,tmgaia2,,,,,,,,,18.657,0.165,,,,,,,,,,,,,12.646,0.029,11.824,0.027,11.384,0.024,AAA-222-111-000-0-0,10.88,0.023,10.796,0.022,10.167,0.081,6.847,0.08,16.5166,0.008941,15.261,0.012,gbprp,,,,,,,,,,,,,,,,,,,,,0,,,0,,,,,,,,,,,,,,,,,,,,,18.1501,0.056616,14.9472,0.032243,0,,bpbj,,0.07885309807,0.08422688305,150.19348675613,-58.00009236727,0.07885309807,0.08422688305,0,0,698937798
1.812382,J100046.46-580000.2,150.1935935,-58.0000755,855164949,150.19445257525,-57.99986054176,150.194,-58.0,90.0,0,,,,0,,5259142618795344000,0,0,STAR,gaia2,gaia2,-21.478,0.19,-10.983,0.187,gaia2,3.1672,0.0991,gaia2,,,,,,,,,,,,,,,,,,,,,,,,,,,,,,17.2821,0.002054,15.896,0.007,rered,gaia2,,,,,,,,,,,,,,,,313.423,9.8295,0.2817,0.0084,0,,,0,,0.0082,0.0086,schlegel,,,,,,,,,,,9.527,10.132,bj2018,,,,18.5743,0.023747,15.237,0.463406,0,,,,3.36066412848,2.90136274611,150.19427806955,-57.9999078285,0.08415396537,0.09324465669,0,0,699370782
0.066464,J100129.13-620428.5,150.3714108,-62.0745921,374506814,150.37144992365,-62.07458983329,150.371,-62.075,90.0,0,,140-032365,10012914-6204285,0,J100129.13-620428.5,5255874114348186112,30206019,0,STAR,tmgaia2,tmgaia2,-7.005,0.048,3.624,0.038,gaia2,0.4523,0.0234,gaia2,14.131,0.01,14.297,0.103,,,,,,,,,,,12.866,0.028,12.046,0.024,11.266,0.022,AAA-222-111-000-0-0,10.36,0.022,9.788,0.019,6.942,0.013,4.708,0.021,13.9194,0.003357,13.722,0.008,rered,gaia2,8768.0,167.0,4.2431,,,,1.857,,2.2,,0.3438,,DWARF,18.35424,,2082.88,104.42,0.2443,0.005,0,,,0,,0.0049,0.005,schlegel,,,,,,,,,,,99.29,109.55,bj2018,,,dered,14.0667,0.01334,13.636,0.006936,1,ucac4,apassdr9,,0.87633129544,0.59086049792,150.3713855258,-62.0745742288,0.0223356544,0.02066969152,1,0,698884665
0.338815,J100530.57-585032.2,151.3774142,-58.8422952,462463786,151.37749960004,-58.84221210185,151.377,-58.842,90.0,0,,,10053059-5850319,0,J100530.57-585032.2,5258294001994069632,0,0,STAR,tmgaia2,tmgaia2,-7.268,0.552,5.545,0.485,gaia2,0.6134,0.2918,gaia2,,,20.21,0.085,,,,,,,,,,,15.862,0.076,15.271,0.088,14.868,0.125,AAB-222-111-000-0-0,15.014,0.089,16.363,0.266,10.706,0.118,7.549,0.103,19.1901,0.007948,17.972,0.338,rered,gaia2,5613.0,285.0,4.326,,,,1.132,,0.99,,0.6824,,DWARF,1.14604,,1999.51,1712.0,1.1546,0.5256,0,,,0,,0.3925,0.6586,schlegel,,,,,,,,,,,851.78,2572.22,bj2018,,,dered,20.338,0.079483,17.9525,0.032125,1,gaia2,,,9.82384729985,7.52204700987,151.37743911475,-58.84218822876,0.24320017394,0.24588868621,1,0,701483543
0.083474,J100810.40-575030.1,152.0433383,-57.8417088,462731259,152.0433257577,-57.84173100552,152.043,-57.842,90.0,0,,161-041415,10081040-5750302,0,J100810.40-575030.1,5258444566361556992,0,0,STAR,tmgaia2,tmgaia2,-5.468,0.039,2.668,0.037,gaia2,0.3618,0.0221,gaia2,15.037,0.113,14.866,0.092,,,,,,,,,,,12.789,0.026,11.908,0.022,11.019,0.024,AAA-222-111-000-0-0,9.839,0.022,9.337,0.02,6.963,0.019,4.994,0.033,14.2321,0.001233,14.012,0.051,rered,gaia2,,,,,,,,,,,,,,,,2561.28,148.26,1.1571,0.0498,0,,,0,,0.0478,0.0518,schlegel,,,,,,,,,,,139.88,156.64,bj2018,,,,14.5336,0.003629,13.7459,0.003126,1,ucac4,bpbj,,0.6967071293,0.57005722296,152.04328152871,-57.84171951697,0.01930674586,0.01883737979,0,0,703939010
0.126151,J100928.65-465442.5,152.3694096,-46.9118133,375478304,152.36943762185,-46.91184265152,152.369,-46.912,90.0,0,,216-046442,10092866-4654426,0,J100928.65-465442.5,5407677843621400960,22820705,0,STAR,tmgaia2,tmgaia2,-9.241,0.044,4.51,0.045,gaia2,0.6306,0.0264,gaia2,13.274,0.059,13.131,0.08,,,,,,,,,,,11.703,0.026,11.0,0.024,10.213,0.028,AAA-222-111-000-0-0,9.149,0.022,8.43,0.02,6.653,0.015,5.317,0.035,12.8117,0.000947,12.515,0.006,rered,gaia2,7193.0,135.5,3.7935,0.0921,,,2.665,0.157,1.61,0.272,0.0851,0.0214,DWARF,17.12939,1.74358,1517.84,61.315,0.1191,0.0102,761,0.1426,,0,1.3e-05,0.0112,0.0092,schlegel,0.167,0.376,0.168,0.146,0.018,0.0249,0.1026,0.0816,1.38376,2.10341,58.88,63.75,bj2018,124.7,146.3,dered,13.0265,0.002987,12.4513,0.00287,1,ucac4,apassdr9,,0.73686601494,0.69428177591,152.36937937741,-46.91182323369,0.02000400399,0.02164469597,1,0,703840168
0.091037,J101026.98-560453.3,152.6124525,-56.0814762,462950732,152.6124372528,-56.08150001389,152.612,-56.082,90.0,0,,,10102699-5604533,0,J101026.98-560453.3,5259074513494067072,0,0,STAR,tmgaia2,tmgaia2,,,,,,,,,,,,,,,,,,,,,,,14.042,0.033,12.334,0.022,11.648,0.021,AAA-222-111-000-0-0,11.141,0.022,11.124,0.021,9.777,0.054,7.263,0.101,19.5217,0.003581,18.242,0.048,gbprp,,,,,,,,,,,,,,,,,,,,,0,,,0,,,,,,,,,,,,,,,,,,,,,21.1897,0.237554,17.8769,0.016315,0,,,,0.34695029964,0.33530054202,152.6124372528,-56.08150001389,0.34695029964,0.33530054202,0,0,705200833
0.023514,J101147.39-583758.9,152.9474982,-58.6330392,463078584,152.94748898114,-58.63304363126,152.947,-58.633,90.0,0,,157-040070,10114739-5837589,0,J101147.39-583758.9,5258206895738705792,27720859,0,STAR,tmgaia2,tmgaia2,-5.675,0.051,2.868,0.055,gaia2,0.293,0.031,gaia2,13.736,0.0,12.701,0.057,,,,,,,,,,,10.252,0.026,9.795,0.023,9.441,0.024,AAA-222-111-000-0-0,9.063,0.023,8.742,0.02,7.784,0.043,6.669,0.103,12.2786,0.00126,11.575,0.067,rered,gaia2,11914.0,224.0,,,,,14.251,,,,,,GIANT,,,3106.99,311.375,1.2289,0.0778,0,,,0,,0.0736,0.082,schlegel,,,,,,,,,,,281.35,341.4,bj2018,,,dered,12.9496,0.005255,11.4569,0.003502,1,ucac4,apassdr9,,0.90380975982,0.85671482275,152.94744203932,-58.63303128431,0.02572423566,0.02658788121,0,0,705258228
0.026454,J102247.90-620315.5,155.6996189,-62.0543175,378848943,155.69962096225,-62.0543102156,155.7,-62.054,90.0,0,8960-00392-1,140-040227,10224791-6203155,0,J102247.90-620315.5,5253069913034543744,30286902,0,STAR,tmgaia2,tmgaia2,-6.549,0.067,3.049,0.062,gaia2,0.3415,0.036,gaia2,11.4,0.182,11.378,0.018,,,,,,,,,,,11.291,0.024,11.348,0.022,11.358,0.019,AAA-222-111-000-0-0,11.381,0.023,11.45,0.022,10.221,0.046,7.709,0.106,11.317,0.001936,11.471,0.019,rered,gaia2,,,,,,,,,,,,,,,,2717.7,278.35,0.4376,0.0187,0,,,0,,0.0183,0.0191,schlegel,,,,,,,,,,,250.77,305.93,bj2018,,,,11.2941,0.007048,11.3168,0.007784,1,tycho2v3,tycho2b3,,1.21617820943,0.96254049857,155.69956079612,-62.05429708952,0.03252783511,0.03108272667,0,0,712834082
0.10096,J102631.39-583826.1,156.6308253,-58.6405897,464576825,156.6308700539,-58.64060532251,156.631,-58.641,90.0,51109,8612-00404-1,157-045375,10263140-5838260,0,J102631.39-583826.1,5255569549619300096,27840420,0,STAR,tmgaia2,tmgaia2,-5.138,0.051,3.068,0.053,gaia2,0.211,0.0276,gaia2,10.127,0.055,9.68,0.03,,,,,,,,,,,8.414,0.024,8.217,0.044,8.033,0.024,AAA-111-111-00s-0-0,7.631,0.027,7.439,0.02,6.727,0.019,5.821,0.042,9.48645,0.000713,9.158,0.054,rered,gaia2,13155.0,176.0,,,,,,,,,,,,,,4121.61,481.74,0.7033,0.0623,0,,,0,,0.0573,0.0673,schlegel,,,,,,,,,,,428.56,534.92,bj2018,,,dered,9.78838,0.002781,9.02637,0.002955,1,hipvmag,tycho2b3,,0.90648915094,0.82001796178,156.63082754742,-58.64059211376,0.02403917757,0.02443071625,0,0,715585626
0.112495,J102636.36-343431.1,156.6515416,-34.5753251,71720311,156.65154052906,-34.5752938637,156.652,-34.575,90.0,0,7192-01490-1,278-058270,10263637-3434310,0,J102636.36-343431.1,5447406600336762240,16036594,0,STAR,tmgaia2,tmgaia2,-0.047,0.065,-12.261,0.068,gaia2,2.0247,0.0397,gaia2,9.378,0.037,9.221,0.003,,,,,,,,,,,8.42,0.024,8.09,0.034,7.958,0.023,AAA-111-111-000-0-0,7.854,0.026,7.874,0.02,7.607,0.017,7.043,0.092,9.14758,0.000934,8.955,0.006,rered,gaia2,7696.0,133.8,3.5341,0.0775,,,3.809,0.132,1.81,0.29,0.0328,0.0064,DWARF,45.85383,2.53608,487.172,9.5045,0.0627,0.0102,151,0.0249,,0,0.000556,0.0139,0.0065,schlegel,0.217,0.362,0.154,0.109,0.0053,0.0076,0.0653,0.0898,2.58393,2.48824,9.322,9.687,bj2018,110.6,157.0,dered,9.29628,0.001973,8.91129,0.003386,1,tycho2v3,tycho2b3,,1.05788627115,1.05740389037,156.65154028284,-34.57534665498,0.02766212614,0.03109626703,1,0,715307243
0.697159,J102845.74-283037.6,157.1906156,-28.5104708,193136669,157.19082951103,-28.51042422125,157.191,-28.51,90.0,0,,308-064404,10284580-2830374,0,J102845.74-283037.6,5467714064704570112,14330994,0,STAR,tmgaia2,tmgaia2,-65.231,0.149,-12.463,0.136,gaia2,16.2879,0.0826,gaia2,18.054,0.166,16.619,0.252,,,,,,,,,,,10.953,0.027,10.41,0.026,10.026,0.024,AAA-222-111-000-0-0,9.484,0.022,8.992,0.02,8.241,0.022,6.821,0.094,14.5676,0.004106,13.059,0.014,cdwrf,cdwrf,2963.0,157.0,4.7985,0.0054,,,0.431,0.013,0.426,0.02,5.3198,0.228,DWARF,0.0129,0.00354,61.2891,0.3126,0.0,0.0,114,0.0058,,0,0.001125,0.0,0.0,,,,,,,,,,,,0.3111,0.3142,bj2018,,,cdwrf,16.7014,0.015293,13.1946,0.012956,1,ucac4,bpbj,cooldwarfs_v8,2.38269465755,2.10661401114,157.19050989322,-28.51047788348,0.05847599366,0.06642519099,1,0,716709551
0.468516,J103530.39-584807.5,158.8766271,-58.8021093,457970869,158.8766452577,-58.80223910292,158.877,-58.802,90.0,0,,156-049286,10353040-5848079,0,J103530.39-584807.5,5350659060402340864,0,0,STAR,tmgaia2,tmgaia2,-3.381,0.065,-2.006,0.069,gaia2,0.5566,0.0336,gaia2,18.871,0.186,15.645,0.343,,,,,,,,,,,14.588,0.043,14.091,0.043,13.885,0.072,AAA-222-111-000-0-0,13.438,0.063,13.739,0.101,9.697,0.065,7.012,0.107,15.4702,0.002674,14.864,0.015,rered,gaia2,6212.0,127.0,4.1006,,,,1.616,,1.2,,0.2846,,DWARF,3.50186,,1712.28,101.11,0.3684,0.0206,0,,,0,,0.0195,0.0217,schlegel,,,,,,,,,,,95.27,106.95,bj2018,,,dered,15.9463,0.007059,14.7754,0.007935,1,ucac4,bpbj,,1.15280257636,1.07615399281,158.87661715787,-58.80224773922,0.02881849187,0.02972462932,1,0,720833070
1.28932,J103530.39-584807.5,158.8766271,-58.8021093,860347800,158.87731847203,-58.8021127832,158.877,-58.802,90.0,0,,,,0,,5350659060391932800,0,0,STAR,gaia2,gaia2,-25.1,0.754,9.974,1.057,gaia2,1.1313,0.349,gaia2,,,,,,,,,,,,,,,,,,,,,,,,,,,,,,18.9254,0.004839,18.495,0.6,goffs,gaia2,,,,,,,,,,,,,,,,997.95,728.879,0.2198,0.152,0,,,0,,0.076,0.2281,schlegel,,,,,,,,,,,352.198,1105.56,bj2018,,,,,0.0,,0.0,0,,,,13.42562228633,16.38791218867,158.87710983943,-58.80206983915,0.32905028595,0.33781574638,0,0,721471600
0.221138,J103639.87-591004.6,159.1661481,-59.1679649,458114439,159.16626690325,-59.16795678964,159.166,-59.168,90.0,51940,8613-01062-1,155-052195,10363989-5910046,0,J103639.87-591004.6,5350632706482365184,27961166,0,STAR,tmgaia2,tmgaia2,-14.441,0.081,1.174,0.075,gaia2,2.1946,0.0453,gaia2,,,7.55,0.03,,,,,,,,,,,7.744,0.023,7.815,0.04,7.847,0.024,AAA-111-111-000-0-0,7.869,0.024,7.932,0.019,7.798,0.025,7.058,0.095,7.51699,0.000628,7.658,0.006,rered,gaia2,,,,,,,,,,,,,,,,450.038,9.2595,0.0529,0.0011,0,,,0,,0.001,0.0011,schlegel,,,,,,,,,,,9.072,9.447,bj2018,,,,7.47921,0.002071,7.62979,0.002038,1,hipvmag,,,1.44651664359,1.17007703368,159.16614558868,-59.16795173416,0.03861810859,0.03895186957,0,0,722146003
0.306063,J103643.71-591031.7,159.1821455,-59.1754834,458114381,159.18230753497,-59.17550168263,159.182,-59.175,90.0,0,,155-052226,10364374-5910317,0,J103643.71-591031.7,5350632637762887936,27961623,0,STAR,tmgaia2,tmgaia2,-26.122,0.05,9.015,0.045,gaia2,1.5453,0.0283,gaia2,10.194,0.038,10.002,0.023,,,,,,,,,,,9.029,0.02,8.93,0.021,8.855,0.019,AAA-122-111-000-0-0,8.837,0.023,8.861,0.019,8.458,0.072,6.888,0.094,9.70631,0.000375,9.426,0.006,rered,gaia2,7078.0,134.8,3.3225,0.0911,,,4.526,0.196,1.57,0.279,0.0169,0.0041,DWARF,46.32037,2.80812,635.527,11.5215,0.0706,0.0102,2016,2.6476,,0,2.7e-05,0.0117,0.0087,schlegel,0.217,0.342,0.204,0.187,0.0045,0.0037,0.1103,0.0719,2.95586,2.66037,11.317,11.726,bj2018,118.2,151.4,dered,9.92766,0.001145,9.38731,0.00192,1,ucac4,apassdr9,,0.89780727088,0.70158601662,159.18208804755,-59.17546286965,0.02381385738,0.02350696947,1,0,722145945
0.02208,J103845.83-605949.8,159.6909847,-60.9971766,461077579,159.69098540905,-60.99717047636,159.691,-60.997,90.0,0,,146-054561,10384583-6059498,0,J103845.83-605949.8,5254112284436139520,30337531,0,STAR,tmgaia2,tmgaia2,-5.906,0.067,1.895,0.066,gaia2,0.2267,0.0381,gaia2,15.72,0.063,14.167,0.08,,,,,,,,,,,9.486,0.026,8.526,0.065,8.163,0.031,AAA-211-111-000-0-0,8.029,0.022,8.266,0.02,7.878,0.03,6.945,0.104,12.6507,0.000495,11.328,0.02,rered,gaia2,3756.0,122.0,,,,,64.811,,,,,,GIANT,,,3897.45,618.475,0.5408,0.0442,0,,,0,,0.0417,0.0466,schlegel,,,,,,,,,,,527.08,709.87,bj2018,,,dered,14.2633,0.003913,11.4204,0.0016,1,ucac4,apassdr9,,1.20323364482,1.02269662154,159.69093296736,-60.99716231536,0.03418493178,0.03636597058,0,0,723576345
0.281334,J104043.45-552625.1,160.1810477,-55.4403122,458501441,160.18118529279,-55.44030831094,160.181,-55.44,90.0,0,,173-054462,10404347-5526252,0,J104043.45-552625.1,5353680617114898176,27984920,0,STAR,tmgaia2,tmgaia2,-27.14,0.046,1.963,0.043,gaia2,0.5951,0.0274,gaia2,14.144,0.047,12.709,0.08,,,,,,,,,,,10.577,0.024,9.955,0.025,9.847,0.027,AAA-222-111-000-0-0,9.72,0.023,9.778,0.02,9.359,0.031,7.572,0.093,12.4786,0.002548,11.707,0.012,rered,gaia2,5685.0,126.0,,,,,8.501,,,,,,GIANT,,,1604.24,71.065,0.4954,0.0157,0,,,0,,0.0152,0.0162,schlegel,,,,,,,,,,,67.98,74.15,bj2018,,,dered,13.1771,0.008055,11.6787,0.006882,1,ucac4,apassdr9,,0.8137862453,0.6688925782,160.18097929858,-55.44029985719,0.02317441427,0.0218165516,0,0,724921483
0.160622,J104142.92-612155.7,160.4288408,-61.3654924,390196401,160.42882252938,-61.36544865019,160.429,-61.365,90.0,0,,144-052588,10414291-6121556,0,J104142.92-612155.7,5254043633672158080,0,0,STAR,tmgaia2,tmgaia2,-4.596,0.056,4.703,0.05,gaia2,0.9665,0.0313,gaia2,18.225,0.102,15.824,0.206,,,,,,,,,,,14.251,0.03,13.822,0.035,13.666,0.067,AAA-222-111-000-0-0,13.148,0.03,13.286,0.033,10.006,0.087,7.574,0.089,15.4946,0.012212,14.865,0.014,rered,gaia2,5131.0,175.0,4.3121,,,,1.072,,0.86,,0.6979,,DWARF,0.71772,,1005.99,31.9335,0.1333,0.0036,0,,,0,,0.0035,0.0037,schlegel,,,,,,,,,,,30.937,32.93,bj2018,,,dered,16.0103,0.037044,14.7839,0.03649,1,ucac4,bpbj,,1.00105249361,0.76868209007,160.42878124001,-61.36542839945,0.02821728531,0.02650625957,1,0,724791660
1.751953,J104858.38-612758.3,162.2432565,-61.4662145,915200026,162.24412125218,-61.46595720325,162.244,-61.466,90.0,0,,,,0,,5242121040662582144,0,0,STAR,gaia2,gaia2,-7.046,0.845,3.053,0.735,gaia2,-0.0058,0.3928,gaia2,,,,,,,,,,,,,,,,,,,,,,,,,,,,,,19.4752,0.010767,19.045,0.6,goffs,gaia2,,,,,,,,,,,,,,,,4241.5,2628.91,0.7111,0.2083,0,,,0,,0.2264,0.1902,schlegel,,,,,,,,,,,1943.78,3314.03,bj2018,,,,,0.0,,0.0,0,,,,15.24145936887,11.3951312131,162.24405774598,-61.46594405776,0.36599019095,0.36185090159,0,0,730943316
0.009643,J105106.00-621701.6,162.7750075,-62.2837887,465247492,162.77500735963,-62.28379137795,162.775,-62.284,90.0,0,8961-00618-1,139-050386,10510600-6217016,0,J105106.00-621701.6,5241922754918453760,30400021,0,STAR,tmgaia2,tmgaia2,-5.771,0.048,1.734,0.043,gaia2,0.1558,0.0274,gaia2,11.81,0.213,11.375,0.015,,,,,,,,,,,10.055,0.023,9.763,0.025,9.21,0.019,AAA-222-111-000-0-0,8.901,0.023,8.556,0.02,7.781,0.019,6.965,0.063,11.1562,0.001489,10.893,0.035,rered,gaia2,,,,,,,,,,,,,,,,5326.24,822.385,0.7685,0.0376,0,,,0,,0.0378,0.0374,schlegel,,,,,,,,,,,705.18,939.59,bj2018,,,,11.4171,0.003633,10.7295,0.002126,1,tycho2v3,tycho2b3,,0.87481853923,0.6624766033,162.77495393368,-62.28378391148,0.02427689284,0.02257649867,0,0,731925164
0.179296,J105145.23-600547.0,162.938474,-60.0963971,465207656,162.93845330644,-60.0963483758,162.938,-60.096,90.0,0,,,10514522-6005468,0,J105145.23-600547.0,5338291994165790592,0,0,STAR,tmgaia2,tmgaia2,-6.538,0.076,2.148,0.063,gaia2,0.3942,0.0431,gaia2,,,16.585,0.046,,,,,,,,,,,14.527,0.052,13.811,0.051,13.217,0.037,AAA-222-111-000-0-0,12.413,0.032,12.163,0.034,9.218,0.071,6.291,0.056,16.3173,0.002523,15.706,0.027,rered,gaia2,6294.0,131.0,4.1605,,,,1.527,,1.23,,0.3457,,DWARF,3.29483,,2374.79,254.415,0.3951,0.0381,0,,,0,,0.0346,0.0416,schlegel,,,,,,,,,,,228.15,280.68,bj2018,,,dered,16.786,0.010551,15.6045,0.008674,1,gaia2,,,1.35416002437,0.98203132587,162.93839684021,-60.09633912894,0.03515993852,0.03421217891,1,0,731903677
0.112861,J105205.79-602438.2,163.0241288,-60.410613,465349938,163.02406580323,-60.41060909843,163.024,-60.411,90.0,0,,148-065693,10520579-6024382,0,J105205.79-602438.2,5338255332322386304,0,0,STAR,tmgaia2,tmgaia2,,,,,,,,,16.519,0.109,15.545,0.092,,,,,,,,,,,13.206,0.026,12.369,0.027,11.614,0.024,AAA-222-111-000-0-0,10.49,0.023,10.011,0.021,7.554,0.025,4.948,0.027,15.0024,0.003204,14.474,0.007,gbprp,,,,,,,,,,,,,,,,,,,,,0,,,0,,,,,,,,,,,,,,,,,,,,,15.3981,0.011333,14.3754,0.007896,0,ucac4,bpbj,,0.10063894373,0.10095148621,163.02406580323,-60.41060909843,0.10063894373,0.10095148621,0,0,733353491
2.228115,J105205.79-602438.2,163.0241288,-60.410613,924619988,163.02349791136,-60.41114780787,163.023,-60.411,90.0,0,,,,0,,5338255332293438464,0,0,STAR,gaia2,gaia2,-5.448,0.559,1.868,0.457,gaia2,0.4093,0.3754,gaia2,,,19.561,0.101,,,,,,,,,,,,,,,,,,,,,,,,,,19.3758,0.005754,18.875,0.043,gbprp,gaia2,,,,,,,,,,,,,,,,2871.12,2086.33,0.5949,0.3339,0,,,0,,0.2576,0.4102,schlegel,,,,,,,,,,,1368.74,2803.92,bj2018,,,,18.3968,0.224551,17.4317,0.135671,0,gaia2,,,10.03702212175,7.09279891815,163.02345040724,-60.41113976678,0.29257618211,0.27414306168,1,1,733959808
0.060733,J105306.16-603756.5,163.2756685,-60.6323832,465382229,163.27568858959,-60.63239689457,163.276,-60.632,90.0,0,,147-063775,10530616-6037566,0,J105306.16-603756.5,5338204411184652288,0,0,STAR,tmgaia2,tmgaia2,-4.91,0.072,2.235,0.064,gaia2,0.0091,0.0424,gaia2,17.549,0.166,15.049,0.08,,,,,,,,,,,10.381,0.023,9.621,0.023,9.157,0.019,AAA-222-111-000-0-0,8.844,0.022,8.736,0.02,8.288,0.028,7.065,0.094,13.8526,0.000543,12.465,0.103,rered,gaia2,5390.0,123.0,,,,,89.254,,,,,,GIANT,,,9596.5,2597.81,1.3532,0.1642,0,,,0,,0.1656,0.1628,schlegel,,,,,,,,,,,2148.93,3046.7,bj2018,,,dered,15.3202,0.003928,12.5969,0.00405,1,ucac4,bpbj,,1.30222776771,0.98828763368,163.27564547811,-60.63238727368,0.03790245332,0.03397705853,0,0,733365248
2.145518,J105306.16-603756.5,163.2756685,-60.6323832,924521819,163.27529269005,-60.63181643625,163.275,-60.632,90.0,0,,,,0,,5338204411141269632,0,0,STAR,gaia2,gaia2,-7.908,0.618,4.05,0.369,gaia2,0.5211,0.2481,gaia2,,,,,,,,,,,,,,,,,,,,,,,,,,,,,,18.3904,0.011064,17.96,0.6,goffs,gaia2,,,,,,,,,,,,,,,,2177.11,1585.96,0.484,0.2736,0,,,0,,0.1742,0.3729,schlegel,,,,,,,,,,,863.41,2308.52,bj2018,,,,,0.0,,0.0,0,,,,11.09920467014,5.72732868171,163.27522326227,-60.63179899989,0.30402261499,0.17828847004,0,0,733930673
0.045744,J105802.39-600523.6,164.5099769,-60.0898918,465912509,164.50995192237,-60.08989431685,164.51,-60.09,90.0,0,,150-065291,10580239-6005237,0,J105802.39-600523.6,5338137439714783488,30437619,0,STAR,tmgaia2,tmgaia2,-5.21,0.028,2.064,0.025,gaia2,0.1124,0.0173,gaia2,14.422,0.033,13.794,0.126,,,,,,,,,,,11.695,0.029,11.393,0.022,11.279,0.024,AAA-222-111-000-0-0,11.194,0.025,11.217,0.028,9.254,0.463,4.831,0.086,13.409,0.000353,12.828,0.091,rered,gaia2,11504.0,143.0,,,,,15.067,,,,,,GIANT,,,6830.25,809.95,1.0302,0.1068,0,,,0,,0.0967,0.1169,schlegel,,,,,,,,,,,721.19,898.71,bj2018,,,dered,13.9364,0.002033,12.6902,0.001383,1,ucac4,apassdr9,,0.49974653256,0.38727490275,164.50990693593,-60.08988543062,0.01494781237,0.01327254511,0,0,737682847
2.293055,J105802.39-600523.6,164.5099769,-60.0898918,924394717,164.51028898536,-60.0905094577,164.51,-60.09,90.0,0,,,,0,,5338137444036088192,0,0,STAR,gaia2,gaia2,-34.162,0.922,5.623,0.738,gaia2,5.2973,0.656,gaia2,,,,,,,,,,,,,,,,,,,,,,,,,,,,,,18.9321,0.01414,18.502,0.6,goffs,gaia2,,,,,,,,,,,,,,,,193.414,27.2215,0.033,0.0046,0,,,0,,0.004,0.0053,schlegel,,,,,,,,,,,23.491,30.952,bj2018,,,,,0.0,,0.0,0,,,,16.51705762591,11.44370345263,164.50999400857,-60.09048524715,0.53811065418,0.45016182427,0,0,738292672
0.204868,J110224.54-603006.3,165.6022794,-60.5017616,466295427,165.60222434497,-60.50181163603,165.602,-60.502,90.0,0,,148-071965,11022454-6030065,0,J110224.54-603006.3,5338089409141472128,30460862,0,STAR,tmgaia2,tmgaia2,-5.962,0.049,2.461,0.047,gaia2,0.1551,0.0306,gaia2,16.117,0.127,15.12,0.069,,,,,,,,,,,13.068,0.036,12.699,0.037,12.524,0.036,AAA-222-111-000-0-0,12.382,0.027,12.458,0.03,9.995,0.124,6.892,0.074,14.9798,0.003292,14.232,0.049,rered,gaia2,5941.0,142.0,,,,,8.227,,,,,,GIANT,,,5245.9,870.775,0.5192,0.0731,0,,,0,,0.064,0.0822,schlegel,,,,,,,,,,,740.51,1001.04,bj2018,,,dered,15.6079,0.021396,14.1582,0.006117,1,ucac4,apassdr9,,0.8871485595,0.7262679791,165.60217221297,-60.50180104002,0.02306186006,0.02554765209,0,0,740593790
2.439904,J110224.54-603006.3,165.6022794,-60.5017616,924314829,165.60356832241,-60.50152380027,165.604,-60.502,90.0,0,,,,0,,5338089409141474048,0,0,STAR,gaia2,gaia2,,,,,,,,,,,17.344,0.047,,,,,,,,,,,,,,,,,,,,,,,,,,17.0669,0.003436,16.456,0.008,gbprp,,,,,,,,,,,,,,,,,,,,,0,,,0,,,,,,,,,,,,,,,,,,,,,17.4256,0.018663,16.2215,0.01108,0,gaia2,,,0.72530686478,0.7802042448,165.60356832241,-60.50152380027,0.72530686478,0.7802042448,0,0,741178016
0.121017,J110427.41-591205.6,166.114242,-59.2015758,305457817,166.11430663234,-59.20158170506,166.114,-59.202,90.0,0,8627-00791-2,154-062824,11042742-5912057,0,J110427.41-591205.6,5338620262752781056,28085258,0,STAR,tmgaia2,tmgaia2,-8.193,0.056,2.209,0.047,gaia2,0.3507,0.0346,gaia2,11.534,0.219,11.46,0.02,,,,,,,,,,,11.11,0.022,11.096,0.024,11.082,0.021,AAA-222-111-000-0-0,11.057,0.025,11.108,0.023,9.73,0.048,7.536,0.1,11.4863,0.000462,11.448,0.032,rered,gaia2,,,,,,,,,,,,,,,,2636.77,250.27,0.4347,0.0349,0,,,0,,0.0322,0.0375,schlegel,,,,,,,,,,,227.35,273.19,bj2018,,,,11.5553,0.002628,11.3121,0.001206,1,tycho2v3,tycho2b3,,0.99307379833,0.7327926159,166.11423773762,-59.20157219484,0.02833212509,0.02545982085,0,0,741852908
0.105455,J110649.64-613023.9,166.7068458,-61.506649,466709916,166.70683953562,-61.50661985983,166.707,-61.507,90.0,0,,143-071918,11064963-6130238,0,J110649.64-613023.9,5337169083518954240,0,0,STAR,tmgaia2,tmgaia2,-6.523,0.04,0.838,0.033,gaia2,0.3584,0.0233,gaia2,17.106,0.102,15.51,0.172,,,,,,,,,,,13.254,0.024,12.379,0.022,11.733,0.019,AAA-222-111-000-0-0,11.014,0.024,10.597,0.023,8.299,0.03,6.886,0.066,14.5838,0.007186,13.923,0.018,rered,gaia2,6268.0,148.0,3.3076,,,,4.059,,1.22,,0.0182,,DWARF,22.91021,,2585.86,159.79,0.4635,0.0232,0,,,0,,0.0221,0.0243,schlegel,,,,,,,,,,,150.15,169.43,bj2018,,,dered,15.0968,0.021665,13.818,0.01225,1,ucac4,bpbj,,0.72405153791,0.50988981195,166.70678066678,-61.50661625109,0.0198403477,0.01804939465,1,0,743487056
1.391083,J110649.64-613023.9,166.7068458,-61.506649,922840741,166.7060488648,-61.50671810297,166.706,-61.507,90.0,0,,,,0,,5337169083518954624,0,0,STAR,gaia2,gaia2,-5.668,0.371,2.203,0.28,gaia2,0.5076,0.2295,gaia2,,,,,,,,,,,,,,,,,,,,,,,,,,,,,,17.977,0.003853,17.547,0.6,goffs,gaia2,,,,,,,,,,,,,,,,2193.83,1544.93,0.4051,0.2161,0,,,0,,0.1395,0.2927,schlegel,,,,,,,,,,,843.25,2246.6,bj2018,,,,,0.0,,0.0,0,,,,6.6971593542,4.33832832865,166.70599770579,-61.50670861887,0.1855406051,0.16321590347,0,0,743942957
1.396342,J110649.64-613023.9,166.7068458,-61.506649,922840812,166.70677878338,-61.50626244697,166.707,-61.506,90.0,0,,,,0,,5337169083535001344,0,0,STAR,gaia2,gaia2,-7.994,2.246,2.768,1.366,gaia2,2.9535,1.2148,gaia2,,,,,,,,,,,,,,,,,,,,,,,,,,,,,,19.7402,0.014969,19.31,0.6,goffs,gaia2,,,,,,,,,,,,,,,,1886.99,1886.99,0.3561,0.3396,0,,,0,,0.2848,0.3944,schlegel,,,,,,,,,,,1551.45,3065.56,bj2018,,,,,0.0,,0.0,0,,,,40.53302233589,21.18587607033,166.70670663455,-61.50625053033,1.16426041458,0.59586105112,0,0,743943028
0.092872,J110833.69-610035.4,167.1403957,-61.0098536,466883582,167.14044866716,-61.00985615324,167.14,-61.01,90.0,0,,145-072349,11083371-6100354,0,J110833.69-610035.4,5337296901767930112,0,0,STAR,tmgaia2,tmgaia2,-6.269,0.041,1.202,0.037,gaia2,0.3621,0.0271,gaia2,15.475,0.11,15.126,0.217,,,,,,,,,,,13.586,0.021,12.92,0.021,12.15,0.023,AAA-222-111-000-0-0,11.11,0.025,10.674,0.024,7.825,0.023,6.028,0.089,14.8666,0.002738,14.543,0.018,rered,gaia2,8048.0,136.0,4.1906,,,,1.857,,1.95,,0.3046,,DWARF,13.03045,,2561.79,182.29,0.3255,0.0208,0,,,0,,0.0195,0.0221,schlegel,,,,,,,,,,,169.66,194.92,bj2018,,,dered,15.1026,0.009916,14.4464,0.006708,1,ucac4,bpbj,,0.73212004434,0.57228454557,167.1403929729,-61.00985097952,0.02112406757,0.0216309783,1,0,744911570
1.740136,J110833.69-610035.4,167.1403957,-61.0098536,923028309,167.14007937033,-61.00939518677,167.14,-61.009,90.0,0,,,,0,,5337296901751065856,0,0,STAR,gaia2,gaia2,,,,,,,,,,,,,,,,,,,,,,,,,,,,,,,,,,,,,,20.425,0.014923,19.995,0.6,goffs,,,,,,,,,,,,,,,,,,,,,0,,,0,,,,,,,,,,,,,,,,,,,,,,0.0,,0.0,0,,,,3.37706944844,1.53186674018,167.14007937033,-61.00939518677,3.37706944844,1.53186674018,0,0,745406571
0.032208,J110859.18-564050.5,167.2466071,-56.6807178,307878702,167.24660939117,-56.68072665766,167.247,-56.681,90.0,0,8624-02110-1,167-059942,11085918-5640506,0,J110859.18-564050.5,5340760981860602240,28100151,0,STAR,tmgaia2,tmgaia2,-6.282,0.059,2.827,0.053,gaia2,0.2745,0.0406,gaia2,10.199,0.064,10.21,0.006,,,,,,,,,,,10.006,0.023,10.044,0.022,10.045,0.021,AAA-222-111-000-0-0,10.084,0.022,10.129,0.02,9.611,0.04,7.133,0.066,10.0911,0.000573,10.143,0.019,rered,gaia2,,,,,,,,,,,,,,,,3267.25,454.24,0.3528,0.0199,0,,,0,,0.0194,0.0203,schlegel,,,,,,,,,,,395.09,513.39,bj2018,,,,10.1159,0.001207,10.0312,0.001021,1,tycho2v3,tycho2b3,,1.03654603901,0.81721615506,167.24656015072,-56.68071448617,0.02980681323,0.02852269632,0,0,744773004
0.29079,J111010.86-575233.4,167.545259,-57.8759463,308272368,167.54539562975,-57.87591100033,167.545,-57.876,90.0,0,,161-064512,11101089-5752332,0,J111010.86-575233.4,5340293517628210688,0,0,STAR,tmgaia2,tmgaia2,-6.197,0.08,2.075,0.07,gaia2,0.1612,0.0507,gaia2,17.167,0.12,16.455,0.104,,,,,,,,,,,14.745,0.047,14.354,0.05,14.17,0.079,AAA-222-111-000-0-0,13.872,0.03,14.201,0.045,10.803,0.065,7.67,0.095,16.4409,0.002265,15.77,0.034,rered,gaia2,6431.0,133.0,3.5319,,,,3.236,,1.3,,0.0384,,DWARF,16.14024,,4779.12,1161.39,0.5169,0.0485,0,,,0,,0.048,0.049,schlegel,,,,,,,,,,,930.5,1392.28,bj2018,,,dered,17.0112,0.012868,15.7103,0.008746,1,ucac4,bpbj,,1.42585085908,1.08462676517,167.54534545661,-57.87590206675,0.04411644922,0.0392016863,1,0,746129813
0.033461,J111159.53-601522.9,167.99808,-60.2563776,467247237,167.99809573426,-60.25637255435,167.998,-60.256,90.0,0,,149-071827,11115953-6015230,0,J111159.53-601522.9,5337673725022922368,30489104,0,STAR,tmgaia2,tmgaia2,-6.022,0.041,2.212,0.039,gaia2,0.4557,0.0263,gaia2,16.037,-0.136,15.245,0.012,,,,,,,,,,,13.32,0.033,12.498,0.027,11.644,0.023,AAA-222-111-000-0-0,10.891,0.023,10.354,0.021,7.45,0.021,5.17,0.039,14.9977,0.006642,14.469,0.01,rered,gaia2,5615.0,180.0,3.7578,,,,2.178,,0.99,,0.0959,,DWARF,4.24654,,2067.06,115.465,0.1099,0.0059,0,,,0,,0.0056,0.0062,schlegel,,,,,,,,,,,109.16,121.77,bj2018,,,dered,15.4287,0.042288,14.4126,0.012274,1,ucac4,apassdr9,,0.72625667108,0.60873128316,167.99804347164,-60.25636303064,0.01918284424,0.02196970351,1,0,746393794
1.732899,J111159.53-601522.9,167.99808,-60.2563776,923609281,167.9980581073,-60.25589636161,167.998,-60.256,90.0,0,,,,0,,5337673724994635520,0,0,STAR,gaia2,gaia2,,,,,,,,,,,,,,,,,,,,,,,,,,,,,,,,,,,,,,20.0667,0.018167,19.637,0.6,goffs,,,,,,,,,,,,,,,,,,,,,0,,,0,,,,,,,,,,,,,,,,,,,,,,0.0,,0.0,0,,,,1.20715546791,0.88376475625,167.9980581073,-60.25589636161,1.20715546791,0.88376475625,0,0,746821141
0.064732,J111311.68-585058.2,168.2987015,-58.8495022,449943244,168.29873341417,-58.84949507403,168.299,-58.849,90.0,0,,156-065253,11131170-5850581,0,J111311.68-585058.2,5339358108121018240,28113964,0,STAR,tmgaia2,tmgaia2,-6.016,0.032,1.825,0.036,gaia2,0.2979,0.0207,gaia2,14.189,0.047,14.033,0.16,,,,,,,,,,,12.682,0.028,12.065,0.029,11.337,0.023,AAA-222-111-000-0-0,10.301,0.022,9.652,0.02,6.938,0.017,5.429,0.034,13.7993,0.001531,13.556,0.022,rered,gaia2,12297.0,311.0,,,,,,,,,,,,,,3056.95,197.715,0.5454,0.0243,0,,,0,,0.0234,0.0253,schlegel,,,,,,,,,,,185.28,210.15,bj2018,,,dered,14.0218,0.008156,13.4375,0.00548,1,ucac4,apassdr9,,0.5707060787,0.55539699596,168.29868333755,-58.84948721782,0.01545587636,0.01738778492,0,0,747574970
0.117015,J111500.04-601219.6,168.7501714,-60.2054709,467455282,168.75023323354,-60.20546029253,168.75,-60.205,90.0,0,,149-073230,11150005-6012196,0,J111500.04-601219.6,5337759796166267776,30496226,0,STAR,tmgaia2,tmgaia2,-6.371,0.034,1.738,0.026,gaia2,0.15,0.017,gaia2,14.322,-0.03,13.916,0.103,,,,,,,,,,,12.033,0.026,11.68,0.022,11.363,0.023,AAA-222-111-000-0-0,10.992,0.024,10.699,0.022,9.202,0.05,7.244,0.098,13.5114,0.001275,12.979,0.015,rered,gaia2,6230.0,127.0,,,,,11.101,,,,,,GIANT,,,5501.06,528.385,0.2598,0.0208,0,,,0,,0.0192,0.0223,schlegel,,,,,,,,,,,480.19,576.58,bj2018,,,dered,13.923,0.007119,12.8997,0.00752,1,ucac4,apassdr9,,0.60435344307,0.40910023503,168.75017802528,-60.20545280845,0.01395538177,0.01358843442,0,0,748939729
0.129496,J111617.36-495603.9,169.0723458,-49.9344262,82260800,169.07232303991,-49.93445905266,169.072,-49.934,90.0,0,,201-057629,11161737-4956041,0,J111617.36-495603.9,5349926953136953216,0,0,STAR,tmgaia2,tmgaia2,,,,,,,,,17.113,0.162,16.902,0.16,,,,,,,,,,,8.021,0.023,7.04,0.027,6.496,0.024,AAA-111-111-000-0-0,6.225,0.094,5.98,0.035,5.348,0.015,4.667,0.03,12.9497,0.009337,11.381,0.011,gbprp,,,,,,,,,,,,,,,,,,,,,0,,,0,,,,,,,,,,,,,,,,,,,,,16.3214,0.041315,11.2727,0.030364,0,ucac4,bpbj,,0.10443405945,0.09361076426,169.07232303991,-49.93445905266,0.10443405945,0.09361076426,0,0,749997583
0.148769,J111928.42-583020.8,169.8684408,-58.5057867,450888405,169.86850607193,-58.50576335457,169.868,-58.506,90.0,0,8628-01674-1,158-066664,11192844-5830207,0,J111928.42-583020.8,5339290312010968192,28133753,0,STAR,tmgaia2,tmgaia2,-7.77,0.042,0.973,0.038,gaia2,0.7141,0.0305,gaia2,9.86,0.049,9.432,0.003,,,,,,,,,,,8.19,0.021,7.925,0.04,7.747,0.027,AAA-111-111-000-0-0,7.439,0.027,7.268,0.019,7.018,0.015,6.626,0.062,9.2753,0.003238,8.89,0.009,rered,gaia2,7142.0,135.0,,,,,14.265,,,,,,GIANT,,,1348.01,55.905,0.2423,0.0081,0,,,0,,0.0078,0.0083,schlegel,,,,,,,,,,,53.64,58.17,bj2018,,,dered,9.57361,0.008738,8.82433,0.011225,1,tycho2v3,tycho2b3,,0.74747898797,0.59139229711,169.8684420319,-58.50575916607,0.02284540613,0.02266947271,0,0,751543182
0.15456,J112457.49-310125.7,171.2395619,-31.0238151,57301465,171.23956204775,-31.02377216679,171.24,-31.024,90.0,0,,,11245751-3101254,0,J112457.49-310125.7,3481728295204092288,0,0,STAR,tmgaia2,tmgaia2,-2.898,2.277,-7.229,2.276,hsoy,,,,18.525,0.109,18.895,0.047,,,,,,,,,,,16.345,0.101,15.894,0.14,14.967,0.121,ABB-222-111-000-0-0,14.055,0.027,13.254,0.03,9.623,0.04,6.763,0.074,18.6287,0.003844,18.029,0.01,gbprp,,,,,,,,,,,,,,DWARF,,,,,,,0,,,0,,,,,,,,,,,,,,,,,,,,,18.6702,0.024606,17.4922,0.009129,0,gaia2,bpbj,,36.62281197174,35.28648232022,171.2395474855,-31.02380329097,0.31395835731,0.22733559425,1,0,755375218
0.040446,J112529.80-601117.6,171.3741973,-60.1882465,315841829,171.37421989741,-60.18824638038,171.374,-60.188,90.0,0,,150-079009,11252981-6011176,0,J112529.80-601117.6,5336022121145223808,0,0,STAR,tmgaia2,tmgaia2,-6.062,0.068,0.845,0.053,gaia2,0.4304,0.0354,gaia2,17.323,0.109,16.441,0.275,,,,,,,,,,,13.986,0.028,13.061,0.025,12.199,0.031,AAA-222-111-000-0-0,11.383,0.022,10.922,0.02,9.996,0.052,7.175,0.075,15.5861,0.003924,15.001,0.014,rered,gaia2,5896.0,143.0,3.9059,,,,1.909,,1.07,,0.1539,,DWARF,3.96683,,2182.98,173.225,0.2625,0.018,0,,,0,,0.0168,0.0192,schlegel,,,,,,,,,,,159.87,186.58,bj2018,,,dered,16.0594,0.020059,14.9324,0.010781,1,ucac4,bpbj,,1.21600722959,0.82318080461,171.37416739392,-60.18824274251,0.03100101765,0.02876708877,1,0,755595993
1.507249,J112529.80-601117.6,171.3741973,-60.1882465,921255601,171.37460679207,-60.18861235359,171.375,-60.189,90.0,0,,,,0,,5336022121115378304,0,0,STAR,gaia2,gaia2,-3.483,1.116,1.547,0.73,gaia2,1.3172,0.5292,gaia2,,,,,,,,,,,,,,,,,,,,,,,,,,,,,,19.7324,0.00535,19.302,0.6,goffs,gaia2,,,,,,,,,,,,,,,,1022.75,1022.75,0.1321,0.1468,0,,,0,,0.0574,0.2362,schlegel,,,,,,,,,,,461.125,2249.68,bj2018,,,,,0.0,,0.0,0,,,,19.99183906921,11.31864656355,171.37457662655,-60.18860569372,0.46784958518,0.38531851647,0,0,756153978
0.047711,J112754.19-615955.3,171.9758191,-61.9987015,316656653,171.97581722593,-61.99871472376,171.976,-61.999,90.0,0,,141-074056,11275419-6159554,0,J112754.19-615955.3,5334289600010056576,30533946,0,STAR,tmgaia2,tmgaia2,-7.74,0.059,2.788,0.043,gaia2,0.2427,0.0355,gaia2,17.126,0.0,15.829,0.137,,,,,,,,,,,12.471,0.023,11.591,0.022,11.298,0.021,AAA-222-111-000-0-0,11.052,0.025,11.176,0.025,10.646,0.248,7.59,0.106,15.104,0.002241,14.107,0.086,rered,gaia2,6697.0,127.0,,,,,8.479,,,,,,GIANT,,,3660.6,500.335,1.0723,0.1212,0,,,0,,0.1085,0.1339,schlegel,,,,,,,,,,,436.01,564.66,bj2018,,,dered,16.0542,0.006367,14.1014,0.007666,1,ucac4,apassdr9,,1.05853028819,0.66452184604,171.97574624211,-61.99870272097,0.03331708653,0.02335092821,0,0,756926142
0.094007,J112808.54-635837.2,172.035587,-63.9770128,316800030,172.03557822548,-63.97698697235,172.036,-63.977,90.0,0,,131-051062,11280853-6358371,0,J112808.54-635837.2,5333673151932763904,30534838,0,STAR,tmgaia2,tmgaia2,-6.662,0.034,0.849,0.031,gaia2,0.3948,0.0212,gaia2,15.814,0.102,15.214,0.217,,,,,,,,,,,13.089,0.027,12.382,0.026,11.683,0.023,AAA-222-111-000-0-0,10.709,0.023,10.102,0.021,7.422,0.022,5.779,0.062,14.7526,0.003187,14.371,0.037,rered,gaia2,,,,,,,,,,,,,,,,2363.82,121.25,1.1782,0.0383,0,,,0,,0.0372,0.0394,schlegel,,,,,,,,,,,115.16,127.34,bj2018,,,,15.1587,0.010166,14.1475,0.007336,1,ucac4,apassdr9,,0.61754735581,0.47650758818,172.03551285109,-63.97698331865,0.01629946898,0.01684928654,0,0,758240811
0.089947,J112827.96-593904.5,172.1165281,-59.651264,451579772,172.11647934044,-59.65126816046,172.116,-59.651,90.0,0,,,11282797-5939045,0,J112827.96-593904.5,5336145163357959808,0,0,STAR,tmgaia2,tmgaia2,,,,,,,,,17.175,0.318,,,,,,,,,,,,,8.132,0.032,6.986,0.051,6.494,0.021,AAA-111-111-000-0-0,6.266,0.088,6.078,0.035,5.21,0.014,4.16,0.022,13.4343,0.009532,11.805,0.011,gbprp,,,,,,,,,,,,,,,,,,,,,0,,,0,,,,,,,,,,,,,,,,,,,,,17.2829,0.041671,11.7698,0.027897,0,,bpbj,,0.09776427598,0.08287952741,172.11647934044,-59.65126816046,0.09776427598,0.08287952741,0,0,758315565
0.09483,J112938.82-595344.5,172.4117668,-59.8956952,451708707,172.41181929883,-59.89569448881,172.412,-59.896,90.0,0,8629-00731-1,151-079749,11293883-5953446,0,J112938.82-595344.5,5336093039630061696,28172337,0,STAR,tmgaia2,tmgaia2,-6.376,0.05,1.711,0.046,gaia2,0.2793,0.033,gaia2,12.11,0.342,12.072,0.033,,,,,,,,,,,11.269,0.022,11.202,0.022,11.217,0.023,AAA-222-111-000-0-0,11.303,0.025,11.314,0.023,11.015,0.153,7.069,0.073,11.7511,0.00139,11.667,0.032,rered,gaia2,,,,,,,,,,,,,,,,3232.72,357.945,0.4444,0.0354,0,,,0,,0.0328,0.0379,schlegel,,,,,,,,,,,320.13,395.76,bj2018,,,,11.836,0.00566,11.5222,0.003905,1,tycho2v3,tycho2b3,,0.88652363116,0.7060318971,172.41176456335,-59.89568712343,0.02408758872,0.02437098115,0,0,758368208
0.111716,J113008.91-613617.8,172.5371652,-61.6049453,317409574,172.53710422094,-61.60493425099,172.537,-61.605,90.0,0,,,11300891-6136176,0,J113008.91-613617.8,5334387319132539392,0,0,STAR,tmgaia2,tmgaia2,,,,,,,,,,,,,,,,,,,,,,,10.959,0.022,9.324,0.023,8.521,0.044,AAA-221-111-000-0-0,8.056,0.022,7.868,0.019,7.229,0.023,6.554,0.064,16.8336,0.006058,15.244,0.013,gbprp,,,,,,,,,,,,,,,,,,,,,0,,,0,,,,,,,,,,,,,,,,,,,,,20.2419,0.095163,15.0362,0.019697,0,,,,0.12258141194,0.10953675485,172.53710422094,-61.60493425099,0.12258141194,0.10953675485,0,0,759557410
0.460775,J113228.04-603959.9,173.116849,-60.6666478,318107133,173.11706455517,-60.66657547322,173.117,-60.667,90.0,0,,147-087113,11322809-6039596,0,J113228.04-603959.9,5335958933579596288,30547913,0,STAR,tmgaia2,tmgaia2,-6.277,0.042,2.144,0.032,gaia2,0.1539,0.0227,gaia2,16.035,0.075,15.073,0.16,,,,,,,,,,,12.617,0.037,12.008,0.037,11.817,0.034,AAA-222-111-000-0-0,11.529,0.024,11.684,0.025,10.315,0.051,7.69,0.094,14.7671,0.003122,13.98,0.028,rered,gaia2,5513.0,133.0,,,,,10.284,,,,,,GIANT,,,5330.01,653.73,0.4753,0.0435,0,,,0,,0.04,0.047,schlegel,,,,,,,,,,,579.2,728.26,bj2018,,,dered,15.466,0.015559,13.9364,0.009753,1,ucac4,apassdr9,,0.75812982954,0.49893435639,173.11700939165,-60.66656624294,0.02281283785,0.01682768076,0,0,760933873
1.410277,J113228.04-603959.9,173.116849,-60.6666478,921092860,173.11676490706,-60.66703737143,173.117,-60.667,90.0,0,,,,0,,5335958933527845888,0,0,STAR,gaia2,gaia2,,,,,,,,,,,,,,,,,,,,,,,,,,,,,,,,,,,,,,20.1716,0.016973,19.742,0.6,goffs,,,,,,,,,,,,,,,,,,,,,0,,,0,,,,,,,,,,,,,,,,,,,,,,0.0,,0.0,0,,,,2.13878651958,1.11713815028,173.11676490706,-60.66703737143,2.13878651958,1.11713815028,0,0,761665674
0.160234,J113259.16-643500.4,173.2465355,-64.5834466,318506465,173.24660168589,-64.5834123343,173.247,-64.583,90.0,0,,,11325919-6435002,0,J113259.16-643500.4,5237381904993858944,0,0,STAR,tmgaia2,tmgaia2,-5.564,0.213,1.065,0.163,gaia2,0.2564,0.1055,gaia2,19.395,0.188,18.401,0.052,,,,,,,,,,,14.948,0.054,14.088,0.05,13.087,0.037,AAA-222-111-000-0-0,12.041,0.025,11.509,0.023,9.593,0.05,6.801,0.062,17.784,0.003681,16.84,0.089,rered,gaia2,5910.0,172.0,3.7699,,,,2.232,,1.07,,0.0962,,DWARF,5.47717,,3555.94,1555.23,0.8102,0.134,0,,,0,,0.1305,0.1375,schlegel,,,,,,,,,,,1047.97,2062.5,bj2018,,,dered,18.6592,0.035268,16.8188,0.011712,1,gaia2,bpbj,,3.91376165638,2.52474857713,173.24654586902,-64.58340775101,0.10283688225,0.08576353378,1,0,760967317
0.057978,J113654.75-521105.9,174.2281599,-52.1849967,92905524,174.22818612456,-52.18499762116,174.228,-52.185,90.0,0,,190-061722,11365477-5211059,0,J113654.75-521105.9,5345684934197986688,26508935,0,STAR,tmgaia2,tmgaia2,-7.543,0.12,1.395,0.112,gaia2,-0.0352,0.0907,gaia2,15.968,0.006,14.681,0.137,,,,,,,,,,,9.36,0.024,8.352,0.053,8.021,0.031,AAA-211-111-000-0-0,7.89,0.025,8.01,0.019,7.579,0.017,7.256,0.081,12.8494,0.004803,11.476,0.008,rered,gaia2,3112.0,123.0,,,,,,,,,,,,,,6427.97,2071.55,0.1866,0.0002,0,,,0,,0.0004,0.0001,schlegel,,,,,,,,,,,1689.7,2453.41,bj2018,,,dered,14.9325,0.02436,11.5051,0.01161,1,ucac4,apassdr9,,2.07529419373,1.73103671185,174.2281331524,-52.18499161328,0.06251316943,0.05710620654,0,0,763630461
0.048868,J113754.69-590632.1,174.4778774,-59.1089214,265538536,174.47790300809,-59.10892477848,174.478,-59.109,90.0,0,,155-079958,11375470-5906322,0,J113754.69-590632.1,5336416811431507456,0,0,STAR,tmgaia2,tmgaia2,-5.593,0.074,1.59,0.075,gaia2,0.102,0.0493,gaia2,17.063,0.163,15.102,0.103,,,,,,,,,,,10.1,0.022,8.978,0.022,8.652,0.021,AAA-222-111-000-0-0,8.48,0.022,8.601,0.019,8.322,0.018,7.821,0.102,13.5843,0.00141,12.186,0.02,rered,gaia2,3709.0,122.0,,,,,74.803,,,,,,GIANT,,,6009.1,1574.6,0.6199,0.0469,0,,,0,,0.0499,0.0439,schlegel,,,,,,,,,,,1266.29,1882.92,bj2018,,,dered,15.337,0.010508,12.3162,0.00382,1,ucac4,bpbj,,1.31704067183,1.16014401054,174.47785609978,-59.10891793373,0.04019670465,0.04022361048,0,0,763697852
0.042177,J114356.05-574245.9,175.9835445,-57.7127675,267299510,175.98356534594,-57.71277114229,175.984,-57.713,90.0,0,,162-076493,11435605-5742459,0,J114356.05-574245.9,5341822251103049856,28227459,0,STAR,tmgaia2,tmgaia2,-3.491,0.03,1.938,0.033,gaia2,0.8019,0.0229,gaia2,13.931,0.045,13.548,0.103,,,,,,,,,,,12.557,0.023,12.258,0.022,11.938,0.024,AAA-222-111-000-0-0,11.358,0.023,11.008,0.02,7.59,0.018,5.242,0.03,13.4186,0.001111,13.124,0.007,rered,gaia2,7712.0,124.0,4.2884,,,,1.598,,1.81,,0.4433,,DWARF,8.1417,,1204.5,33.475,0.22,0.0043,0,,,0,,0.0042,0.0044,schlegel,,,,,,,,,,,32.56,34.39,bj2018,,,dered,13.6371,0.003814,13.0495,0.003263,1,ucac4,apassdr9,,0.5396028029,0.50605786645,175.98353721003,-57.71276279723,0.01527520336,0.01805872815,1,0,767879120
0.535038,J114404.19-604723.8,176.0174643,-60.789947,322241455,176.01732225355,-60.79007846512,176.017,-60.79,90.0,0,,147-093744,11440417-6047242,0,J114404.19-604723.8,5335056200165240064,30585215,0,STAR,tmgaia2,tmgaia2,-12.999,0.034,-2.965,0.029,gaia2,1.2141,0.0227,gaia2,14.625,0.03,13.961,0.092,,,,,,,,,,,12.724,0.032,12.462,0.038,12.326,0.034,EAA-222-111-000-0-0,11.989,0.027,11.857,0.026,10.479,0.247,7.283,0.087,13.9198,0.000224,13.483,0.006,rered,gaia2,6546.0,123.0,4.4748,,,,1.114,,1.35,,0.9771,,DWARF,2.05211,,804.825,14.843,0.1893,0.0033,0,,,0,,0.0032,0.0034,schlegel,,,,,,,,,,,14.574,15.112,bj2018,,,dered,14.2431,0.003102,13.4045,0.001535,1,ucac4,apassdr9,,0.61379874618,0.45463362344,176.01720756773,-60.7900912308,0.01919350215,0.01636196121,1,0,769331658
1.883574,J114404.19-604723.8,176.0174643,-60.789947,919351239,176.01820402034,-60.79032573418,176.018,-60.79,90.0,0,,,,0,,5335056200165599744,0,0,STAR,gaia2,gaia2,-6.514,0.267,3.163,0.236,gaia2,0.4397,0.1916,gaia2,,,,,,,,,,,,,,,,,,,,,,,,,,,,,,17.7352,0.005302,17.305,0.6,goffs,gaia2,,,,,,,,,,,,,,,,2280.96,1235.2,0.4853,0.2095,0,,,0,,0.1461,0.2728,schlegel,,,,,,,,,,,767.35,1703.06,bj2018,,,,,0.0,,0.0,0,,,,4.7988419384,3.65470316356,176.01814655127,-60.79031211434,0.14361538995,0.13047233515,0,0,770049442
2.091326,J114404.19-604723.8,176.0174643,-60.789947,919351439,176.01806260437,-60.78944478617,176.018,-60.789,90.0,0,,,,0,,5335056303244457728,0,0,STAR,gaia2,gaia2,-5.92,0.089,1.441,0.076,gaia2,0.0834,0.0606,gaia2,,,16.622,0.047,,,,,,,,,,,,,,,,,,,,,,,,,,16.2406,0.000941,15.533,0.007,gbprp,gaia2,,,,,,,,,,,,,,,,6064.38,1807.37,1.0118,0.1825,0,,,0,,0.1676,0.1975,schlegel,,,,,,,,,,,1434.89,2179.85,bj2018,,,,16.7554,0.017114,15.3249,0.008843,0,gaia2,,,1.60059508177,1.17794720667,176.01801037884,-60.7894385799,0.04711169958,0.04276268292,1,0,770049642
0.198622,J114519.52-642950.0,176.3313376,-64.4972316,323483038,176.33142997055,-64.49719335947,176.331,-64.497,90.0,0,,128-051181,11451953-6429499,0,J114519.52-642950.0,5332709189485357824,30589944,0,STAR,tmgaia2,tmgaia2,-5.722,0.043,1.205,0.038,gaia2,0.0666,0.0249,gaia2,17.699,0.172,16.036,0.137,,,,,,,,,,,12.408,0.024,11.899,0.023,11.727,0.023,AAA-222-111-000-0-0,11.49,0.024,11.513,0.023,11.118,0.148,7.095,0.083,15.1701,0.000488,14.216,0.057,rered,gaia2,,,,,,,,,,,,,,,,8920.31,1842.63,2.0855,0.0582,0,,,0,,0.067,0.0495,schlegel,,,,,,,,,,,1535.27,2149.99,bj2018,,,,16.2685,0.004863,14.1046,0.001503,1,ucac4,bpbj,,0.78697835275,0.5967148468,176.33137274734,-64.49718817215,0.02088989329,0.02134248978,0,0,769430461
0.046162,J114741.84-685910.2,176.9243689,-68.9861671,410578942,176.92439900756,-68.98617401846,176.924,-68.986,90.0,0,9226-03362-1,106-046327,11474187-6859101,0,J114741.84-685910.2,5234016093743844480,32046460,0,STAR,tmgaia2,tmgaia2,-5.701,0.051,-3.563,0.045,gaia2,1.3317,0.0308,gaia2,9.478,0.037,9.27,0.003,,,,,,,,,,,8.336,0.027,8.081,0.046,7.986,0.031,AAA-111-111-000-0-0,7.964,0.023,7.922,0.019,7.779,0.017,7.494,0.087,9.12328,0.002593,8.906,0.007,rered,gaia2,8008.0,150.0,,,,,6.136,,,,,,GIANT,,,735.533,16.793,0.158,0.0025,0,,,0,,0.0025,0.0025,schlegel,,,,,,,,,,,16.417,17.169,bj2018,,,dered,9.30043,0.006053,8.85563,0.016546,1,tycho2v3,tycho2b3,,0.96775409233,0.70100810244,176.9243305615,-68.98618936054,0.02796852485,0.02532778611,0,0,770875185
0.160504,J115059.53-680134.1,177.7480513,-68.0261484,410827994,177.74806117146,-68.02619283124,177.748,-68.026,90.0,0,,110-046549,11505954-6801342,0,J115059.53-680134.1,5235653713235098368,32697853,0,STAR,tmgaia2,tmgaia2,-7.671,0.041,-1.378,0.039,gaia2,0.2822,0.0254,gaia2,15.628,0.046,14.929,0.183,,,,,,,,,,,13.729,0.035,13.54,0.04,13.452,0.049,AAA-222-111-000-0-0,13.163,0.025,13.116,0.03,9.576,0.033,7.558,0.083,14.9283,0.000563,14.479,0.007,rered,gaia2,6678.0,123.0,3.6737,,,,2.863,,1.41,,0.0601,,DWARF,14.68511,,3221.58,270.865,0.2383,0.0041,0,,,0,,0.0042,0.004,schlegel,,,,,,,,,,,248.78,292.95,bj2018,,,dered,15.274,0.002928,14.4084,0.00274,1,ucac4,apassdr9,,0.76091081337,0.59800854696,177.74797290683,-68.02619876337,0.02239105777,0.02050930081,1,0,773750950
0.201353,J115421.55-661457.2,178.5898082,-66.2492284,297061319,178.58970968865,-66.24926782241,178.59,-66.249,90.0,0,,119-048656,11542151-6614573,0,J115421.55-661457.2,5236252607819119360,0,0,STAR,tmgaia2,tmgaia2,-9.38,0.053,0.81,0.043,gaia2,0.2259,0.0309,gaia2,17.121,0.115,16.322,1.133,,,,,,,,,,,14.384,0.035,14.018,0.049,13.928,0.062,AAA-222-111-000-0-0,13.862,0.029,14.142,0.041,10.552,0.068,7.542,0.088,15.7407,0.004293,15.246,0.021,rered,gaia2,8737.0,182.0,3.9308,,,,2.654,,2.19,,0.1172,,DWARF,36.96672,,3923.82,503.285,0.6896,0.0238,0,,,0,,0.0242,0.0233,schlegel,,,,,,,,,,,441.97,564.6,bj2018,,,dered,16.1616,0.012651,15.1434,0.01292,1,ucac4,bpbj,,0.97524467899,0.65917979235,178.58960941047,-66.24926433458,0.02670242525,0.0231032795,1,0,776530887
0.414813,J115533.43-783445.3,178.8893105,-78.5792711,904178066,178.88988904271,-78.57928348582,178.89,-78.579,90.0,0,,,,0,,5200125988571874432,0,0,STAR,gaia2,gaia2,-0.098,0.478,-0.302,0.338,gaia2,-0.2353,0.2511,gaia2,,,19.289,0.049,,,,,,,,,,,,,,,,,,,,,,,,,,19.1775,0.003985,18.806,0.01,rered,gaia2,6948.0,283.0,,,,,,,,,,,DWARF,,,3698.09,1472.68,0.1801,0.0003,0,,,0,,0.0006,0.0,schlegel,,,,,,,,,,,1176.45,1768.91,bj2018,,,dered,19.4088,0.03725,18.6919,0.054806,1,gaia2,,,9.56761557782,5.2374990521,178.88988692192,-78.57928478791,0.230914707,0.19201722901,1,0,776888803
2.199733,J115533.43-783445.3,178.8893105,-78.5792711,357013512,178.88622821457,-78.57924171869,178.886,-78.579,90.0,0,,,11553280-7834447,0,J115533.43-783445.3,5200125984277006464,0,0,STAR,tmgaia2,tmgaia2,-4.968,0.293,-1.693,0.219,gaia2,0.3284,0.1652,gaia2,17.468,0.22,18.895,0.058,,,,,,,,,,,16.873,0.197,16.017,0.178,15.264,0.191,CCC-222-111-000-0-0,14.314,0.026,12.954,0.024,9.672,0.037,7.149,0.101,18.5164,0.01258,17.794,0.014,rered,gaia2,4825.0,181.0,4.5114,,,,0.812,,0.78,,1.4587,,DWARF,0.32169,,2470.71,971.635,0.1794,0.0017,0,,,0,,0.0027,0.0007,schlegel,,,,,,,,,,,703.07,1240.2,bj2018,,,dered,19.1595,0.053655,17.7354,0.038468,1,gaia2,bpbj,,5.87218933404,3.39267299679,178.8861201826,-78.57924900819,0.14481008044,0.12181189372,1,0,776656861
0.15385,J115629.70-634732.4,179.1237612,-63.7923476,306130356,179.12385480617,-63.79233676208,179.124,-63.792,90.0,0,8981-03432-1,132-061242,11562972-6347326,0,J115629.70-634732.4,5332987365945232768,30637725,0,STAR,tmgaia2,tmgaia2,-12.06,0.07,1.603,0.053,gaia2,1.1295,0.0406,gaia2,8.308,0.027,8.272,0.003,,,,,,,,,,,7.951,0.021,7.972,0.029,7.959,0.031,AAA-111-111-000-0-0,7.851,0.023,7.897,0.019,7.652,0.025,5.992,0.052,8.21816,0.000378,8.282,0.02,rered,gaia2,,,,,,,,,,,,,,,,864.747,30.614,0.6133,0.0197,0,,,0,,0.0191,0.0203,schlegel,,,,,,,,,,,29.551,31.677,bj2018,,,,8.28485,0.001285,8.11211,0.001383,1,tycho2v3,tycho2b3,,1.28061800434,0.81524367626,179.12373722731,-63.79232986059,0.0332155528,0.02980675829,0,0,778043579
0.042998,J120537.03-633251.5,181.4043209,-63.5476493,379654089,181.40434601774,-63.5476451202,181.404,-63.548,90.0,0,,133-070731,12053704-6332514,0,J120537.03-633251.5,6054298566028761856,0,0,STAR,tmgaia2,tmgaia2,-7.028,0.15,0.908,0.111,gaia2,-0.0025,0.0893,gaia2,16.562,0.163,16.39,0.32,,,,,,,,,,,10.443,0.021,9.174,0.023,8.731,0.02,AAA-222-111-000-0-0,8.421,0.022,8.53,0.019,8.08,0.037,7.115,0.078,14.6476,0.000797,12.867,0.111,rered,gaia2,3866.0,122.0,,,,,106.453,,,,,,GIANT,,,6781.5,2447.71,1.3052,0.2492,0,,,0,,0.2442,0.2543,schlegel,,,,,,,,,,,1940.12,2955.3,bj2018,,,dered,16.9121,0.010416,13.2078,0.006212,1,ucac4,bpbj,,2.73615081354,1.71656216431,181.40427808734,-63.54764120939,0.06197252985,0.06229311964,0,0,784218307
1.864429,J120537.03-633251.5,181.4043209,-63.5476493,976143937,181.40514362278,-63.54801523445,181.405,-63.548,90.0,0,,,,0,,6054298570338883456,0,0,STAR,gaia2,gaia2,-6.135,0.186,1.097,0.09,gaia2,0.2887,0.072,gaia2,,,,,,,,,,,,,,,,,,,,,,,,,,,,,,16.7562,0.01164,16.326,0.6,goffs,gaia2,,,,,,,,,,,,,,,,3152.52,816.785,0.7778,0.1515,0,,,0,,0.1266,0.1765,schlegel,,,,,,,,,,,631.97,1001.6,bj2018,,,,,0.0,,0.0,0,,,,3.38406751216,1.39476116061,181.40508432846,-63.54801051205,0.05399045659,0.04879829438,0,0,784811686
0.056447,J120618.38-694753.7,181.5765978,-69.7982709,311840827,181.57664307766,-69.79826972344,181.577,-69.798,90.0,59043,9231-00756-1,102-046792,12061840-6947539,0,J120618.38-694753.7,5856098577095815808,33262559,0,STAR,tmgaia2,tmgaia2,-7.409,0.117,-1.461,0.098,gaia2,1.5544,0.0739,gaia2,7.539,0.026,7.55,0.03,,,,,,,,,,,7.45,0.018,7.524,0.04,7.504,0.024,AAA-111-111-000-0-0,7.512,0.027,7.547,0.021,7.585,0.018,7.017,0.064,7.51107,0.000457,7.542,0.007,rered,gaia2,12270.0,139.0,,,,,,,,,,,,,,633.849,30.007,0.129,0.0043,0,,,0,,0.0042,0.0045,schlegel,,,,,,,,,,,28.613,31.401,bj2018,,,dered,7.53056,0.001381,7.4908,0.001855,1,hipvmag,tycho2b3,,2.2048782455,1.52236468325,181.57655070085,-69.79827601405,0.06643992376,0.05265946939,0,0,785530286
0.061502,J120618.67-563110.2,181.577799,-56.5195246,66942081,181.5778299627,-56.51952493518,181.578,-56.52,90.0,0,,168-081261,12061868-5631102,0,J120618.67-563110.2,6075419050528597248,28311890,0,STAR,tmgaia2,tmgaia2,-4.598,0.135,-2.213,0.105,gaia2,0.142,0.0976,gaia2,16.441,0.077,15.302,0.103,,,,,,,,,,,9.005,0.023,8.04,0.034,7.625,0.026,AAA-111-111-000-0-0,7.435,0.032,7.494,0.02,7.017,0.016,6.567,0.051,12.9503,0.006183,11.385,0.009,rered,gaia2,,,,,,,,,,,,,,,,4462.84,1644.96,0.349,0.0122,0,,,0,,0.0166,0.0078,schlegel,,,,,,,,,,,1237.19,2052.73,bj2018,,,,15.5289,0.034674,11.4887,0.015233,1,ucac4,apassdr9,,2.37156052691,1.63086803874,181.57779407298,-56.51953446411,0.07497223316,0.05960369723,0,0,785424968
2.024597,J120618.67-563110.2,181.577799,-56.5195246,991147065,181.57770030575,-56.51896485374,181.578,-56.519,90.0,0,,,,0,,6075419054825340288,0,0,STAR,gaia2,gaia2,-5.31,0.69,2.536,0.358,gaia2,0.9354,0.3271,gaia2,,,,,,,,,,,,,,,,,,,,,,,,,,,,,,18.4247,0.012905,17.995,0.6,goffs,gaia2,,,,,,,,,,,,,,,,1220.69,934.549,0.2252,0.075,0,,,0,,0.0589,0.091,schlegel,,,,,,,,,,,451.668,1417.43,bj2018,,,,,0.0,,0.0,0,,,,12.15132769538,5.54928734124,181.57765886038,-56.51895393369,0.33134904719,0.18338165636,0,0,786592197
0.025719,J120726.23-604131.7,181.8593061,-60.6921392,380133119,181.85929213374,-60.69213712611,181.859,-60.692,90.0,0,8974-00208-1,147-104882,12072623-6041316,0,J120726.23-604131.7,6058601062438520704,30679048,0,STAR,tmgaia2,tmgaia2,-6.052,0.046,0.548,0.04,gaia2,0.6689,0.0302,gaia2,12.087,0.259,11.639,0.018,,,,,,,,,,,11.12,0.022,11.053,0.025,11.016,0.021,AAA-222-111-000-0-0,10.968,0.022,11.019,0.02,9.671,0.049,7.368,0.094,11.7539,0.000296,11.634,0.019,rered,gaia2,,,,,,,,,,,,,,,,1435.41,62.75,0.5497,0.0201,0,,,0,,0.0194,0.0208,schlegel,,,,,,,,,,,60.06,65.44,bj2018,,,,11.8954,0.002302,11.492,0.001336,1,tycho2v3,tycho2b3,,0.81827458538,0.6270684632,181.85923890394,-60.69213476872,0.02410257941,0.02092460799,0,0,785663870
0.108626,J120743.97-615509.8,181.9332288,-61.9194086,380685246,181.93316683573,-61.91941632796,181.933,-61.919,90.0,0,,,12074398-6155100,0,J120743.97-615509.8,6057673070297003008,0,0,STAR,tmgaia2,tmgaia2,,,,,,,,,,,20.776,0.112,,,,,,,,,,,15.165,0.063,13.508,0.034,12.234,0.029,AAA-222-111-000-0-0,10.773,0.021,10.148,0.02,8.758,0.041,7.26,0.097,19.6033,0.009599,18.508,0.024,gbprp,,,,,,,,,,,,,,,,,,,,,0,,,0,,,,,,,,,,,,,,,,,,,,,20.7405,0.10931,18.1774,0.031809,0,gaia2,,,0.4045586769,0.28170382718,181.93316683573,-61.91941632796,0.4045586769,0.28170382718,0,0,785726558
0.547437,J120835.25-700322.2,182.1468861,-70.0561919,312201050,182.14730016509,-70.05613554339,182.147,-70.056,90.0,0,,100-044625,12083534-7003220,0,J120835.25-700322.2,5855866270903422336,33927916,0,STAR,tmgaia2,tmgaia2,-18.048,0.048,-0.736,0.043,gaia2,1.4056,0.0259,gaia2,12.37,0.029,11.759,0.046,,,,,,,,,,,10.451,0.028,10.245,0.03,10.151,0.031,AEA-222-111-000-0-0,9.946,0.023,9.941,0.02,9.218,0.027,7.552,0.094,11.6338,0.000265,11.174,0.006,rered,gaia2,6169.0,128.1,3.5785,0.0815,,,2.922,0.141,1.18,0.167,0.0473,0.0104,DWARF,11.14384,0.65139,697.417,12.7155,0.1367,0.01,1674,0.5134,,0,2.6e-05,0.0116,0.0083,schlegel,0.154,0.179,0.11,0.173,0.0072,0.0137,0.0635,0.0994,0.50252,0.80026,12.488,12.943,bj2018,126.1,130.1,dered,11.9952,0.00126,11.1151,0.00091,1,ucac4,apassdr9,,0.90045933373,0.66108698202,182.14707234761,-70.05613871216,0.02343280904,0.02206947113,1,0,786948173
0.051822,J121419.37-594834.1,183.5807097,-59.8094813,390069376,183.58073812843,-59.80948298522,183.581,-59.809,90.0,0,,,12141938-5948341,0,J121419.37-594834.1,6058931014672615296,0,0,STAR,tmgaia2,tmgaia2,,,,,,,,,18.35,0.285,,,,,,,,,,,,,9.478,0.02,8.135,0.031,7.51,0.026,AAA-211-111-000-0-0,7.055,0.04,7.073,0.02,5.971,0.014,4.956,0.028,15.1718,0.009499,13.5,0.012,gbprp,,,,,,,,,,,,,,,,,,,,,0,,,0,,,,,,,,,,,,,,,,,,,,,19.296,0.053015,13.447,0.028924,0,,bpbj,,0.11256667255,0.09729404757,183.58073812843,-59.80948298522,0.11256667255,0.09729404757,0,0,791533241
0.13705,J121659.70-562424.2,184.2487706,-56.4067331,405387285,184.24883927173,-56.40673073046,184.249,-56.407,90.0,0,8641-01826-1,168-083870,12165971-5624241,0,J121659.70-562424.2,6072829498793630080,28346393,0,STAR,tmgaia2,tmgaia2,-9.545,0.056,-0.838,0.049,gaia2,0.918,0.0435,gaia2,9.662,0.04,9.674,0.004,,,,,,,,,,,9.573,0.024,9.538,0.024,9.469,0.026,AAA-222-111-000-0-0,9.229,0.023,9.061,0.02,8.345,0.021,7.485,0.106,9.6484,0.000444,9.696,0.009,rered,gaia2,,,,,,,,,,,,,,,,1058.72,49.3,0.2604,0.0074,0,,,0,,0.0072,0.0076,schlegel,,,,,,,,,,,47.05,51.55,bj2018,,,,9.66911,0.001163,9.61072,0.000976,1,tycho2v3,tycho2b3,,0.98028785195,0.75981252768,184.24876499184,-56.40673433643,0.02896199226,0.02747676732,0,0,793131822
0.068496,J121712.47-633112.0,184.3019784,-63.5200075,308636511,184.30201508923,-63.52001721548,184.302,-63.52,90.0,0,,133-075725,12171248-6331121,0,J121712.47-633112.0,6054148006002708736,0,0,STAR,tmgaia2,tmgaia2,-6.145,0.106,0.955,0.091,gaia2,0.0144,0.0652,gaia2,16.77,0.162,16.257,0.206,,,,,,,,,,,10.418,0.023,9.18,0.023,8.758,0.025,AAA-222-111-000-0-0,8.416,0.023,8.557,0.02,8.296,0.042,7.455,0.105,14.5634,0.000597,12.882,0.077,rered,gaia2,3679.0,123.0,,,,,102.436,,,,,,GIANT,,,7564.44,2427.42,1.0257,0.1884,0,,,0,,0.1795,0.1973,schlegel,,,,,,,,,,,1951.68,2903.16,bj2018,,,dered,16.7348,0.02629,13.1345,0.003736,1,ucac4,bpbj,,1.93039342172,1.40406023454,184.30195574822,-63.52001310202,0.05853330541,0.04835293273,0,0,792900668
1.670865,J121712.47-633112.0,184.3019784,-63.5200075,975878084,184.30260561135,-63.52037791159,184.303,-63.52,90.0,0,,,,0,,6054148005962745216,0,0,STAR,gaia2,gaia2,-10.12,0.23,0.061,0.155,gaia2,0.146,0.1234,gaia2,,,,,,,,,,,,,,,,,,,,,,,,,,,,,,17.3759,0.001676,16.946,0.6,goffs,gaia2,,,,,,,,,,,,,,,,4408.4,1941.59,0.7114,0.2213,0,,,0,,0.1858,0.2568,schlegel,,,,,,,,,,,1407.11,2476.07,bj2018,,,,,0.0,,0.0,0,,,,4.19272703311,2.409435613,184.30250789131,-63.52037765067,0.14554635226,0.0798835708,0,0,793743990
2.38644,J121712.47-633112.0,184.3019784,-63.5200075,975878141,184.3004995178,-63.51993959267,184.3,-63.52,90.0,0,,,,0,,6054148006002709248,0,0,STAR,gaia2,gaia2,-7.22,0.158,0.648,0.112,gaia2,0.3265,0.0849,gaia2,,,17.048,0.055,,,,,,,,,,,,,,,,,,,,,,,,,,16.2987,0.004703,15.282,0.064,rered,gaia2,4499.0,137.0,,,,,4.729,,,,,,GIANT,,,2847.45,806.62,0.5027,0.1157,0,,,0,,0.0929,0.1385,schlegel,,,,,,,,,,,608.86,1004.38,bj2018,,,dered,17.2127,0.028235,15.1773,0.032503,1,gaia2,,,2.87874688699,1.73217014145,184.30042980506,-63.51993680294,0.08204497106,0.06037880535,0,0,793744047
0.049732,J121748.62-534125.5,184.4525931,-53.6904262,334691016,184.45259940285,-53.69043950061,184.453,-53.69,90.0,0,8633-02501-1,182-082721,12174862-5341255,0,J121748.62-534125.5,6077078213569689984,26575052,0,STAR,tmgaia2,tmgaia2,-4.897,0.06,-1.877,0.054,gaia2,0.235,0.0437,gaia2,10.509,0.057,10.446,0.005,,,,,,,,,,,10.344,0.022,10.369,0.022,10.365,0.021,AAA-222-111-000-0-0,10.368,0.023,10.391,0.02,9.741,0.035,6.332,0.046,10.4438,0.001311,10.464,0.006,rered,gaia2,12866.0,207.0,,,,,,,,,,,,,,3707.79,631.11,0.1655,0.0013,0,,,0,,0.0016,0.001,schlegel,,,,,,,,,,,533.42,728.8,bj2018,,,dered,10.4613,0.004074,10.3943,0.00397,1,tycho2v3,tycho2b3,,1.03491003388,0.83136162246,184.45256379497,-53.69044758313,0.02908801924,0.02995747156,0,0,793017403
0.230682,J121948.95-603018.3,184.9539628,-60.5050953,310118406,184.9538474999,-60.50506557698,184.954,-60.505,90.0,0,8975-00799-1,148-111228,12194896-6030183,0,J121948.95-603018.3,6058264611894943616,30721523,0,STAR,gaia2,gaia2,-7.849,1.112,1.909,0.999,gaia2,1.831,0.7143,gaia2,9.405,0.036,9.239,0.003,,,,,,,,,,,8.406,0.024,8.377,0.029,8.301,0.02,AAA-112-111-000-0-0,8.144,0.023,8.11,0.02,7.946,0.021,7.575,0.103,9.38626,0.009774,9.177,0.012,gbprp,gaia2,,,,,,,,,,,,,,,,766.666,766.666,0.2222,0.266,0,,,0,,0.0976,0.4343,schlegel,,,,,,,,,,,358.311,2332.85,bj2018,,,,9.0778,0.00611,8.67378,0.003634,0,tycho2v3,tycho2b3,,19.96148724621,15.48832595342,184.95377885766,-60.50505735851,0.62021193406,0.53299035743,0,0,794585614
0.230682,J121948.95-603018.3,184.9539628,-60.5050953,981328895,184.9538474999,-60.50506557698,184.954,-60.505,90.0,0,,,,0,,6058264611894943616,0,0,STAR,gaia2,gaia2,-7.849,1.112,1.909,0.999,gaia2,1.831,0.7143,gaia2,,,9.435,0.047,,,,,,,,,,,,,,,,,,,,,,,,,,9.38626,0.009774,9.177,0.012,gbprp,gaia2,,,,,,,,,,,,,,,,766.666,766.666,0.2222,0.266,0,,DUPLICATE,310118406,,0.0976,0.4343,schlegel,,,,,,,,,,,358.311,2332.85,bj2018,,,,9.0778,0.00611,8.67378,0.003634,0,gaia2,,,19.96148724621,15.48832595342,184.95377885766,-60.50505735851,0.62021193406,0.53299035743,0,0,795427802
0.45635,J122007.93-624708.4,185.0330827,-62.7856893,309987619,185.03293106976,-62.78579541573,185.033,-62.786,90.0,0,8979-03183-1,137-081105,12200789-6247088,0,J122007.93-624708.4,6054615985627302528,30722634,0,STAR,tmgaia2,tmgaia2,-5.993,0.042,0.652,0.043,gaia2,0.2897,0.0277,gaia2,12.642,0.425,12.581,0.08,,,,,,,,,,,11.357,,11.274,0.026,11.175,0.028,UAA-622-022-0cc-0-0,11.064,0.026,11.039,0.026,11.463,0.139,6.633,0.075,12.4324,0.000248,12.07,0.021,rered,gaia2,7594.0,122.0,,,,,7.443,,,,,,GIANT,,,3135.84,278.51,0.3003,0.0259,0,,,0,,0.0237,0.0281,schlegel,,,,,,,,,,,254.64,302.38,bj2018,,,dered,12.699,0.001914,11.9804,0.000945,1,ucac4,tycho2b3,,0.75473599768,0.66039783219,185.03287464327,-62.78579260912,0.02013223204,0.02212220639,0,0,795986347
0.024948,J122947.09-650358.2,187.4462488,-65.0661709,450959171,187.44626000728,-65.06617596984,187.446,-65.066,90.0,0,,125-067241,12294710-6503582,0,J122947.09-650358.2,5861197871571579904,0,0,STAR,tmgaia2,tmgaia2,-5.451,0.126,3.171,0.1,gaia2,-0.0549,0.0855,gaia2,18.637,0.231,17.275,0.195,,,,,,,,,,,10.198,0.024,8.935,0.025,8.525,0.023,AAA-222-111-000-0-0,8.282,0.023,8.302,0.02,7.966,0.018,7.63,0.092,14.4423,0.00463,12.549,0.025,rered,gaia2,3242.0,123.0,,,,,,,,,,,,,,8199.3,2939.04,1.0664,0.0754,0,,,0,,0.0944,0.0564,schlegel,,,,,,,,,,,2364.99,3513.1,bj2018,,,dered,17.2623,0.02859,12.9413,0.012254,1,ucac4,bpbj,,2.32126654932,1.54708488084,187.44620434008,-65.06616231667,0.06404899004,0.05765224042,0,0,802531597
2.442898,J122947.09-650358.2,187.4462488,-65.0661709,969212460,187.446847203,-65.06554095316,187.447,-65.066,90.0,0,,,,0,,5861197871528728064,0,0,STAR,gaia2,gaia2,-6.465,0.227,0.818,0.144,gaia2,-0.0114,0.1343,gaia2,,,18.657,0.082,,,,,,,,,,,,,,,,,,,,,,,,,,17.9279,0.009506,17.005,0.015,gbprp,gaia2,,,,,,,,,,,,,,,,6109.04,2706.57,0.9878,0.1304,0,,,0,,0.1536,0.1071,schlegel,,,,,,,,,,,2074.59,3338.56,bj2018,,,,18.4208,0.052024,16.413,0.081285,0,gaia2,,,4.16858527053,2.23509583195,187.44678117892,-65.06553743098,0.09963322163,0.08557573916,1,0,802981274
0.119846,J123424.45-645845.8,188.601893,-64.979416,179979094,188.60181494871,-64.9794116968,188.602,-64.979,90.0,0,,,12342443-6458458,0,J123424.45-645845.8,5861091562522264448,0,0,STAR,tmgaia2,tmgaia2,-4.684,0.136,0.43,0.116,gaia2,-0.1091,0.0866,gaia2,19.148,0.179,18.071,0.051,,,,,,,,,,,14.297,0.036,13.515,0.029,13.241,0.04,AAA-222-111-000-0-0,13.007,0.04,13.197,0.056,9.978,0.063,7.44,0.074,17.1531,0.000811,16.035,0.088,rered,gaia2,8853.0,251.0,,,,,10.271,,,,,,GIANT,,,8909.63,3102.75,1.6495,0.1088,0,,,0,,0.1376,0.0801,schlegel,,,,,,,,,,,2533.64,3671.87,bj2018,,,dered,18.294,0.027362,16.0336,0.006008,1,gaia2,bpbj,,2.50620509745,1.79156345773,188.60176726309,-64.97940984628,0.06926193167,0.06267012835,0,0,806760834
2.439812,J123424.45-645845.8,188.601893,-64.979416,968917785,188.60349341641,-64.97938228793,188.603,-64.979,90.0,0,,,,0,,5861091562483628032,0,0,STAR,gaia2,gaia2,-7.927,0.219,1.742,0.219,gaia2,-0.0287,0.1552,gaia2,,,18.878,0.071,,,,,,,,,,,,,,,,,,,,,,,,,,18.2743,0.00882,17.404,0.194,rered,gaia2,11494.0,2033.0,4.1661,,,,2.381,,3.03,,0.2245,,DWARF,89.12543,,5858.54,2709.14,1.4678,0.2264,0,,,0,,0.2615,0.1913,schlegel,,,,,,,,,,,2069.97,3348.31,bj2018,,,dered,19.1248,0.068882,17.3051,0.046109,1,gaia2,,,4.03496106592,3.38944263462,188.60341272365,-64.97937478578,0.1203715795,0.1198368879,1,0,807481986
0.122337,J124038.46-631351.7,190.1602533,-63.2310368,339176547,190.16018227784,-63.23102532912,190.16,-63.231,90.0,0,,,12403845-6313517,0,J124038.46-631351.7,6055095888067183872,0,0,STAR,tmgaia2,tmgaia2,,,,,,,,,19.306,0.177,,,,,,,,,,,,,11.771,0.036,9.544,0.028,8.506,0.023,EAA-222-111-000-0-0,7.885,0.023,7.855,0.019,7.483,0.03,6.581,0.102,19.0487,0.003705,17.553,0.041,gbprp,,,,,,,,,,,,,,,,,,,,,0,,,0,,,,,,,,,,,,,,,,,,,,,21.6714,0.295111,17.1441,0.024115,0,,bpbj,,0.29825285346,0.24381560093,190.16018227784,-63.23102532912,0.29825285346,0.24381560093,0,0,811499692
0.015556,J124350.99-630514.7,190.9624974,-63.0874435,434254182,190.96249548724,-63.08744773359,190.962,-63.087,90.0,62115,8992-00468-1,135-081516,12435102-6305148,0,J124350.99-630514.7,6055101523064612864,30805517,0,STAR,tmgaia2,tmgaia2,-5.921,0.052,-0.409,0.047,gaia2,0.2336,0.0382,gaia2,11.532,0.069,10.82,0.03,,,,,,,,,,,8.316,0.026,7.916,0.053,7.549,0.02,AAA-111-111-000-0-0,7.114,0.028,6.768,0.02,5.988,0.015,5.116,0.028,10.2906,0.001683,9.547,0.045,rered,gaia2,5782.0,124.0,,,,,51.482,,,,,,GIANT,,,3773.21,577.925,0.4757,0.0684,0,,,0,,0.0593,0.0775,schlegel,,,,,,,,,,,495.69,660.16,bj2018,,,dered,10.9515,0.005337,9.50989,0.005277,1,hipvmag,apassdr9,,0.94730835968,0.7253882846,190.96243916869,-63.08744949309,0.03052037108,0.02559613079,0,0,813164022
0.137445,J124640.44-653524.0,191.6685296,-65.5900152,460811274,191.66851915272,-65.58997726578,191.668,-65.59,90.0,0,,123-073947,12464044-6535239,0,J124640.44-653524.0,5861533188251545088,32762498,0,STAR,tmgaia2,tmgaia2,-6.626,0.045,-0.279,0.048,gaia2,0.2684,0.0299,gaia2,13.241,0.061,12.837,0.08,,,,,,,,,,,11.359,0.023,11.217,0.027,11.126,0.026,AAA-222-111-000-0-0,10.911,0.022,10.969,0.02,9.848,0.065,7.944,0.092,12.6098,0.000543,12.231,0.032,rered,gaia2,11571.0,148.0,,,,,7.296,,,,,,GIANT,,,3370.49,353.98,0.7262,0.0372,0,,,0,,0.0359,0.0384,schlegel,,,,,,,,,,,318.21,389.75,bj2018,,,dered,12.9335,0.002298,12.0878,0.001563,1,ucac4,apassdr9,,0.82873148809,0.73874953301,191.66845012234,-65.58997846761,0.02307491759,0.0247521608,0,0,816251295
1.365339,J124640.44-653524.0,191.6685296,-65.5900152,970083010,191.6692147234,-65.58976286715,191.669,-65.59,90.0,0,,,,0,,5861533222575624832,0,0,STAR,gaia2,gaia2,,,,,,,,,,,,,,,,,,,,,,,,,,,,,,,,,,,,,,17.3613,0.018754,16.931,0.6,goffs,,,,,,,,,,,,,,,,,,,,,0,,,0,,,,,,,,,,,,,,,,,,,,,,0.0,,0.0,0,,,,0.75277565251,0.52631706542,191.6692147234,-65.58976286715,0.75277565251,0.52631706542,0,0,816632614
0.179975,J124645.61-653628.5,191.6900569,-65.6079363,460811412,191.69008008316,-65.60788723241,191.69,-65.608,90.0,0,,122-070026,12464562-6536283,0,J124645.61-653628.5,5861532947733354880,32762655,0,STAR,tmgaia2,tmgaia2,-8.243,0.037,-0.443,0.035,gaia2,0.512,0.0252,gaia2,13.319,0.047,13.034,0.092,,,,,,,,,,,12.095,0.021,11.986,0.026,11.927,0.028,AAA-222-111-000-0-0,11.91,0.027,11.975,0.028,10.012,0.065,8.018,0.098,12.8706,0.000378,12.654,0.015,rered,gaia2,12362.0,147.0,,,,,,,,,,,,,,1852.46,87.415,0.5062,0.0164,0,,,0,,0.0159,0.0169,schlegel,,,,,,,,,,,83.37,91.46,bj2018,,,dered,13.0652,0.001309,12.5344,0.00247,1,ucac4,apassdr9,,0.68428708815,0.54170718135,191.68999414722,-65.60788913827,0.01965619049,0.01870921878,0,0,816251433
0.121094,J125047.71-621207.9,192.6987947,-62.2022046,435224777,192.69872257227,-62.20220445211,192.699,-62.202,90.0,0,,,12504771-6212078,0,J125047.71-621207.9,6055258542757143040,0,0,STAR,tmgaia2,tmgaia2,,,,,,,,,20.405,0.311,,,,,,,,,,,,,11.388,0.022,9.18,0.022,8.163,0.021,AAA-221-111-000-0-0,7.538,0.026,7.417,0.02,6.665,0.019,5.711,0.04,18.9156,0.003442,17.344,0.069,gbprp,,,,,,,,,,,,,,,,,,,,,0,,,0,,,,,,,,,,,,,,,,,,,,,21.9621,0.54257,16.8927,0.028534,0,,bpbj,,0.22540013338,0.21994806489,192.69872257227,-62.20220445211,0.22540013338,0.21994806489,0,0,819271198
2.064408,J125047.71-621207.9,192.6987947,-62.2022046,977256203,192.69851637477,-62.20276316414,192.698,-62.203,90.0,0,,,,0,,6055258542767476736,0,0,STAR,gaia2,gaia2,-6.234,0.234,-3.396,0.214,gaia2,0.1911,0.1707,gaia2,,,19.602,0.061,,,,,,,,,,,,,,,,,,,,,,,,,,18.6721,0.009296,17.509,0.314,rered,gaia2,6104.0,203.0,3.7875,,,,2.268,,1.15,,0.0986,,DWARF,6.43349,,3632.66,1776.27,1.1868,0.4665,0,,,0,,0.3663,0.5667,schlegel,,,,,,,,,,,1258.1,2294.43,bj2018,,,dered,19.7216,0.03839,17.4466,0.029814,1,gaia2,,,4.2389591649,3.31797127458,192.69845881779,-62.20277778763,0.11971765816,0.11897500808,1,0,819973627
0.298277,J125119.04-571955.7,192.8293569,-57.3321511,412440900,192.82949036508,-57.33211017182,192.829,-57.332,90.0,0,,164-095643,12511906-5719556,0,J125119.04-571955.7,6060534961623010048,28473920,0,STAR,tmgaia2,tmgaia2,-14.12,1.183,-5.938,1.179,hsoy,,,,13.405,0.045,12.717,0.08,,,,,,,,,,,11.27,0.026,10.962,0.027,10.887,0.026,AAA-222-111-000-0-0,10.796,0.023,10.82,0.021,9.808,0.034,7.659,0.1,12.5461,0.001305,12.045,0.006,gbprp,splin,6394.0,,,,,,1.425,,,,,,DWARF,,,486.206,,,,2087,0.2879,,0,3.7e-05,,,,,,,,,,,,,,,,,,,dered,12.9297,0.001426,11.9655,0.001557,0,ucac4,apassdr9,,20.95268212339,18.31709018542,192.82937773532,-57.33213573727,1.39702563113,1.35706937864,1,0,819204502
0.05298,J125208.71-654053.4,193.0362938,-65.6815235,435412100,193.03632129141,-65.68151409727,193.036,-65.682,90.0,0,,122-072625,12520872-6540534,0,J125208.71-654053.4,5861484874082357888,32773479,0,STAR,tmgaia2,tmgaia2,-8.106,0.045,0.815,0.047,gaia2,0.7888,0.0322,gaia2,13.035,0.047,12.362,0.057,,,,,,,,,,,10.139,0.023,9.573,0.022,9.201,0.019,AAA-222-111-000-0-0,8.716,0.023,8.349,0.019,5.668,0.014,3.544,0.019,11.7639,0.000931,11.133,0.008,rered,gaia2,5653.0,123.0,,,,,6.924,,,,,,GIANT,,,1225.38,48.805,0.2738,0.0085,0,,,0,,0.0082,0.0087,schlegel,,,,,,,,,,,46.9,50.71,bj2018,,,dered,12.305,0.002954,11.0868,0.002597,1,ucac4,apassdr9,,0.83033559182,0.72999163467,193.03623654218,-65.68151058705,0.02513757268,0.0253181633,0,0,820834512
0.065135,J125338.98-602343.6,193.4124172,-60.3954612,436272343,193.41245237591,-60.39546623914,193.412,-60.395,90.0,0,,149-117037,12533898-6023436,0,J125338.98-602343.6,6056404375650400640,30835459,0,STAR,tmgaia2,tmgaia2,-4.719,0.039,-0.945,0.039,gaia2,0.4439,0.0317,gaia2,5.072,0.851,10.102,0.034,,,,,,,,,,,8.932,0.019,8.726,0.055,8.428,0.021,AAA-112-111-000-0-0,8.053,0.023,7.768,0.02,7.008,0.02,6.325,0.055,9.60302,0.001085,9.442,0.029,rered,gaia2,,,,,,,,,,,,,,,,2118.74,145.765,0.6669,0.031,0,,,0,,0.0297,0.0323,schlegel,,,,,,,,,,,135.99,155.54,bj2018,,,,9.79017,0.003357,9.28608,0.005547,1,ucac4,bpbj,,0.69441947611,0.60906492344,193.41241125029,-60.395470309,0.01963825697,0.02241151657,0,0,820943999
0.081671,J130134.81-560530.8,195.3950528,-56.0918983,253212775,195.39507191029,-56.09191832526,195.395,-56.092,90.0,0,8652-02029-1,170-089901,13013480-5605308,0,J130134.81-560530.8,6060715423294497920,28516150,0,STAR,tmgaia2,tmgaia2,-3.415,0.046,-1.073,0.051,gaia2,0.753,0.0476,gaia2,10.466,0.051,9.95,0.004,,,,,,,,,,,8.231,0.023,7.765,0.02,7.542,0.024,AAA-111-111-000-0-0,7.387,0.033,7.271,0.019,6.867,0.015,6.355,0.048,9.70217,0.005529,9.145,0.009,rered,gaia2,5806.0,139.0,,,,,16.095,,,,,,GIANT,,,1283.94,80.685,0.1987,0.0064,0,,,0,,0.0062,0.0065,schlegel,,,,,,,,,,,75.73,85.64,bj2018,,,dered,10.1534,0.015554,9.08218,0.013918,1,tycho2v3,tycho2b3,,0.81513965119,0.79251818266,195.39504555116,-56.09192294448,0.01875549505,0.0274169424,0,0,827092994
0.023127,J130204.59-612815.9,195.5191299,-61.4711018,439064907,195.51911728198,-61.47110402564,195.519,-61.471,90.0,0,,143-117529,13020459-6128159,0,J130204.59-612815.9,5863536292219380736,0,0,STAR,tmgaia2,tmgaia2,-5.135,0.06,-1.327,0.06,gaia2,0.2899,0.0471,gaia2,18.852,0.165,16.588,1.133,,,,,,,,,,,12.924,0.023,12.338,0.025,12.097,0.021,AAA-222-111-000-0-0,11.841,0.026,11.857,0.026,10.064,0.066,7.345,0.102,15.9352,0.000658,14.757,0.201,rered,gaia2,14374.0,432.0,,,,,,,,,,,,,,3118.12,488.355,2.026,0.229,0,,,0,,0.2062,0.2518,schlegel,,,,,,,,,,,417.21,559.5,bj2018,,,dered,17.2475,0.010477,14.7878,0.002653,1,ucac4,bpbj,,1.0848539702,0.93313591017,195.51907099258,-61.47110973834,0.03150240419,0.03397496952,0,0,828839479
0.144869,J130415.15-611856.7,196.0631416,-61.3157515,439665110,196.0631132579,-61.31578937233,196.063,-61.316,90.0,0,8989-00070-1,144-116944,13041514-6118569,0,J130415.15-611856.7,5863544023160614400,30863255,0,STAR,tmgaia2,tmgaia2,-5.108,0.084,-1.479,0.088,gaia2,0.5613,0.0793,gaia2,11.677,0.093,10.628,0.008,,,,,,,,,,,7.637,0.021,7.232,0.047,7.002,0.021,AAA-111-111-0d0-0-0,6.766,0.037,6.703,0.021,6.645,0.019,6.295,0.07,10.0503,0.013381,9.1,0.086,rered,gaia2,6642.0,224.0,,,,,37.342,,,,,,GIANT,,,1717.26,254.71,0.9889,0.1207,0,,,0,,0.1069,0.1346,schlegel,,,,,,,,,,,218.71,290.71,bj2018,,,dered,10.9619,0.037982,9.10304,0.036101,1,tycho2v3,tycho2b3,,1.51873848976,1.36530715621,196.06306743465,-61.31579573849,0.04239315665,0.04877766586,0,0,830392296
0.100407,J130516.16-633825.2,196.3173352,-63.6403424,440087306,196.31734616484,-63.64031493732,196.317,-63.64,90.0,0,,132-080211,13051616-6338251,0,J130516.16-633825.2,5862308618782789632,0,0,STAR,tmgaia2,tmgaia2,-4.079,0.04,-1.133,0.046,gaia2,0.4354,0.0302,gaia2,16.107,0.112,16.097,0.035,,,,,,,,,,,13.45,0.024,12.648,0.021,11.858,0.027,AAA-222-111-000-0-0,10.854,0.031,10.252,0.027,7.989,0.02,6.087,0.069,15.3977,0.001318,14.759,0.053,rered,gaia2,10372.0,141.0,4.1711,,,,2.222,,2.67,,0.2434,,DWARF,51.47512,,2159.1,144.625,1.0659,0.063,0,,,0,,0.0594,0.0666,schlegel,,,,,,,,,,,135.17,154.08,bj2018,,,dered,15.9936,0.004546,14.6477,0.003104,1,ucac4,bpbj,,0.72983638699,0.70732784077,196.31730660642,-63.64031981441,0.02024710426,0.02439750757,1,0,830465711
0.064844,J130743.88-480019.5,196.9328457,-48.0054393,244906894,196.93286842879,-48.0054296466,196.933,-48.005,90.0,0,,210-073358,13074389-4800194,0,J130743.88-480019.5,6085314998772436992,23274807,0,STAR,tmgaia2,tmgaia2,-9.468,0.083,-2.91,0.111,gaia2,0.2539,0.0878,gaia2,13.993,0.113,12.165,0.057,,,,,,,,,,,9.525,0.023,8.602,0.038,8.435,0.021,AAA-211-111-000-0-0,8.32,0.023,8.324,0.02,7.955,0.018,7.422,0.106,11.8546,0.002619,10.957,0.007,rered,gaia2,4036.0,123.0,,,,,35.878,,,,,,GIANT,,,3217.66,920.485,0.1196,0.0003,0,,,0,,0.0005,0.0001,schlegel,,,,,,,,,,,712.12,1128.85,bj2018,,,dered,12.7765,0.015442,10.9064,0.005137,1,ucac4,apassdr9,,1.41690400728,1.72390837131,196.93280750249,-48.00544217531,0.05524741923,0.05464740529,0,0,831844652
0.175442,J130821.73-702508.4,197.0905705,-70.4190021,337232433,197.09068217771,-70.41897088838,197.091,-70.419,90.0,0,,098-050964,13082175-7025083,0,J130821.73-702508.4,5843914643911995392,34034714,0,STAR,tmgaia2,tmgaia2,-12.21,0.074,-5.686,0.093,gaia2,0.3221,0.0506,gaia2,14.596,0.184,13.293,0.08,,,,,,,,,,,8.281,0.019,7.352,0.047,7.061,0.018,AAA-111-111-000-0-0,6.957,0.04,7.007,0.021,6.754,0.015,6.491,0.055,11.6105,0.003449,10.324,0.007,rered,gaia2,3435.0,123.0,,,,,73.423,,,,,,GIANT,,,2872.25,451.79,0.2638,0.0061,0,,,0,,0.0066,0.0056,schlegel,,,,,,,,,,,384.81,518.77,bj2018,,,dered,13.3319,0.0163,10.3614,0.00705,1,ucac4,apassdr9,,1.40177412809,1.44039754259,197.0905253088,-70.41899537061,0.0414503275,0.0464216943,0,0,833647479
0.316573,J130939.14-660620.3,197.4131207,-66.1056591,337496668,197.41314383316,-66.1057465363,197.413,-66.106,90.0,0,,120-078499,13093916-6606207,0,J130939.14-660620.3,5858633741731138176,0,0,STAR,tmgaia2,tmgaia2,-3.59,0.055,-2.285,0.055,gaia2,0.2621,0.04,gaia2,16.56,0.117,16.295,0.229,,,,,,,,,,,13.596,0.042,12.94,0.039,12.358,0.033,AAA-222-111-000-0-0,11.335,0.067,10.85,0.061,8.269,0.044,6.927,0.065,15.7418,0.005147,14.97,0.025,rered,gaia2,6149.0,157.0,3.3143,,,,3.944,,1.17,,0.0191,,DWARF,20.03985,,3450.63,513.94,0.6044,0.0358,0,,,0,,0.035,0.0367,schlegel,,,,,,,,,,,441.7,586.18,bj2018,,,dered,16.4022,0.024457,14.9034,0.016692,1,ucac4,bpbj,,1.02470709553,0.84619480704,197.41310567076,-66.10575637652,0.0275072443,0.02986572912,1,0,833674438
1.828706,J130939.14-660620.3,197.4131207,-66.1056591,963551727,197.41347724786,-66.10517208882,197.413,-66.105,90.0,0,,,,0,,5858633741731139200,0,0,STAR,gaia2,gaia2,-5.45,0.21,-2.974,0.187,gaia2,0.1773,0.1431,gaia2,,,18.406,0.08,,,,,,,,,,,,,,,,,,,,,,,,,,18.0826,0.001572,17.427,0.032,gbprp,gaia2,,,,,,,,,,,,,,,,4374.84,2320.55,0.6584,0.0927,0,,,0,,0.1089,0.0765,schlegel,,,,,,,,,,,1585.01,3056.09,bj2018,,,,18.4368,0.129409,17.1285,0.056987,0,gaia2,,,3.88952574888,2.90198789861,197.4134193181,-66.10518489532,0.1002971154,0.10603660298,1,0,834180487
0.112152,J130945.88-620503.5,197.4411949,-62.0843065,441665758,197.44119494841,-62.0842753468,197.441,-62.084,90.0,0,,140-102831,13094588-6205034,0,J130945.88-620503.5,5863297285887221760,0,0,STAR,tmgaia2,tmgaia2,-4.938,0.036,-1.858,0.04,gaia2,0.5026,0.0308,gaia2,17.196,0.182,15.828,0.114,,,,,,,,,,,12.739,0.027,11.972,0.035,11.477,0.031,AAA-222-111-000-0-0,10.372,0.025,9.77,0.021,7.956,0.04,6.376,0.057,15.1389,0.001927,14.208,0.017,rered,gaia2,4836.0,124.0,,,,,4.349,,,,,,GIANT,,,1885.41,112.355,0.4983,0.027,0,,,0,,0.0256,0.0284,schlegel,,,,,,,,,,,105.81,118.9,bj2018,,,dered,16.0277,0.007969,14.1911,0.005348,1,ucac4,bpbj,,0.65938174041,0.61871312668,197.44114953278,-62.08428334476,0.02044244771,0.02344801814,0,0,833823506
0.081686,J131043.04-581638.6,197.6793723,-58.2774158,406184697,197.67939677507,-58.27739711197,197.679,-58.277,90.0,0,8661-00660-1,159-102291,13104307-5816386,0,J131043.04-581638.6,6063004464732765952,28538533,0,STAR,tmgaia2,tmgaia2,-2.04,0.038,-5.853,0.043,gaia2,1.5584,0.0367,gaia2,10.191,0.049,9.821,0.003,,,,,,,,,,,8.272,0.027,7.733,0.038,7.57,0.02,AAA-111-111-000-0-0,7.473,0.026,7.466,0.021,7.247,0.017,6.891,0.057,9.65095,0.001483,9.257,0.007,rered,gaia2,6733.0,124.0,,,,,5.727,,,,,,GIANT,,,630.488,14.728,0.1669,0.0032,0,,,0,,0.0031,0.0032,schlegel,,,,,,,,,,,14.39,15.066,bj2018,,,dered,9.95492,0.003108,9.19798,0.005452,1,tycho2v3,tycho2b3,,0.68256940236,0.67466597525,197.6793800692,-58.27742231136,0.02028960265,0.02429768791,0,0,835358405
0.061764,J131056.31-564729.4,197.7346548,-56.7915066,406335522,197.7346784143,-56.79151787294,197.735,-56.792,90.0,0,,167-094702,13105632-5647294,0,J131056.31-564729.4,6063390736911434880,28539001,0,STAR,tmgaia2,tmgaia2,-5.201,0.1,0.122,0.115,gaia2,0.6588,0.0808,gaia2,14.368,0.127,13.794,0.092,,,,,,,,,,,12.16,0.024,11.533,0.025,10.894,0.026,AAA-222-111-000-0-0,9.761,0.023,9.259,0.019,7.06,0.017,5.123,0.027,13.8753,0.01466,13.364,0.023,rered,gaia2,6786.0,262.0,3.846,,,,2.389,,1.46,,0.1071,,DWARF,10.90414,,1473.29,188.105,0.3566,0.0228,0,,,0,,0.0217,0.0238,schlegel,,,,,,,,,,,164.98,211.23,bj2018,,,dered,14.2366,0.052829,13.2455,0.033298,1,ucac4,apassdr9,,1.76926811205,1.78687907303,197.73463752801,-56.79151734904,0.0367467577,0.05341600092,1,0,835388801
0.058046,J131116.87-663822.1,197.8203032,-66.639499,337910498,197.82026341218,-66.63949567118,197.82,-66.639,90.0,0,,117-073363,13111687-6638221,0,J131116.87-663822.1,5857807836679775872,32808564,0,STAR,tmgaia2,tmgaia2,-1.831,3.468,1.845,3.468,hsoy,,,,14.44,0.017,13.733,0.137,,,,,,,,,,,9.535,0.022,8.332,0.053,7.426,0.026,AAA-211-111-0ss-0-0,6.313,0.081,5.898,0.029,3.043,0.013,0.824,0.016,12.851,0.010008,11.943,0.012,gbprp,,,,,,,,,,,,,,GIANT,,,,,,,0,,,0,,,,,,,,,,,,,,,,,,,,,13.7142,0.027619,11.7507,0.015363,0,ucac4,apassdr9,,64.33621958422,53.74992563966,197.82024353485,-66.63948772777,0.09739065162,0.10905839823,0,0,835311544
2.454914,J131116.87-663822.1,197.8203032,-66.639499,961789140,197.82126726052,-66.64006370581,197.821,-66.64,90.0,0,,,,0,,5857807767907366144,0,0,STAR,gaia2,gaia2,,,,,,,,,,,,,,,,,,,,,,,,,,,,,,,,,,,,,,19.2666,0.021475,18.837,0.6,goffs,,,,,,,,,,,,,,,,,,,,,0,,,0,,,,,,,,,,,,,,,,,,,,,,0.0,,0.0,0,,,,1.81298271256,2.61851702746,197.82126726052,-66.64006370581,1.81298271256,2.61851702746,0,0,835844067
0.346006,J131230.99-644057.6,198.1291631,-64.6826861,442500712,198.12933967864,-64.68274556309,198.129,-64.683,90.0,0,,,13123103-6440578,0,J131230.99-644057.6,5858970295302767744,0,0,STAR,tmgaia2,tmgaia2,-5.703,0.209,-1.691,0.256,gaia2,-0.3244,0.1569,gaia2,,,19.176,0.08,,,,,,,,,,,14.193,0.039,13.231,0.045,12.932,0.037,AAA-222-111-000-0-0,12.572,0.039,12.7,0.048,9.851,0.052,7.431,0.102,17.8435,0.012246,16.478,0.065,rered,gaia2,4439.0,155.0,,,,,11.912,,,,,,GIANT,,,7497.54,2952.79,1.0038,0.1186,0,,,0,,0.141,0.0961,schlegel,,,,,,,,,,,2395.03,3510.56,bj2018,,,dered,19.2289,0.05101,16.493,0.044442,1,gaia2,,,3.83504090989,3.96951586609,198.12928225437,-64.68275284319,0.11291576634,0.13529595065,0,0,837163490
0.348328,J131329.85-602953.4,198.3744048,-60.4981841,973677537,198.37445096642,-60.49827814906,198.374,-60.498,90.0,0,,,,0,,5869687956726173568,0,0,STAR,gaia2,gaia2,-4.85,0.028,-1.514,0.036,gaia2,0.5038,0.0249,gaia2,,,14.611,0.047,,,,,,,,,,,,,,,,,,,,,,,,,,14.3745,0.002985,13.806,0.013,rered,gaia2,6861.0,152.0,,,,,,,,,,,,,,1879.11,88.535,0.4594,0.0158,0,,DUPLICATE,442848230,,0.0153,0.0164,schlegel,,,,,,,,,,,84.45,92.62,bj2018,,,dered,14.7771,0.012821,13.6714,0.020261,1,gaia2,,,0.51128743739,0.55501864488,198.3744085615,-60.49828466695,0.01618108436,0.01943255531,1,0,838022891
0.348328,J131329.85-602953.4,198.3744048,-60.4981841,442848230,198.37445096642,-60.49827814906,198.374,-60.498,90.0,0,,148-133923,13132985-6029525,0,J131329.85-602953.4,5869687956726173568,30888589,0,STAR,gaia2,gaia2,-4.85,0.028,-1.514,0.036,gaia2,0.5038,0.0249,gaia2,15.331,-0.095,14.118,0.15,,,,,,,,,,,12.137,0.037,11.393,0.041,10.739,,EAU-220-110-000-0-0,9.975,0.023,9.469,0.019,8.339,0.025,5.186,0.024,14.3745,0.002985,13.806,0.013,rered,gaia2,6861.0,152.0,,,,,,,,,,,,,,1879.11,88.535,0.4594,0.0158,0,,SPLIT,0,,0.0153,0.0164,schlegel,,,,,,,,,,,84.45,92.62,bj2018,,,dered,14.7771,0.012821,13.6714,0.020261,1,ucac4,apassdr9,,0.51128743739,0.55501864488,198.3744085615,-60.49828466695,0.01618108436,0.01943255531,1,0,837229530
1.768703,J131329.85-602953.4,198.3744048,-60.4981841,973677491,198.37513680904,-60.49851792396,198.375,-60.499,90.0,0,,,,0,,5869687956699301248,0,0,STAR,gaia2,gaia2,-3.209,1.094,0.57,1.154,gaia2,-0.2448,0.9829,gaia2,,,,,,,,,,,,,,,,,,,,,,,,,,,,,,19.4298,0.012984,19.0,0.6,goffs,gaia2,,,,,,,,,,,,,,,,2908.11,1962.84,0.6173,0.2321,0,,,442848230,,0.2425,0.2217,schlegel,,,,,,,,,,,1470.14,2455.54,bj2018,,,,,0.0,,0.0,0,,,,19.64061966847,17.90618450159,198.37510874983,-60.49851546925,0.52229942423,0.73653848776,0,0,838022845
1.778737,J131329.85-602953.4,198.3744048,-60.4981841,973677489,198.37435742805,-60.49769055742,198.374,-60.498,90.0,0,,,,0,,5869687956699300224,0,0,STAR,gaia2,gaia2,-8.037,0.524,-2.389,0.498,gaia2,-1.6607,0.423,gaia2,,,15.055,0.047,,,,,,,,,,,,,,,,,,,,,,,,,,14.6125,0.0025,13.859,0.008,gbprp,gaia2,,,,,,,,,,,,,,,,5223.57,2258.75,0.8282,0.1335,0,,,442848230,,0.1541,0.113,schlegel,,,,,,,,,,,1828.41,2689.09,bj2018,,,,15.213,0.008279,13.667,0.020193,0,gaia2,,,9.39955207166,7.72983926537,198.37428715679,-60.49770084388,0.27418390419,0.28676948264,0,0,838022843
0.057144,J131335.67-602451.8,198.3986271,-60.4144113,442877055,198.39865737459,-60.41440595787,198.399,-60.414,90.0,0,,148-133966,13133567-6024516,0,J131335.67-602451.8,5869689395490876544,0,0,STAR,tmgaia2,tmgaia2,-6.886,0.108,-2.025,0.108,gaia2,0.0702,0.091,gaia2,17.385,0.222,16.536,0.469,,,,,,,,,,,9.05,0.03,7.865,0.053,7.407,0.018,AAA-111-111-000-0-0,7.206,0.027,7.18,0.018,6.459,0.014,5.702,0.038,13.4941,0.005986,11.67,0.021,rered,gaia2,,,,,,,,,,,,,,,,5312.71,1820.85,0.6699,0.0795,0,,,0,,0.0852,0.0738,schlegel,,,,,,,,,,,1428.19,2213.51,bj2018,,,,16.6686,0.038925,11.9601,0.018444,1,ucac4,bpbj,,1.93365673398,1.67336409637,198.39859732264,-60.41441467504,0.058375345,0.05937163139,0,0,837237500
2.019259,J131335.67-602451.8,198.3986271,-60.4144113,973680596,198.39802961162,-60.41393423386,198.398,-60.414,90.0,0,,,,0,,5869689399810051584,0,0,STAR,gaia2,gaia2,,,,,,,,,,,,,,,,,,,,,,,,,,,,,,,,,,,,,,19.6326,0.014354,19.203,0.6,goffs,,,,,,,,,,,,,,,,,,,,,0,,,0,,,,,,,,,,,,,,,,,,,,,,0.0,,0.0,0,,,,2.36893759337,1.82559836443,198.39802961162,-60.41393423386,2.36893759337,1.82559836443,0,0,838025416
2.36772,J131335.67-602451.8,198.3986271,-60.4144113,973680145,198.39989432494,-60.41420852291,198.4,-60.414,90.0,0,,,,0,,5869689193650568960,0,0,STAR,gaia2,gaia2,-6.694,0.084,-0.101,0.092,gaia2,0.3154,0.0764,gaia2,,,17.183,0.06,,,,,,,,,,,,,,,,,,,,,,,,,,16.6758,0.001286,15.877,0.019,gbprp,gaia2,,,,,,,,,,,,,,,,2878.11,702.62,0.4951,0.0699,0,,,0,,0.0628,0.0771,schlegel,,,,,,,,,,,552.64,852.6,bj2018,,,,17.2068,0.016208,15.5456,0.063413,0,gaia2,,,1.51619442885,1.42348686966,198.39983594979,-60.4142089588,0.04538525187,0.05168780333,0,0,838024965
0.148986,J131641.86-614130.1,199.1744366,-61.6916946,443404037,199.17435292416,-61.69170635503,199.174,-61.692,90.0,0,,,13164184-6141301,0,J131641.86-614130.1,5869323228079627136,0,0,STAR,tmgaia2,tmgaia2,-5.472,0.087,-0.62,0.093,gaia2,0.2179,0.0702,gaia2,19.671,0.162,,,,,,,,,,,,,12.925,0.026,12.228,0.023,11.921,0.023,AAA-222-111-000-0-0,11.563,0.027,11.369,0.027,10.225,0.165,6.234,0.074,16.5084,0.000799,14.976,0.197,rered,gaia2,5307.0,127.0,,,,,13.889,,,,,,GIANT,,,3820.53,1074.51,1.5505,0.3167,0,,,0,,0.2677,0.3657,schlegel,,,,,,,,,,,828.55,1320.46,bj2018,,,dered,18.2173,0.013476,15.2045,0.00421,1,,bpbj,,1.56387885248,1.43554419468,199.17430324493,-61.69170902525,0.04759549722,0.05354761904,0,0,840708243
0.083104,J131820.70-632427.8,199.5862763,-63.4077245,443525180,199.5862247428,-63.40772399303,199.586,-63.408,90.0,0,,133-090657,13182070-6324278,0,J131820.70-632427.8,5862188840770706048,30902762,0,STAR,tmgaia2,tmgaia2,-6.406,0.045,-1.238,0.045,gaia2,0.2635,0.0354,gaia2,12.64,0.268,12.211,0.046,,,,,,,,,,,10.877,0.024,10.703,0.024,10.693,0.026,AAA-222-111-000-0-0,10.626,0.023,10.735,0.026,10.091,0.111,6.69,0.072,12.0077,0.005252,11.679,0.056,rered,gaia2,10620.0,421.0,,,,,9.23,,,,,,GIANT,,,3407.75,432.565,0.6126,0.0653,0,,,0,,0.0588,0.0718,schlegel,,,,,,,,,,,380.54,484.59,bj2018,,,dered,12.2672,0.016721,11.5316,0.014736,1,ucac4,apassdr9,,0.82062912412,0.70023538052,199.58616313133,-63.40772932521,0.02396274567,0.02446265006,0,0,842436502
0.119755,J132222.67+464535.3,200.5944649,46.759812,393910309,200.59451041365,46.75980040647,200.594,46.76,90.0,0,,,13222267+4645352,1237661434849853504,J132222.67+464535.3,1551167678501452544,0,0,STAR,tmgaia2,tmgaia2,-0.872,2.336,-1.521,2.336,hsoy,,,,16.715,0.136,17.671,0.047,17.466,0.01,17.357,0.005,17.427,0.006,17.513,0.007,17.14,0.013,16.494,0.124,15.792,0.169,14.783,0.104,BCA-222-111-000-0-0,13.174,0.024,11.976,0.023,9.063,0.031,6.571,0.059,17.6138,0.006437,17.375,0.009,gbprp,,,,,,,,,,,,,,GIANT,,,,,,,0,,,0,,,,,,,,,,,,,,,,,,,,,17.6008,0.02076,17.1445,0.024293,0,gaia2,bpbj,,39.44435026207,36.20433538323,200.59450493139,46.75979385703,0.0610593829,0.06332632322,1,0,148395440
0.045586,J132301.79-622632.2,200.7574618,-62.4422892,449633350,200.75748914826,-62.44228971453,200.757,-62.442,90.0,0,8994-01783-1,138-103054,13230178-6226322,0,J132301.79-622632.2,5868302365908389504,30914040,0,STAR,tmgaia2,tmgaia2,-5.613,0.037,-1.521,0.041,gaia2,0.2165,0.0304,gaia2,10.834,0.058,10.104,0.004,,,,,,,,,,,8.083,0.024,7.803,0.026,7.642,0.018,AAA-111-111-000-0-0,7.551,0.026,7.528,0.02,7.25,0.029,6.215,0.081,9.749,0.000759,9.111,0.076,rered,gaia2,8096.0,123.0,,,,,56.024,,,,,,GIANT,,,4022.56,512.41,0.811,0.0973,0,,,0,,0.0864,0.1082,schlegel,,,,,,,,,,,451.13,573.69,bj2018,,,dered,10.3224,0.002192,9.03966,0.002152,1,tycho2v3,tycho2b3,,0.66201501014,0.63584814778,200.75743691289,-62.44229626527,0.02083311356,0.02222243703,0,0,846478084
0.540893,J132329.40-614449.8,200.8725316,-61.7471699,449690293,200.87229608959,-61.74706917146,200.872,-61.747,90.0,0,8990-00769-1,142-116014,13232936-6144494,0,J132329.40-614449.8,5868538481696475904,30915168,0,STAR,tmgaia2,tmgaia2,-2.602,1.254,-1.146,1.254,hsoy,,,,12.961,0.322,12.048,0.025,,,,,,,,,,,11.257,0.026,10.948,0.025,10.779,0.025,AAA-222-111-000-0-0,10.423,0.024,10.208,0.023,8.657,0.041,6.534,0.064,12.2662,0.000884,11.93,0.006,gbprp,splin,6087.0,193.0,,,,,,,,,,,,,,,,,,1821,0.935,SPLIT,0,4.4e-05,,,,,,,,,,,,,,,,,,,dered,12.4853,0.003312,11.8496,0.002702,0,tycho2v3,tycho2b3,,22.65524603146,19.44287998611,200.87227242165,-61.74707410429,0.36413114591,0.36359246968,1,0,846483509
0.639182,J132329.40-614449.8,200.8725316,-61.7471699,524224093,200.87277414278,-61.74730533537,200.873,-61.747,90.0,0,,,,0,,5868538486002502016,0,0,STAR,tmgaia2,tmgaia2,,,,,,,,,,,,,,,,,,,,,,,,,,,,,,,,,,,,,,16.5792,0.024903,16.149,0.6,goffs,,,,,,,,,,,,,,,,,,,,,0,,,449690293,,,,,,,,,,,,,,,,,,,,,,0.0,,0.0,0,,,,23.62226632477,5.20742957103,200.87277414278,-61.74730533537,23.62226632477,5.20742957103,0,0,846969449
0.32341,J132421.88-535958.4,201.0911769,-53.9995632,359308549,201.09131886936,-53.99952993014,201.091,-54.0,90.0,0,8662-02197-1,181-099642,13242191-5359583,0,J132421.88-535958.4,6067344516312101376,0,0,STAR,tmgaia2,tmgaia2,-24.731,0.129,-13.302,0.103,gaia2,6.9439,0.0649,gaia2,7.636,0.025,7.574,0.002,,,,,,,,,,,7.463,0.023,7.458,0.029,7.455,0.024,AAA-111-111-000-0-0,7.416,0.026,7.444,0.02,7.396,0.017,6.845,0.058,7.56732,0.000327,7.559,0.006,rered,gaia2,9709.0,195.4,4.3962,0.065,,,1.653,0.044,2.48,0.322,0.5495,0.0905,DWARF,21.86326,1.50142,143.436,1.345,0.0564,0.01,1157,0.0109,,0,0.000318,0.0102,0.0098,schlegel,0.222,0.422,0.046,0.042,0.0737,0.1072,0.053,0.0771,1.11394,1.88889,1.333,1.357,bj2018,180.8,210.0,dered,7.61085,0.001086,7.53098,0.001733,1,tycho2v3,tycho2b3,,2.25267527362,1.58986808688,201.09113771343,-53.99958720105,0.052868107,0.04502167852,1,0,848156169
0.034277,J132447.61-635741.8,201.1983858,-63.9616217,449766400,201.1983839482,-63.96161221343,201.198,-63.962,90.0,0,,131-087296,13244761-6357417,0,J132447.61-635741.8,5864915767044036096,0,0,STAR,tmgaia2,tmgaia2,-6.807,0.135,-2.778,0.15,gaia2,0.3331,0.1049,gaia2,,,15.431,0.252,,,,,,,,,,,8.656,0.029,7.562,0.026,7.142,0.029,AAA-111-111-000-0-0,6.934,0.037,7.099,0.021,6.802,0.02,6.525,0.071,12.8312,0.004228,11.125,0.041,rered,gaia2,3001.0,122.0,,,,,,,,,,,,,,2817.47,1006.9,0.5895,0.1528,0,,,0,,0.1215,0.1842,schlegel,,,,,,,,,,,713.0,1300.79,bj2018,,,dered,15.6025,0.028053,11.3355,0.012012,1,ucac4,,,2.46315121162,2.32298780919,201.19831717909,-63.96162417639,0.07162492904,0.07784862983,0,0,849184255
0.385164,J132704.55-595441.5,201.7689713,-59.9115349,456981204,201.76902868482,-59.91163794939,201.769,-59.912,90.0,0,,151-128353,13270456-5954417,0,J132704.55-595441.5,5869590856138262656,28570235,0,STAR,tmgaia2,tmgaia2,-6.976,0.06,-1.358,0.072,gaia2,-0.0011,0.0568,gaia2,14.933,0.067,14.31,0.252,,,,,,,,,,,11.638,0.033,10.729,0.033,10.441,0.026,EAA-222-111-000-0-0,10.104,0.022,10.23,0.02,9.624,0.076,7.857,0.105,15.0731,0.000577,13.879,0.029,rered,gaia2,5219.0,215.0,,,,,29.128,,,,,,GIANT,,,7784.46,2142.74,1.014,0.0463,0,,,0,,0.0561,0.0364,schlegel,,,,,,,,,,,1779.04,2506.44,bj2018,,,dered,16.18,0.070183,13.8354,0.006469,1,ucac4,apassdr9,,1.07089191576,1.12132894789,201.7689687741,-59.91164379794,0.03146054651,0.03667432154,0,0,850765561
1.680674,J132704.55-595441.5,201.7689713,-59.9115349,1030923384,201.76888329963,-59.91107013549,201.769,-59.911,90.0,0,,,,0,,5869590856138262784,0,0,STAR,gaia2,gaia2,-4.929,0.027,-2.284,0.035,gaia2,0.6071,0.0265,gaia2,,,14.263,0.046,,,,,,,,,,,,,,,,,,,,,,,,,,14.0916,0.000257,13.628,0.013,rered,gaia2,7705.0,131.0,4.0473,,,,2.11,,1.81,,0.1928,,DWARF,14.13258,,1574.11,66.25,0.4743,0.0147,0,,,0,,0.0143,0.0151,schlegel,,,,,,,,,,,63.52,68.98,bj2018,,,dered,14.4498,0.002467,13.5277,0.009868,1,gaia2,,,0.4902336188,0.53933402468,201.7688409662,-59.91107996896,0.01521020824,0.01779430646,1,0,850896052
0.01801,J132813.65-601449.4,202.0568833,-60.2470742,313819148,202.05688857277,-60.24707846376,202.057,-60.247,90.0,0,,149-131149,13281366-6014495,0,J132813.65-601449.4,5869523648481692416,30926489,0,STAR,tmgaia2,tmgaia2,-1.55,0.058,-2.91,0.073,gaia2,0.4081,0.0532,gaia2,15.161,0.048,13.344,0.057,,,,,,,,,,,8.423,0.019,7.361,0.033,7.045,0.018,AAA-111-111-00s-0-0,6.86,0.036,6.893,0.021,5.633,0.015,4.581,0.029,11.7301,0.002111,10.379,0.017,rered,gaia2,3603.0,122.0,,,,,61.202,,,,,,GIANT,,,2295.75,297.65,0.4694,0.0407,0,,,0,,0.0376,0.0438,schlegel,,,,,,,,,,,260.91,334.39,bj2018,,,dered,13.4876,0.010287,10.4958,0.005376,1,ucac4,apassdr9,,1.04523426799,1.13488363764,202.05687512819,-60.24709099302,0.03239467849,0.03760153843,0,0,852581507
0.01273,J133544.99-560258.7,203.9374939,-56.0496539,89635151,203.93749482979,-56.04965040236,203.937,-56.05,90.0,0,,170-098311,13354499-5602588,0,J133544.99-560258.7,6064452491508803840,28595540,0,STAR,tmgaia2,tmgaia2,-0.584,0.062,0.485,0.052,gaia2,0.283,0.0346,gaia2,17.035,0.008,14.85,0.092,,,,,,,,,,,11.303,0.022,10.438,0.024,10.188,0.023,AAA-222-111-000-0-0,10.048,0.024,10.16,0.022,9.44,0.028,7.549,0.094,14.1668,0.000249,13.064,0.008,rered,gaia2,4118.0,122.0,,,,,17.926,,,,,,GIANT,,,3196.42,367.055,0.4737,0.0096,0,,,0,,0.0101,0.0092,schlegel,,,,,,,,,,,326.89,407.22,bj2018,,,dered,15.3475,0.003014,13.0871,0.000961,1,ucac4,apassdr9,,1.09752293017,0.81333214961,203.93749032724,-56.0496483137,0.01543539065,0.02335704143,0,0,857803412
1.470446,J133544.99-560258.7,203.9374939,-56.0496539,1045285586,203.93810291266,-56.04942772202,203.938,-56.049,90.0,0,,,,0,,6064452491496631552,0,0,STAR,gaia2,gaia2,,,,,,,,,,,,,,,,,,,,,,,,,,,,,,,,,,,,,,18.8239,0.010875,18.394,0.6,goffs,,,,,,,,,,,,,,,,,,,,,0,,,0,,,,,,,,,,,,,,,,,,,,,,0.0,,0.0,0,,,,1.71751371065,4.4435035781,203.93810291266,-56.04942772202,1.71751371065,4.4435035781,0,0,859322392
0.034351,J133724.41-662835.2,204.3517198,-66.4764513,342373381,204.3517273146,-66.47646035839,204.352,-66.476,90.0,0,,118-086702,13372442-6628351,0,J133724.41-662835.2,5851638648729025408,0,0,STAR,tmgaia2,tmgaia2,-6.244,0.094,-0.68,0.096,gaia2,-0.0302,0.0678,gaia2,18.212,0.255,16.562,0.149,,,,,,,,,,,9.552,0.021,8.484,0.046,8.043,0.031,AAA-211-111-000-0-0,7.848,0.024,7.927,0.021,7.239,0.018,6.363,0.05,13.5928,0.003496,11.871,0.007,rered,gaia2,3115.0,122.0,,,,,,,,,,,,,,8904.14,2977.19,0.7157,0.0091,0,,,0,,0.014,0.0042,schlegel,,,,,,,,,,,2410.92,3543.46,bj2018,,,dered,16.246,0.02194,12.1329,0.00888,1,ucac4,bpbj,,1.74285052902,1.48509913439,204.35165996307,-66.47646328632,0.04822480648,0.04936518838,0,0,860043269
0.036311,J133901.74-240113.9,204.7572707,-24.020547,49256755,204.75727715566,-24.02055518326,204.757,-24.021,90.0,0,,,13390175-2401140,0,J133901.74-240113.9,6191976422757560064,11240109,0,STAR,tmgaia2,tmgaia2,-0.118,0.312,-0.475,0.295,gaia2,-0.3033,0.2794,gaia2,17.651,-0.134,16.916,0.06,,,,,,,,,,,15.601,0.057,14.542,0.057,13.726,0.055,AAA-222-111-000-0-0,12.431,0.024,11.422,0.022,8.588,0.026,6.226,0.051,17.8469,0.033903,17.265,0.035,rered,gaia2,5132.0,416.0,4.2979,,,,1.096,,0.87,,0.6607,,DWARF,0.75078,,3330.87,1296.66,0.0603,0.0092,0,,,0,,0.0089,0.0095,panstarrs,,,,,,,,,,,1042.04,1551.27,bj2018,,,dered,18.2725,0.130664,17.1421,0.098664,1,apassdr9,apassdr9,,4.9541440835,4.57476940521,204.75727660004,-24.02055723004,0.2302121821,0.14109701347,1,0,861449475
0.081681,J134438.52-610833.3,206.1605138,-61.1425881,322303936,206.16046694305,-61.1425862637,206.16,-61.143,90.0,0,,,13443851-6108333,0,J134438.52-610833.3,5865883199804022400,0,0,STAR,tmgaia2,tmgaia2,,,,,,,,,15.669,0.162,,,,,,,,,,,,,8.865,0.02,7.485,0.04,6.99,0.024,AAA-111-111-000-0-0,6.67,0.053,6.642,0.022,6.382,0.018,6.111,0.062,13.739,0.003104,12.156,0.007,gbprp,,,,,,,,,,,,,,,,,,,,,0,,,0,,,,,,,,,,,,,,,,,,,,,17.3097,0.020931,12.1543,0.009443,0,,bpbj,,0.05110488635,0.05904743796,206.16046694305,-61.1425862637,0.05110488635,0.05904743796,0,0,866794585
0.51996,J135336.30-364911.6,208.4012545,-36.8199104,1053912236,208.40142335442,-36.81996128764,208.401,-36.82,90.0,0,,,,0,,6115759002568688256,0,0,STAR,gaia2,gaia2,-2.198,1.439,-0.317,1.154,gaia2,0.1561,0.8813,gaia2,,,19.105,0.053,,,,,,,,,,,,,,,,,,,,,,,,,,18.9051,0.007101,18.384,0.03,gbprp,gaia2,,,,,,,,,,,,,,,,2238.71,1501.52,0.0669,0.0007,0,,,0,,0.0014,0.0,schlegel,,,,,,,,,,,1102.91,1900.12,bj2018,,,,18.3962,0.072862,17.3884,0.013014,0,gaia2,,,23.52287705548,17.90389196649,208.4014115307,-36.81996265378,0.75779326402,0.58644001091,1,0,875693591
2.056586,J135336.30-364911.6,208.4012545,-36.8199104,10000877790,208.400558,-36.819786,0.0,0.0,90.0,0,,,13533613-3649112,0,,0,0,0,EXTENDED,,2MASSEXT,,,,,,,,,,,,,,,,,,,,,,,14.808,,14.222,,13.883,,,,,,,,,,,,,16.652,0.17,tor_j,,,,,,,,,,,,,,,,,,,,,0,,,0,,,,,,,,,,,,,,,,,,,,,,,,,0,,,,,,,,,,0,0,1727573023
2.19163,J135336.30-364911.6,208.4012545,-36.8199104,166705890,208.40049860774,-36.81984359448,208.4,-36.82,90.0,0,,,13533615-3649116,0,J135336.30-364911.6,6115758998275792896,18573625,0,STAR,tmgaia2,tmgaia2,,,,,,,,,17.677,0.0,16.698,0.06,,,,,,,,,,,15.666,0.094,15.289,0.159,14.271,,ACU-220-110-000-0-0,13.918,0.026,13.663,0.032,9.521,0.035,7.396,0.096,17.4709,0.015455,16.899,0.019,gbprp,,,,,,,,,,,,,,,,,,,,,0,,,0,,,,,,,,,,,,,,,,,,,,,17.7962,0.053776,16.6796,0.033236,0,apassdr9,apassdr9,,0.12928761928,0.10227478111,208.40049860774,-36.81984359448,0.12928761928,0.10227478111,1,0,873931986
0.060184,J140308.39-545855.3,210.7849614,-54.9820372,209710619,210.78498008029,-54.98205002891,210.785,-54.982,90.0,0,,176-112926,14030840-5458554,0,J140308.39-545855.3,5896621765327492736,27054528,0,STAR,tmgaia2,tmgaia2,-6.552,0.212,0.485,0.231,gaia2,1.0957,0.1261,gaia2,15.28,0.103,13.677,0.092,,,,,,,,,,,7.899,0.021,6.949,0.038,6.571,0.021,AAA-111-111-000-0-0,6.436,0.045,6.6,0.021,6.28,0.015,6.032,0.045,11.62,0.002229,10.2,0.008,rered,gaia2,3031.0,122.0,,,,,,,,,,,,,,905.202,111.296,0.1866,0.0147,0,,,0,,0.0137,0.0157,schlegel,,,,,,,,,,,98.024,124.568,bj2018,,,dered,13.8944,0.014399,10.2552,0.006539,1,ucac4,apassdr9,,3.70617498459,3.5786595714,210.78493092205,-54.98204794035,0.06791904588,0.09838168392,0,0,884128031
0.064938,J141148.17+114704.6,212.9507131,11.7846164,457917273,212.95069724672,11.78460720564,212.951,11.785,90.0,0,,,14114815+1147045,0,J141148.17+114704.6,1226267691913326592,0,0,STAR,tmgaia2,tmgaia2,0.771,2.32,-0.75,2.326,hsoy,,,,18.142,0.109,18.759,0.049,,,,,,,,,,,15.866,0.087,15.237,0.107,14.638,0.117,AAB-222-111-000-0-0,13.44,0.025,12.568,0.024,9.428,0.032,6.625,0.06,18.4632,0.009046,17.833,0.013,gbprp,,,,,,,,,,,,,,GIANT,,,,,,,0,,,0,,,,,,,,,,,,,,,,,,,,,18.2718,0.032894,17.0246,0.016293,0,gaia2,bpbj,,36.15735699015,36.05901896694,212.95070063908,11.78460397512,0.55452306513,0.45880458588,1,0,150809783
0.245252,J141805.31-445301.5,214.5221558,-44.8837609,10001013778,214.52211,-44.883701,0.0,0.0,90.0,0,,,14180530-4453013,0,,0,0,0,EXTENDED,,2MASSEXT,,,,,,,,,,,,,,,,,,,,,,,14.813,,14.329,,13.801,,,,,,,,,,,,,16.563,1.0,tor_j,,,,,,,,,,,,,,,,,,,,,0,,,0,,,,,,,,,,,,,,,,,,,,,,,,,0,,,,,,,,,,0,0,1727610269
0.300348,J141805.31-445301.5,214.5221558,-44.8837609,242475486,214.52226614876,-44.88379001071,214.522,-44.884,90.0,0,,,14180534-4453015,0,J141805.31-445301.5,6096608911632051200,0,0,STAR,tmgaia2,tmgaia2,,,,,,,,,,,19.461,0.054,,,,,,,,,,,15.645,0.087,14.776,0.093,14.157,0.077,AAA-222-111-000-0-0,13.357,0.026,12.754,0.028,9.574,0.036,6.83,0.063,19.0937,0.012854,18.399,0.022,gbprp,,,,,,,,,,,,,,,,,,,,,0,,,0,,,,,,,,,,,,,,,,,,,,,18.6254,0.05103,17.2252,0.011291,0,gaia2,,,1.612058904,1.67020751196,214.52226614876,-44.88379001071,1.612058904,1.67020751196,0,0,897540112
0.156092,J141909.42-565518.1,214.789264,-56.921701,413284814,214.78933749878,-56.92168454323,214.789,-56.922,90.0,69980,8686-01847-1,166-123361,14190944-5655179,0,J141909.42-565518.1,5892287215635410688,28749180,0,STAR,tmgaia2,tmgaia2,-8.349,0.102,-3.502,0.148,gaia2,1.2709,0.0556,gaia2,8.477,0.027,8.38,0.03,,,,,,,,,,,8.144,0.024,8.152,0.061,8.123,0.026,AAA-111-111-000-0-0,8.122,0.022,8.151,0.019,8.177,0.025,6.96,0.083,8.36281,0.000427,8.366,0.012,rered,gaia2,,,,,,,,,,,,,,,,771.294,33.433,0.329,0.0114,0,,,0,,0.0111,0.0118,schlegel,,,,,,,,,,,32.012,34.854,bj2018,,,,8.41698,0.00101,8.27047,0.000964,1,hipvmag,tycho2b3,,1.79736506487,2.29743054826,214.78927163395,-56.92169962005,0.03237994853,0.04797912156,0,0,898566156
0.117041,J143946.97+495805.3,219.945723,49.9681546,255808905,219.94572525214,49.96818707905,219.946,49.968,90.0,0,,,14394696+4958054,0,J143946.97+495805.3,1603851499699956096,0,0,STAR,tmgaia2,tmgaia2,1.343,2.304,-1.139,2.304,hsoy,,,,18.942,0.117,18.472,0.068,,,,,,,,,,,16.08,0.097,15.219,0.099,14.394,0.086,AAA-222-111-000-0-0,13.248,0.024,12.137,0.022,9.172,0.029,6.692,0.058,18.2331,0.027058,17.664,0.028,gbprp,,,,,,,,,,,,,,GIANT,,,,,,,0,,,0,,,,,,,,,,,,,,,,,,,,,18.5921,0.080108,17.4813,0.070585,0,gaia2,bpbj,,39.40504976704,35.7161506964,219.94573424215,49.96818217635,0.10559978341,0.09285261077,1,0,152299910
0.022617,J144601.69-562022.1,221.5070731,-56.3394994,191327250,221.50706285872,-56.33950209244,221.507,-56.34,90.0,0,,169-121178,14460169-5620223,0,J144601.69-562022.1,5893029626523035136,28863567,0,STAR,tmgaia2,tmgaia2,-0.829,0.143,-0.866,0.135,gaia2,0.6346,0.1607,gaia2,14.453,0.016,12.552,0.046,,,,,,,,,,,9.262,0.024,8.378,0.029,8.132,0.02,AAA-211-111-000-0-0,7.962,0.025,8.116,0.02,7.932,0.019,7.437,0.1,11.811,0.000562,10.752,0.071,rered,gaia2,4517.0,122.0,,,,,22.591,,,,,,GIANT,,,1590.6,536.94,0.5751,0.1279,0,,,0,,0.104,0.1517,schlegel,,,,,,,,,,,379.55,694.33,bj2018,,,dered,12.918,0.006586,10.8001,0.002925,1,ucac4,apassdr9,,2.51878725694,2.08989953884,221.50705641789,-56.33950582018,0.11539597331,0.06549559002,0,0,925213906
0.505841,J145605.68-601413.4,224.023688,-60.2370703,296804168,224.02370271199,-60.23692997851,224.024,-60.237,90.0,0,,,14560568-6014130,0,J145605.68-601413.4,5878010602569452416,0,0,STAR,tmgaia2,tmgaia2,-4.213,0.158,-4.124,0.278,gaia2,0.2748,0.1481,gaia2,,,,,,,,,,,,,,,13.236,0.033,12.286,0.036,11.754,0.027,AAA-222-111-000-0-0,11.245,0.026,11.26,0.023,10.587,,5.868,0.064,17.7512,0.002658,15.866,0.192,rered,gaia2,3685.0,128.0,,,,,14.389,,,,,,GIANT,,,3131.7,1463.65,1.3391,0.4684,0,,,0,,0.3646,0.5721,schlegel,,,,,,,,,,,999.83,1927.46,bj2018,,,dered,20.271,0.064155,16.2685,0.009846,1,,,,2.82630378301,4.31376065757,224.0236661691,-60.23694773303,0.098567158,0.1079398104,0,0,935951556
1.435972,J145605.68-601413.4,224.023688,-60.2370703,1132613048,224.02364881416,-60.2374687064,224.024,-60.237,90.0,0,,,,0,,5878010606894945664,0,0,STAR,gaia2,gaia2,,,,,,,,,,,,,,,,,,,,,,,,,,,,,,,,,,,,,,21.0979,0.026477,20.668,0.6,goffs,,,,,,,,,,,,,,,,,,,,,0,,,0,,,,,,,,,,,,,,,,,,,,,,0.0,,0.0,0,,,,4.26179069184,2.61641706503,224.02364881416,-60.2374687064,4.26179069184,2.61641706503,0,0,936473681
0.291362,J150330.35-625131.8,225.8764796,-62.8588411,1125507971,225.87661202205,-62.85889496169,225.877,-62.859,90.0,0,,,,0,,5874427023630134528,0,0,STAR,gaia2,gaia2,-8.81,0.338,-3.652,0.431,gaia2,-0.0633,0.2479,gaia2,,,,,,,,,,,,,,,,,,,,,,,,,,,,,,18.8803,0.007346,18.45,0.6,goffs,gaia2,,,,,,,,,,,,,,,,4708.71,2448.86,1.1528,0.1301,0,,,454211145,,0.1747,0.0856,schlegel,,,,,,,,,,,1847.04,3050.68,bj2018,,,,,0.0,,0.0,0,,,,6.15060026191,6.6884987927,225.87652886811,-62.85891068552,0.19758630709,0.19532962552,0,0,943964835
1.553775,J150330.35-625131.8,225.8764796,-62.8588411,1125499737,225.87576854087,-62.85912581867,225.876,-62.859,90.0,0,,,,0,,5874421148083224192,0,0,STAR,gaia2,gaia2,-5.441,1.606,-1.892,2.616,gaia2,4.2508,1.4259,gaia2,,,,,,,,,,,,,,,,,,,,,,,,,,,,,,20.7525,0.016643,20.323,0.6,goffs,gaia2,,,,,,,,,,,,,,,,323.182,323.182,0.1959,0.512,0,,,0,,0.0803,0.9438,schlegel,,,,,,,,,,,139.193,4173.73,bj2018,,,,,0.0,,0.0,0,,,,29.18998820539,40.55863719138,225.87571719122,-62.85913396612,0.97975874723,0.96207880192,0,0,943963636
1.874721,J150330.35-625131.8,225.8764796,-62.8588411,1125507929,225.87761989693,-62.85881673924,225.878,-62.859,90.0,0,,,,0,,5874427019295266176,0,0,STAR,gaia2,gaia2,-5.43,0.238,-4.938,0.295,gaia2,0.383,0.169,gaia2,,,18.992,0.058,,,,,,,,,,,,,,,,,,,,,,,,,,18.5316,0.0021,17.765,0.014,gbprp,gaia2,,,,,,,,,,,,,,,,2623.23,1455.32,0.941,0.1994,0,,DUPLICATE,454211145,,0.1905,0.2083,schlegel,,,,,,,,,,,893.59,2017.05,bj2018,,,,18.9132,0.058206,17.3347,0.025872,0,gaia2,,,4.32562172227,4.56768225613,225.87756864872,-62.85883800103,0.14206484675,0.13097719871,1,0,943964793
1.874721,J150330.35-625131.8,225.8764796,-62.8588411,454211145,225.87761989693,-62.85881673924,225.878,-62.859,90.0,0,,,15033048-6251319,0,J150330.35-625131.8,5874427019295266176,0,0,STAR,gaia2,gaia2,-5.43,0.238,-4.938,0.295,gaia2,0.383,0.169,gaia2,19.983,0.198,18.992,0.058,,,,,,,,,,,15.621,0.081,15.045,0.096,14.815,0.118,AAB-222-111-000-0-0,14.397,0.061,14.666,0.098,10.296,0.22,7.413,0.104,18.5316,0.0021,17.765,0.014,gbprp,gaia2,,,,,,,,,,,,,,,,2623.23,1455.32,0.941,0.1994,0,,SPLIT,0,,0.1905,0.2083,schlegel,,,,,,,,,,,893.59,2017.05,bj2018,,,,18.9132,0.058206,17.3347,0.025872,0,gaia2,bpbj,,4.32562172227,4.56768225613,225.87756864872,-62.85883800103,0.14206484675,0.13097719871,1,0,943764335
0.073169,J151159.64-685757.2,227.9985224,-68.9659013,261951779,227.99854884444,-68.96588332768,227.998,-68.966,90.0,0,,106-090949,15115966-6857571,0,J151159.64-685757.2,5799397449646072960,33392657,0,STAR,tmgaia2,tmgaia2,-8.486,0.097,-5.631,0.13,gaia2,0.3059,0.0811,gaia2,14.567,0.014,13.395,0.08,,,,,,,,,,,7.985,0.018,7.079,0.026,6.729,0.021,AAA-111-111-000-0-0,6.658,0.066,6.753,0.022,6.177,0.016,5.613,0.036,11.3342,0.007077,10.037,0.009,rered,gaia2,3190.0,126.0,,,,,,,,,,,,,,2996.5,845.005,0.1281,0.0026,0,,,0,,0.0033,0.0019,schlegel,,,,,,,,,,,640.19,1049.82,bj2018,,,dered,13.2615,0.052889,10.0746,0.023429,1,ucac4,apassdr9,,1.82839026904,2.02243449919,227.99844705316,-68.96590757363,0.0515239993,0.0611442836,0,0,952747837
0.071039,J151509.84-592847.7,228.7910352,-59.4799398,42738942,228.79104855671,-59.47992126935,228.791,-59.48,90.0,0,8706-00117-1,153-152540,15150986-5928476,0,J151509.84-592847.7,5876736509111789184,28954948,0,STAR,tmgaia2,tmgaia2,-4.117,0.04,-3.426,0.055,gaia2,0.3397,0.0364,gaia2,10.886,0.079,10.132,0.006,,,,,,,,,,,8.139,0.02,7.934,0.031,7.807,0.033,AAA-111-111-000-0-0,7.696,0.025,7.706,0.02,7.652,0.021,7.085,0.096,9.74332,0.000742,9.13,0.035,rered,gaia2,7253.0,123.0,,,,,35.756,,,,,,GIANT,,,2716.64,279.67,0.6117,0.0461,0,,,0,,0.0429,0.0493,schlegel,,,,,,,,,,,251.97,307.37,bj2018,,,dered,10.2778,0.001484,9.07201,0.003057,1,tycho2v3,tycho2b3,,0.71727581974,0.85602836938,228.79101365226,-59.47993601916,0.02612694903,0.02663339536,0,0,957121137
0.165505,J151811.34+313849.3,229.5472544,31.6470378,282850594,229.54730238104,31.64705889889,229.547,31.647,90.0,74881,2563-00234-1,609-050777,15181133+3138492,0,J151811.34+313849.3,1277156564676743552,49640654,0,STAR,tmgaia2,tmgaia2,-7.992,0.052,-12.918,0.06,gaia2,2.4449,0.0438,gaia2,7.787,0.024,8.737,0.103,,,,,,,,,,,7.907,0.02,7.713,0.031,7.706,0.016,AAA-111-111-000-0-0,7.351,0.036,7.386,0.019,7.222,0.016,6.964,0.063,7.7703,0.00236,7.775,0.007,rered,gaia2,9544.0,185.9,3.5895,0.0671,,,4.141,0.14,2.43,0.319,0.0342,0.0058,DWARF,128.17656,8.26082,404.376,7.211,0.0205,0.0036,31,0.0,,0,0.000817,0.0045,0.0027,panstarrs,0.216,0.422,0.142,0.137,0.0065,0.0052,0.0757,0.0584,10.7522,5.76944,7.084,7.338,bj2018,201.5,170.2,dered,7.78955,0.007354,7.74065,0.010977,1,ucac4,tycho2b3,,0.8443897092,0.93184895805,229.54726196017,31.6470032793,0.02333925253,0.03048876829,1,0,154687155
0.042826,J152045.57-593233.4,230.1899159,-59.5426204,45849413,230.18989334894,-59.54262369343,230.19,-59.543,90.0,0,,153-154380,15204558-5932333,0,J152045.57-593233.4,5876686897996130048,28971005,0,STAR,tmgaia2,tmgaia2,,,,,,,,,18.066,0.162,15.379,0.172,,,,,,,,,,,11.86,0.024,10.964,0.025,10.441,0.022,AAA-222-111-000-0-0,9.737,0.022,9.353,0.019,7.415,0.023,5.192,0.031,14.5058,0.012945,13.616,0.015,gbprp,,,,,,,,,,,,,,,,,,,,,0,,,0,,,,,,,,,,,,,,,,,,,,,15.4379,0.04919,13.5273,0.035375,0,ucac4,bpbj,,0.33517201504,0.35872977247,230.18989334894,-59.54262369343,0.33517201504,0.35872977247,1,0,963230244
2.018746,J152045.57-593233.4,230.1899159,-59.5426204,1130631612,230.19074396039,-59.54299225203,230.191,-59.543,90.0,0,,,,0,,5876686897996129280,0,0,STAR,gaia2,gaia2,-5.757,0.741,-4.349,1.019,gaia2,-0.4972,0.6502,gaia2,,,,,,,,,,,,,,,,,,,,,,,,,,,,,,19.5058,0.006778,19.076,0.6,goffs,gaia2,,,,,,,,,,,,,,,,3765.03,2298.56,1.2303,0.3926,0,,,0,,0.4167,0.3686,schlegel,,,,,,,,,,,1743.01,2854.11,bj2018,,,,,0.0,,0.0,0,,,,13.24315763456,15.79666335402,230.19069506048,-59.54301097875,0.5163488624,0.49947261689,0,0,963802714
0.015147,J152208.20-543137.7,230.5341727,-54.5271577,46218875,230.5341662239,-54.52715580833,230.534,-54.527,90.0,0,,178-141818,15220818-5431377,0,J152208.20-543137.7,5886905655970479744,26787642,0,STAR,tmgaia2,tmgaia2,-1.588,0.087,-2.927,0.081,gaia2,0.6334,0.0389,gaia2,12.306,0.059,11.34,0.034,,,,,,,,,,,8.73,0.024,8.131,0.026,7.914,0.018,AAA-111-111-000-0-0,7.708,0.025,7.714,0.019,7.62,0.021,6.679,0.076,10.825,0.001202,10.059,0.022,rered,gaia2,6373.0,122.0,,,,,16.326,,,,,,GIANT,,,1514.4,91.54,0.6472,0.0309,0,,,0,,0.0295,0.0323,schlegel,,,,,,,,,,,86.13,96.95,bj2018,,,dered,11.5139,0.001987,10.0252,0.002069,1,ucac4,apassdr9,,1.52589877867,1.24887205143,230.53415444039,-54.52716841086,0.02831807392,0.02518910336,0,0,965731201
0.022333,J152513.56-601614.2,231.3065039,-60.2706206,456324427,231.30649451954,-60.27062470438,231.306,-60.271,90.0,0,,149-161387,15251356-6016142,0,J152513.56-601614.2,5875854361552007040,31254836,0,STAR,tmgaia2,tmgaia2,,,,,,,,,16.314,0.019,16.331,0.297,,,,,,,,,,,8.85,0.023,7.489,0.027,6.841,0.021,AAA-111-111-000-0-0,6.536,0.063,6.499,0.021,5.612,0.015,4.605,0.025,14.3233,0.00841,12.692,0.011,gbprp,,,,,,,,,,,,,,,,,,,,,0,,,0,,,,,,,,,,,,,,,,,,,,,18.1587,0.05908,12.6258,0.024496,0,ucac4,apassdr9,,0.12496042862,0.10855578897,231.30649451954,-60.27062470438,0.12496042862,0.10855578897,0,0,970057919
2.24115,J152513.56-601614.2,231.3065039,-60.2706206,1128762012,231.3058119198,-60.27010117697,231.306,-60.27,90.0,0,,,,0,,5875854361552008832,0,0,STAR,gaia2,gaia2,-5.807,0.049,-9.384,0.053,gaia2,0.4932,0.0376,gaia2,,,15.712,0.047,,,,,,,,,,,,,,,,,,,,,,,,,,15.3559,0.003505,14.658,0.029,rered,gaia2,7391.0,160.0,3.9641,,,,2.243,,1.69,,0.1497,,DWARF,13.53098,,1923.15,142.995,0.7688,0.0377,0,,,0,,0.0361,0.0394,schlegel,,,,,,,,,,,132.63,153.36,bj2018,,,dered,15.9172,0.018032,14.5387,0.01631,1,gaia2,,,0.88282028982,0.81697899917,231.30576150103,-60.27014158019,0.02911603195,0.02461163899,1,0,970407218
0.065371,J152714.42-430940.6,231.810102,-43.1612778,461725126,231.81012325675,-43.16126834927,231.81,-43.161,90.0,0,,235-088940,15271443-4309405,0,J152714.42-430940.6,6000692087086081664,21157594,0,STAR,tmgaia2,tmgaia2,-7.937,0.074,-4.473,0.058,gaia2,0.251,0.0368,gaia2,13.888,0.021,12.759,0.092,,,,,,,,,,,10.508,0.026,9.827,0.022,9.762,0.021,AAA-222-111-000-0-0,9.548,0.024,9.617,0.02,7.87,0.02,6.143,0.055,12.3597,0.002289,11.622,0.006,rered,gaia2,4728.0,123.0,,,,,20.841,,,,,,GIANT,,,3570.06,495.98,0.1693,0.0005,0,,,0,,0.0006,0.0004,schlegel,,,,,,,,,,,430.95,561.01,bj2018,,,dered,13.0406,0.007643,11.5803,0.006506,1,ucac4,apassdr9,,1.22864294005,0.89481202344,231.81007640671,-43.16128760975,0.02926410672,0.01992089092,0,0,972792356
0.061006,J152817.41-450805.8,232.072562,-45.1349709,151131426,232.07258512669,-45.13496631667,232.073,-45.135,90.0,0,8295-01012-1,225-094512,15281742-4508057,0,J152817.41-450805.8,5999680605109166848,23746604,0,STAR,tmgaia2,tmgaia2,-1.641,0.105,-0.978,0.08,gaia2,0.5825,0.0477,gaia2,7.806,0.025,7.747,0.002,,,,,,,,,,,7.303,0.021,7.24,0.055,7.165,0.031,AAA-111-111-000-0-0,7.09,0.045,7.046,0.022,6.758,0.016,6.33,0.061,7.76579,0.006434,7.693,0.01,rered,gaia2,10485.0,458.0,,,,,19.404,,,,,,GIANT,,,1646.39,133.175,0.2162,0.0049,0,,,0,,0.0049,0.0048,schlegel,,,,,,,,,,,122.67,143.68,bj2018,,,dered,7.857,0.020004,7.63254,0.018258,1,tycho2v3,tycho2b3,,1.76627060935,1.23263605194,232.07257510941,-45.1349705285,0.03720782621,0.0263747024,0,0,973973717
0.09753,J153051.32-680851.6,232.7138525,-68.1476718,446916762,232.71390607173,-68.14765346015,232.714,-68.148,90.0,0,,110-101384,15305131-6808515,0,J153051.32-680851.6,5823324020939773056,32979460,0,STAR,tmgaia2,tmgaia2,-4.79,0.082,-3.836,0.113,gaia2,0.1487,0.0696,gaia2,16.611,0.0,15.322,0.092,,,,,,,,,,,8.506,0.02,7.583,0.036,7.15,0.017,AAA-111-111-000-0-0,7.068,0.041,7.046,0.02,6.348,0.016,5.63,0.037,12.3717,0.003462,10.918,0.007,rered,gaia2,,,,,,,,,,,,,,,,4874.02,1586.07,0.1097,0.0004,0,,,0,,0.0006,0.0001,schlegel,,,,,,,,,,,1203.08,1969.06,bj2018,,,,14.9047,0.019239,10.9351,0.00952,1,ucac4,apassdr9,,1.54009018566,1.75571613611,232.71385066756,-68.1476699758,0.04316398056,0.05057692611,0,0,976974053
2.151948,J153051.32-680851.6,232.7138525,-68.1476718,1109727157,232.71279766777,-68.14812254338,232.713,-68.148,90.0,0,,,,0,,5823324025255750656,0,0,STAR,gaia2,gaia2,,,,,,,,,,,,,,,,,,,,,,,,,,,,,,,,,,,,,,18.9736,0.023683,18.544,0.6,goffs,,,,,,,,,,,,,,,,,,,,,0,,,0,,,,,,,,,,,,,,,,,,,,,,0.0,,0.0,0,,,,1.61180985342,2.48236155514,232.71279766777,-68.14812254338,1.61180985342,2.48236155514,0,0,977105363
0.229045,J153100.77-580518.9,232.7532345,-58.0886018,282565073,232.75318970985,-58.08866085411,232.753,-58.089,90.0,0,,,15310079-5805191,0,J153100.77-580518.9,5882221255420893696,0,0,STAR,tmgaia2,tmgaia2,,,,,,,,,,,,,,,,,,,,,,,10.539,0.023,8.564,0.044,7.322,0.033,AAA-211-111-000-0-0,6.329,0.076,5.767,0.042,4.006,0.015,2.547,0.018,17.3715,0.056743,15.805,0.057,gbprp,,,,,,,,,,,,,,,,,,,,,0,,,0,,,,,,,,,,,,,,,,,,,,,20.3346,0.193463,15.3003,0.160538,0,,,,0.19287842333,0.17010951094,232.75318970985,-58.08866085411,0.19287842333,0.17010951094,0,0,978274567
2.07098,J153100.77-580518.9,232.7532345,-58.0886018,1136514665,232.75215012784,-58.08855310288,232.752,-58.089,90.0,0,,,,0,,5882221255402051456,0,0,STAR,gaia2,gaia2,-2.956,0.383,-3.313,0.453,gaia2,0.8047,0.287,gaia2,,,19.913,0.219,,,,,,,,,,,,,,,,,,,,,,,,,,18.896,0.002294,17.853,0.062,gbprp,gaia2,,,,,,,,,,,,,,,,1409.57,1057.44,0.7079,0.4115,0,,,0,,0.2373,0.5857,schlegel,,,,,,,,,,,520.216,1594.66,bj2018,,,,19.9013,0.253065,17.5187,0.046387,0,gaia2,,,6.80092415495,7.02083513333,232.75212605098,-58.08856736529,0.18751193478,0.16761637723,1,0,978862862
2.169851,J153100.77-580518.9,232.7532345,-58.0886018,1136514663,232.75437445715,-58.08861511261,232.754,-58.089,90.0,0,,,,0,,5882221255402050432,0,0,STAR,gaia2,gaia2,-4.72,0.604,-2.533,0.864,gaia2,-0.2168,0.4139,gaia2,,,,,,,,,,,,,,,,,,,,,,,,,,,,,,19.4001,0.007216,17.925,0.341,rered,gaia2,5738.0,935.0,3.4108,,,,3.312,,1.03,,0.0284,,DWARF,10.71024,,3999.81,2252.64,1.5744,0.5248,0,,,0,,0.5161,0.5334,schlegel,,,,,,,,,,,1706.35,2798.93,bj2018,,,dered,20.9335,0.290825,18.0387,0.099708,1,,,,10.71314582827,13.40130986707,232.7543360162,-58.08862601799,0.27206047344,0.25015016023,1,0,978862861
0.132384,J154232.04-574310.7,235.6335037,-57.7196597,64427616,235.63349555892,-57.7196231845,235.633,-57.72,90.0,0,,162-144662,15423203-5743106,0,J154232.04-574310.7,5882385632448077952,0,0,STAR,tmgaia2,tmgaia2,-3.913,0.071,-2.084,0.072,gaia2,0.2759,0.0549,gaia2,17.37,0.162,14.845,0.103,,,,,,,,,,,9.637,0.024,8.535,0.051,8.142,0.023,AAA-211-111-000-0-0,7.895,0.024,8.063,0.018,7.893,0.02,7.288,0.106,13.2246,0.000435,11.736,0.048,rered,gaia2,3938.0,122.0,,,,,57.113,,,,,,GIANT,,,3273.59,638.955,0.9149,0.1035,0,,,0,,0.0946,0.1125,schlegel,,,,,,,,,,,525.36,752.55,bj2018,,,dered,15.0305,0.006405,11.9359,0.001287,1,ucac4,bpbj,,1.25679923681,1.11304765869,235.63346401283,-57.71963215918,0.04125597626,0.03276837305,0,0,994173330
2.056764,J154232.04-574310.7,235.6335037,-57.7196597,1136930370,235.63376435508,-57.72021380496,235.634,-57.72,90.0,0,,,,0,,5882385563701644416,0,0,STAR,gaia2,gaia2,-2.241,0.269,-1.775,0.226,gaia2,0.4768,0.176,gaia2,,,18.261,0.103,,,,,,,,,,,,,,,,,,,,,,,,,,17.2931,0.011066,16.269,0.032,gbprp,gaia2,,,,,,,,,,,,,,,,2159.83,1153.91,0.6955,0.2374,0,,,0,,0.1787,0.2962,schlegel,,,,,,,,,,,697.86,1609.95,bj2018,,,,17.6791,0.015416,15.3567,0.112083,0,gaia2,,,4.76961658111,3.50993629349,235.63374629115,-57.72022144556,0.1637131604,0.10031446476,0,0,994890029
0.138095,J154321.63-560557.6,235.8401265,-56.099347,66174725,235.84005776757,-56.09934835538,235.84,-56.099,90.0,0,,,15432163-5605575,0,J154321.63-560557.6,5884262842335477120,0,0,STAR,tmgaia2,tmgaia2,,,,,,,,,,,,,,,,,,,,,,,10.192,0.023,8.388,0.033,7.585,0.017,AAA-211-111-000-0-0,6.948,0.053,7.007,0.02,6.726,0.022,5.868,0.051,16.0397,0.001607,14.424,0.008,gbprp,,,,,,,,,,,,,,,,,,,,,0,,,0,,,,,,,,,,,,,,,,,,,,,19.7754,0.051755,14.3653,0.007425,0,,,,0.09944029389,0.08378746567,235.84005776757,-56.09934835538,0.09944029389,0.08378746567,0,0,995660242
2.025028,J154321.63-560557.6,235.8401265,-56.099347,1138994187,235.84021659079,-56.09878674102,235.84,-56.099,90.0,0,,,,0,,5884262842303497856,0,0,STAR,gaia2,gaia2,-0.532,0.755,-4.307,0.723,gaia2,-1.1654,0.4843,gaia2,,,,,,,,,,,,,,,,,,,,,,,,,,,,,,19.7624,0.010502,19.332,0.6,goffs,gaia2,,,,,,,,,,,,,,,,4742.86,2365.64,1.5685,0.5502,0,,,0,,0.5108,0.5897,schlegel,,,,,,,,,,,1864.18,2867.09,bj2018,,,,,0.0,,0.0,0,,,,13.25967154761,11.21317817842,235.84021248131,-56.0988052853,0.37181469428,0.30624294596,0,0,996473034
0.082558,J154359.83-411640.1,235.9992971,-41.277828,177624247,235.99927378116,-41.27784279191,235.999,-41.278,90.0,0,,244-085518,15435983-4116401,0,J154359.83-411640.1,6007874509354454912,21206976,0,STAR,tmgaia2,tmgaia2,,,,,,,,,14.646,0.054,14.448,0.114,,,,,,,,,,,8.248,0.024,7.287,0.036,6.753,0.024,AAA-111-111-000-0-0,6.169,0.092,5.94,0.04,4.981,0.015,4.31,0.026,13.2394,0.0273,12.021,0.032,gbprp,,,,,,,,,,,,,,,,,,,,,0,,,0,,,,,,,,,,,,,,,,,,,,,14.2714,0.090492,11.2279,0.026446,0,ucac4,apassdr9,,0.28115547304,0.2084815082,235.99927378116,-41.27784279191,0.28115547304,0.2084815082,0,0,995758204
1.055651,J154359.83-411640.1,235.9992971,-41.277828,1169453874,235.999511784,-41.27807286176,236.0,-41.278,90.0,0,,,,0,,6007874509346162432,0,0,STAR,gaia2,gaia2,,,,,,,,,,,,,,,,,,,,,,,,,,,,,,,,,,,,,,15.6993,0.01023,15.269,0.6,goffs,,,,,,,,,,,,,,,,,,,,,0,,,0,,,,,,,,,,,,,,,,,,,,,,0.0,,0.0,0,,,,12.06753029465,3.32478744303,235.999511784,-41.27807286176,12.06753029465,3.32478744303,0,0,996908046
1.200855,J154359.83-411640.1,235.9992971,-41.277828,1169453873,235.99973332777,-41.27776640121,236.0,-41.278,90.0,0,,,,0,,6007874509346162304,0,0,STAR,gaia2,gaia2,-5.666,0.326,-6.892,0.359,gaia2,1.0052,0.1025,gaia2,,,14.049,0.062,,,,,,,,,,,,,,,,,,,,,,,,,,13.6513,0.001443,12.931,0.03,gbprp,gaia2,,,,,,,,,,,,,,,,981.019,104.164,0.272,0.0125,0,,,0,,0.0121,0.0128,schlegel,,,,,,,,,,,93.398,114.931,bj2018,,,,14.0852,0.0083,12.6237,0.080223,0,gaia2,,,5.40133767007,5.56352852504,235.99970086871,-41.27779607308,0.08903426683,0.07111483321,0,0,996908045
1.213145,J154359.83-411640.1,235.9992971,-41.277828,1169453872,235.99886875722,-41.27772833145,235.999,-41.278,90.0,0,,,,0,,6007874509346162176,0,0,STAR,gaia2,gaia2,,,,,,,,,,,,,,,,,,,,,,,,,,,,,,,,,,,,,,17.4176,0.011954,16.988,0.6,goffs,,,,,,,,,,,,,,,,,,,,,0,,,0,,,,,,,,,,,,,,,,,,,,,,0.0,,0.0,0,,,,5.73308299101,1.53591822725,235.99886875722,-41.27772833145,5.73308299101,1.53591822725,0,0,996908044
0.110259,J155027.29-573926.7,237.6137159,-57.6574243,79508775,237.61370359196,-57.65739438857,237.614,-57.657,90.0,0,8705-00270-1,162-149902,15502729-5739267,0,J155027.29-573926.7,5834395248449591680,29038036,0,STAR,tmgaia2,tmgaia2,-0.035,0.055,-2.921,0.053,gaia2,0.7038,0.0395,gaia2,8.777,0.032,8.716,0.003,,,,,,,,,,,8.38,0.021,8.378,0.042,8.353,0.021,AAA-111-111-000-0-0,8.312,0.023,8.337,0.02,8.334,0.023,7.407,0.103,8.66473,0.0003,8.631,0.013,rered,gaia2,14461.0,129.0,,,,,,,,,,,,,,1369.3,76.175,0.2941,0.0125,0,,,0,,0.012,0.013,schlegel,,,,,,,,,,,72.02,80.33,bj2018,,,dered,8.73399,0.000787,8.54528,0.000782,1,tycho2v3,tycho2b3,,0.97643650606,0.81901673432,237.61370331217,-57.65740696304,0.03203992191,0.02415699849,0,0,1006404526
0.028021,J155252.14-483315.3,238.2172817,-48.5542711,282477087,238.21727272586,-48.55426606987,238.217,-48.554,90.0,0,,208-114926,15525214-4833153,0,J155252.14-483315.3,5983009088275833984,23833748,0,STAR,tmgaia2,tmgaia2,-1.733,0.071,-0.081,0.061,gaia2,0.5299,0.0375,gaia2,16.285,0.076,15.52,0.16,,,,,,,,,,,12.751,0.024,11.946,0.022,11.088,0.019,AAA-222-111-000-0-0,9.889,0.023,9.231,0.02,6.778,0.016,4.836,0.021,14.9628,0.001907,14.206,0.026,rered,gaia2,7348.0,128.0,3.7647,,,,2.806,,1.67,,0.0756,,DWARF,20.67799,,1795.3,124.22,0.8489,0.0333,0,,,0,,0.0323,0.0344,schlegel,,,,,,,,,,,115.83,132.61,bj2018,,,dered,15.6406,0.007191,14.1471,0.005748,1,ucac4,apassdr9,,1.20230587723,0.94294123793,238.21726145399,-48.55426642016,0.02921051046,0.01980397772,1,0,1009668454
0.333408,J155605.60-365334.5,239.0233725,-36.8929415,364200513,239.02344913466,-36.89287206743,239.023,-36.893,90.0,78043,7341-01108-1,266-088898,15560561-3653345,0,J155605.60-365334.5,6010483822238426240,18901153,0,STAR,tmgaia2,tmgaia2,-18.683,0.091,-26.652,0.056,gaia2,7.2701,0.0459,gaia2,9.376,0.0,8.97,0.03,,,,,,,,,,,8.153,0.021,7.974,0.042,7.94,0.02,AAA-111-111-000-0-0,7.906,0.026,7.915,0.02,7.847,0.022,6.94,0.087,8.86942,0.000223,8.568,0.006,rered,gaia2,6992.0,133.0,4.2783,0.0844,,,1.492,0.058,1.54,0.269,0.464,0.1034,DWARF,4.79087,0.22647,137.013,0.869,0.083,0.0102,1036,0.0207,,0,0.002318,0.0128,0.0076,schlegel,0.196,0.343,0.072,0.044,0.1149,0.0919,0.0802,0.0885,0.22308,0.22986,0.864,0.874,bj2018,142.6,123.4,dered,9.10054,0.000664,8.52225,0.001024,1,hipvmag,apassdr9,,1.49210709601,0.8670216495,239.02334855354,-36.89298682043,0.03845733161,0.01965878159,1,0,1016100794
0.37989,J155701.46-204618.8,239.2561216,-20.7718922,12568403,239.25612540016,-20.77178673493,239.256,-20.772,90.0,0,,347-076104,15570146-2046184,0,J155701.46-204618.8,6246723275669422464,0,0,STAR,tmgaia2,tmgaia2,-13.081,0.205,-21.913,0.126,gaia2,6.8205,0.0964,gaia2,18.173,0.162,17.188,1.133,,,,,,,,,,,11.648,0.023,10.883,0.026,10.383,0.02,AAA-222-111-000-0-0,9.871,0.023,9.336,0.021,8.102,0.022,6.243,0.069,15.2566,0.007248,13.811,0.023,cdwrf,cdwrf,3137.0,157.0,4.5731,0.0131,,,0.696,0.021,0.66,0.021,1.9619,0.1198,DWARF,0.04222,0.01112,146.051,2.0735,0.1226,0.0865,265,0.0515,,0,0.0,0.1112,0.0618,panstarrs,,,,,,,,,,,2.045,2.102,bj2018,,,cdwrf,17.0115,0.017279,13.9139,0.023098,1,ucac4,bpbj,cooldwarfs_v8,3.23201545871,1.95349980743,239.25606516293,-20.7718810843,0.09122911663,0.04874717262,1,0,1017349482
1.399986,J155701.46-204618.8,239.2561216,-20.7718922,1177777358,239.25637532798,-20.77220034111,239.256,-20.772,90.0,0,,,,0,,6246723275662630272,0,0,STAR,gaia2,gaia2,-13.488,0.633,-22.452,0.32,gaia2,6.7922,0.2574,gaia2,,,,,,,,,,,,,,,,,,,,,,,,,,,,,,17.8857,0.003417,17.456,0.6,goffs,gaia2,,,,,,,,,,,,,,,,147.003,5.6185,0.0946,0.0028,0,,,0,,0.0027,0.0029,schlegel,,,,,,,,,,,5.407,5.83,bj2018,,,,,0.0,,0.0,0,,,,9.98548356067,4.95656329691,239.25631321594,-20.77229701161,0.25403550257,0.11711464053,0,0,1018900404
0.250835,J160205.16-233107.2,240.5215307,-23.518669,9735831,240.52156932032,-23.51860899339,240.522,-23.519,90.0,0,,333-081885,16020517-2331070,0,J160205.16-233107.2,6236353334834635648,11463684,0,STAR,tmgaia2,tmgaia2,-10.868,0.216,-23.707,0.128,gaia2,6.8025,0.1184,gaia2,18.372,0.161,16.805,0.149,,,,,,,,,,,11.73,0.021,11.041,0.023,10.673,0.021,AAA-222-111-000-0-0,10.081,0.023,9.428,0.02,7.961,0.021,5.962,0.054,15.0573,0.00195,13.66,0.011,cdwrf,cdwrf,3112.0,157.0,4.6174,0.0128,,,0.641,0.02,0.62,0.021,2.359,0.1443,DWARF,0.03467,0.00925,146.465,2.561,0.0514,0.0369,415,0.036,,0,0.0,0.0354,0.0384,panstarrs,,,,,,,,,,,2.517,2.605,bj2018,,,cdwrf,16.9194,0.010753,13.7677,0.009122,1,ucac4,bpbj,cooldwarfs_v8,3.42589428005,1.98378544937,240.521518286,-23.51871106564,0.11340928341,0.04582954956,1,0,1025261345
0.063195,J160408.44-592455.5,241.0351802,-59.4154394,426199051,241.03520071571,-59.41542528684,241.035,-59.415,90.0,0,,153-177880,16040844-5924554,0,J160408.44-592455.5,5834712865460983680,0,0,STAR,tmgaia2,tmgaia2,-4.382,0.137,-4.81,0.139,gaia2,0.3568,0.0883,gaia2,16.413,0.216,16.013,0.103,,,,,,,,,,,8.145,0.024,7.136,0.04,6.681,0.026,AAA-111-111-000-0-0,6.533,0.077,6.626,0.022,6.065,0.014,5.531,0.044,12.7559,0.006025,11.155,0.01,rered,gaia2,,,,,,,,,,,,,,,,2676.09,772.32,0.2525,0.0216,0,,,0,,0.0219,0.0213,schlegel,,,,,,,,,,,576.02,968.62,bj2018,,,,15.6705,0.024644,11.2031,0.016068,1,ucac4,bpbj,,2.44804623007,2.14933895725,241.03516363854,-59.41544599617,0.07224416764,0.05999381341,0,0,1028713574
0.04088,J160415.99-562627.3,241.0666265,-56.4409375,427406031,241.06664561488,-56.44094165906,241.067,-56.441,90.0,0,8718-01931-1,168-154000,16041600-5626273,0,J160415.99-562627.3,5836210851377856000,29093640,0,STAR,tmgaia2,tmgaia2,-2.748,0.056,-3.928,0.05,gaia2,1.0504,0.0374,gaia2,9.222,0.038,9.145,0.003,,,,,,,,,,,8.688,0.027,8.693,0.049,8.707,0.023,AAA-112-111-000-0-0,8.733,0.023,8.766,0.021,8.721,0.033,7.257,0.091,9.01734,0.000402,8.942,0.009,rered,gaia2,10970.0,138.0,,,,,6.071,,,,,,GIANT,,,928.024,32.52,0.244,0.007,0,,,0,,0.0068,0.0072,schlegel,,,,,,,,,,,31.402,33.638,bj2018,,,dered,9.10555,0.001092,8.86965,0.002494,1,tycho2v3,tycho2b3,,0.97731297178,0.77458958078,241.06662421507,-56.44095856922,0.03129265966,0.02186918834,0,0,1028739759
0.238373,J160421.64-213028.7,241.0901793,-21.5079789,9853602,241.0902277976,-21.50793043824,241.09,-21.508,90.0,0,,343-080112,16042165-2130284,0,J160421.64-213028.7,6243393817024157184,11468483,0,STAR,tmgaia2,tmgaia2,-12.33,0.102,-23.83,0.046,gaia2,6.6615,0.0565,gaia2,13.494,0.525,12.314,0.092,,,,,,,,,,,9.948,0.023,9.103,0.024,8.506,0.021,AAA-222-111-000-0-0,7.611,0.029,7.166,0.02,6.716,0.017,4.355,0.028,11.8685,0.015927,11.076,0.03,rered,gaia2,4181.0,193.0,4.0139,0.1364,,,1.318,0.154,0.654,0.088,0.2857,0.1189,DWARF,0.47818,0.06216,149.486,1.2715,0.0285,0.0409,360,0.291,,0,0.0,0.0204,0.0613,panstarrs,0.077,0.099,0.165,0.143,0.1066,0.1312,0.1364,0.1363,0.04758,0.07674,1.261,1.282,bj2018,157.4,228.5,dered,12.5784,0.05112,10.9447,0.039709,1,ucac4,apassdr9,,1.60510012328,0.71966143867,241.09017073816,-21.50803303964,0.05187484519,0.0212106165,1,0,1028586649
0.058314,J160518.25-522813.4,241.3260597,-52.4703905,214901016,241.32605640468,-52.47037442641,241.326,-52.47,90.0,0,,,16051828-5228133,0,J160518.25-522813.4,5981353876575778944,0,0,STAR,tmgaia2,tmgaia2,,,,,,,,,,,,,,,,,,,,,,,9.587,0.022,7.759,0.029,6.879,0.029,AAA-211-111-00s-0-0,6.406,0.085,6.478,0.023,5.535,0.029,4.207,0.062,16.6239,0.003856,16.194,0.6,goffs,,,,,,,,,,,,,,,,,,,,,0,,,0,,,,,,,,,,,,,,,,,,,,,21.6675,0.198093,14.7737,0.01536,0,,,,0.18572212425,0.09464343639,241.32605640468,-52.47037442641,0.18572212425,0.09464343639,0,0,1030728982
0.390248,J160545.98-433723.8,241.4416001,-43.6233009,161491884,241.44174426947,-43.62327158488,241.442,-43.623,90.0,0,,232-098755,16054602-4337237,0,J160545.98-433723.8,5991831603937352960,21279225,0,STAR,tmgaia2,tmgaia2,-5.741,0.157,2.04,0.106,gaia2,0.5523,0.0867,gaia2,14.406,0.07,12.801,0.069,,,,,,,,,,,6.901,0.023,5.818,0.04,5.446,0.021,AAA-111-111-000-0-0,5.391,0.101,5.2,0.073,4.966,0.015,4.583,0.024,10.4767,0.002795,8.981,0.014,rered,gaia2,3335.0,123.0,,,,,116.083,,,,,,GIANT,,,1757.52,299.065,0.5231,0.0355,0,,,0,,0.0345,0.0366,schlegel,,,,,,,,,,,250.79,347.34,bj2018,,,dered,12.6281,0.019489,9.17174,0.009168,1,ucac4,apassdr9,,2.6170615417,1.64262489008,241.44171012131,-43.62326280117,0.06628791557,0.03254271055,0,0,1031395963
0.206967,J160558.63-194903.1,241.4943088,-19.8175439,48667695,241.49434203877,-19.81749565721,241.494,-19.818,90.0,0,,351-078479,16055863-1949029,0,J160558.63-194903.1,6244205531477555456,8827860,0,STAR,tmgaia2,tmgaia2,-10.137,0.181,-21.346,0.089,gaia2,6.7161,0.082,gaia2,18.059,0.343,16.639,0.069,,,,,,,,,,,11.749,0.024,11.201,0.023,10.741,0.022,AAA-222-111-000-0-0,10.59,0.023,10.262,0.021,8.662,0.029,7.037,0.095,14.9783,0.003984,13.625,0.013,cdwrf,cdwrf,3224.0,157.0,4.6237,0.0121,,,0.633,0.019,0.614,0.021,2.4232,0.1418,DWARF,0.03898,0.01004,148.299,1.8185,0.0366,0.048,307,0.0139,,0,0.0,0.0115,0.0844,panstarrs,,,,,,,,,,,1.797,1.84,bj2018,,,cdwrf,16.627,0.012106,13.7143,0.012209,1,ucac4,apassdr9,cooldwarfs_v8,2.84585344228,1.38396425814,241.49429564492,-19.81758756317,0.07367545082,0.03774686028,1,0,1031349998
0.262823,J160628.59-212130.0,241.6191563,-21.3583358,48763157,241.61919796455,-21.35827395929,241.619,-21.358,90.0,0,,344-078214,16062861-2121297,0,J160628.59-212130.0,6243763184206780288,11472950,0,STAR,tmgaia2,tmgaia2,-10.885,0.092,-23.28,0.053,gaia2,7.1156,0.0483,gaia2,15.419,0.312,14.52,0.149,,,,,,,,,,,10.693,0.026,9.849,0.024,9.369,0.024,AAA-222-111-000-0-0,8.785,0.023,8.386,0.019,7.352,0.02,4.919,0.031,13.4149,0.005998,12.44,0.014,rered,gaia2,3882.0,124.5,4.3678,0.1283,,,0.84,0.094,0.6,0.083,1.0129,0.4031,DWARF,0.14431,0.01936,139.979,0.953,0.0948,0.036,362,0.1022,,0,0.0,0.046,0.0261,panstarrs,0.091,0.076,0.067,0.12,0.3187,0.4875,0.1257,0.1309,0.01805,0.02066,0.947,0.959,bj2018,97.2,151.7,dered,14.441,0.028924,12.3417,0.015052,1,ucac4,apassdr9,,1.44899074096,0.82727942966,241.61914764299,-21.35837419263,0.04744537117,0.01932652986,1,0,1032772008
0.118798,J160651.14-281437.6,241.7131107,-28.2437936,67672598,241.71312595295,-28.24382373973,241.713,-28.244,90.0,0,,309-084812,16065115-2814378,0,J160651.14-281437.6,6042025508000371072,14531266,0,STAR,tmgaia2,tmgaia2,-9.588,0.217,-7.123,0.106,gaia2,0.2219,0.0987,gaia2,15.802,0.636,14.463,0.114,,,,,,,,,,,8.752,0.019,7.871,0.046,7.477,0.021,AAA-111-111-000-0-0,7.264,0.033,6.857,0.023,4.392,0.013,3.318,0.022,12.4056,0.014643,11.051,0.016,rered,gaia2,3153.0,127.0,,,,,,,,,,,,,,3947.68,1704.28,0.189,0.0075,0,,,0,,0.0077,0.0074,panstarrs,,,,,,,,,,,1165.81,2242.74,bj2018,,,dered,14.3406,0.065782,11.0008,0.039103,1,ucac4,apassdr9,,3.47594244232,1.63714478442,241.71307909246,-28.24385441018,0.08824170773,0.04044983491,0,0,1033503359
0.278103,J160848.36-234121.1,242.2015169,-23.6892107,48908483,242.20155531068,-23.68914192157,242.202,-23.689,90.0,0,,,16084836-2341209,0,J160848.36-234121.1,6242059181703801472,0,0,STAR,tmgaia2,tmgaia2,-10.979,0.271,-26.128,0.189,gaia2,7.187,0.1476,gaia2,,,,,,,,,,,,,,,12.583,0.024,11.911,0.023,11.591,0.019,AAA-222-111-000-0-0,11.3,0.023,10.925,0.022,9.217,0.036,6.605,0.074,16.1091,0.001247,14.591,0.008,cdwrf,cdwrf,2968.0,157.0,4.7704,0.0085,,,0.462,0.015,0.46,0.022,4.6482,0.2452,DWARF,0.01495,0.00418,138.692,2.862,0.0353,0.034,459,0.6949,,0,0.0,0.0251,0.0429,panstarrs,,,,,,,,,,,2.804,2.92,bj2018,,,cdwrf,18.2159,0.021004,14.7244,0.004437,1,,,cooldwarfs_v8,4.28739656484,2.92486840424,242.20150369275,-23.68925441843,0.1463023409,0.06943967319,1,0,1037193734
0.318146,J160900.75-190852.9,242.2531326,-19.1480511,48913936,242.25316315184,-19.14796757185,242.253,-19.148,90.0,0,,355-077273,16090075-1908526,1237674654766399590,J160900.75-190852.9,6245777283349430912,8832593,0,STAR,tmgaia2,tmgaia2,-9.295,0.135,-24.924,0.092,gaia2,7.2677,0.0775,gaia2,15.323,0.127,14.161,0.114,16.488,0.01,15.523,0.006,15.4,0.012,15.044,0.012,12.766,0.007,10.22,0.023,9.475,0.026,9.154,0.027,AAA-222-111-000-0-0,8.696,0.022,8.444,0.019,6.168,0.015,3.622,0.022,12.9082,0.007163,11.917,0.015,rered,gaia2,3740.0,142.5,4.1217,0.1493,,,1.078,0.141,0.561,0.091,0.4476,0.1891,DWARF,0.2049,0.04279,137.078,1.467,0.0265,0.0501,269,0.2496,,0,0.0,0.0171,0.0832,panstarrs,0.075,0.107,0.127,0.154,0.1159,0.2624,0.1991,0.0995,0.03387,0.05171,1.452,1.482,bj2018,147.4,137.5,dered,14.043,0.029167,11.8495,0.019495,1,ucac4,apassdr9,,2.12837352956,1.42440249504,242.25312079018,-19.14807488352,0.0616622423,0.0346123727,1,0,1037196582
0.258522,J160959.32-180009.3,242.4971937,-18.0025879,49039044,242.49721600134,-18.0025192919,242.497,-18.003,90.0,0,,360-077870,16095933-1800090,0,J160959.32-180009.3,6248997237510309120,8834065,0,STAR,tmgaia2,tmgaia2,-9.519,0.211,-24.108,0.139,gaia2,7.3407,0.1209,gaia2,17.972,0.162,16.463,0.114,,,,,,,,,,,11.306,0.022,10.623,0.022,10.343,0.023,AAA-222-111-000-0-0,10.142,0.023,9.8,0.021,7.483,0.018,4.684,0.027,14.6511,0.000811,13.233,0.008,cdwrf,cdwrf,3103.0,157.0,4.5916,0.0132,,,0.672,0.021,0.644,0.021,2.1182,0.1312,DWARF,0.03775,0.01008,135.76,2.2465,0.0226,0.0336,234,0.0084,,0,0.0,0.0146,0.0525,panstarrs,,,,,,,,,,,2.21,2.283,bj2018,,,cdwrf,16.5147,0.006698,13.3425,0.00257,1,ucac4,bpbj,cooldwarfs_v8,3.31257925111,2.15069349404,242.49717290866,-18.00262308809,0.10187091578,0.0550241329,1,0,1038701493
0.252452,J161205.04-204340.7,243.0210035,-20.7279798,49200695,243.0210614676,-20.72793532228,243.021,-20.728,90.0,0,,347-077672,16120505-2043404,0,J161205.04-204340.7,6243868702962896256,11483130,0,STAR,tmgaia2,tmgaia2,-10.441,2.144,-23.64,2.144,hsoy,,,,15.586,0.047,14.091,0.16,,,,,,,,,,,10.102,0.024,9.321,0.023,9.065,0.024,AAA-222-111-000-0-0,8.91,0.023,8.714,0.021,7.497,0.019,5.931,0.058,12.9889,0.005617,11.946,0.009,gbprp,,,,,,,,,,,,,,GIANT,,,,,,,0,,,0,,,,,,,,,,,,,,,,,,,,,14.2281,0.018791,11.8455,0.010929,0,ucac4,apassdr9,,33.78896891845,33.23082192748,243.02101340071,-20.72803710476,0.71080481927,0.34268029249,0,0,1043108363
0.053069,J161630.47-515205.2,244.1269693,-51.868117,411020943,244.1269910816,-51.8681109654,244.127,-51.868,90.0,0,,191-129251,16163047-5152051,0,J161630.47-515205.2,5934706271203919104,0,0,STAR,tmgaia2,tmgaia2,-6.854,0.312,-2.866,0.216,gaia2,0.3588,0.2133,gaia2,17.586,0.179,16.956,0.012,,,,,,,,,,,9.935,0.023,8.294,0.024,7.563,0.023,AAA-211-111-000-0-0,7.2,0.048,7.052,0.021,5.377,0.015,4.135,0.031,16.0994,0.003845,15.669,0.6,goffs,gaia2,,,,,,,,,,,,,,,,2675.12,1534.7,0.6062,0.2783,0,,,0,,0.201,0.3557,schlegel,,,,,,,,,,,984.21,2085.2,bj2018,,,,,0.0,,0.0,0,ucac4,bpbj,,5.37635986535,3.35094495299,244.12694328944,-51.86812330629,0.17804212486,0.1227075036,0,0,1051342987
1.419911,J161630.47-515205.2,244.1269693,-51.868117,1233029350,244.12679980585,-51.86849728091,244.127,-51.869,90.0,0,,,,0,,5934706266824792320,0,0,STAR,gaia2,gaia2,-1.648,0.071,-1.365,0.049,gaia2,0.5469,0.0485,gaia2,,,16.53,0.049,,,,,,,,,,,,,,,,,,,,,,,,,,15.5776,0.002809,14.559,0.007,gbprp,gaia2,,,,,,,,,,,,,,,,1746.11,152.125,0.4167,0.0326,0,,,0,,0.0302,0.0351,schlegel,,,,,,,,,,,139.25,165.0,bj2018,,,,16.1626,0.010422,13.8594,0.017258,0,gaia2,,,1.22171128048,0.75764705602,244.12678831121,-51.86850315769,0.03969388958,0.02785870699,0,0,1051710638
1.700682,J161630.47-515205.2,244.1269693,-51.868117,1233029408,244.12730132038,-51.86769139242,244.127,-51.868,90.0,0,,,,0,,5934706271164449024,0,0,STAR,gaia2,gaia2,-3.19,0.331,-4.628,0.223,gaia2,-0.2119,0.2194,gaia2,,,,,,,,,,,,,,,,,,,,,,,,,,,,,,18.1418,0.002279,17.712,0.6,goffs,gaia2,,,,,,,,,,,,,,,,5057.76,2227.29,1.0069,0.3095,0,,,0,,0.2832,0.3358,schlegel,,,,,,,,,,,1753.41,2701.18,bj2018,,,,,0.0,,0.0,0,,,,5.7164220386,3.46098211061,244.12727907753,-51.86771131874,0.19233955119,0.12941993921,0,0,1051710696
0.104007,J162217.77-574305.4,245.5740646,-57.7181912,208952269,245.57408388962,-57.71816420842,245.574,-57.718,90.0,0,,162-168131,16221777-5743053,0,J162217.77-574305.4,5832153825232185984,29149886,0,STAR,tmgaia2,tmgaia2,-4.385,0.055,-5.291,0.05,gaia2,0.0843,0.0361,gaia2,13.524,0.011,12.993,0.057,,,,,,,,,,,11.017,0.022,10.498,0.024,9.783,0.023,AAA-222-111-000-0-0,8.158,0.023,6.92,0.02,4.211,0.014,2.701,0.022,12.5837,0.002005,12.026,0.007,rered,gaia2,6749.0,126.0,,,,,24.368,,,,,,GIANT,,,7594.6,1957.81,0.4178,0.0018,0,,,0,,0.0026,0.0009,schlegel,,,,,,,,,,,1563.55,2352.08,bj2018,,,dered,13.0327,0.005771,11.9514,0.006858,1,ucac4,apassdr9,,0.96962449647,0.76768655793,245.57404854208,-57.71818699054,0.03009438927,0.01607919928,0,0,1061942089
0.105952,J162313.17+440828.2,245.8048888,44.1411752,193554866,245.80492543472,44.14116197046,245.805,44.141,90.0,0,3068-01072-1,671-060483,16231317+4408281,1237665355087020048,J162313.17+440828.2,1382518881315698432,52835251,0,STAR,tmgaia2,tmgaia2,-7.785,0.938,1.247,1.903,tgas,0.0217,0.4998,tgas,12.661,0.293,11.807,0.022,16.179,0.007,14.075,0.003,11.59,0.001,10.425,0.001,10.145,0.001,8.726,0.029,7.926,0.023,7.587,0.021,AAA-111-111-000-0-0,7.162,0.03,6.868,0.02,6.447,0.015,6.148,0.038,11.7721,0.03482,10.63,0.047,gbprp,,,,,,,,,,,,,,GIANT,,,,,,,0,,,0,,,,,,,,,,,,,,,,,,,,,12.8916,0.211414,10.1535,0.090823,0,tycho2v3,tycho2b3,,15.68343583774,29.48970454767,245.80487872414,44.14116733795,0.03050011488,0.03805005147,0,0,160339005
0.085879,J162845.54-474008.1,247.1897613,-47.6689383,225839383,247.18979495439,-47.6689308532,247.19,-47.669,90.0,0,,,16284555-4740081,0,J162845.54-474008.1,5941964525330094208,0,0,STAR,tmgaia2,tmgaia2,-5.354,2.262,-4.225,0.84,gaia2,2.1031,1.0844,gaia2,18.27,0.163,,,,,,,,,,,,,11.922,0.027,9.619,0.026,8.311,0.023,AAA-221-111-000-0-0,7.461,0.029,7.075,0.021,6.136,0.021,5.077,0.06,19.961,0.016974,14.728,0.221,bpjk,gaia2,,,,,,,,,,,,,,,,1604.36,1604.36,0.643,0.6232,0,,,0,,0.4325,0.8139,schlegel,,,,,,,,,,,1106.78,2482.88,bj2018,,,,,0.0,17.913,0.231761,0,,bpbj,,38.33405689554,13.03235385685,247.18976072482,-47.66894904538,0.84786210493,0.4885602673,0,0,1074315055
2.270332,J162845.54-474008.1,247.1897613,-47.6689383,1236125386,247.19016333776,-47.668368724,247.19,-47.668,90.0,0,,,,0,,5941964521035162112,0,0,STAR,gaia2,gaia2,-0.89,0.217,-2.793,0.113,gaia2,0.3958,0.13,gaia2,,,16.875,0.046,,,,,,,,,,,,,,,,,,,,,,,,,,16.4133,0.001656,15.613,0.224,rered,gaia2,7404.0,125.0,4.026,,,,2.089,,1.69,,0.1854,,DWARF,11.81643,,2400.57,901.27,0.9261,0.3002,0,,,0,,0.2222,0.3783,schlegel,,,,,,,,,,,630.05,1172.49,bj2018,,,dered,17.0948,0.006299,15.5132,0.002322,1,gaia2,,,3.68710857441,1.75240972006,247.19015764785,-47.66838074976,0.11475310543,0.07208480115,1,0,1074681611
1.279457,J163027.47-472834.2,247.6144639,-47.4761808,226591688,247.61429295441,-47.47651689919,247.614,-47.477,90.0,0,,213-135746,16302743-4728354,0,J163027.47-472834.2,5941979128260192256,0,0,STAR,tmgaia2,tmgaia2,-0.506,0.11,-4.774,0.057,gaia2,0.2418,0.062,gaia2,18.389,0.173,16.947,1.133,,,,,,,,,,,13.192,0.024,12.427,0.027,12.213,0.028,AAA-222-111-000-0-0,11.866,0.069,12.161,0.161,8.892,0.227,6.741,0.102,16.0327,0.000759,14.925,0.214,rered,gaia2,7601.0,127.0,,,,,6.646,,,,,,GIANT,,,3571.82,842.155,1.4307,0.2827,0,,,0,,0.2355,0.3299,schlegel,,,,,,,,,,,671.27,1013.04,bj2018,,,dered,17.148,0.007289,14.9502,0.002999,1,ucac4,bpbj,,1.8666690505,0.88348376156,247.61428973058,-47.47653745193,0.05955793606,0.0356995126,0,0,1078212298
0.093949,J163515.09-514227.6,248.8128809,-51.7076719,26292371,248.81284273329,-51.7076608689,248.813,-51.708,90.0,0,,192-139108,16351508-5142274,0,J163515.09-514227.6,5934206543151802752,24912844,0,STAR,tmgaia2,tmgaia2,-2.02,0.092,-0.727,0.066,gaia2,0.216,0.0609,gaia2,13.996,0.081,12.049,0.035,,,,,,,,,,,8.024,0.027,6.998,0.036,6.692,0.026,AAA-111-111-000-0-0,6.632,0.073,6.475,0.021,6.141,0.019,5.421,0.058,11.0431,0.003093,9.825,0.052,rered,gaia2,4682.0,127.0,,,,,106.412,,,,,,GIANT,,,3972.09,1043.47,0.8802,0.09,0,,,0,,0.0878,0.0922,schlegel,,,,,,,,,,,811.19,1275.76,bj2018,,,dered,12.3631,0.017433,9.94653,0.00658,1,ucac4,apassdr9,,1.58564599196,1.02775875752,248.8128286957,-51.70766400099,0.0520440151,0.03857319491,0,0,1087802262
0.120607,J164353.78-185712.0,250.9741118,-18.9533349,287986577,250.97408563773,-18.95331231413,250.974,-18.953,90.0,0,,356-080535,16435378-1857119,0,J164353.78-185712.0,4130784921205604736,8892428,0,STAR,tmgaia2,tmgaia2,-0.104,2.082,-4.119,2.082,hsoy,,,,14.737,0.026,14.783,0.16,,,,,,,,,,,13.332,0.029,13.244,0.032,12.519,0.035,AAA-222-111-000-0-0,11.622,0.023,10.835,0.021,5.623,0.015,0.918,0.011,14.3057,0.005792,13.972,0.008,gbprp,splin,,,,,,,,,,,,,DWARF,,,2059.38,,,,0,,,0,,,,,,,,,,,,,,,,,,,,,13.9862,0.006302,13.3538,0.007046,0,ucac4,apassdr9,,32.71901581214,32.27079674275,250.97408516333,-18.95333005018,0.24127274171,0.1640032545,1,0,1106754250
0.063867,J164356.05-450806.9,250.983567,-45.1352772,234738350,250.98355355942,-45.13529219451,250.984,-45.135,90.0,0,,,16435606-4508070,0,J164356.05-450806.9,5943280537682136704,0,0,STAR,tmgaia2,tmgaia2,,,,,,,,,,,,,,,,,,,,,,,12.121,0.036,9.492,0.027,8.185,0.021,AAA-221-111-00s-0-0,7.341,0.028,7.135,0.021,6.161,0.022,4.895,0.046,20.9107,0.018944,20.481,0.6,goffs,,,,,,,,,,,,,,,,,,,,,0,,,0,,,,,,,,,,,,,,,,,,,,,,0.0,,0.0,0,,,,7.98398878227,3.98255249431,250.98355355942,-45.13529219451,7.98398878227,3.98255249431,0,0,1106725955
2.221371,J164356.05-450806.9,250.983567,-45.1352772,1332521892,250.98379550381,-45.13468157956,250.984,-45.135,90.0,0,,,,0,,5943280537678288000,0,0,STAR,gaia2,gaia2,-2.437,1.021,-3.799,0.616,gaia2,1.0346,0.3796,gaia2,,,19.711,0.078,,,,,,,,,,,,,,,,,,,,,,,,,,18.8199,0.004281,17.716,0.25,rered,gaia2,4363.0,169.0,4.5647,,,,0.713,,0.68,,1.878,,DWARF,0.16585,,1145.57,1015.89,0.5732,0.4713,0,,,0,,0.2199,0.7226,schlegel,,,,,,,,,,,449.933,1581.85,bj2018,,,dered,19.852,0.077873,17.626,0.02316,1,gaia2,,,17.14088428837,9.5571222406,250.98378062845,-45.13469793477,0.54375337478,0.3396621786,1,0,1107210855
0.086166,J164629.17-613304.8,251.6215417,-61.5513451,447340845,251.62157406542,-61.55136340778,251.622,-61.551,90.0,0,,143-191267,16462916-6133048,0,J164629.17-613304.8,5818496065388045824,0,0,STAR,tmgaia2,tmgaia2,-5.708,0.131,-6.845,0.164,gaia2,0.0669,0.0926,gaia2,16.504,0.198,14.406,0.114,,,,,,,,,,,8.501,0.029,7.522,0.036,7.171,0.029,AAA-111-111-000-0-0,6.93,0.048,6.861,0.019,6.217,0.015,5.557,0.043,12.1662,0.006006,10.702,0.009,rered,gaia2,,,,,,,,,,,,,,,,5804.41,2232.85,0.2063,0.0003,0,,,0,,0.0005,0.0,schlegel,,,,,,,,,,,1706.74,2758.97,bj2018,,,,14.5631,0.038695,10.7436,0.018101,1,ucac4,bpbj,,2.36206018528,2.5379446188,251.62152247765,-61.55139287855,0.07765714227,0.07596443945,0,0,1113652885
0.23965,J164651.71-470541.5,251.7154744,-47.0948621,236407863,251.71539289219,-47.09489887501,251.715,-47.095,90.0,0,,,16465171-4705414,0,J164651.71-470541.5,5939656616086945792,0,0,STAR,tmgaia2,tmgaia2,10.002,4.287,5.723,4.287,hsoy,,,,,,,,,,,,,,,,,,10.901,0.021,9.106,0.022,8.299,0.021,AAA-221-111-000-0-0,7.822,0.025,7.666,0.021,6.912,0.02,6.118,0.061,17.9327,0.009437,16.668,0.023,gbprp,,,,,,,,,,,,,,GIANT,,,,,,,0,,,0,,,,,,,,,,,,,,,,,,,,,19.076,0.123694,15.8322,0.031772,0,,,,72.4919647213,66.44476941788,251.71545614682,-47.0948742364,0.42600230181,0.45229433173,0,0,1114563236
1.035606,J164651.71-470541.5,251.7154744,-47.0948621,1331592702,251.71520095321,-47.09508141259,251.715,-47.095,90.0,0,,,,0,,5939656611771850240,0,0,STAR,gaia2,gaia2,1.27,0.715,-0.928,0.54,gaia2,0.6085,0.4084,gaia2,,,,,,,,,,,,,,,,,,,,,,,,,,,,,,18.7637,0.003703,18.334,0.6,goffs,gaia2,,,,,,,,,,,,,,,,2147.69,1720.61,0.8569,0.5161,0,,,0,,0.3684,0.6639,schlegel,,,,,,,,,,,1017.73,2423.49,bj2018,,,,,0.0,,0.0,0,,,,12.09153558111,8.3764242005,251.71520898319,-47.09508540824,0.35185530836,0.29022084827,0,0,1115020150
0.097353,J164751.39-514604.0,251.9641371,-51.7677907,51288359,251.96416236133,-51.76776863393,251.964,-51.768,90.0,0,8338-02080-1,192-147900,16475140-5146038,0,J164751.39-514604.0,5937028989511111680,24923325,0,STAR,tmgaia2,tmgaia2,-6.282,0.5,-8.568,0.418,gaia2,-0.0744,0.3277,gaia2,9.208,0.041,9.055,0.003,,,,,,,,,,,8.212,0.021,8.042,0.021,7.761,0.021,AAA-111-111-000-0-0,7.487,0.027,7.216,0.019,6.765,0.016,6.205,0.047,8.9113,0.001995,8.781,0.043,rered,gaia2,14955.0,122.0,,,,,,,,,,,,,,4521.89,2581.99,0.4535,0.0486,0,,,0,,0.0701,0.0272,schlegel,,,,,,,,,,,1933.86,3230.12,bj2018,,,dered,9.00802,0.001985,8.62281,0.002355,1,tycho2v3,tycho2b3,,8.62438547869,6.49063320705,251.9641186548,-51.76780552514,0.33026827612,0.28132670647,0,0,1116529706
0.077528,J164848.64-274153.0,252.2026788,-27.6980753,191013530,252.20269943717,-27.69806390246,252.203,-27.698,90.0,0,,312-093082,16484865-2741529,0,J164848.64-274153.0,6033857442276838272,14570540,0,STAR,tmgaia2,tmgaia2,-2.239,0.173,-4.282,0.082,gaia2,0.1535,0.0869,gaia2,15.0,0.086,14.589,0.172,,,,,,,,,,,9.036,0.021,8.102,0.038,7.774,0.018,AAA-111-111-000-0-0,7.578,0.027,7.647,0.019,7.245,0.018,6.847,0.084,12.498,0.007365,11.118,0.01,rered,gaia2,3157.0,124.0,,,,,,,,,,,,,,5121.68,2289.43,0.231,0.0063,0,,,0,,0.0069,0.0056,panstarrs,,,,,,,,,,,1586.25,2992.61,bj2018,,,dered,14.5424,0.038804,11.1558,0.019441,1,ucac4,apassdr9,,2.76930866183,1.27751030133,252.20268854901,-27.69808233725,0.08369152043,0.05119983432,0,0,1119678478
0.100015,J164923.34-495723.8,252.3472773,-49.9566307,53447639,252.34724639335,-49.95665010214,252.347,-49.957,90.0,0,,,16492335-4957238,0,J164923.34-495723.8,5937646567095906432,0,0,STAR,tmgaia2,tmgaia2,,,,,,,,,18.554,0.162,,,,,,,,,,,,,10.151,0.023,8.978,0.027,8.468,0.023,AAA-222-111-000-0-0,8.191,0.023,8.099,0.02,7.261,0.017,6.368,0.049,14.7866,0.003977,13.234,0.007,gbprp,,,,,,,,,,,,,,,,,,,,,0,,,0,,,,,,,,,,,,,,,,,,,,,18.1478,0.029678,13.2154,0.014014,0,,bpbj,,0.10871285275,0.08334618627,252.34724639335,-49.95665010214,0.10871285275,0.08334618627,0,0,1120629323
1.714902,J164923.34-495723.8,252.3472773,-49.9566307,1328332148,252.34715853367,-49.95616050652,252.347,-49.956,90.0,0,,,,0,,5937646571417904640,0,0,STAR,gaia2,gaia2,,,,,,,,,,,,,,,,,,,,,,,,,,,,,,,,,,,,,,20.0906,0.01471,19.661,0.6,goffs,,,,,,,,,,,,,,,,,,,,,0,,,0,,,,,,,,,,,,,,,,,,,,,,0.0,,0.0,0,,,,3.02097743215,1.48639860129,252.34715853367,-49.95616050652,3.02097743215,1.48639860129,0,0,1121154307
0.087425,J165707.77-114848.8,254.2824023,-11.8135584,181693331,254.28238393887,-11.81354206781,254.282,-11.814,90.0,0,,391-070791,16570777-1148487,0,J165707.77-114848.8,4333373138378683648,6424255,0,STAR,tmgaia2,tmgaia2,2.729,0.167,-1.027,0.11,gaia2,0.1035,0.1011,gaia2,14.842,0.127,13.327,0.08,,,,,,,,,,,7.927,0.041,6.918,0.033,6.568,0.02,AAA-111-111-000-0-0,6.383,0.081,6.332,0.026,5.23,0.015,4.214,0.022,11.3002,0.004222,9.922,0.008,rered,gaia2,3300.0,123.0,,,,,194.572,,,,,,GIANT,,,5331.16,2248.6,0.3226,0.011,0,,,0,,0.0065,0.0156,panstarrs,,,,,,,,,,,1658.64,2838.56,bj2018,,,dered,13.2675,0.017173,10.0182,0.009997,1,ucac4,apassdr9,,2.59794041045,1.7062061651,254.28239594387,-11.81354649151,0.08822577156,0.05943941246,0,0,1141946824
0.0285,J170009.41-490039.9,255.0392489,-49.0111076,211748558,255.03925365826,-49.01111487539,255.039,-49.011,90.0,0,,205-135538,17000942-4900398,0,J170009.41-490039.9,5938463744730858112,0,0,STAR,tmgaia2,tmgaia2,,,,,,,,,,,16.976,0.114,,,,,,,,,,,8.334,0.041,7.22,0.046,6.689,0.026,AAA-111-111-000-0-0,6.503,0.073,6.494,0.023,5.314,0.015,4.378,0.031,13.5183,0.012202,11.901,0.014,gbprp,,,,,,,,,,,,,,,,,,,,,0,,,0,,,,,,,,,,,,,,,,,,,,,17.2903,0.060695,11.8678,0.037181,0,ucac4,,,0.15696934519,0.13614946836,255.03925365826,-49.01111487539,0.15696934519,0.13614946836,0,0,1152298056
2.34511,J170009.41-490039.9,255.0392489,-49.0111076,1329760243,255.03833813239,-49.0108478351,255.038,-49.011,90.0,0,,,,0,,5938463749077003008,0,0,STAR,gaia2,gaia2,-1.434,0.143,-0.356,0.114,gaia2,0.2882,0.0879,gaia2,,,17.644,0.11,,,,,,,,,,,,,,,,,,,,,,,,,,16.9424,0.010359,16.033,0.014,gbprp,gaia2,,,,,,,,,,,,,,,,3177.34,1044.33,0.6603,0.0686,0,,,0,,0.0695,0.0677,schlegel,,,,,,,,,,,759.99,1328.68,bj2018,,,,17.6144,0.11254,15.6464,0.091271,0,gaia2,,,2.43964394472,1.76704432243,255.03832871639,-49.01084936979,0.0775729889,0.06816697131,0,0,1152795899
0.005824,J170338.30-441927.8,255.9096035,-44.3243965,123907556,255.90960126977,-44.32439623284,255.91,-44.324,90.0,0,,229-128421,17033830-4419277,0,J170338.30-441927.8,5963830852376335360,21459204,0,STAR,tmgaia2,tmgaia2,-4.415,0.082,0.218,0.064,gaia2,0.6038,0.0503,gaia2,14.519,0.079,12.736,0.069,,,,,,,,,,,9.198,0.034,8.319,0.036,8.083,0.017,AAA-111-111-000-0-0,7.932,0.024,8.049,0.021,7.815,0.026,6.762,0.103,11.9069,0.000465,10.821,0.03,rered,gaia2,4854.0,122.0,,,,,21.752,,,,,,GIANT,,,1589.19,130.75,0.7394,0.0498,0,,,0,,0.0466,0.053,schlegel,,,,,,,,,,,120.28,141.22,bj2018,,,dered,13.0164,0.00258,10.8728,0.001407,1,ucac4,apassdr9,,1.36982120125,0.98660426523,255.90957469648,-44.32439529617,0.04619011626,0.03721063066,0,0,1164719829
2.309308,J170338.30-441927.8,255.9096035,-44.3243965,1336842612,255.90997883067,-44.32497907405,255.91,-44.325,90.0,0,,,,0,,5963830856716612992,0,0,STAR,gaia2,gaia2,-4.109,0.539,-6.204,0.296,gaia2,0.6143,0.285,gaia2,,,17.647,0.14,,,,,,,,,,,,,,,,,,,,,,,,,,16.8862,0.011107,15.948,0.017,gbprp,gaia2,,,,,,,,,,,,,,,,1862.49,1376.6,0.8394,0.4297,0,,,0,,0.2891,0.5703,schlegel,,,,,,,,,,,739.35,2013.85,bj2018,,,,16.8159,0.111079,14.7639,0.146515,0,gaia2,,,9.03676285018,4.59474376981,255.90995410257,-44.32500578469,0.48958991438,0.19536512958,1,0,1165413117
0.071863,J170456.24-482100.6,256.2343712,-48.3501691,212515109,256.23439841833,-48.35016065707,256.234,-48.35,90.0,0,8332-02529-1,209-133042,17045625-4821005,0,J170456.24-482100.6,5938773021079334656,0,0,STAR,tmgaia2,tmgaia2,-3.694,0.076,-6.963,0.064,gaia2,1.776,0.0434,gaia2,12.056,0.253,11.148,0.02,,,,,,,,,,,8.506,0.032,7.991,0.042,7.792,0.029,AAA-111-111-000-0-0,7.686,0.026,7.693,0.02,7.496,0.024,7.027,0.095,10.5438,0.003213,9.819,0.007,rered,gaia2,5008.0,127.0,,,,,7.02,,,,,,GIANT,,,554.552,13.4445,0.2405,0.0049,0,,,0,,0.0048,0.005,schlegel,,,,,,,,,,,13.124,13.765,bj2018,,,dered,11.1968,0.01132,9.7772,0.010783,1,tycho2v3,tycho2b3,,1.28953218272,0.99444379833,256.23437448382,-48.35019063627,0.04376147128,0.03676654852,0,0,1169198994
0.096329,J170509.44-273101.5,256.2893354,-27.5171065,21203991,256.2893552914,-27.51708638063,256.289,-27.517,90.0,0,,313-106274,17050944-2731014,0,J170509.44-273101.5,4108762257431665792,12809299,0,STAR,tmgaia2,tmgaia2,-5.79,0.129,-8.888,0.073,gaia2,-0.0145,0.0689,gaia2,16.137,-0.086,13.853,0.092,,,,,,,,,,,9.716,0.022,8.833,0.027,8.471,0.023,AAA-212-111-00s-0-0,8.279,0.023,8.062,0.018,7.358,0.016,6.777,0.084,12.9769,0.025836,11.687,0.026,rered,gaia2,3563.0,160.0,,,,,128.668,,,,,,GIANT,,,9594.43,3662.62,0.3497,0.0001,0,,,0,,0.0002,0.0,schlegel,,,,,,,,,,,2878.77,4446.47,bj2018,,,dered,14.6355,0.140659,11.7387,0.066338,1,ucac4,apassdr9,,2.05616821257,1.1267283039,256.28932718277,-27.5171246491,0.06308171478,0.0448251761,0,0,1169048248
0.15802,J170623.10-510257.5,256.5962671,-51.0493225,212797481,256.59630540177,-51.04928579918,256.596,-51.049,90.0,0,,195-154657,17062313-5102571,0,J170623.10-510257.5,5925992607153978752,0,0,STAR,gaia2,gaia2,-2.097,0.267,-7.643,0.26,gaia2,0.6849,0.1473,gaia2,15.408,0.175,15.301,0.103,,,,,,,,,,,7.892,0.023,6.871,0.026,6.403,0.023,AAA-111-111-000-0-0,6.351,0.079,6.192,0.025,5.243,0.015,4.168,0.024,12.5052,0.004524,10.965,0.008,gbprp,gaia2,,,,,,,,,,,,,,,,1481.69,415.48,0.3183,0.0412,0,,SPLIT,0,,0.0377,0.0448,schlegel,,,,,,,,,,,309.07,521.89,bj2018,,,,15.7745,0.025281,10.9372,0.014198,0,ucac4,bpbj,,4.58454904721,4.03348630919,256.59629103859,-51.04931870779,0.14046372959,0.13552049574,0,0,1173560358
0.15802,J170623.10-510257.5,256.5962671,-51.0493225,1318653378,256.59630540177,-51.04928579918,256.596,-51.049,90.0,0,,,,0,,5925992607153978752,0,0,STAR,gaia2,gaia2,-2.097,0.267,-7.643,0.26,gaia2,0.6849,0.1473,gaia2,,,,,,,,,,,,,,,,,,,,,,,,,,,,,,12.5052,0.004524,10.965,0.008,gbprp,gaia2,,,,,,,,,,,,,,,,1481.69,415.48,0.3183,0.0412,0,,DUPLICATE,212797481,,0.0377,0.0448,schlegel,,,,,,,,,,,309.07,521.89,bj2018,,,,15.7745,0.025281,10.9372,0.014198,0,,,,4.58454904721,4.03348630919,256.59629103859,-51.04931870779,0.14046372959,0.13552049574,0,0,1174108134
0.087084,J170846.20-491344.4,257.1925205,-49.229008,213155334,257.19252808711,-49.22898432294,257.193,-49.229,90.0,0,,204-137709,17084621-4913442,0,J170846.20-491344.4,5926588233220607488,0,0,STAR,tmgaia2,tmgaia2,-3.434,0.195,-2.78,0.163,gaia2,0.2534,0.1248,gaia2,17.134,0.19,15.965,0.229,,,,,,,,,,,9.245,0.023,8.189,0.026,7.782,0.029,AAA-211-111-000-0-0,7.586,0.034,7.621,0.021,6.999,0.017,6.3,0.063,13.3625,0.002201,11.684,0.014,rered,gaia2,3030.0,122.0,,,,,,,,,,,,,,3549.72,1711.88,0.5768,0.0469,0,,,0,,0.0583,0.0355,schlegel,,,,,,,,,,,1137.53,2286.22,bj2018,,,dered,16.0538,0.01316,11.9006,0.006805,1,ucac4,bpbj,,3.32020614654,2.52499829055,257.19250544673,-49.22899629067,0.10477548228,0.0906932032,0,0,1182316715
0.116568,J170915.28-341249.4,257.3136799,-34.2137317,43922897,257.3136662504,-34.21376204904,257.314,-34.214,90.0,0,,,17091529-3412494,0,J170915.28-341249.4,5978153473209128960,0,0,STAR,tmgaia2,tmgaia2,,,,,,,,,19.048,0.162,,,,,,,,,,,,,9.983,0.021,8.85,0.024,8.388,0.026,AAA-221-111-000-0-0,8.077,0.023,8.087,0.021,7.057,0.018,6.1,0.059,14.9263,0.00835,13.359,0.012,gbprp,,,,,,,,,,,,,,,,,,,,,0,,,0,,,,,,,,,,,,,,,,,,,,,18.3325,0.067179,13.296,0.024139,0,,bpbj,,0.13800271991,0.09865364426,257.3136662504,-34.21376204904,0.13800271991,0.09865364426,0,0,1185078293
1.525477,J170915.28-341249.4,257.3136799,-34.2137317,1351519274,257.3134362802,-34.21335891029,257.313,-34.213,90.0,0,,,,0,,5978153473121031040,0,0,STAR,gaia2,gaia2,-3.98,0.776,-5.308,0.555,gaia2,-0.3632,0.2875,gaia2,,,,,,,,,,,,,,,,,,,,,,,,,,,,,,18.316,0.002923,17.886,0.6,goffs,gaia2,,,,,,,,,,,,,,,,5718.26,2884.46,0.8577,0.0787,0,,,0,,0.1114,0.046,schlegel,,,,,,,,,,,2242.86,3526.06,bj2018,,,,,0.0,,0.0,0,,,,12.60351543195,8.60772338949,257.31341555933,-34.21338176237,0.5275926155,0.36700236949,0,0,1186102478
2.185996,J170915.28-341249.4,257.3136799,-34.2137317,1351519273,257.31440763972,-34.21381264999,257.314,-34.214,90.0,0,,,,0,,5978153473121030528,0,0,STAR,gaia2,gaia2,,,,,,,,,,,,,,,,,,,,,,,,,,,,,,,,,,,,,,20.6592,0.023799,20.229,0.6,goffs,,,,,,,,,,,,,,,,,,,,,0,,,0,,,,,,,,,,,,,,,,,,,,,,0.0,,0.0,0,,,,13.62812939109,9.52617967668,257.31440763972,-34.21381264999,13.62812939109,9.52617967668,0,0,1186102477
0.032454,J170944.91-272932.2,257.4371615,-27.4922851,24031333,257.43716870788,-27.49227874485,257.437,-27.492,90.0,0,,313-109976,17094492-2729320,0,J170944.91-272932.2,4108543111057141760,0,0,STAR,tmgaia2,tmgaia2,-4.104,0.17,-6.082,0.115,gaia2,0.4443,0.1124,gaia2,18.116,0.161,16.786,0.126,,,,,,,,,,,9.857,0.021,8.726,0.051,8.368,0.021,AAA-212-111-000-0-0,8.16,0.024,8.231,0.02,6.674,0.017,5.612,0.043,13.8006,0.005249,12.377,0.047,rered,gaia2,,,,,,,,,,,,,,,,2258.63,798.845,0.1114,0.1856,0,,,0,,0.0277,0.3435,panstarrs,,,,,,,,,,,552.26,1045.43,bj2018,,,,16.1911,0.035233,12.3816,0.012548,1,ucac4,bpbj,,2.70654747955,1.78615274984,257.43714878858,-27.49230493206,0.0849747061,0.06885757126,0,0,1186467434
0.397176,J171047.03-442701.4,257.6959942,-44.4503979,382017036,257.69591910727,-44.45030147174,257.696,-44.45,90.0,0,,228-137476,17104703-4427010,0,J171047.03-442701.4,5965046568635067648,21478596,0,STAR,tmgaia2,tmgaia2,-1.068,0.104,-2.99,0.084,gaia2,0.4908,0.0474,gaia2,13.545,0.074,12.639,0.069,,,,,,,,,,,10.308,,10.063,,9.911,0.039,UUA-662-002-00c-0-0,9.708,0.023,9.745,0.021,9.377,0.098,6.566,0.067,12.2202,0.000266,11.568,0.054,rered,gaia2,9510.0,124.0,,,,,8.893,,,,,,GIANT,,,1935.65,186.105,1.0132,0.0646,0,,,0,,0.0609,0.0683,schlegel,,,,,,,,,,,168.76,203.45,bj2018,,,dered,12.8149,0.001978,11.4623,0.001201,1,ucac4,apassdr9,,1.73493012114,1.31050200668,257.6959126672,-44.45031434341,0.05335719166,0.0477814828,0,0,1189512807
0.050859,J171206.72-333228.9,258.0280405,-33.5413849,46287293,258.02802499641,-33.5413791895,258.028,-33.541,90.0,0,,283-118476,17120672-3332289,0,J171206.72-333228.9,5978950546010001280,16857597,0,STAR,tmgaia2,tmgaia2,1.668,0.129,-1.991,0.08,gaia2,0.9303,0.0595,gaia2,13.683,0.057,13.128,0.069,,,,,,,,,,,11.478,0.024,10.86,0.025,10.214,0.021,AAA-222-111-000-0-0,9.397,0.024,8.949,0.02,6.708,0.017,4.223,0.024,12.8268,0.001126,12.377,0.015,rered,gaia2,7327.0,173.5,3.8817,0.0921,,,2.445,0.178,1.66,0.275,0.1136,0.0296,DWARF,15.5189,2.91911,1048.37,67.3615,0.3788,0.0218,7495,3.9046,,0,7e-06,0.0175,0.0262,schlegel,0.175,0.374,0.197,0.158,0.0246,0.0346,0.0763,0.1079,2.16574,3.67247,63.123,71.6,bj2018,129.9,217.0,dered,13.1798,0.004782,12.297,0.002871,1,ucac4,apassdr9,,2.08600568647,1.2388197002,258.02803361204,-33.54138776294,0.08130033363,0.05427807047,1,0,1194805316
0.229096,J171411.65-331557.2,258.5485767,-33.2659091,150636356,258.54857292256,-33.26597265944,258.549,-33.266,90.0,0,7365-01861-1,284-115856,17141165-3315574,0,J171411.65-331557.2,5979075001327543296,16861807,0,STAR,tmgaia2,tmgaia2,2.043,0.202,-1.762,0.136,gaia2,0.8323,0.1377,gaia2,9.264,0.036,9.248,0.003,,,,,,,,,,,8.917,0.027,8.928,0.026,8.874,0.029,AAA-122-111-000-0-0,8.629,0.022,8.49,0.019,6.851,0.018,5.01,0.037,9.17376,0.001434,9.246,0.066,rered,gaia2,,,,,,,,,,,,,,,,1205.35,231.315,0.4841,0.0688,0,,,0,,0.0597,0.0779,schlegel,,,,,,,,,,,189.05,273.58,bj2018,,,,9.2097,0.003075,9.10248,0.003839,1,tycho2v3,tycho2b3,,3.27240157184,2.11473052249,258.54858344122,-33.26598024613,0.11858145585,0.08264490011,0,0,1201937903
0.11429,J171623.90-234337.7,259.0996148,-23.7271443,79000661,259.09962803857,-23.72711495709,259.1,-23.727,90.0,0,6812-00458-1,332-097273,17162390-2343376,0,J171623.90-234337.7,4114106949065726848,11653696,0,STAR,tmgaia2,tmgaia2,-4.84,0.125,-8.722,0.081,gaia2,1.2837,0.0621,gaia2,13.436,0.544,11.094,0.123,,,,,,,,,,,7.524,0.024,6.618,0.024,6.263,0.02,AAA-111-111-000-0-0,6.149,0.09,6.095,0.025,5.861,0.016,5.63,0.039,10.5464,0.006067,9.355,0.016,rered,gaia2,3927.0,123.0,,,,,25.988,,,,,,GIANT,,,764.623,37.2905,0.4553,0.0296,0,,,0,,0.0173,0.0418,panstarrs,,,,,,,,,,,35.506,39.075,bj2018,,,dered,11.9239,0.022427,9.41379,0.018159,1,tycho2v,tycho2b,,1.97637677181,1.25966618417,259.09960527596,-23.727152508,0.06308587622,0.0487112654,0,0,1208802993
0.072889,J171924.35-280904.6,259.851476,-28.151279,81891229,259.8514936668,-28.1512919346,259.851,-28.151,90.0,0,,310-121254,17192436-2809047,0,J171924.35-280904.6,4107919481741452544,14591179,0,STAR,tmgaia2,tmgaia2,-3.535,0.168,-2.118,0.107,gaia2,0.265,0.0964,gaia2,17.254,-0.114,15.512,0.06,,,,,,,,,,,9.817,0.023,8.646,0.046,8.186,0.034,AAA-211-111-000-0-0,7.926,0.026,7.848,0.021,7.334,0.019,6.952,0.09,13.8532,0.010385,12.121,0.066,rered,gaia2,3177.0,129.0,,,,,,,,,,,,,,3609.07,1655.73,0.7778,0.2084,0,,,0,,0.2963,0.1205,panstarrs,,,,,,,,,,,1069.29,2242.18,bj2018,,,dered,16.4693,0.076521,12.4059,0.027846,1,apassdr9,apassdr9,,2.6907549328,1.65572786649,259.85147640322,-28.15130105528,0.0869384414,0.06648476383,0,0,1219780493
0.096855,J172259.93-255956.9,260.7497386,-25.9991397,84807056,260.74971550423,-25.99912258526,260.75,-25.999,90.0,0,,,17225993-2559568,0,J172259.93-255956.9,4109897778096108544,0,0,STAR,tmgaia2,tmgaia2,,,,,,,,,19.148,0.163,,,,,,,,,,,,,10.01,0.025,8.857,0.027,8.356,0.023,AAA-222-111-000-0-0,8.214,0.022,8.252,0.019,7.15,0.019,6.077,0.057,14.871,0.010016,13.31,0.012,gbprp,,,,,,,,,,,,,,,,,,,,,0,,,0,,,,,,,,,,,,,,,,,,,,,18.2436,0.047577,13.2542,0.031887,0,,bpbj,,0.15490922465,0.12250195802,260.74971550423,-25.99912258526,0.15490922465,0.12250195802,0,0,1232344068
2.40872,J172259.93-255956.9,260.7497386,-25.9991397,1451262303,260.75014091479,-25.99970266131,260.75,-26.0,90.0,0,,,,0,,4109897778032909952,0,0,STAR,gaia2,gaia2,-1.056,0.478,-3.602,0.327,gaia2,0.1032,0.2114,gaia2,,,,,,,,,,,,,,,,,,,,,,,,,,,,,,18.5715,0.014491,17.354,0.016,gbprp,gaia2,,,,,,,,,,,,,,,,5303.99,3235.02,0.5487,0.1999,0,,,0,,0.3199,0.08,panstarrs,,,,,,,,,,,2301.5,4168.54,bj2018,,,,19.4641,0.274803,16.4249,0.278827,0,,,,7.61390042603,5.06649882985,260.75013585646,-25.99971816966,0.22316107778,0.17936161957,0,0,1232839748
0.063108,J172322.93-481359.8,260.8455462,-48.2333045,214288355,260.84552811803,-48.2333172371,260.846,-48.233,90.0,0,,,17232292-4813599,0,J172322.93-481359.8,5950177396192917376,0,0,STAR,tmgaia2,tmgaia2,,,,,,,,,18.089,0.221,,,,,,,,,,,,,9.762,0.026,8.718,0.026,8.253,0.021,AAA-211-111-000-0-0,8.141,0.023,8.336,0.02,7.709,0.022,7.186,0.101,14.417,0.005354,12.94,0.009,gbprp,,,,,,,,,,,,,,,,,,,,,0,,,0,,,,,,,,,,,,,,,,,,,,,17.2855,0.041955,12.879,0.017487,0,,bpbj,,0.13293089777,0.1272009341,260.84552811803,-48.2333172371,0.13293089777,0.1272009341,0,0,1233949456
2.430962,J172322.93-481359.8,260.8455462,-48.2333045,1521982567,260.84549887508,-48.23262996906,260.845,-48.233,90.0,0,,,,0,,5950177396174120320,0,0,STAR,gaia2,gaia2,-0.332,0.442,-2.611,0.376,gaia2,0.2639,0.2305,gaia2,,,,,,,,,,,,,,,,,,,,,,,,,,,,,,18.4795,0.01275,18.049,0.6,goffs,gaia2,,,,,,,,,,,,,,,,3616.73,2374.12,0.3421,0.0248,0,,,0,,0.0386,0.011,schlegel,,,,,,,,,,,1549.93,3198.32,bj2018,,,,,0.0,,0.0,0,,,,7.51750097329,5.83499171297,260.84549672603,-48.23264120961,0.22409493941,0.22302304909,0,0,1234894618
0.301101,J172330.04-442501.9,260.8751811,-44.4172189,217634548,260.87524594488,-44.41714925575,260.875,-44.417,90.0,0,7895-00857-1,228-143222,17233005-4425017,0,J172330.04-442501.9,5953236168829640320,21519175,0,STAR,tmgaia2,tmgaia2,-19.717,0.091,-22.886,0.07,gaia2,4.2819,0.0513,gaia2,10.138,0.06,9.733,0.004,,,,,,,,,,,8.748,0.023,8.582,0.047,8.48,0.021,AAA-112-111-000-0-0,8.396,0.022,8.41,0.019,8.188,0.031,6.941,0.072,9.61443,0.001911,9.281,0.006,rered,gaia2,6860.0,131.7,4.0497,0.0881,,,1.909,0.085,1.49,0.253,0.2142,0.0502,DWARF,7.26974,0.39435,232.03,2.786,0.1035,0.0103,5060,0.2056,,0,0.000112,0.0106,0.01,schlegel,0.186,0.319,0.068,0.102,0.0433,0.0571,0.0763,0.0999,0.39431,0.39439,2.753,2.819,bj2018,164.0,99.5,dered,9.87781,0.006454,9.23808,0.006246,1,tycho2v3,tycho2b3,,1.5320104217,1.09329691383,260.87512709385,-44.41724779146,0.04440794457,0.0418457736,1,0,1233976914
0.118313,J172925.50-300239.6,262.3562719,-30.04436,161901423,262.35629463179,-30.04438632289,262.356,-30.044,90.0,0,,,17292551-3002396,0,J172925.50-300239.6,4058645069968272384,0,0,STAR,tmgaia2,tmgaia2,,,,,,,,,,,,,,,,,,,,,,,10.125,0.021,8.712,0.04,8.05,0.017,AAA-211-111-000-0-0,7.734,0.026,7.86,0.02,6.992,0.025,6.144,0.058,16.2151,0.010544,14.612,0.018,gbprp,,,,,,,,,,,,,,,,,,,,,0,,,0,,,,,,,,,,,,,,,,,,,,,19.6629,0.148899,14.3507,0.044521,0,,,,0.21428583308,0.18656915625,262.35629463179,-30.04438632289,0.21428583308,0.18656915625,0,0,1256082674
2.350791,J172925.50-300239.6,262.3562719,-30.04436,1429573386,262.35692559285,-30.04403410788,262.357,-30.044,90.0,0,,,,0,,4058645074291886592,0,0,STAR,gaia2,gaia2,,,,,,,,,,,19.945,0.088,,,,,,,,,,,,,,,,,,,,,,,,,,19.0815,0.011755,18.098,0.023,gbprp,,,,,,,,,,,,,,,,,,,,,0,,,0,,,,,,,,,,,,,,,,,,,,,19.5738,0.090719,17.3833,0.033623,0,gaia2,,,1.51100814307,0.99821015891,262.35692559285,-30.04403410788,1.51100814307,0.99821015891,0,0,1256476808
0.014565,J173037.85-093317.2,262.6577441,-9.5547843,3046517,262.65774385973,-9.55478026116,262.658,-9.555,90.0,0,,403-072104,17303785-0933171,0,J173037.85-093317.2,4166735828997759872,4230654,0,STAR,tmgaia2,tmgaia2,-1.115,0.198,-1.226,0.165,gaia2,0.1908,0.1186,gaia2,17.685,-0.191,15.703,0.137,,,,,,,,,,,8.979,0.027,7.778,0.036,7.31,0.029,AAA-111-111-000-0-0,7.107,0.038,7.147,0.021,6.9,0.017,6.47,0.067,13.0265,0.00353,11.259,0.007,rered,gaia2,3242.0,123.0,,,,,,,,,,,,,,3999.16,1764.34,0.8753,0.0055,0,,,0,,0.0062,0.0049,panstarrs,,,,,,,,,,,1246.59,2282.09,bj2018,,,dered,15.6744,0.029068,11.6038,0.011786,1,ucac4,apassdr9,,3.08723607029,2.55721782856,262.65773899342,-9.55478554119,0.106681435,0.09285351469,0,0,1260393920
0.222071,J173202.87+024925.5,263.0119617,2.8237598,1502400161,263.0119657813,2.82369824856,263.012,2.824,90.0,0,,,,0,,4376824940267661056,0,0,STAR,gaia2,gaia2,-0.751,0.153,-9.502,0.125,gaia2,1.9613,0.0844,gaia2,,,7.733,0.046,,,,,,,,,,,,,,,,,,,,,,,,,,7.71578,0.00201,7.763,0.008,gbprp,gaia2,,,,,,,,,,,,,,,,503.957,21.6555,0.145,0.0071,0,,DUPLICATE,348496579,,0.0104,0.0038,panstarrs,,,,,,,,,,,20.742,22.569,bj2018,,,,7.43805,0.013857,7.4616,0.021965,0,gaia2,,,2.37147227451,1.93609071753,263.01196254195,2.82365733859,0.05863833622,0.05590206728,0,0,172066398
0.222071,J173202.87+024925.5,263.0119617,2.8237598,348496579,263.0119657813,2.82369824856,263.012,2.824,90.0,85812,0418-01447-1,465-064364,17320287+0249257,0,J173202.87+024925.5,4376824940267661056,36316998,0,STAR,gaia2,gaia2,-0.751,0.153,-9.502,0.125,gaia2,1.9613,0.0844,gaia2,7.695,0.025,7.399,0.023,,,,,,,,,,,7.382,0.021,7.442,0.046,7.446,0.018,AAA-111-111-000-0-0,7.397,0.035,7.451,0.02,7.392,0.018,6.709,0.09,7.71578,0.00201,7.763,0.008,gbprp,gaia2,,,,,,,,,,,,,,,,503.957,21.6555,0.145,0.0071,0,,SPLIT,0,,0.0104,0.0038,panstarrs,,,,,,,,,,,20.742,22.569,bj2018,,,,7.43805,0.013857,7.4616,0.021965,0,sirful,tycho2b3,,2.37147227451,1.93609071753,263.01196254195,2.82365733859,0.05863833622,0.05590206728,0,0,172036949
0.767106,J173202.87+024925.5,263.0119617,2.8237598,1502400163,263.01190121996,2.82396414362,263.012,2.824,90.0,0,,,,0,,4376824944556083584,0,0,STAR,gaia2,gaia2,4.32,0.682,-5.974,0.576,gaia2,-0.4177,0.516,gaia2,,,8.736,0.046,,,,,,,,,,,,,,,,,,,,,,,,,,8.71675,0.004068,8.835,0.031,gbprp,gaia2,,,,,,,,,,,,,,,,4096.96,2390.65,0.1583,0.0083,0,,,348496579,,0.0094,0.0072,panstarrs,,,,,,,,,,,1818.95,2962.34,bj2018,,,,7.42485,0.016245,7.55695,0.061589,0,gaia2,,,10.57742119841,8.94050401112,263.01191984059,2.82393842395,0.27227807579,0.32221011836,0,0,172066400
0.188658,J173224.94-364153.9,263.1039395,-36.6983182,266856605,263.10395655269,-36.69836878993,263.104,-36.698,90.0,0,7387-00870-1,267-112143,17322495-3641541,0,J173224.94-364153.9,5974604764982749440,0,0,STAR,tmgaia2,tmgaia2,1.245,0.108,-4.04,0.081,gaia2,1.3794,0.0659,gaia2,8.492,0.031,8.469,0.003,,,,,,,,,,,8.2,0.027,8.177,0.026,8.218,0.033,AAA-111-111-000-0-0,8.103,0.021,8.131,0.019,8.19,0.037,7.068,0.101,8.3883,0.001066,8.399,0.011,rered,gaia2,,,,,,,,,,,,,,,,712.518,33.809,0.2487,0.0108,0,,,0,,0.0103,0.0112,schlegel,,,,,,,,,,,32.236,35.382,bj2018,,,,8.43149,0.0027,8.3238,0.003157,1,tycho2v3,tycho2b3,,1.77108289845,1.25076797729,263.10396324081,-36.69838618527,0.05363778782,0.04745803842,0,0,1268018909
0.175873,J173303.27-303426.8,263.2636383,-30.5741177,101334293,263.26360754624,-30.5741587559,263.264,-30.574,90.0,0,,,17330326-3034267,0,J173303.27-303426.8,4058369371798536448,0,0,STAR,tmgaia2,tmgaia2,,,,,,,,,19.348,0.163,,,,,,,,,,,,,9.973,0.023,8.33,0.029,7.543,0.018,AAA-211-111-00s-0-0,7.022,0.031,6.941,0.02,5.849,0.017,5.006,0.042,16.6758,0.006934,15.056,0.024,gbprp,,,,,,,,,,,,,,,,,,,,,0,,,0,,,,,,,,,,,,,,,,,,,,,20.139,0.225483,14.6952,0.048435,0,,bpbj,,0.36177155249,0.26614748424,263.26360754624,-30.5741587559,0.36177155249,0.26614748424,0,0,1269396786
0.066501,J173404.61-392341.3,263.5192381,-39.3948231,465196254,263.51925462063,-39.39480974941,263.519,-39.395,90.0,0,7888-00127-1,254-117176,17340462-3923413,0,J173404.61-392341.3,5961690829134395264,19188437,0,STAR,tmgaia2,tmgaia2,1.404,0.157,-3.207,0.109,gaia2,0.9082,0.0552,gaia2,11.517,0.215,11.357,0.018,,,,,,,,,,,9.512,0.023,8.529,0.046,7.597,0.029,AAA-211-111-000-0-0,6.337,0.085,5.593,0.056,3.654,0.014,1.718,0.018,10.9761,0.002818,10.724,0.024,rered,gaia2,12747.0,521.0,,,,,,,,,,,,,,1072.24,65.27,0.5747,0.0265,0,,,0,,0.0253,0.0277,schlegel,,,,,,,,,,,61.38,69.16,bj2018,,,dered,11.1797,0.012177,10.5726,0.012049,1,tycho2v3,tycho2b3,,2.57907054125,1.69794752512,263.51926244349,-39.39482355733,0.06978618359,0.05379924744,0,0,1274496874
0.220496,J173412.99-162743.6,263.5541509,-16.4621211,431537906,263.55412492611,-16.4621770551,263.554,-16.462,90.0,0,,,17341300-1627437,0,J173412.99-162743.6,4124450359843123712,9122203,0,STAR,tmgaia2,tmgaia2,,,,,,,,,15.652,0.093,13.958,0.082,,,,,,,,,,,9.525,0.022,8.73,0.047,8.001,0.027,AAA-211-111-000-0-0,6.843,0.034,6.312,0.024,5.663,0.014,4.796,0.031,13.3053,0.07614,11.773,0.096,gbprp,,,,,,,,,,,,,,,,,,,,,0,,,0,,,,,,,,,,,,,,,,,,,,,16.0326,0.616976,11.2506,0.20304,0,apassdr9,apassdr9,,0.14465800192,0.14781765534,263.55412492611,-16.4621770551,0.14465800192,0.14781765534,0,0,1274466740
0.053272,J173443.24-433214.5,263.6801778,-43.5373839,16020709,263.68018867641,-43.53737137785,263.68,-43.537,90.0,0,,233-136601,17344323-4332144,0,J173443.24-433214.5,5958433525939655680,21564372,0,STAR,tmgaia2,tmgaia2,-3.974,0.18,-2.209,0.15,gaia2,-0.2575,0.1295,gaia2,17.19,0.127,16.225,0.561,,,,,,,,,,,9.697,0.024,8.695,0.026,8.362,0.04,AAA-211-111-000-0-0,8.145,0.024,8.149,0.02,7.51,0.019,6.934,0.094,13.6137,0.007706,12.019,0.01,rered,gaia2,3058.0,124.0,,,,,,,,,,,,,,8524.62,3292.35,0.4765,0.002,0,,,0,,0.0035,0.0004,schlegel,,,,,,,,,,,2674.82,3909.88,bj2018,,,dered,16.1262,0.051108,12.1849,0.019629,1,ucac4,apassdr9,,3.00486736664,2.33000866488,263.68016507645,-43.53738088753,0.09697997713,0.09877644969,0,0,1275938186
2.268969,J173443.24-433214.5,263.6801778,-43.5373839,1535691123,263.68042853108,-43.53798739195,263.68,-43.538,90.0,0,,,,0,,5958433525888597632,0,0,STAR,gaia2,gaia2,-1.981,0.186,-1.841,0.14,gaia2,0.126,0.1004,gaia2,,,17.95,1.259,,,,,,,,,,,,,,,,,,,,,,,,,,16.9994,0.004849,15.981,0.439,gbprp,gaia2,,,,,,,,,,,,,,,,5212.18,2317.97,0.47,0.0127,0,,,0,,0.0194,0.0061,schlegel,,,,,,,,,,,1662.82,2973.12,bj2018,,,,17.4335,0.126718,15.1319,1.55893,0,gaia2,,,3.11437233757,2.17673398305,263.6804167631,-43.53799531753,0.10114207799,0.085134325,0,0,1277390767
0.24686,J173501.67-362918.3,263.7569857,-36.4884384,465399790,263.75692250002,-36.48848444733,263.757,-36.488,90.0,0,,268-115996,17350166-3629183,0,J173501.67-362918.3,5962717635595190912,19192092,0,STAR,tmgaia2,tmgaia2,,,,,,,,,15.83,0.0,15.662,0.137,,,,,,,,,,,11.249,0.03,9.701,0.027,8.98,0.023,AAA-222-111-000-0-0,8.52,0.023,8.537,0.021,7.663,0.025,6.782,0.085,17.5899,0.009503,16.419,0.062,gbprp,,,,,,,,,,,,,,,,,,,,,0,,,0,,,,,,,,,,,,,,,,,,,,,18.509,0.291114,15.6608,0.052538,0,ucac4,apassdr9,,0.39537193571,0.36077975243,263.75692250002,-36.48848444733,0.39537193571,0.36077975243,0,0,1277927887
1.726482,J173501.67-362918.3,263.7569857,-36.4884384,1545962074,263.7575821764,-36.48843350615,263.758,-36.488,90.0,0,,,,0,,5962717635542935936,0,0,STAR,gaia2,gaia2,,,,,,,,,,,,,,,,,,,,,,,,,,,,,,,,,,,,,,19.9659,0.014364,19.536,0.6,goffs,,,,,,,,,,,,,,,,,,,,,0,,,0,,,,,,,,,,,,,,,,,,,,,,0.0,,0.0,0,,,,2.6064603449,4.02048072352,263.7575821764,-36.48843350615,2.6064603449,4.02048072352,0,0,1279320307
2.049316,J173501.67-362918.3,263.7569857,-36.4884384,1545962121,263.75742016126,-36.48798890942,263.757,-36.488,90.0,0,,,,0,,5962717635595191168,0,0,STAR,gaia2,gaia2,5.688,0.08,-1.555,0.067,gaia2,1.0177,0.0586,gaia2,,,15.085,0.046,,,,,,,,,,,,,,,,,,,,,,,,,,14.8755,0.000539,14.345,0.016,rered,gaia2,6922.0,124.0,4.6018,,,,1.018,,1.51,,1.4327,,DWARF,2.14212,,959.859,55.5775,0.416,0.0208,0,,,0,,0.0198,0.0218,schlegel,,,,,,,,,,,52.424,58.731,bj2018,,,dered,15.2981,0.004005,14.2654,0.003668,1,gaia2,,,1.30984930597,1.04676534779,263.75745062334,-36.4879956031,0.04729337074,0.04152068545,1,0,1279320354
2.257678,J173501.67-362918.3,263.7569857,-36.4884384,1545962075,263.75755333621,-36.48886854706,263.758,-36.489,90.0,0,,,,0,,5962717635542936064,0,0,STAR,gaia2,gaia2,5.674,0.434,-0.545,0.359,gaia2,1.142,0.2853,gaia2,,,19.45,0.092,,,,,,,,,,,,,,,,,,,,,,,,,,18.3416,0.009791,17.268,0.018,gbprp,gaia2,,,,,,,,,,,,,,,,946.307,437.936,0.411,0.1571,0,,,0,,0.1046,0.2097,schlegel,,,,,,,,,,,266.999,608.873,bj2018,,,,19.2718,0.084257,16.7821,0.03566,0,gaia2,,,7.0890918393,5.57038322535,263.75758372044,-36.48887089194,0.26377637357,0.21650930462,1,0,1279320308
0.011151,J173514.52-161314.9,263.8105088,-16.2208295,431666516,263.81050985171,-16.22082657179,263.81,-16.221,90.0,0,,369-094370,17351452-1613149,0,J173514.52-161314.9,4124830863949405824,0,0,STAR,tmgaia2,tmgaia2,-4.09,0.205,-2.632,0.157,gaia2,0.0014,0.142,gaia2,17.879,0.262,16.991,0.229,,,,,,,,,,,9.17,0.022,8.153,0.018,7.696,0.024,AAA-211-111-000-0-0,7.544,0.031,7.695,0.02,7.247,0.019,6.889,0.091,13.5293,0.005094,11.889,0.017,rered,gaia2,,,,,,,,,,,,,,,,6431.29,3122.36,0.3538,0.068,0,,,0,,0.1312,0.0048,panstarrs,,,,,,,,,,,2348.72,3896.01,bj2018,,,,16.4159,0.029778,11.9799,0.018573,1,ucac4,bpbj,,3.21557026695,2.43199767214,263.81049151259,-16.22083790315,0.1149054207,0.10274170134,0,0,1279627530
0.092985,J173720.38-250602.5,264.3349197,-25.1007109,200268063,264.33489530085,-25.10069752237,264.335,-25.101,90.0,0,,,17372037-2506024,0,J173720.38-250602.5,4062217078341341056,0,0,STAR,tmgaia2,tmgaia2,,,,,,,,,,,,,,,,,,,,,,,10.153,0.022,8.707,0.044,7.979,0.033,AAA-211-111-000-0-0,7.732,0.027,7.832,0.019,6.958,0.02,6.224,0.058,16.4174,0.004457,14.799,0.013,gbprp,,,,,,,,,,,,,,,,,,,,,0,,,0,,,,,,,,,,,,,,,,,,,,,20.0119,0.106574,14.5775,0.021672,0,,,,0.23650679177,0.19720882397,264.33489530085,-25.10069752237,0.23650679177,0.19720882397,0,0,1288323203
1.265836,J173720.38-250602.5,264.3349197,-25.1007109,1438721946,264.33511237095,-25.10101617977,264.335,-25.101,90.0,0,,,,0,,4062217043966931712,0,0,STAR,gaia2,gaia2,,,,,,,,,,,,,,,,,,,,,,,,,,,,,,,,,,,,,,20.366,0.017813,19.936,0.6,goffs,,,,,,,,,,,,,,,,,,,,,0,,,0,,,,,,,,,,,,,,,,,,,,,,0.0,,0.0,0,,,,9.96737273733,8.50626929693,264.33511237095,-25.10101617977,9.96737273733,8.50626929693,0,0,1288806812
0.211077,J173733.67-333637.0,264.3903012,-33.6103013,105191814,264.39035021665,-33.61025921274,264.39,-33.61,90.0,0,,,17373368-3336369,0,J173733.67-333637.0,4053695691437520000,0,0,STAR,tmgaia2,tmgaia2,,,,,,,,,,,,,,,,,,,,,,,10.81,0.028,9.318,0.023,8.636,0.021,AAA-222-111-000-0-0,8.412,0.026,8.452,0.024,7.377,0.026,6.484,0.075,17.0361,0.006622,15.423,0.024,gbprp,,,,,,,,,,,,,,,,,,,,,0,,,0,,,,,,,,,,,,,,,,,,,,,20.5535,0.193523,15.1607,0.022144,0,,,,0.30950826191,0.3450028993,264.39035021665,-33.61025921274,0.30950826191,0.3450028993,0,0,1288233874
2.381519,J173733.67-333637.0,264.3903012,-33.6103013,1421331211,264.38966650389,-33.61069907036,264.39,-33.611,90.0,0,,,,0,,4053695691382915200,0,0,STAR,gaia2,gaia2,,,,,,,,,,,,,,,,,,,,,,,,,,,,,,,,,,,,,,18.6578,0.022591,18.228,0.6,goffs,,,,,,,,,,,,,,,,,,,,,0,,,0,,,,,,,,,,,,,,,,,,,,,,0.0,,0.0,0,,,,4.0383381275,3.59703204141,264.38966650389,-33.61069907036,4.0383381275,3.59703204141,0,0,1288583879
2.478807,J173733.67-333637.0,264.3903012,-33.6103013,1421331205,264.39043221911,-33.61098115698,264.39,-33.611,90.0,0,,,,0,,4053695691382898944,0,0,STAR,gaia2,gaia2,-3.26,1.914,-6.853,1.558,gaia2,2.1636,1.4211,gaia2,,,,,,,,,,,,,,,,,,,,,,,,,,,,,,20.153,0.010021,19.723,0.6,goffs,gaia2,,,,,,,,,,,,,,,,3593.34,3074.24,0.979,0.598,0,,,0,,0.5785,0.6176,schlegel,,,,,,,,,,,2334.51,3813.96,bj2018,,,,,0.0,,0.0,0,,,,31.00868165021,24.17892527814,264.3904153669,-33.6110106645,0.90370657752,1.05678178139,0,0,1288583873
0.060235,J173744.35-345545.6,264.4348199,-34.929345,105062360,264.43483708961,-34.9293540193,264.435,-34.929,90.0,0,,,17374437-3455458,0,J173744.35-345545.6,4053298389762331008,0,0,STAR,tmgaia2,tmgaia2,-1.495,3.415,-17.577,3.377,hsoy,,,,,,18.419,0.091,,,,,,,,,,,14.333,0.071,13.024,0.063,11.961,0.042,AAA-222-111-000-0-0,10.689,0.04,10.018,0.033,9.515,0.075,6.961,0.109,17.6329,0.01849,16.683,0.022,gbprp,,,,,,,,,,,,,,DWARF,,,,,,,0,,,0,,,,,,,,,,,,,,,,,,,,,18.3531,0.088441,16.266,0.055816,0,gaia2,,,55.50073764981,52.34943531313,264.43482923975,-34.92942969719,0.30915344653,0.29306174344,1,0,1289973299
2.040483,J173744.35-345545.6,264.4348199,-34.929345,1420263759,264.43529355004,-34.92975787626,264.435,-34.93,90.0,0,,,,0,,4053298389762331264,0,0,STAR,gaia2,gaia2,,,,,,,,,,,,,,,,,,,,,,,,,,,,,,,,,,,,,,20.141,0.022299,19.711,0.6,goffs,,,,,,,,,,,,,,,,,,,,,0,,,0,,,,,,,,,,,,,,,,,,,,,,0.0,,0.0,0,,,,2.40148946193,2.4054006468,264.43529355004,-34.92975787626,2.40148946193,2.4054006468,0,0,1290302615
0.05242,J173849.48-224710.5,264.7061867,-22.7862618,235022869,264.70617654928,-22.78627295548,264.706,-22.786,90.0,0,,,17384948-2247103,0,J173849.48-224710.5,4116754435655838208,0,0,STAR,tmgaia2,tmgaia2,,,,,,,,,17.826,0.192,,,,,,,,,,,,,9.905,0.024,8.671,0.033,8.131,0.017,AAA-211-111-000-0-0,7.835,0.025,7.995,0.019,7.075,0.018,6.257,0.067,15.2912,0.0074,13.688,0.011,gbprp,,,,,,,,,,,,,,,,,,,,,0,,,0,,,,,,,,,,,,,,,,,,,,,18.8706,0.06613,13.559,0.028104,0,,bpbj,,0.1898293202,0.15928072396,264.70617654928,-22.78627295548,0.1898293202,0.15928072396,0,0,1295464346
1.76437,J173849.48-224710.5,264.7061867,-22.7862618,1457564600,264.70643045569,-22.78669734164,264.706,-22.787,90.0,0,,,,0,,4116754431408929024,0,0,STAR,gaia2,gaia2,,,,,,,,,,,,,,,,,,,,,,,,,,,,,,,,,,,,,,19.456,0.028357,19.026,0.6,goffs,,,,,,,,,,,,,,,,,,,,,0,,,0,,,,,,,,,,,,,,,,,,,,,,0.0,,0.0,0,,,,0.75579747274,0.67422401877,264.70643045569,-22.78669734164,0.75579747274,0.67422401877,0,0,1296101898
0.139667,J173934.81-354246.9,264.8950545,-35.7130462,107044863,264.89503885535,-35.71308285799,264.895,-35.713,90.0,0,,,17393482-3542471,0,J173934.81-354246.9,4041217540192198272,0,0,STAR,tmgaia2,tmgaia2,,,,,,,,,,,,,,,,,,,,,,,10.331,0.023,8.966,0.026,8.363,0.023,AAA-222-111-000-0-0,7.983,0.023,7.976,0.02,7.169,0.02,6.566,0.093,16.1456,0.035374,14.55,0.036,gbprp,,,,,,,,,,,,,,,,,,,,,0,,,0,,,,,,,,,,,,,,,,,,,,,19.6962,0.118508,14.4409,0.101734,0,,,,0.22653049107,0.205874758,264.89503885535,-35.71308285799,0.22653049107,0.205874758,0,0,1297187970
0.065208,J173944.00-231450.4,264.9333705,-23.2473601,235794898,264.93336663523,-23.24737786173,264.933,-23.247,90.0,0,,334-111552,17394400-2314504,0,J173944.00-231450.4,4116517387816809344,0,0,STAR,tmgaia2,tmgaia2,,,,,,,,,,,17.797,1.133,,,,,,,,,,,8.898,0.026,7.617,0.042,6.982,0.04,AAA-111-111-000-0-0,6.705,0.058,6.651,0.02,5.595,0.015,4.792,0.031,14.8036,0.008411,13.312,0.034,gbprp,,,,,,,,,,,,,,,,,,,,,0,,,0,,,,,,,,,,,,,,,,,,,,,17.5011,0.24942,12.9988,0.034078,0,ucac4,,,0.18500067752,0.15759714582,264.93336663523,-23.24737786173,0.18500067752,0.15759714582,0,0,1299131107
1.89416,J173944.00-231450.4,264.9333705,-23.2473601,1456741603,264.93328806678,-23.24683942444,264.933,-23.247,90.0,0,,,,0,,4116517383448764544,0,0,STAR,gaia2,gaia2,2.879,0.154,0.114,0.117,gaia2,0.2997,0.0757,gaia2,,,,,,,,,,,,,,,,,,,,,,,,,,,,,,16.1119,0.009655,15.682,0.6,goffs,gaia2,,,,,,,,,,,,,,,,3126.47,898.635,0.6882,0.0649,0,,,0,,0.0645,0.0652,schlegel,,,,,,,,,,,672.0,1125.27,bj2018,,,,,0.0,,0.0,0,,,,2.43182501053,1.81732167475,264.93330155786,-23.24683893497,0.07367731096,0.06259087965,0,0,1299722097
0.085494,J173948.30-182946.8,264.9512507,-18.4963411,235474785,264.9512424249,-18.4963635141,264.951,-18.496,90.0,0,,358-109296,17394829-1829468,0,J173948.30-182946.8,4123207606865210496,0,0,STAR,tmgaia2,tmgaia2,,,,,,,,,17.295,0.26,17.279,0.126,,,,,,,,,,,8.611,0.034,7.548,0.029,7.025,0.023,AAA-111-111-000-0-0,6.692,0.067,6.494,0.022,5.822,0.016,5.266,0.037,13.4325,0.032425,11.831,0.034,gbprp,,,,,,,,,,,,,,,,,,,,,0,,,0,,,,,,,,,,,,,,,,,,,,,17.051,0.158648,11.7488,0.090508,0,ucac4,bpbj,,0.15089348185,0.13191057936,264.9512424249,-18.4963635141,0.15089348185,0.13191057936,0,0,1299094033
0.120863,J174013.96-275020.5,265.0581937,-27.8390491,202103656,265.05815991817,-27.83906442386,265.058,-27.839,90.0,0,,,17401396-2750206,0,J174013.96-275020.5,4060841413151579520,0,0,STAR,tmgaia2,tmgaia2,,,,,,,,,,,,,,,,,,,,,,,10.594,0.029,9.034,0.022,8.333,0.025,AAA-222-111-000-0-0,7.967,0.024,7.996,0.021,6.885,0.022,6.187,0.073,17.0013,0.006268,15.463,0.015,gbprp,,,,,,,,,,,,,,,,,,,,,0,,,0,,,,,,,,,,,,,,,,,,,,,19.9312,0.121565,15.1017,0.031468,0,,,,0.26275263274,0.22093196328,265.05815991817,-27.83906442386,0.26275263274,0.22093196328,0,0,1300901276
1.966133,J174013.96-275020.5,265.0581937,-27.8390491,1435403234,265.05799864665,-27.83956729773,265.058,-27.84,90.0,0,,,,0,,4060841417449120768,0,0,STAR,gaia2,gaia2,-6.23,2.217,-0.667,1.882,gaia2,0.9543,0.6687,gaia2,,,,,,,,,,,,,,,,,,,,,,,,,,,,,,19.7796,0.025045,19.35,0.6,goffs,gaia2,,,,,,,,,,,,,,,,3621.75,3275.61,0.9192,0.4798,0,,,0,,0.5055,0.454,schlegel,,,,,,,,,,,2332.86,4218.36,bj2018,,,,,0.0,,0.0,0,,,,35.40398392891,29.17854882456,265.05796831101,-27.83957017005,0.66634306546,0.49143937468,0,0,1301329544
0.042164,J174106.39-340706.2,265.276642,-34.1183907,108218117,265.27665323898,-34.11839781361,265.277,-34.118,90.0,0,,,17410640-3407061,0,J174106.39-340706.2,4053440703467679744,0,0,STAR,tmgaia2,tmgaia2,,,,,,,,,,,,,,,,,,,,,,,9.852,0.022,8.46,0.038,7.708,0.029,AAA-211-111-000-0-0,7.287,0.039,7.307,0.021,6.116,0.016,5.145,0.037,15.9006,0.00594,14.342,0.025,gbprp,,,,,,,,,,,,,,,,,,,,,0,,,0,,,,,,,,,,,,,,,,,,,,,19.0248,0.199553,14.0487,0.023005,0,,,,0.23460573846,0.20202281719,265.27665323898,-34.11839781361,0.23460573846,0.20202281719,0,0,1304525630
2.014391,J174106.39-340706.2,265.276642,-34.1183907,1420725561,265.2764323915,-34.11892266522,265.276,-34.119,90.0,0,,,,0,,4053440707800799360,0,0,STAR,gaia2,gaia2,-2.832,0.331,-1.681,0.241,gaia2,0.0353,0.1842,gaia2,,,,,,,,,,,,,,,,,,,,,,,,,,,,,,17.2521,0.008514,16.822,0.6,goffs,gaia2,,,,,,,,,,,,,,,,5498.6,2943.01,1.2988,0.276,0,,,0,,0.3055,0.2465,schlegel,,,,,,,,,,,2166.57,3719.45,bj2018,,,,,0.0,,0.0,0,,,,5.36944470528,3.74133003924,265.2764176633,-34.11892990342,0.15026073007,0.14044612595,0,0,1304932708
0.029863,J174109.45+281403.4,265.2893949,28.2342838,359412188,265.28940390465,28.23428622349,265.289,28.234,90.0,0,,592-059572,17410945+2814035,0,J174109.45+281403.4,4595511038449438720,46891806,0,STAR,tmgaia2,tmgaia2,-5.167,0.036,-4.655,0.044,gaia2,0.1961,0.0257,gaia2,14.068,0.098,12.76,0.092,,,,,,,,,,,9.001,0.041,8.051,0.044,7.851,0.02,AAA-111-111-000-0-0,7.797,0.026,7.9,0.019,7.479,0.017,7.116,0.095,11.7197,0.010751,10.706,0.013,rered,gaia2,3714.0,125.0,,,,,60.614,,,,,,GIANT,,,4280.74,471.87,0.0409,0.0058,0,,,0,,0.0042,0.0075,panstarrs,,,,,,,,,,,423.71,520.03,bj2018,,,dered,12.8657,0.036884,10.6124,0.023043,1,ucac4,apassdr9,,0.5827124123,0.67703380364,265.2893786545,28.23426618251,0.01740479241,0.02220566091,0,0,174475795
0.072336,J174115.83-212645.5,265.3159669,-21.4459825,236699977,265.31594604682,-21.44597730252,265.316,-21.446,90.0,0,,,17411582-2126454,0,J174115.83-212645.5,4117363977447219584,0,0,STAR,tmgaia2,tmgaia2,,,,,,,,,18.778,0.456,,,,,,,,,,,,,9.34,0.023,8.13,0.026,7.625,0.029,AAA-211-111-000-0-0,7.182,0.027,7.243,0.019,6.44,0.015,5.527,0.044,14.352,0.00861,12.761,0.011,gbprp,,,,,,,,,,,,,,,,,,,,,0,,,0,,,,,,,,,,,,,,,,,,,,,17.9227,0.037278,12.705,0.023362,0,,bpbj,,0.13519225765,0.11509407486,265.31594604682,-21.44597730252,0.13519225765,0.11509407486,0,0,1306568535
0.011413,J174210.08-393656.4,265.5420027,-39.6156937,147858585,265.54200666513,-39.61569454896,265.542,-39.616,90.0,0,,252-127424,17421008-3936564,0,J174210.08-393656.4,5961151415614329600,0,0,STAR,tmgaia2,tmgaia2,,,,,,,,,,,16.989,0.32,,,,,,,,,,,8.547,0.024,7.528,0.023,6.883,0.021,AAA-111-111-000-0-0,6.881,0.073,6.527,0.022,5.438,0.014,4.731,0.033,14.7287,0.082166,13.119,0.087,gbprp,,,,,,,,,,,,,,,,,,,,,0,,,0,,,,,,,,,,,,,,,,,,,,,18.3069,0.48425,12.9405,0.260513,0,ucac4,,,0.16074509773,0.14849634087,265.54200666513,-39.61569454896,0.16074509773,0.14849634087,0,0,1310270005
0.197115,J174230.26-270556.1,265.6261119,-27.0989266,192669433,265.6260666337,-27.0989636699,265.626,-27.099,90.0,0,,,17423025-2705561,0,J174230.26-270556.1,4060986106387611136,0,0,STAR,tmgaia2,tmgaia2,,,,,,,,,,,,,,,,,,,,,,,10.255,0.028,8.753,0.027,8.163,,AAU-216-210-c00-0-0,7.75,0.026,7.638,0.021,6.934,0.019,6.18,0.059,16.3595,0.00676,14.731,0.026,gbprp,,,,,,,,,,,,,,,,,,,,,0,,,0,,,,,,,,,,,,,,,,,,,,,20.0302,0.219857,14.5187,0.027291,0,,,,0.23005892406,0.1921550393,265.6260666337,-27.0989636699,0.23005892406,0.1921550393,0,0,1313098497
0.061971,J174304.18-272746.3,265.7674235,-27.4628845,202786019,265.76742703925,-27.46290142516,265.767,-27.463,90.0,0,,,17430418-2727464,0,J174304.18-272746.3,4060692090085919616,0,0,STAR,tmgaia2,tmgaia2,,,,,,,,,,,,,,,,,,,,,,,10.237,0.021,8.769,0.046,8.091,0.029,AAA-211-111-000-0-0,7.653,0.028,7.616,0.022,7.006,0.021,6.314,0.089,15.8768,0.009289,14.189,0.015,gbprp,,,,,,,,,,,,,,,,,,,,,0,,,0,,,,,,,,,,,,,,,,,,,,,20.0651,0.106812,14.0879,0.024865,0,,,,0.18769499802,0.18696570482,265.76742703925,-27.46290142516,0.18769499802,0.18696570482,0,0,1314239979
2.363527,J174304.18-272746.3,265.7674235,-27.4628845,1435176300,265.76761200309,-27.46351937199,265.768,-27.464,90.0,0,,,,0,,4060692090060912512,0,0,STAR,gaia2,gaia2,-6.267,2.016,-8.412,1.791,gaia2,1.518,1.1356,gaia2,,,,,,,,,,,,,,,,,,,,,,,,,,,,,,19.6708,0.008166,19.241,0.6,goffs,gaia2,,,,,,,,,,,,,,,,3988.19,3368.99,0.9416,0.5045,0,,,0,,0.5228,0.4863,schlegel,,,,,,,,,,,2541.84,4196.13,bj2018,,,,,0.0,,0.0,0,,,,32.18275979643,27.76318429463,265.76758159252,-27.46355558873,0.80212489144,0.72044775688,0,0,1314658934
0.130697,J174347.53-273616.2,265.9480721,-27.6045239,203116313,265.94803818506,-27.60454426577,265.948,-27.605,90.0,0,,,17434753-2736163,0,J174347.53-273616.2,4060678960324087168,0,0,STAR,tmgaia2,tmgaia2,,,,,,,,,,,,,,,,,,,,,,,11.183,0.02,9.37,0.022,8.534,0.022,AAA-222-111-000-0-0,8.133,0.026,8.126,0.025,6.99,0.026,5.973,0.061,18.368,0.015821,16.854,0.055,gbprp,,,,,,,,,,,,,,,,,,,,,0,,,0,,,,,,,,,,,,,,,,,,,,,20.9657,0.410779,16.3136,0.045471,0,,,,0.48154463923,0.41246403359,265.94803818506,-27.60454426577,0.48154463923,0.41246403359,0,0,1318022020
2.088869,J174347.53-273616.2,265.9480721,-27.6045239,1435131180,265.94804051785,-27.60394433409,265.948,-27.604,90.0,0,,,,0,,4060678964663091200,0,0,STAR,gaia2,gaia2,1.334,1.597,0.609,1.416,gaia2,1.2032,0.8498,gaia2,,,,,,,,,,,,,,,,,,,,,,,,,,,,,,19.8058,0.009129,19.376,0.6,goffs,gaia2,,,,,,,,,,,,,,,,3756.16,3268.62,1.0622,0.6388,0,,,0,,0.6193,0.6582,schlegel,,,,,,,,,,,2428.78,4108.46,bj2018,,,,,0.0,,0.0,0,,,,25.50155255261,21.96466077388,265.94804700146,-27.60394171179,0.69234037887,0.63100800922,0,0,1318468514
0.158303,J174350.87-255108.0,265.9619976,-25.8522237,203184511,265.96195458509,-25.85224456038,265.962,-25.852,90.0,0,,,17435088-2551079,0,J174350.87-255108.0,4067128150158967936,0,0,STAR,tmgaia2,tmgaia2,,,,,,,,,18.79,0.395,,,,,,,,,,,,,9.464,0.02,8.215,0.044,7.516,0.017,AAA-211-111-000-0-0,7.115,0.051,6.828,0.021,5.964,0.017,5.423,0.041,15.0128,0.052358,13.413,0.053,gbprp,,,,,,,,,,,,,,,,,,,,,0,,,0,,,,,,,,,,,,,,,,,,,,,18.5079,0.169571,13.2218,0.148726,0,,bpbj,,0.24484761425,0.21318539078,265.96195458509,-25.85224456038,0.24484761425,0.21318539078,0,0,1318039716
0.058585,J174514.31-222921.4,266.3096332,-22.4892905,239518487,266.30963763236,-22.48930624987,266.31,-22.489,90.0,0,,,17451431-2229214,0,J174514.31-222921.4,4117011343451442816,0,0,STAR,tmgaia2,tmgaia2,,,,,,,,,18.485,0.315,,,,,,,,,,,,,9.451,0.022,8.143,0.053,7.561,0.031,AAA-211-111-000-0-0,7.278,0.028,7.459,0.02,7.118,0.018,6.811,0.077,14.7729,0.003113,13.148,0.013,gbprp,,,,,,,,,,,,,,,,,,,,,0,,,0,,,,,,,,,,,,,,,,,,,,,18.5733,0.113834,13.0914,0.026114,0,,bpbj,,0.16545470292,0.14445360971,266.30963763236,-22.48930624987,0.16545470292,0.14445360971,0,0,1327123919
2.116109,J174514.31-222921.4,266.3096332,-22.4892905,1458592619,266.30966244829,-22.48870331354,266.31,-22.489,90.0,0,,,,0,,4117011377708134016,0,0,STAR,gaia2,gaia2,,,,,,,,,,,,,,,,,,,,,,,,,,,,,,,,,,,,,,20.0681,0.011274,19.638,0.6,goffs,,,,,,,,,,,,,,,,,,,,,0,,,0,,,,,,,,,,,,,,,,,,,,,,0.0,,0.0,0,,,,9.02970850778,7.65475676923,266.30966244829,-22.48870331354,9.02970850778,7.65475676923,0,0,1327215788
2.234969,J174514.31-222921.4,266.3096332,-22.4892905,1458592452,266.30896152617,-22.48930743228,266.309,-22.489,90.0,0,,,,0,,4117011339052895360,0,0,STAR,gaia2,gaia2,-3.699,0.335,0.071,0.282,gaia2,0.0717,0.1613,gaia2,,,,,,,,,,,,,,,,,,,,,,,,,,,,,,17.7538,0.002657,17.324,0.6,goffs,gaia2,,,,,,,,,,,,,,,,5216.03,2691.31,1.0034,0.1063,0,,,0,,0.1401,0.0725,schlegel,,,,,,,,,,,1960.68,3421.94,bj2018,,,,,0.0,,0.0,0,,,,5.29574933413,4.37940067393,266.30894429129,-22.48930712771,0.17185778394,0.14781240426,0,0,1326034662
0.077341,J174600.78-365212.6,266.5032513,-36.870188,153378655,266.50325869283,-36.87016734654,266.503,-36.87,90.0,0,,266-122826,17460078-3652126,0,J174600.78-365212.6,4040123418631571072,0,0,STAR,tmgaia2,tmgaia2,-3.625,0.19,-7.145,0.14,gaia2,0.2712,0.1023,gaia2,17.793,0.297,16.448,0.114,,,,,,,,,,,8.86,0.029,7.741,0.044,7.315,0.027,AAA-111-111-000-0-0,6.984,0.058,7.146,0.021,6.716,0.016,6.258,0.069,13.2212,0.008048,11.41,0.022,rered,gaia2,,,,,,,,,,,,,,,,3466.14,1543.88,0.6892,0.0792,0,,,0,,0.0851,0.0733,schlegel,,,,,,,,,,,1018.58,2069.17,bj2018,,,,16.2861,0.049221,11.689,0.022363,1,ucac4,bpbj,,3.10464927337,2.17666903061,266.5032391859,-36.87019811185,0.09556275808,0.08141220744,0,0,1329346897
0.120248,J174639.01-332612.9,266.6625531,-33.4369429,111883702,266.66251835637,-33.43695948622,266.663,-33.437,90.0,0,,,17463900-3326128,0,J174639.01-332612.9,4041935005852915712,0,0,STAR,tmgaia2,tmgaia2,,,,,,,,,,,,,,,,,,,,,,,10.307,0.026,8.823,0.026,8.092,0.023,AAA-221-111-000-0-0,7.493,0.035,7.434,0.02,6.411,0.019,5.51,0.073,16.5744,0.01444,14.957,0.016,gbprp,,,,,,,,,,,,,,,,,,,,,0,,,0,,,,,,,,,,,,,,,,,,,,,20.0916,0.064865,14.6695,0.040147,0,,,,0.25462727938,0.21715727676,266.66251835637,-33.43695948622,0.25462727938,0.21715727676,0,0,1331210990
1.33945,J174639.01-332612.9,266.6625531,-33.4369429,1414983685,266.66296029827,-33.43709445535,266.663,-33.437,90.0,0,,,,0,,4041935001485524480,0,0,STAR,gaia2,gaia2,-0.202,1.041,-1.825,0.88,gaia2,0.6296,0.4071,gaia2,,,,,,,,,,,,,,,,,,,,,,,,,,,,,,19.2272,0.006081,18.797,0.6,goffs,gaia2,,,,,,,,,,,,,,,,3001.41,2849.42,1.1862,0.494,0,,,0,,0.5111,0.4769,schlegel,,,,,,,,,,,1684.12,4014.71,bj2018,,,,,0.0,,0.0,0,,,,16.85547077049,13.63770482563,266.66295925404,-33.43710231294,0.43054013906,0.383487217,0,0,1331738668
2.317352,J174639.01-332612.9,266.6625531,-33.4369429,1414983723,266.6619565857,-33.43735103058,266.662,-33.437,90.0,0,,,,0,,4041935001532267776,0,0,STAR,gaia2,gaia2,,,,,,,,,,,,,,,,,,,,,,,,,,,,,,,,,,,,,,20.2585,0.01593,19.829,0.6,goffs,,,,,,,,,,,,,,,,,,,,,0,,,0,,,,,,,,,,,,,,,,,,,,,,0.0,,0.0,0,,,,3.24115063286,3.24146569767,266.6619565857,-33.43735103058,3.24115063286,3.24146569767,0,0,1331738706
0.045298,J174706.08-394943.3,266.7753594,-39.8287165,469071388,266.77534653297,-39.82872429006,266.775,-39.829,90.0,0,,251-136756,17470608-3949434,0,J174706.08-394943.3,5958098312363456384,0,0,STAR,tmgaia2,tmgaia2,,,,,,,,,17.428,0.29,16.991,0.057,,,,,,,,,,,8.531,0.029,7.496,0.042,7.004,0.023,AAA-111-111-000-0-0,6.664,0.077,6.622,0.022,5.623,0.016,4.576,0.025,13.5355,0.00875,11.962,0.011,gbprp,,,,,,,,,,,,,,,,,,,,,0,,,0,,,,,,,,,,,,,,,,,,,,,16.9728,0.041432,11.8901,0.026752,0,ucac4,bpbj,,0.13182177368,0.12097537985,266.77534653297,-39.82872429006,0.13182177368,0.12097537985,0,0,1333304526
1.898582,J174706.08-394943.3,266.7753594,-39.8287165,1534662629,266.77467267234,-39.82871481646,266.775,-39.829,90.0,0,,,,0,,5958098312363456256,0,0,STAR,gaia2,gaia2,-2.292,0.139,-8.421,0.116,gaia2,0.0476,0.0934,gaia2,,,,,,,,,,,,,,,,,,,,,,,,,,,,,,16.4807,0.001488,16.051,0.6,goffs,gaia2,,,,,,,,,,,,,,,,6748.01,2878.26,0.3909,0.0045,0,,,0,,0.0075,0.0014,schlegel,,,,,,,,,,,2164.94,3591.59,bj2018,,,,,0.0,,0.0,0,,,,2.2963759817,1.79879012616,266.77465982193,-39.82875107264,0.08395045629,0.07464920037,0,0,1334760620
0.049376,J174729.79-325431.4,266.8741574,-32.9087408,112866899,266.87414309242,-32.90873417935,266.874,-32.909,90.0,0,,,17472979-3254312,0,J174729.79-325431.4,4053985756346863488,0,0,STAR,tmgaia2,tmgaia2,,,,,,,,,19.054,0.162,,,,,,,,,,,,,10.186,0.023,8.557,0.018,7.732,0.023,AAA-211-111-000-0-0,7.255,0.027,7.351,0.019,6.267,0.016,5.379,0.04,16.997,0.006723,15.373,0.018,gbprp,,,,,,,,,,,,,,,,,,,,,0,,SPLIT,0,,,,,,,,,,,,,,,,,,,,,20.5639,0.163926,15.0924,0.045654,0,,bpbj,,0.2064572447,0.19406678391,266.87414309242,-32.90873417935,0.2064572447,0.19406678391,0,0,1334936634
0.898722,J174729.79-325431.4,266.8741574,-32.9087408,506266761,266.87387945087,-32.90882951937,266.874,-32.909,90.0,0,,,,0,,4053985756313183744,0,0,STAR,tmgaia2,tmgaia2,,,,,,,,,,,,,,,,,,,,,,,,,,,,,,,,,,,,,,19.5916,0.015553,19.162,0.6,goffs,,,,,,,,,,,,,,,,,,,,,0,,,112866899,,,,,,,,,,,,,,,,,,,,,,0.0,,0.0,0,,,,39.00595360917,37.17342211591,266.87387945087,-32.90882951937,39.00595360917,37.17342211591,0,0,1335199499
2.470091,J174729.79-325431.4,266.8741574,-32.9087408,1422147506,266.87463448044,-32.90818369973,266.875,-32.908,90.0,0,,,,0,,4053985751997441536,0,0,STAR,gaia2,gaia2,3.013,0.208,-5.527,0.168,gaia2,0.6738,0.1191,gaia2,,,17.922,0.058,,,,,,,,,,,,,,,,,,,,,,,,,,16.7446,0.007178,15.479,0.062,rered,gaia2,4216.0,136.0,,,,,3.364,,,,,,GIANT,,,1482.7,309.155,0.7585,0.1198,0,,,0,,0.1022,0.1374,schlegel,,,,,,,,,,,248.18,370.13,bj2018,,,dered,18.091,0.034281,15.5235,0.019798,1,gaia2,,,3.35906911009,2.61215893591,266.8746499313,-32.90820749495,0.10208807569,0.09495509146,0,0,1335521368
0.054937,J174731.29-343146.3,266.8803887,-34.5295498,112763523,266.88038070042,-34.52956356393,266.88,-34.53,90.0,0,,,17473130-3431462,0,J174731.29-343146.3,4041734924757607040,0,0,STAR,tmgaia2,tmgaia2,,,,,,,,,,,,,,,,,,,,,,,10.006,0.023,8.813,0.023,8.324,0.034,AAA-221-111-000-0-0,8.023,0.023,8.083,0.02,7.204,0.021,6.271,0.078,15.2738,0.011739,13.745,0.019,gbprp,,,,,,,,,,,,,,,,,,,,,0,,,0,,,,,,,,,,,,,,,,,,,,,18.2848,0.126789,13.5253,0.033789,0,,,,0.15029348257,0.1232583464,266.88038070042,-34.52956356393,0.15029348257,0.1232583464,0,0,1334928942
2.378776,J174731.29-343146.3,266.8803887,-34.5295498,1414128796,266.87959180783,-34.52962475088,266.88,-34.53,90.0,0,,,,0,,4041734924757660416,0,0,STAR,gaia2,gaia2,-4.437,0.751,-2.464,0.499,gaia2,-0.4814,0.5344,gaia2,,,19.978,0.099,,,,,,,,,,,,,,,,,,,,,,,,,,18.9348,0.005626,17.883,0.012,gbprp,gaia2,,,,,,,,,,,,,,,,5292.49,3292.08,0.8682,0.1279,0,,,0,,0.1826,0.0731,schlegel,,,,,,,,,,,2499.96,4084.21,bj2018,,,,19.0988,0.058298,16.6856,0.085417,0,gaia2,,,12.19015389339,7.74783085201,266.8795686184,-34.52963536028,0.4304783932,0.38141277952,0,0,1335435222
0.02591,J174731.44-172852.7,266.8810285,-17.4813139,420156216,266.88103353085,-17.48131926435,266.881,-17.481,90.0,0,,363-113694,17473144-1728526,0,J174731.44-172852.7,4120750748119727232,9227904,0,STAR,tmgaia2,tmgaia2,-2.419,0.247,-4.155,0.195,gaia2,-0.0478,0.1271,gaia2,16.582,0.184,16.518,1.133,,,,,,,,,,,9.11,0.026,8.054,0.036,7.573,0.018,AAA-211-111-000-0-0,7.342,0.03,7.259,0.02,6.635,0.016,6.023,0.058,13.4592,0.01537,11.74,0.019,rered,gaia2,,,,,,,,,,,,,,,,6848.75,2986.89,0.5374,0.0383,0,,,0,,0.0714,0.0053,panstarrs,,,,,,,,,,,2314.73,3659.05,bj2018,,,,16.3581,0.102622,11.9148,0.061083,1,ucac4,apassdr9,,3.88092719943,3.01865386013,266.88102260982,-17.48133715351,0.12554359189,0.11231997931,0,0,1335149222
1.925209,J174731.44-172852.7,266.8810285,-17.4813139,1471376100,266.88068441595,-17.48089166851,266.881,-17.481,90.0,0,,,,0,,4120750748119727104,0,0,STAR,gaia2,gaia2,4.914,0.208,-10.152,0.169,gaia2,1.1355,0.0942,gaia2,,,,,,,,,,,,,,,,,,,,,,,,,,,,,,16.3102,0.002778,15.88,0.6,goffs,gaia2,,,,,,,,,,,,,,,,867.658,73.3475,0.0261,0.0075,0,,,0,,0.0065,0.0084,panstarrs,,,,,,,,,,,67.287,79.408,bj2018,,,,,0.0,,0.0,0,,,,3.26854898529,2.62580596292,266.88070659756,-17.48093538023,0.10383622567,0.09453981287,0,0,1336078725
2.497394,J174731.44-172852.7,266.8810285,-17.4813139,1471375975,266.88062511417,-17.48189114506,266.881,-17.482,90.0,0,,,,0,,4120750748074643328,0,0,STAR,gaia2,gaia2,,,,,,,,,,,,,,,,,,,,,,,,,,,,,,,,,,,,,,18.513,0.013058,18.083,0.6,goffs,,,,,,,,,,,,,,,,,,,,,0,,,0,,,,,,,,,,,,,,,,,,,,,,0.0,,0.0,0,,,,1.91331048215,1.22701519533,266.88062511417,-17.48189114506,1.91331048215,1.22701519533,0,0,1336078600
0.131073,J174912.67-394415.5,267.3028056,-39.7376412,470218801,267.30284935,-39.73762727925,267.303,-39.738,90.0,0,,252-134891,17491268-3944153,0,J174912.67-394415.5,5958138371436408704,0,0,STAR,tmgaia2,tmgaia2,-7.392,0.133,-5.533,0.105,gaia2,0.0361,0.0808,gaia2,16.663,0.163,14.14,0.114,,,,,,,,,,,9.703,0.022,8.759,0.027,8.33,0.027,AAA-211-111-000-0-0,8.093,0.023,7.794,0.021,7.018,0.02,6.392,0.069,12.935,0.034288,11.58,0.035,rered,gaia2,3366.0,179.0,,,,,119.345,,,,,,GIANT,,,7389.07,2985.33,0.3283,0.002,0,,,0,,0.0034,0.0005,schlegel,,,,,,,,,,,2274.73,3695.93,bj2018,,,dered,14.8521,0.164462,11.6983,0.109904,1,ucac4,bpbj,,2.18919717828,1.63152396911,267.30280796424,-39.73765110056,0.07308453854,0.06383977141,0,0,1345237525
0.057729,J174949.38-333947.1,267.4557583,-33.6631004,444255342,267.4557391688,-33.66310229759,267.456,-33.663,90.0,0,,,17494938-3339470,0,J174949.38-333947.1,4041881198485583232,0,0,STAR,tmgaia2,tmgaia2,,,,,,,,,19.837,0.306,,,,,,,,,,,,,10.85,0.028,9.431,0.027,8.725,0.025,AAA-222-111-000-0-0,7.982,0.024,7.701,0.021,6.521,0.018,5.855,0.062,15.9127,0.051781,14.396,0.053,gbprp,,,,,,,,,,,,,,,,,,,,,0,,,0,,,,,,,,,,,,,,,,,,,,,18.4869,0.189169,13.8159,0.119434,0,,bpbj,,0.20944310781,0.23242460346,267.4557391688,-33.66310229759,0.20944310781,0.23242460346,0,0,1346904419
1.664727,J174949.38-333947.1,267.4557583,-33.6631004,1414764477,267.45522333471,-33.66297557467,267.455,-33.663,90.0,0,,,,0,,4041881194275081600,0,0,STAR,gaia2,gaia2,-2.118,0.234,-5.485,0.196,gaia2,-0.4502,0.1333,gaia2,,,,,,,,,,,,,,,,,,,,,,,,,,,,,,16.7244,0.001651,15.531,0.006,gbprp,gaia2,,,,,,,,,,,,,,,,10678.7,3983.21,1.0951,0.0195,0,,,0,,0.031,0.0081,schlegel,,,,,,,,,,,3287.82,4678.6,bj2018,,,,17.9035,0.053769,14.9626,0.051711,0,,,,3.78436569495,3.0392968808,267.45521238083,-33.66299919073,0.09914048411,0.10163658398,0,0,1347914487
1.8445,J174949.38-333947.1,267.4557583,-33.6631004,1414764421,267.456369551,-33.66303968803,267.456,-33.663,90.0,0,,,,0,,4041881194274911232,0,0,STAR,gaia2,gaia2,3.478,0.858,-4.669,0.694,gaia2,0.2474,0.5795,gaia2,,,,,,,,,,,,,,,,,,,,,,,,,,,,,,19.0334,0.004991,18.603,0.6,goffs,gaia2,,,,,,,,,,,,,,,,4451.83,3297.06,0.9543,0.2105,0,,,0,,0.2939,0.127,schlegel,,,,,,,,,,,2419.39,4174.73,bj2018,,,,,0.0,,0.0,0,,,,13.90683097282,10.76910041755,267.45638754122,-33.66305979102,0.41693708715,0.42984347658,0,0,1346714459
2.424887,J174949.38-333947.1,267.4557583,-33.6631004,1414764414,267.45638120451,-33.66267037958,267.456,-33.663,90.0,0,,,,0,,4041881194274891776,0,0,STAR,gaia2,gaia2,-1.457,0.44,-7.07,0.349,gaia2,2.4343,0.3063,gaia2,,,19.031,0.084,,,,,,,,,,,,,,,,,,,,,,,,,,18.2049,0.003826,17.237,0.016,gbprp,gaia2,,,,,,,,,,,,,,,,418.051,59.3525,0.1887,0.0243,0,,,0,,0.0212,0.0273,schlegel,,,,,,,,,,,51.156,67.549,bj2018,,,,18.5869,0.085433,16.4461,0.040858,0,gaia2,,,7.12888495417,5.42062160463,267.45637366913,-33.66270081853,0.22127276193,0.23274775638,1,0,1347195664
0.068062,J175013.92-353836.0,267.558041,-35.6433383,444567764,267.55801799498,-35.64333548456,267.558,-35.643,90.0,0,,,17501393-3538360,0,J175013.92-353836.0,4040670185298048896,0,0,STAR,tmgaia2,tmgaia2,,,,,,,,,,,,,,,,,,,,,,,9.589,0.023,8.434,0.026,7.966,0.024,AAA-211-111-000-0-0,7.667,0.024,7.8,0.02,6.651,0.016,5.688,0.047,14.8732,0.00781,13.339,0.011,gbprp,,,,,,,,,,,,,,,,,,,,,0,,,0,,,,,,,,,,,,,,,,,,,,,18.0089,0.068583,13.2128,0.027315,0,,,,0.23573814577,0.19299935817,267.55801799498,-35.64333548456,0.23573814577,0.19299935817,0,0,1348107072
0.164588,J175031.68-232626.8,267.6320095,-23.4407847,335420220,267.63198917767,-23.44082644412,267.632,-23.441,90.0,0,,,17503167-2326267,0,J175031.68-232626.8,4068654474069512960,0,0,STAR,tmgaia2,tmgaia2,,,,,,,,,19.356,0.369,,,,,,,,,,,,,10.104,0.022,8.744,0.053,8.027,0.04,AAA-211-111-000-0-0,7.705,0.027,7.694,0.021,6.698,0.017,5.8,0.047,16.3233,0.008437,14.706,0.016,gbprp,,,,,,,,,,,,,,,,,,,,,0,,,0,,,,,,,,,,,,,,,,,,,,,19.9037,0.117755,14.4792,0.022918,0,,bpbj,,0.17081309932,0.15351532644,267.63198917767,-23.44082644412,0.17081309932,0.15351532644,0,0,1350979909
2.436805,J175031.68-232626.8,267.6320095,-23.4407847,1445591595,267.63151015265,-23.44028641297,267.632,-23.44,90.0,0,,,,0,,4068654478404023936,0,0,STAR,gaia2,gaia2,1.444,0.951,0.364,0.879,gaia2,1.6876,0.6768,gaia2,,,,,,,,,,,,,,,,,,,,,,,,,,,,,,19.2657,0.014547,18.836,0.6,goffs,gaia2,,,,,,,,,,,,,,,,931.839,931.839,0.5326,0.3526,0,,,0,,0.0863,0.619,panstarrs,,,,,,,,,,,461.049,3929.83,bj2018,,,,,0.0,,0.0,0,,,,15.05798413592,13.62546316238,267.63151693079,-23.44028484474,0.44348693336,0.44414224052,0,0,1350366998
0.069011,J175035.63-325405.6,267.6484667,-32.9015733,444474093,267.64844823314,-32.90158457292,267.648,-32.902,90.0,0,,,17503564-3254055,0,J175035.63-325405.6,4043468584057708032,0,0,STAR,tmgaia2,tmgaia2,,,,,,,,,19.42,0.391,,,,,,,,,,,,,10.106,0.023,8.817,0.02,8.257,0.033,AAA-211-111-000-0-0,7.812,0.023,7.932,0.021,7.196,0.02,6.569,0.078,15.5305,0.008649,13.943,0.011,gbprp,,,,,,,,,,,,,,,,,,,,,0,,,0,,,,,,,,,,,,,,,,,,,,,18.9698,0.064312,13.7747,0.037153,0,,bpbj,,0.24364462091,0.19738881236,267.64844823314,-32.90158457292,0.24364462091,0.19738881236,0,0,1351237168
1.740498,J175035.63-325405.6,267.6484667,-32.9015733,1418040199,267.64836863929,-32.90204970968,267.648,-32.902,90.0,0,,,,0,,4043468584000253056,0,0,STAR,gaia2,gaia2,,,,,,,,,,,,,,,,,,,,,,,,,,,,,,,,,,,,,,20.2402,0.019067,19.81,0.6,goffs,,,,,,,,,,,,,,,,,,,,,0,,,0,,,,,,,,,,,,,,,,,,,,,,0.0,,0.0,0,,,,11.88842586394,9.30125799589,267.64836863929,-32.90204970968,11.88842586394,9.30125799589,0,0,1351536685
2.426776,J175035.63-325405.6,267.6484667,-32.9015733,1418040167,267.6488359236,-32.90097470591,267.649,-32.901,90.0,0,,,,0,,4043468579760034816,0,0,STAR,gaia2,gaia2,3.841,1.139,-6.122,0.928,gaia2,-2.5028,0.7431,gaia2,,,,,,,,,,,,,,,,,,,,,,,,,,,,,,19.7005,0.009535,19.271,0.6,goffs,gaia2,,,,,,,,,,,,,,,,6356.68,3619.74,1.096,0.1298,0,,,0,,0.1879,0.0717,schlegel,,,,,,,,,,,2814.66,4424.82,bj2018,,,,,0.0,,0.0,0,,,,18.4119901302,14.38803104116,267.64885562137,-32.9010010631,0.65508563472,0.55749027706,0,0,1350813633
0.082497,J175043.69-253524.1,267.6820832,-25.5900506,129495741,267.68208679172,-25.59002791427,267.682,-25.59,90.0,0,,,17504370-2535239,0,J175043.69-253524.1,4067019745085589504,0,0,STAR,tmgaia2,tmgaia2,,,,,,,,,18.796,0.219,,,,,,,,,,,,,10.487,0.023,8.679,0.038,7.687,0.029,AAA-211-111-000-0-0,7.27,0.029,7.181,0.019,6.148,0.018,5.164,0.061,17.9548,0.00809,13.982,0.27,bpjk,,,,,,,,,,,,,,,,,,,,,0,,,0,,,,,,,,,,,,,,,,,,,,,,0.0,,0.0,0,,bpbj,,0.87103319663,0.69116905394,267.68208679172,-25.59002791427,0.87103319663,0.69116905394,0,0,1350253781
1.777978,J175043.69-253524.1,267.6820832,-25.5900506,1441553348,267.68261972501,-25.59014941864,267.683,-25.59,90.0,0,,,,0,,4067019745100891392,0,0,STAR,gaia2,gaia2,-0.077,0.152,-1.402,0.123,gaia2,0.2707,0.0694,gaia2,,,17.508,0.064,,,,,,,,,,,,,,,,,,,,,,,,,,16.4795,0.013573,15.35,0.418,rered,gaia2,,,,,,,,,,,,,,,,3401.4,949.195,2.0494,0.4647,0,,,0,,0.3733,0.5561,schlegel,,,,,,,,,,,717.51,1180.88,bj2018,,,,17.6326,0.025518,15.2363,0.044506,1,gaia2,,,2.41752876051,1.90748842339,267.68261935827,-25.59015545421,0.07417884531,0.06329484588,0,0,1351803177
0.135802,J175059.60-254042.5,267.7483417,-25.6784995,129745231,267.74837945365,-25.67851578837,267.748,-25.679,90.0,0,,,17505961-2540426,0,J175059.60-254042.5,4067015381414024832,0,0,STAR,tmgaia2,tmgaia2,,,,,,,,,19.432,0.271,,,,,,,,,,,,,10.659,0.028,8.826,0.025,7.974,0.026,AAA-221-111-000-0-0,7.312,0.039,7.142,0.022,6.459,0.021,5.743,0.064,17.5669,0.01443,14.497,0.295,bpjk,,,,,,,,,,,,,,,,,,,,,0,,,0,,,,,,,,,,,,,,,,,,,,,21.9068,0.361697,15.5625,0.047661,0,,bpbj,,0.28067839552,0.25247941048,267.74837945365,-25.67851578837,0.28067839552,0.25247941048,0,0,1352928499
2.178701,J175059.60-254042.5,267.7483417,-25.6784995,1441547406,267.74781885342,-25.67811973548,267.748,-25.678,90.0,0,,,,0,,4067015381398363648,0,0,STAR,gaia2,gaia2,1.27,1.346,-0.549,1.216,gaia2,-1.0306,0.5133,gaia2,,,,,,,,,,,,,,,,,,,,,,,,,,,,,,19.6075,0.006119,19.177,0.6,goffs,gaia2,,,,,,,,,,,,,,,,5731.13,3206.39,2.7775,1.1197,0,,,0,,1.0272,1.2121,schlegel,,,,,,,,,,,2484.84,3927.93,bj2018,,,,,0.0,,0.0,0,,,,21.39724544634,18.84976472597,267.74782492161,-25.67812209845,0.47320989437,0.40724469443,0,0,1352049971
0.30462,J175127.53-384747.1,267.8647491,-38.7964293,368467473,267.86476411331,-38.79634549624,267.865,-38.796,90.0,0,,,17512755-3847469,0,J175127.53-384747.1,4036666867653778560,0,0,STAR,tmgaia2,tmgaia2,0.221,4.058,-23.75,4.058,hsoy,,,,,,,,,,,,,,,,,,8.775,0.023,7.318,0.042,6.5,0.027,AAA-111-111-000-0-0,6.2,0.095,5.42,0.052,3.288,0.012,2.202,0.015,16.7854,0.085625,15.223,0.086,gbprp,,,,,,,,,,,,,,GIANT,,,,,,,0,,,0,,,,,,,,,,,,,,,,,,,,,19.8316,0.237745,14.8265,0.261357,0,,,,66.69227065489,62.89974501197,267.86476533263,-38.79644775146,0.20157865808,0.18768400166,0,0,1354948138
0.019502,J175152.43-332545.8,267.9684906,-33.4294077,444880446,267.96848550212,-33.42941105322,267.968,-33.429,90.0,0,,,17515243-3325457,0,J175152.43-332545.8,4043388766355694592,0,0,STAR,tmgaia2,tmgaia2,,,,,,,,,19.324,0.358,,,,,,,,,,,,,10.108,0.022,8.929,0.021,8.435,0.019,AAA-222-111-000-0-0,8.217,0.023,8.234,0.021,7.361,0.021,6.323,0.081,14.9239,0.006219,13.393,0.009,gbprp,,,,,,,,,,,,,,,,,,,,,0,,,0,,,,,,,,,,,,,,,,,,,,,18.079,0.052071,13.3064,0.023124,0,,bpbj,,0.19092715868,0.15377401632,267.96848550212,-33.42941105322,0.19092715868,0.15377401632,0,0,1356743500
1.597575,J175152.43-332545.8,267.9684906,-33.4294077,1417701743,267.96872372733,-33.42900885311,267.969,-33.429,90.0,0,,,,0,,4043388762047895680,0,0,STAR,gaia2,gaia2,2.005,0.75,-1.547,0.605,gaia2,1.3529,0.5962,gaia2,,,,,,,,,,,,,,,,,,,,,,,,,,,,,,18.5864,0.005289,18.156,0.6,goffs,gaia2,,,,,,,,,,,,,,,,1520.51,1520.51,0.5241,0.3469,0,,,0,,0.256,0.4379,schlegel,,,,,,,,,,,879.819,4890.68,bj2018,,,,,0.0,,0.0,0,,,,12.14518974055,9.3919567726,267.96873407074,-33.4290155135,0.39100606246,0.36457776059,0,0,1357309176
0.043377,J175239.50-311131.9,268.1646004,-31.1922053,445171849,268.16458818176,-31.19221129508,268.165,-31.192,90.0,0,,,17523951-3111318,0,J175239.50-311131.9,4055699856293016448,0,0,STAR,tmgaia2,tmgaia2,,,,,,,,,,,,,,,,,,,,,,,9.732,0.023,8.402,0.034,7.811,0.031,AAA-211-111-000-0-0,7.544,0.027,7.54,0.022,6.473,0.018,5.525,0.039,15.5747,0.013372,13.95,0.021,gbprp,,,,,,,,,,,,,,,,,,,,,0,,,0,,,,,,,,,,,,,,,,,,,,,19.2177,0.151848,13.7391,0.035522,0,,,,0.26051178804,0.283040541,268.16458818176,-31.19221129508,0.26051178804,0.283040541,0,0,1361110555
0.073268,J175243.17-293342.8,268.1798794,-29.5619053,131266542,268.17985761372,-29.56189787677,268.18,-29.562,90.0,0,,,17524317-2933427,0,J175243.17-293342.8,4056548477465560448,0,0,STAR,tmgaia2,tmgaia2,,,,,,,,,,,,,,,,,,,,,,,10.014,0.03,8.592,0.029,7.861,0.031,AAA-211-111-sss-0-0,7.348,0.03,7.381,0.02,6.334,0.017,5.608,0.05,16.3309,0.010362,14.825,0.013,gbprp,,,,,,,,,,,,,,,,,,,,,0,,,0,,,,,,,,,,,,,,,,,,,,,19.0024,0.069895,14.4049,0.036914,0,,,,0.37784856259,0.33234942833,268.17985761372,-29.56189787677,0.37784856259,0.33234942833,0,0,1361077929
1.277401,J175243.17-293342.8,268.1798794,-29.5619053,1426358745,268.1800439182,-29.56222999804,268.18,-29.562,90.0,0,,,,0,,4056548473163486208,0,0,STAR,gaia2,gaia2,,,,,,,,,,,,,,,,,,,,,,,,,,,,,,,,,,,,,,19.0998,0.011696,18.67,0.6,goffs,,,,,,,,,,,,,,,,,,,,,0,,,0,,,,,,,,,,,,,,,,,,,,,,0.0,,0.0,0,,,,14.41152946716,10.79492550769,268.1800439182,-29.56222999804,14.41152946716,10.79492550769,0,0,1361447849
2.299816,J175243.17-293342.8,268.1798794,-29.5619053,1426358758,268.18060940327,-29.56183514371,268.181,-29.562,90.0,0,,,,0,,4056548473163533696,0,0,STAR,gaia2,gaia2,,,,,,,,,,,,,,,,,,,,,,,,,,,,,,,,,,,,,,19.1876,0.013268,18.758,0.6,goffs,,,,,,,,,,,,,,,,,,,,,0,,,0,,,,,,,,,,,,,,,,,,,,,,0.0,,0.0,0,,,,4.18744088984,4.54493680873,268.18060940327,-29.56183514371,4.18744088984,4.54493680873,0,0,1360934844
0.061207,J175249.99-330419.2,268.2083079,-33.0720216,1417857593,268.20831046234,-33.07200473413,268.208,-33.072,90.0,0,,,,0,,4043424534856388096,0,0,STAR,gaia2,gaia2,-1.142,0.094,-5.083,0.078,gaia2,0.0856,0.0525,gaia2,,,15.28,0.054,,,,,,,,,,,,,,,,,,,,,,,,,,14.7537,0.005501,13.943,0.008,gbprp,gaia2,,,,,,,,,,,,,,,,7286.14,2572.36,0.9268,0.0331,0,,DUPLICATE,255937109,,0.0437,0.0225,schlegel,,,,,,,,,,,1927.57,3217.16,bj2018,,,,15.4324,0.03094,13.7381,0.033872,0,gaia2,,,1.52203053998,1.21150487031,268.20830459307,-33.07202661807,0.0479116641,0.0467054673,0,0,1362950038
0.061207,J175249.99-330419.2,268.2083079,-33.0720216,255937109,268.20831046234,-33.07200473413,268.208,-33.072,90.0,0,,285-138037,17524995-3304190,0,J175249.99-330419.2,4043424534856388096,16981121,0,STAR,gaia2,gaia2,-1.142,0.094,-5.083,0.078,gaia2,0.0856,0.0525,gaia2,16.379,0.142,15.285,0.206,,,,,,,,,,,12.111,0.04,11.166,0.035,10.133,0.026,AAA-222-111-000-0-0,8.101,0.023,6.871,0.021,4.189,0.013,2.708,0.013,14.7537,0.005501,13.943,0.008,gbprp,gaia2,,,,,,,,,,,,,,,,7286.14,2572.36,0.9268,0.0331,0,,SPLIT,0,,0.0437,0.0225,schlegel,,,,,,,,,,,1927.57,3217.16,bj2018,,,,15.4324,0.03094,13.7381,0.033872,0,ucac4,apassdr9,,1.52203053998,1.21150487031,268.20830459307,-33.07202661807,0.0479116641,0.0467054673,0,0,1362129943
1.651563,J175249.99-330419.2,268.2083079,-33.0720216,1417857476,268.20777864416,-33.07190426527,268.208,-33.072,90.0,0,,,,0,,4043424530588528128,0,0,STAR,gaia2,gaia2,-2.774,0.222,-6.763,0.189,gaia2,0.0479,0.122,gaia2,,,,,,,,,,,,,,,,,,,,,,,,,,,,,,16.2169,0.002263,15.787,0.6,goffs,gaia2,,,,,,,,,,,,,,,,6506.44,3217.6,0.9143,0.062,0,,,255937109,,0.0883,0.0358,schlegel,,,,,,,,,,,2363.35,4071.86,bj2018,,,,,0.0,,0.0,0,,,,3.58676305129,2.93779010673,268.20776438967,-33.071933384,0.11266232132,0.10746232945,0,0,1363957750
0.06251,J175334.44-380500.7,268.3935195,-38.0835338,246216855,268.39352265871,-38.08351661495,268.393,-38.084,90.0,0,7886-02958-1,260-140814,17533445-3805007,0,J175334.44-380500.7,4036852822616282240,0,0,STAR,tmgaia2,tmgaia2,-4.612,0.074,-4.006,0.059,gaia2,0.0748,0.0387,gaia2,11.543,0.119,10.546,0.01,,,,,,,,,,,8.631,0.02,8.072,0.027,7.613,0.016,AAA-111-111-c00-0-0,7.187,0.029,6.699,0.022,5.136,0.015,3.953,0.024,10.4304,0.005948,9.779,0.009,rered,gaia2,5857.0,153.0,,,,,86.175,,,,,,GIANT,,,8069.64,2342.57,0.3535,0.0009,0,,,0,,0.0014,0.0003,schlegel,,,,,,,,,,,1831.48,2853.66,bj2018,,,dered,10.9747,0.011138,9.71652,0.025879,1,tycho2v3,tycho2b3,,1.22173539717,0.92269136476,268.39349743319,-38.08353386369,0.03673897199,0.03329776326,0,0,1365144629
0.122151,J175344.01-342332.4,268.4334041,-34.3923408,257261653,268.43343917493,-34.39235850817,268.433,-34.392,90.0,0,,279-135246,17534402-3423325,0,J175344.01-342332.4,4041602472235016576,0,0,STAR,tmgaia2,tmgaia2,-3.766,0.232,-6.1,0.174,gaia2,0.6833,0.1557,gaia2,,,16.724,0.297,,,,,,,,,,,8.975,0.037,7.952,0.036,7.521,0.018,AAA-111-111-000-0-0,7.222,0.035,7.059,0.021,6.349,0.015,5.759,0.046,13.4099,0.014942,11.811,0.021,rered,gaia2,,,,,,,,,,,,,,,,1507.43,496.59,0.3142,0.0593,0,,,0,,0.05,0.0686,schlegel,,,,,,,,,,,349.7,643.48,bj2018,,,,16.2035,0.069179,11.9049,0.052407,1,ucac4,,,3.77274083009,2.69494909799,268.4334195247,-34.39238477021,0.13184352457,0.12042793163,0,0,1367135378
1.972908,J175344.01-342332.4,268.4334041,-34.3923408,1413588994,268.43274936349,-34.39224897157,268.433,-34.392,90.0,0,,,,0,,4041602472235017088,0,0,STAR,gaia2,gaia2,,,,,,,,,,,,,,,,,,,,,,,,,,,,,,,,,,,,,,18.8811,0.008136,18.451,0.6,goffs,,,,,,,,,,,,,,,,,,,,,0,,,0,,,,,,,,,,,,,,,,,,,,,,0.0,,0.0,0,,,,2.13932413177,1.58440500881,268.43274936349,-34.39224897157,2.13932413177,1.58440500881,0,0,1366936690
0.204799,J175411.45-241800.7,268.5477343,-24.3002141,132942686,268.54776045404,-24.30016244606,268.548,-24.3,90.0,0,,,17541145-2418006,0,J175411.45-241800.7,4067756074307401088,0,0,STAR,tmgaia2,tmgaia2,-4.636,1.285,-9.777,1.176,gaia2,0.618,0.8103,gaia2,20.604,0.329,,,,,,,,,,,,,11.506,0.028,9.331,0.026,8.3,0.026,AAA-222-111-000-0-0,7.686,0.027,7.582,0.021,6.51,0.023,5.462,0.049,19.4458,0.009058,16.09,0.347,bpjk,gaia2,,,,,,,,,,,,,,,,3497.02,2724.11,1.9215,1.17,0,,,0,,1.0163,1.3236,schlegel,,,,,,,,,,,2004.56,3443.67,bj2018,,,,,0.0,,0.0,0,,bpbj,,20.37785290647,18.23500229591,268.54773855254,-24.30020454155,0.64660874028,0.54302699255,0,0,1369334457
0.855507,J175411.45-241800.7,268.5477343,-24.3002141,1442634499,268.54768104376,-24.30044673121,268.548,-24.3,90.0,0,,,,0,,4067756074274235392,0,0,STAR,gaia2,gaia2,0.925,0.542,2.474,0.472,gaia2,0.3547,0.3524,gaia2,,,,,,,,,,,,,,,,,,,,,,,,,,,,,,19.0137,0.009688,17.699,0.025,gbprp,gaia2,,,,,,,,,,,,,,,,3394.42,2521.63,1.8742,1.0781,0,,,0,,0.8429,1.3133,schlegel,,,,,,,,,,,1674.31,3368.95,bj2018,,,,20.4103,0.133103,16.9288,0.024271,0,,,,8.59649235876,7.32769853939,268.54768541188,-24.30043607892,0.29915542999,0.24658315486,0,0,1369960066
0.321471,J175440.48-232648.9,268.6687064,-23.4469375,223600404,268.66871184348,-23.44684834216,268.669,-23.447,90.0,0,,,17544048-2326488,0,J175440.48-232648.9,4067871729194393856,11834129,0,STAR,tmgaia2,tmgaia2,-5.932,2.124,-10.603,2.124,hsoy,,,,14.487,0.046,13.308,0.055,,,,,,,,,,,10.477,0.057,8.992,0.044,8.151,0.024,EEA-221-111-cd0-0-0,7.638,0.025,7.715,0.022,7.162,0.026,6.455,0.07,16.8283,0.00639,15.62,0.009,gbprp,,,,,,,,,,,,,,,,,,,,,0,,,0,,,,,,,,,,,,,,,,,,,,,17.9221,0.070288,14.9235,0.06538,0,apassdr9,apassdr9,,33.62099957036,32.91929211255,268.66868400638,-23.44689399483,0.25921138419,0.23755071437,0,0,1370833464
0.118861,J175505.53-343338.5,268.7730458,-34.5606946,258567451,268.7730482253,-34.56072755649,268.773,-34.561,90.0,0,,,17550553-3433384,0,J175505.53-343338.5,4040835077535794560,0,0,STAR,tmgaia2,tmgaia2,,,,,,,,,,,,,,,,,,,,,,,9.617,0.022,8.487,0.042,7.993,0.021,AAA-211-111-000-0-0,7.768,0.026,7.911,0.02,7.288,0.019,6.601,0.062,14.4582,0.007166,12.945,0.011,gbprp,,,,,,,,,,,,,,,,,,,,,0,,,0,,,,,,,,,,,,,,,,,,,,,17.5052,0.065821,12.8555,0.023695,0,,,,0.12212883095,0.11888809424,268.7730482253,-34.56072755649,0.12212883095,0.11888809424,0,0,1372079655
0.053886,J175514.06-324915.6,268.8085899,-32.8210206,258419325,268.80857257611,-32.82102407898,268.809,-32.821,90.0,0,,,17551406-3249155,0,J175514.06-324915.6,4043338631149188096,0,0,STAR,tmgaia2,tmgaia2,,,,,,,,,18.39,0.26,,,,,,,,,,,,,9.697,0.021,8.52,0.053,7.887,0.026,AAA-211-111-000-0-0,7.531,0.026,7.629,0.022,6.405,0.016,5.549,0.048,15.2798,0.007246,13.792,0.024,gbprp,,,,,,,,,,,,,,,,,,,,,0,,,0,,,,,,,,,,,,,,,,,,,,,17.9956,0.16488,13.5176,0.016433,0,,bpbj,,0.32798087613,0.28576586064,268.80857257611,-32.82102407898,0.32798087613,0.28576586064,0,0,1375476253
0.026115,J175516.43-324349.7,268.8184733,-32.7304886,258898810,268.81846539295,-32.73049149501,268.818,-32.73,90.0,0,,,17551643-3243497,0,J175516.43-324349.7,4043342449449847936,0,0,STAR,tmgaia2,tmgaia2,,,,,,,,,18.367,0.335,,,,,,,,,,,,,9.241,0.027,7.961,0.053,7.332,0.024,AAA-111-111-000-0-0,7.06,0.049,7.056,0.021,5.858,0.015,4.917,0.031,15.0851,0.01205,13.506,0.016,gbprp,,,,,,,,,,,,,,,,,,,,,0,,,0,,,,,,,,,,,,,,,,,,,,,18.4528,0.112856,13.3252,0.04217,0,,bpbj,,0.25137976111,0.22155374089,268.81846539295,-32.73049149501,0.25137976111,0.22155374089,0,0,1375479819
0.051592,J175527.00-301351.1,268.8625071,-30.2308729,259209186,268.86252293247,-30.23087717304,268.863,-30.231,90.0,0,,,17552700-3013509,0,J175527.00-301351.1,4056270026128751872,0,0,STAR,tmgaia2,tmgaia2,,,,,,,,,18.125,0.213,,,,,,,,,,,,,9.887,0.024,8.717,0.067,8.096,0.04,AAA-211-111-000-0-0,7.803,0.025,7.982,0.022,7.258,0.023,6.748,0.102,15.5511,0.005654,14.142,0.012,gbprp,,,,,,,,,,,,,,,,,,,,,0,,,0,,,,,,,,,,,,,,,,,,,,,17.6533,0.067895,13.6706,0.014863,0,,bpbj,,0.16949627323,0.14196673829,268.86252293247,-30.23087717304,0.16949627323,0.14196673829,0,0,1375482764
1.162043,J175527.00-301351.1,268.8625071,-30.2308729,1425190548,268.86244061159,-30.23055526326,268.862,-30.231,90.0,0,,,,0,,4056270021765068032,0,0,STAR,gaia2,gaia2,-4.458,0.521,-3.854,0.49,gaia2,-0.4573,0.5063,gaia2,,,,,,,,,,,,,,,,,,,,,,,,,,,,,,17.3184,0.004757,16.888,0.6,goffs,gaia2,,,,,,,,,,,,,,,,5730.37,3584.8,0.8435,0.1568,0,,,0,,0.2094,0.1042,schlegel,,,,,,,,,,,2721.57,4448.03,bj2018,,,,,0.0,,0.0,0,,,,8.37284763498,7.60685005003,268.86241839485,-30.2305718548,0.34686217611,0.37020022006,0,0,1374114103
1.647618,J175527.00-301351.1,268.8625071,-30.2308729,1425190636,268.8628747727,-30.23054343302,268.863,-30.231,90.0,0,,,,0,,4056270021905929088,0,0,STAR,gaia2,gaia2,,,,,,,,,,,,,,,,,,,,,,,,,,,,,,,,,,,,,,19.4334,0.026158,19.003,0.6,goffs,,,,,,,,,,,,,,,,,,,,,0,,,0,,,,,,,,,,,,,,,,,,,,,,0.0,,0.0,0,,,,3.13789544845,2.82484488072,268.8628747727,-30.23054343302,3.13789544845,2.82484488072,0,0,1375804913
2.255168,J175527.00-301351.1,268.8625071,-30.2308729,1425190634,268.86217407804,-30.23142934601,268.862,-30.231,90.0,0,,,,0,,4056270021905927680,0,0,STAR,gaia2,gaia2,,,,,,,,,,,,,,,,,,,,,,,,,,,,,,,,,,,,,,19.7498,0.018976,19.32,0.6,goffs,,,,,,,,,,,,,,,,,,,,,0,,,0,,,,,,,,,,,,,,,,,,,,,,0.0,,0.0,0,,,,13.38184791081,14.10841324548,268.86217407804,-30.23142934601,13.38184791081,14.10841324548,0,0,1374114114
2.441575,J175527.00-301351.1,268.8625071,-30.2308729,1425190646,268.86180811436,-30.23118152682,268.862,-30.231,90.0,0,,,,0,,4056270021906036224,0,0,STAR,gaia2,gaia2,,,,,,,,,,,,,,,,,,,,,,,,,,,,,,,,,,,,,,19.7392,0.016434,19.309,0.6,goffs,,,,,,,,,,,,,,,,,,,,,0,,,0,,,,,,,,,,,,,,,,,,,,,,0.0,,0.0,0,,,,3.46890037526,2.2685019123,268.86180811436,-30.23118152682,3.46890037526,2.2685019123,0,0,1374114116
0.108566,J175529.65-322425.8,268.873568,-32.4071772,259044405,268.87353433309,-32.40716712244,268.874,-32.407,90.0,0,,,17552965-3224257,0,J175529.65-322425.8,4043541564105332096,0,0,STAR,tmgaia2,tmgaia2,,,,,,,,,18.893,0.611,,,,,,,,,,,,,9.467,0.024,8.152,0.069,7.53,0.018,AAA-211-111-000-0-0,7.224,0.035,7.394,0.019,6.386,0.016,5.608,0.042,15.2683,0.00824,13.694,0.014,gbprp,,,,,,,,,,,,,,,,,,,,,0,,,0,,,,,,,,,,,,,,,,,,,,,18.6494,0.104944,13.5543,0.028857,0,,bpbj,,0.2216482484,0.19144526589,268.87353433309,-32.40716712244,0.2216482484,0.19144526589,0,0,1374030749
2.019467,J175529.65-322425.8,268.873568,-32.4071772,1418308812,268.87376459831,-32.40664135482,268.874,-32.407,90.0,0,,,,0,,4043541559801589888,0,0,STAR,gaia2,gaia2,-1.333,0.424,-3.845,0.337,gaia2,0.2701,0.167,gaia2,,,,,,,,,,,,,,,,,,,,,,,,,,,,,,18.1981,0.002354,17.768,0.6,goffs,gaia2,,,,,,,,,,,,,,,,3862.11,2628.44,0.8854,0.1521,0,,,0,,0.1792,0.1251,schlegel,,,,,,,,,,,1575.4,3681.48,bj2018,,,,,0.0,,0.0,0,,,,6.85220185063,5.22766828636,268.87375779803,-32.40665791119,0.21700974496,0.18961089629,0,0,1374821122
0.516334,J175545.15-284117.7,268.9381489,-28.6882742,1439468365,268.93811277946,-28.68841408214,268.938,-28.688,90.0,0,,,,0,,4062607026986315648,0,0,STAR,gaia2,gaia2,-4.744,0.342,-11.341,0.282,gaia2,0.1502,0.2083,gaia2,,,,,,,,,,,,,,,,,,,,,,,,,,,,,,15.4276,0.004395,13.931,0.019,gbprp,gaia2,,,,,,,,,,,,,,,,4878.56,3069.27,0.8715,0.2448,0,,,134489107,,0.2566,0.233,schlegel,,,,,,,,,,,2124.24,4014.3,bj2018,,,,17.656,0.160708,13.1214,0.04262,0,,,,5.47928707701,4.37953200693,268.93808949503,-28.68846291315,0.17504096834,0.1582215245,0,0,1377502916
0.693613,J175545.15-284117.7,268.9381489,-28.6882742,1439468444,268.93813573452,-28.68808187629,268.938,-28.688,90.0,0,,,,0,,4062607027055185280,0,0,STAR,gaia2,gaia2,-0.384,0.331,-9.088,0.272,gaia2,-0.1233,0.2009,gaia2,,,,,,,,,,,,,,,,,,,,,,,,,,,,,,15.4125,0.00925,13.896,0.013,gbprp,gaia2,,,,,,,,,,,,,,,,6680.39,3438.9,1.0048,0.1857,0,,DUPLICATE,134489107,,0.2176,0.1538,schlegel,,,,,,,,,,,2630.19,4247.61,bj2018,,,,17.8938,0.09298,13.2229,0.041084,0,,,,5.30204111653,4.21195927007,268.93813385049,-28.68812100419,0.17046986884,0.15341155334,0,0,1377263009
0.693613,J175545.15-284117.7,268.9381489,-28.6882742,134489107,268.93813573452,-28.68808187629,268.938,-28.688,90.0,0,,,17554515-2841178,0,J175545.15-284117.7,4062607027055185280,0,0,STAR,gaia2,gaia2,-0.384,0.331,-9.088,0.272,gaia2,-0.1233,0.2009,gaia2,18.645,0.652,,,,,,,,,,,,,9.282,0.023,8.024,0.033,7.444,0.017,AAA-211-111-sss-0-0,7.142,0.033,7.285,0.023,6.662,0.018,6.056,0.07,15.4125,0.00925,13.896,0.013,gbprp,gaia2,,,,,,,,,,,,,,,,6680.39,3438.9,1.0048,0.1857,0,,SPLIT,0,,0.2176,0.1538,schlegel,,,,,,,,,,,2630.19,4247.61,bj2018,,,,17.8938,0.09298,13.2229,0.041084,0,,bpbj,,5.30204111653,4.21195927007,268.93813385049,-28.68812100419,0.17046986884,0.15341155334,0,0,1375940906
2.245739,J175545.15-284117.7,268.9381489,-28.6882742,1439468378,268.93747658217,-28.68807098248,268.937,-28.688,90.0,0,,,,0,,4062607026986337152,0,0,STAR,gaia2,gaia2,-18.929,1.09,-16.264,0.958,gaia2,6.0188,0.612,gaia2,,,,,,,,,,,,,,,,,,,,,,,,,,,,,,18.7721,0.020427,18.342,0.6,goffs,gaia2,,,,,,,,,,,,,,,,168.745,18.5185,0.0509,0.0055,0,,,134489107,,0.0049,0.006,schlegel,,,,,,,,,,,16.531,20.506,bj2018,,,,,0.0,,0.0,0,,,,17.44967474026,14.85395447452,268.93738367943,-28.68814100936,0.47673647385,0.43161083209,0,0,1377743939
2.40563,J175545.15-284117.7,268.9381489,-28.6882742,1439468514,268.93832415732,-28.68762389632,268.938,-28.688,90.0,0,,,,0,,4062607061346069376,0,0,STAR,gaia2,gaia2,,,,,,,,,,,,,,,,,,,,,,,,,,,,,,,,,,,,,,19.3531,0.015537,18.923,0.6,goffs,,,,,,,,,,,,,,,,,,,,,0,,,134489107,,,,,,,,,,,,,,,,,,,,,,0.0,,0.0,0,,,,1.53496974328,1.14935408272,268.93832415732,-28.68762389632,1.53496974328,1.14935408272,0,0,1377502931
2.453637,J175545.15-284117.7,268.9381489,-28.6882742,1439468362,268.93811614348,-28.68895515973,268.938,-28.689,90.0,0,,,,0,,4062607026986307840,0,0,STAR,gaia2,gaia2,-2.391,0.323,-1.808,0.273,gaia2,0.5446,0.2039,gaia2,,,,,,,,,,,,,,,,,,,,,,,,,,,,,,17.8422,0.00334,17.412,0.6,goffs,gaia2,,,,,,,,,,,,,,,,2088.59,1698.36,0.5023,0.2566,0,,,134489107,,0.162,0.3511,schlegel,,,,,,,,,,,798.53,2598.2,bj2018,,,,,0.0,,0.0,0,,,,5.16614996704,4.23465826227,268.93810440856,-28.68896294602,0.16049911139,0.14524914616,0,0,1376299755
0.035018,J175624.26-322832.7,269.1010988,-32.4757638,260249582,269.10109746176,-32.47577346159,269.101,-32.476,90.0,0,,,17562427-3228327,0,J175624.26-322832.7,4043372475669631232,0,0,STAR,tmgaia2,tmgaia2,,,,,,,,,16.471,0.162,,,,,,,,,,,,,9.763,0.026,8.557,0.053,7.99,0.029,AAA-211-111-000-0-0,7.727,0.025,7.952,0.02,7.225,0.019,6.726,0.085,15.1342,0.009724,13.587,0.012,gbprp,,,,,,,,,,,,,,,,,,,,,0,,,0,,,,,,,,,,,,,,,,,,,,,18.3516,0.038034,13.4644,0.032045,0,,bpbj,,0.19050821984,0.17332049513,269.10109746176,-32.47577346159,0.19050821984,0.17332049513,0,0,1379801596
2.450127,J175624.26-322832.7,269.1010988,-32.4757638,1417637644,269.10086372692,-32.47641485788,269.101,-32.476,90.0,0,,,,0,,4043372475517738496,0,0,STAR,gaia2,gaia2,-2.157,0.392,-10.435,0.334,gaia2,-0.4572,0.1908,gaia2,,,18.788,0.082,,,,,,,,,,,,,,,,,,,,,,,,,,18.1227,0.018559,17.232,0.021,gbprp,gaia2,,,,,,,,,,,,,,,,8784.46,3921.21,0.9195,0.0228,0,,,0,,0.0375,0.0081,schlegel,,,,,,,,,,,3134.77,4707.64,bj2018,,,,18.5814,0.056691,16.6677,0.079568,0,gaia2,,,6.33370166177,5.17548294055,269.10085272061,-32.47645978765,0.21992864867,0.19583539518,1,0,1380349359
0.103284,J175632.21-262043.9,269.1342238,-26.3455372,135000915,269.1342235463,-26.34550851077,269.134,-26.346,90.0,0,,,17563221-2620438,0,J175632.21-262043.9,4064236468834673408,0,0,STAR,tmgaia2,tmgaia2,0.076,2.123,-8.294,1.945,gaia2,0.8837,1.0021,gaia2,18.938,0.169,,,,,,,,,,,,,11.653,0.024,9.381,0.025,8.259,0.021,AAA-222-112-00c-0-0,7.645,0.029,7.571,0.022,6.371,0.025,5.165,0.044,20.0784,0.017036,14.806,0.245,bpjk,gaia2,,,,,,,,,,,,,,,,3794.46,3028.68,3.0497,1.8593,0,,,0,,1.6713,2.0473,schlegel,,,,,,,,,,,2263.19,3794.16,bj2018,,,,,0.0,,0.0,0,,bpbj,,33.81162756037,30.15765672602,269.1342239131,-26.34554421985,0.95657695092,0.85673410056,0,0,1380982406
0.230048,J175701.29-282156.8,269.2553882,-28.3657831,135387367,269.25533879733,-28.36582993781,269.255,-28.366,90.0,0,,,17570129-2821568,0,J175701.29-282156.8,4062642005224002688,0,0,STAR,tmgaia2,tmgaia2,,,,,,,,,,,,,,,,,,,,,,,10.711,0.021,9.368,0.021,8.772,0.02,AAA-222-111-000-0-0,8.443,0.025,8.36,0.024,7.296,0.025,6.17,0.084,15.5634,0.011031,13.997,0.014,gbprp,,,,,,,,,,,,,,,,,,,,,0,,,0,,,,,,,,,,,,,,,,,,,,,18.9195,0.079446,13.8864,0.025874,0,,,,0.17133723516,0.15618457512,269.25533879733,-28.36582993781,0.17133723516,0.15618457512,0,0,1382649730
2.333735,J175701.29-282156.8,269.2553882,-28.3657831,1439627079,269.25521313685,-28.36515340877,269.255,-28.365,90.0,0,,,,0,,4062642001107525376,0,0,STAR,gaia2,gaia2,,,,,,,,,,,,,,,,,,,,,,,,,,,,,,,,,,,,,,19.808,0.012586,19.378,0.6,goffs,,,,,,,,,,,,,,,,,,,,,0,,,0,,,,,,,,,,,,,,,,,,,,,,0.0,,0.0,0,,,,1.10563374141,1.03477865906,269.25521313685,-28.36515340877,1.10563374141,1.03477865906,0,0,1382766077
0.078405,J175733.86-330244.6,269.3911201,-33.0457384,261339290,269.3911113071,-33.04575889408,269.391,-33.046,90.0,0,,285-145019,17573386-3302446,0,J175733.86-330244.6,4043275928925700736,0,0,STAR,tmgaia2,tmgaia2,,,,,,,,,,,,,,,,,,,,,,,9.216,0.02,8.109,0.046,7.569,0.021,AAA-111-111-000-0-0,7.321,0.031,7.495,0.021,6.894,0.018,6.532,0.088,14.3417,0.006962,12.833,0.011,gbprp,,,,,,,,,,,,,,,,,,,,,0,,,0,,,,,,,,,,,,,,,,,,,,,17.3231,0.065566,12.7022,0.023696,0,,,,0.17773105611,0.15754840903,269.3911113071,-33.04575889408,0.17773105611,0.15754840903,0,0,1383616516
2.274189,J175733.86-330244.6,269.3911201,-33.0457384,1417226636,269.39097917488,-33.04511782393,269.391,-33.045,90.0,0,,,,0,,4043275928971796736,0,0,STAR,gaia2,gaia2,,,,,,,,,,,,,,,,,,,,,,,,,,,,,,,,,,,,,,16.9048,0.010277,16.475,0.6,goffs,,,,,,,,,,,,,,,,,,,,,0,,,0,,,,,,,,,,,,,,,,,,,,,,0.0,,0.0,0,,,,1.23717139599,1.01826895251,269.39097917488,-33.04511782393,1.23717139599,1.01826895251,0,0,1384848722
0.101091,J175757.97-291239.2,269.4915799,-29.210902,136156589,269.49154791066,-29.21090498995,269.492,-29.211,90.0,0,,,17575797-2912393,0,J175757.97-291239.2,4062342353979483136,0,0,STAR,tmgaia2,tmgaia2,-5.051,0.325,-3.973,0.247,gaia2,0.0047,0.185,gaia2,,,,,,,,,,,,,,,10.71,0.033,9.476,0.03,8.937,0.026,AAA-222-111-000-0-0,8.529,0.025,8.479,0.023,7.257,0.023,6.335,0.072,15.5699,0.019946,13.82,0.037,rered,gaia2,3074.0,131.0,,,,,,,,,,,,,,6104.9,3340.52,0.7255,0.1067,0,,,0,,0.1358,0.0776,schlegel,,,,,,,,,,,2471.35,4209.7,bj2018,,,dered,18.2914,0.075199,14.0662,0.097789,1,,,,5.20925429843,3.83950791209,269.4915229965,-29.21092209571,0.18737836097,0.1662021381,0,0,1386171565
0.567421,J175835.23+012512.8,269.6468239,1.4202363,325764063,269.64689524683,1.42037685563,269.647,1.42,90.0,0,,458-073886,17583525+0125136,0,J175835.23+012512.8,4467922128620201216,36021994,0,STAR,tmgaia2,tmgaia2,-1.316,0.088,3.429,0.085,gaia2,0.4231,0.0651,gaia2,13.246,0.041,11.511,0.023,,,,,,,,,,,7.17,0.021,6.275,0.033,5.968,0.021,AAA-111-111-000-0-0,6.073,0.042,5.979,0.024,5.869,0.012,5.628,0.041,10.2001,0.002309,9.013,0.007,rered,gaia2,3655.0,122.0,,,,,88.488,,,,,,GIANT,,,2238.82,354.855,0.2592,0.0044,0,,,0,,0.0049,0.0039,panstarrs,,,,,,,,,,,301.67,408.04,bj2018,,,dered,11.6818,0.011907,9.04595,0.004818,1,ucac4,apassdr9,,1.36261486504,1.31766971783,269.64688957717,1.4203916205,0.04770281066,0.05476269759,0,0,180695122
0.076496,J175936.50-290801.4,269.9020913,-29.1337337,137715827,269.90207037263,-29.13374453352,269.902,-29.134,90.0,0,,305-165772,17593650-2908012,0,J175936.50-290801.4,4062358090747071360,0,0,STAR,tmgaia2,tmgaia2,,,,,,,,,,,17.534,1.133,,,,,,,,,,,9.509,0.023,8.421,0.031,7.859,0.023,AAA-211-111-000-0-0,7.546,0.028,7.615,0.02,6.432,0.018,5.628,0.044,14.8307,0.008252,13.386,0.015,gbprp,,,,,,,,,,,,,,,,,,,,,0,,,0,,,,,,,,,,,,,,,,,,,,,17.2711,0.094052,13.0746,0.023663,0,ucac4,,,0.25882100161,0.23041123547,269.90207037263,-29.13374453352,0.25882100161,0.23041123547,0,0,1396048093
1.310929,J175936.50-290801.4,269.9020913,-29.1337337,1439047256,269.90246451666,-29.1335714435,269.902,-29.134,90.0,0,,,,0,,4062358086362299008,0,0,STAR,gaia2,gaia2,,,,,,,,,,,,,,,,,,,,,,,,,,,,,,,,,,,,,,16.2847,0.005736,15.855,0.6,goffs,,,,,,,,,,,,,,,,,,,,,0,,,0,,,,,,,,,,,,,,,,,,,,,,0.0,,0.0,0,,,,0.57908148863,0.55076884073,269.90246451666,-29.1335714435,0.57908148863,0.55076884073,0,0,1395687530
1.359837,J175936.50-290801.4,269.9020913,-29.1337337,1439047299,269.90236495787,-29.13402617846,269.902,-29.134,90.0,0,,,,0,,4062358086475354752,0,0,STAR,gaia2,gaia2,,,,,,,,,,,,,,,,,,,,,,,,,,,,,,,,,,,,,,18.0839,0.004917,17.654,0.6,goffs,,,,,,,,,,,,,,,,,,,,,0,,,0,,,,,,,,,,,,,,,,,,,,,,0.0,,0.0,0,,,,5.94348736573,4.68924177392,269.90236495787,-29.13402617846,5.94348736573,4.68924177392,0,0,1396632751
1.997378,J175936.50-290801.4,269.9020913,-29.1337337,1439047301,269.90148631186,-29.13356465899,269.901,-29.134,90.0,0,,,,0,,4062358086475364992,0,0,STAR,gaia2,gaia2,3.288,1.065,0.104,0.888,gaia2,0.4166,0.7119,gaia2,,,,,,,,,,,,,,,,,,,,,,,,,,,,,,18.5534,0.010814,18.123,0.6,goffs,gaia2,,,,,,,,,,,,,,,,4407.24,3352.28,0.6177,0.1683,0,,,0,,0.2237,0.1129,schlegel,,,,,,,,,,,2488.48,4216.09,bj2018,,,,,0.0,,0.0,0,,,,17.0667767624,13.77224165655,269.90150251819,-29.13356421058,0.71517703928,0.59968302726,0,0,1395451209
0.096006,J175944.96-250812.9,269.937371,-25.1369316,137464654,269.93736451973,-25.13690558501,269.937,-25.137,90.0,0,,,17594497-2508127,0,J175944.96-250812.9,4064468500171207936,0,0,STAR,tmgaia2,tmgaia2,,,,,,,,,19.648,0.209,,,,,,,,,,,,,11.472,0.024,9.523,0.023,8.655,0.021,AAA-222-111-0s0-0-0,8.233,0.023,8.098,0.02,7.027,0.024,5.53,0.064,18.3758,0.00738,16.976,0.031,gbprp,,,,,,,,,,,,,,,,,,,,,0,,,0,,,,,,,,,,,,,,,,,,,,,20.3089,0.206215,16.3735,0.040857,0,,bpbj,,0.42603099771,0.37865612129,269.93736451973,-25.13690558501,0.42603099771,0.37865612129,0,0,1395335507
2.18357,J175944.96-250812.9,269.937371,-25.1369316,1441341792,269.93677116175,-25.13666138455,269.937,-25.137,90.0,0,,,,0,,4064468500171210624,0,0,STAR,gaia2,gaia2,0.552,1.249,-2.503,1.185,gaia2,1.0023,0.4644,gaia2,,,,,,,,,,,,,,,,,,,,,,,,,,,,,,19.1888,0.013573,18.759,0.6,goffs,gaia2,,,,,,,,,,,,,,,,1588.05,1588.05,1.6951,1.8331,0,,,0,,0.8229,2.8433,schlegel,,,,,,,,,,,804.955,3487.91,bj2018,,,,,0.0,,0.0,0,,,,19.84282404574,18.36909247426,269.93677378563,-25.13667215924,0.45051306619,0.40122929065,0,0,1395004338
0.034713,J180020.47-263719.9,270.0853,-26.6221983,195388611,270.08530664881,-26.62219070743,270.085,-26.622,90.0,0,,,18002046-2637198,0,J180020.47-263719.9,4063993408072384128,0,0,STAR,tmgaia2,tmgaia2,0.449,0.825,-4.584,0.678,gaia2,0.8474,0.515,gaia2,18.825,0.213,,,,,,,,,,,,,10.587,0.025,8.682,0.055,7.702,0.027,AAA-211-111-000-0-0,7.332,0.029,7.177,0.022,6.307,0.024,5.4,0.062,18.017,0.008823,14.074,0.269,bpjk,gaia2,,,,,,,,,,,,,,,,2684.21,2684.21,2.336,1.417,0,,,0,,1.2288,1.6053,schlegel,,,,,,,,,,,1611.0,3792.26,bj2018,,,,,0.0,,0.0,0,,bpbj,,13.14070685773,10.51273980273,270.08530881353,-26.62221044547,0.44457945248,0.42949966053,0,0,1396756023
2.291477,J180020.47-263719.9,270.0853,-26.6221983,1607164195,270.08541630875,-26.62282627134,270.085,-26.623,90.0,0,,,,0,,4063993408072382080,0,0,STAR,gaia2,gaia2,0.756,0.536,-0.983,0.423,gaia2,0.1562,0.1561,gaia2,,,,,,,,,,,,,,,,,,,,,,,,,,,,,,16.7538,0.002112,15.605,0.01,gbprp,,,,,,,,,,,,,,,,,4676.62,2598.26,,,0,,,0,,,,,,,,,,,,,,,1789.27,3407.25,bj2018,,,,18.1481,0.020449,15.3842,0.021446,1,,,,8.54424055831,6.55729739783,270.08541994878,-26.62283050571,0.31251087381,0.26912129586,0,0,1397586585
2.406297,J180020.47-263719.9,270.0853,-26.6221983,1607164212,270.08572680973,-26.62274711033,270.086,-26.623,90.0,0,,,,0,,4063993408133570944,0,0,STAR,gaia2,gaia2,,,,,,,,,,,,,,,,,,,,,,,,,,,,,,,,,,,,,,18.7487,0.009244,18.319,0.6,goffs,,,,,,,,,,,,,,,,,,,,,0,,,0,,,,,,,,,,,,,,,,,,,,,,0.0,,0.0,0,,,,2.12918271114,7.51124152951,270.08572680973,-26.62274711033,2.12918271114,7.51124152951,0,0,1396888846
0.031727,J180040.78-304630.0,270.1699405,-30.7750082,264066247,270.16993322555,-30.77501441338,270.17,-30.775,90.0,0,,,18004077-3046299,0,J180040.78-304630.0,4044145775763533696,0,0,STAR,tmgaia2,tmgaia2,,,,,,,,,,,,,,,,,,,,,,,9.136,0.027,7.82,0.036,7.287,0.026,AAA-111-111-000-0-0,6.955,0.047,7.046,0.021,5.636,0.017,4.639,0.029,14.6899,0.00269,13.078,0.007,gbprp,,,,,,,,,,,,,,,,,,,,,0,,,0,,,,,,,,,,,,,,,,,,,,,18.3223,0.032584,12.9437,0.011986,0,,,,0.25190227911,0.22038284162,270.16993322555,-30.77501441338,0.25190227911,0.22038284162,0,0,1399310084
1.763021,J180040.78-304630.0,270.1699405,-30.7750082,1568850010,270.16941154626,-30.77482573934,270.169,-30.775,90.0,0,,,,0,,4044145775866732928,0,0,STAR,gaia2,gaia2,,,,,,,,,,,,,,,,,,,,,,,,,,,,,,,,,,,,,,19.0343,0.009601,18.604,0.6,goffs,,,,,,,,,,,,,,,,,,,,,0,,,0,,,,,,,,,,,,,,,,,,,,,,0.0,,0.0,0,,,,0.57515373469,0.51206504821,270.16941154626,-30.77482573934,0.57515373469,0.51206504821,0,0,1398716203
0.217582,J180106.31-265558.6,270.2763089,-26.9329539,196001852,270.27637654852,-26.93294996428,270.276,-26.933,90.0,0,,316-127316,18010633-2655586,0,J180106.31-265558.6,4063947640951673856,0,0,STAR,tmgaia2,tmgaia2,-2.987,0.162,-6.698,0.132,gaia2,0.2012,0.0971,gaia2,18.442,0.25,16.311,1.133,,,,,,,,,,,9.831,0.024,8.638,0.024,8.02,0.02,AAA-211-111-000-0-0,7.719,0.025,7.725,0.02,7.081,0.024,6.03,0.081,14.4643,0.008634,12.755,0.16,rered,gaia2,4254.0,143.0,,,,,64.264,,,,,,GIANT,,,4310.0,1971.04,1.4458,0.3084,0,,,0,,0.284,0.3329,schlegel,,,,,,,,,,,1329.98,2612.09,bj2018,,,dered,16.434,0.04368,12.9906,0.023297,1,ucac4,bpbj,,2.57557468097,2.05509656908,270.27636212332,-26.93297880496,0.08282568684,0.07935241729,0,0,1400909592
0.100473,J180155.40+042216.3,270.4808741,4.3711953,382844102,270.48089186187,4.37121687007,270.481,4.371,90.0,0,,472-068536,18015540+0422163,1237668573089302834,J180155.40+042216.3,4471248696746486400,36485172,0,STAR,tmgaia2,tmgaia2,-3.93,0.059,-11.384,0.06,gaia2,1.1517,0.0325,gaia2,12.744,0.054,11.747,0.08,15.0,0.006,12.361,0.001,14.656,0.01,14.328,0.005,11.58,0.003,9.954,0.023,9.547,0.03,9.347,0.02,AAA-222-111-000-0-0,8.904,0.023,8.56,0.02,5.868,0.014,4.324,0.025,11.7546,0.012967,11.081,0.015,rered,gaia2,4854.0,174.0,,,,,5.689,,,,,,GIANT,,,847.885,23.5995,0.1143,0.0092,0,,,0,,0.0069,0.0116,panstarrs,,,,,,,,,,,22.955,24.244,bj2018,,,dered,12.3106,0.051459,10.9859,0.029772,1,ucac4,apassdr9,,0.91859274691,0.93602606736,270.48087489353,4.37116785477,0.02816138236,0.02983231768,0,0,182055825
0.03623,J180215.74-072126.2,270.5656178,-7.3572927,203838176,270.56562786419,-7.35729398696,270.566,-7.357,90.0,0,,414-073904,18021573-0721260,0,J180215.74-072126.2,4171209565713874560,4293661,0,STAR,gaia2,gaia2,0.536,0.239,-4.646,0.231,gaia2,0.5505,0.1515,gaia2,17.931,0.39,15.66,1.03,,,,,,,,,,,8.621,0.032,7.439,0.031,6.948,0.024,AAA-111-111-000-0-0,6.659,0.081,6.618,0.023,5.448,0.016,4.408,0.026,12.9297,0.008385,11.413,0.011,gbprp,gaia2,,,,,,,,,,,,,,,,1816.03,654.94,0.8487,0.0871,0,,SPLIT,0,,0.0516,0.1225,panstarrs,,,,,,,,,,,455.12,854.76,bj2018,,,,16.0874,0.051229,11.4151,0.023397,0,ucac4,bpbj,,3.70718761021,3.57787617607,270.56563018917,-7.35731399191,0.12540316266,0.12222156247,0,0,1406025925
0.03623,J180215.74-072126.2,270.5656178,-7.3572927,1665246358,270.56562786419,-7.35729398696,270.566,-7.357,90.0,0,,,,0,,4171209565713874560,0,0,STAR,gaia2,gaia2,0.536,0.239,-4.646,0.231,gaia2,0.5505,0.1515,gaia2,,,,,,,,,,,,,,,,,,,,,,,,,,,,,,12.9297,0.008385,11.413,0.011,gbprp,gaia2,,,,,,,,,,,,,,,,1816.03,654.94,0.8487,0.0871,0,,DUPLICATE,203838176,,0.0516,0.1225,panstarrs,,,,,,,,,,,455.12,854.76,bj2018,,,,16.0874,0.051229,11.4151,0.023397,0,,,,3.70718761021,3.57787617607,270.56563018917,-7.35731399191,0.12540316266,0.12222156247,0,0,1407402228
0.075496,J180235.68-323231.0,270.6486753,-32.5419649,266244880,270.64867634227,-32.54194394744,270.649,-32.542,90.0,0,,288-154415,18023568-3232310,0,J180235.68-323231.0,4042938447657570944,0,0,STAR,tmgaia2,tmgaia2,-2.998,0.175,-2.687,0.14,gaia2,0.1059,0.0968,gaia2,18.07,0.204,15.455,0.149,,,,,,,,,,,9.957,0.022,8.87,0.047,8.514,0.025,AAA-212-111-000-0-0,8.298,0.023,8.215,0.02,7.202,0.019,6.659,0.082,13.6006,0.013468,12.015,0.017,rered,gaia2,3417.0,141.0,,,,,109.864,,,,,,GIANT,,,6058.43,2931.99,0.7071,0.0221,0,,,0,,0.0343,0.01,schlegel,,,,,,,,,,,2067.46,3796.52,bj2018,,,dered,15.7511,0.091638,12.1735,0.042571,1,ucac4,bpbj,,2.8350075176,2.16823308528,270.64866102992,-32.54195551828,0.09418426567,0.08790303255,0,0,1407798796
1.66226,J180235.68-323231.0,270.6486753,-32.5419649,1566987796,270.64919268138,-32.5418133263,270.649,-32.542,90.0,0,,,,0,,4042938447606420224,0,0,STAR,gaia2,gaia2,0.677,0.49,-3.833,0.409,gaia2,0.1986,0.2434,gaia2,,,,,,,,,,,,,,,,,,,,,,,,,,,,,,17.5688,0.00445,17.139,0.6,goffs,gaia2,,,,,,,,,,,,,,,,4668.66,3205.39,0.6894,0.0631,0,,,0,,0.0996,0.0266,schlegel,,,,,,,,,,,2180.4,4230.37,bj2018,,,,,0.0,,0.0,0,,,,7.91255936809,6.34189863622,270.6491961382,-32.54182983143,0.28103921543,0.26588623157,0,0,1408426054
0.075094,J180237.69-285813.1,270.6570708,-28.9703243,405773317,270.6570473434,-28.97032055992,270.657,-28.97,90.0,0,,,18023768-2858131,0,J180237.69-285813.1,4062408255922894336,0,0,STAR,tmgaia2,tmgaia2,-5.22,0.35,-7.133,0.305,gaia2,0.2126,0.4191,gaia2,,,,,,,,,,,,,,,9.193,0.026,7.956,0.034,7.388,0.016,AAA-211-111-000-0-0,7.072,0.04,7.127,0.021,5.894,0.017,4.962,0.033,14.6489,0.007668,12.823,0.029,rered,gaia2,,,,,,,,,,,,,,,,4527.59,3248.9,0.6043,0.1227,0,,,0,,0.1689,0.0765,schlegel,,,,,,,,,,,2339.98,4157.82,bj2018,,,,17.7893,0.046695,12.9076,0.030975,1,,,,5.61208154474,4.73280627595,270.65702165409,-28.97035127227,0.20648522357,0.23584127992,0,0,1407916174
0.245479,J180242.14-283415.3,270.6755872,-28.5709333,405778906,270.67565049924,-28.57097278851,270.676,-28.571,90.0,0,,,18024214-2834152,0,J180242.14-283415.3,4062494292753683328,0,0,STAR,tmgaia2,tmgaia2,,,,,,,,,,,,,,,,,,,,,,,9.259,0.029,8.054,0.027,7.483,0.017,AAA-211-111-000-0-0,7.135,0.031,7.234,0.019,6.267,0.016,5.319,0.037,14.981,0.014029,11.009,1.0,jhk,,,,,,,,,,,,,,,,,,,,,0,,,0,,,,,,,,,,,,,,,,,,,,,,0.0,,0.0,0,,,,1.85128847728,1.62265829879,270.67565049924,-28.57097278851,1.85128847728,1.62265829879,0,0,1407918934
0.968371,J180242.14-283415.3,270.6755872,-28.5709333,1604003894,270.67531002151,-28.57081884151,270.675,-28.571,90.0,0,,,,0,,4062494292688587008,0,0,STAR,gaia2,gaia2,-7.605,0.238,-2.298,0.197,gaia2,0.0297,0.1243,gaia2,,,,,,,,,,,,,,,,,,,,,,,,,,,,,,14.5163,0.003516,13.115,0.007,gbprp,gaia2,,,,,,,,,,,,,,,,6590.72,3153.24,0.7623,0.0624,0,,,0,,0.0847,0.0401,schlegel,,,,,,,,,,,2352.79,3953.68,bj2018,,,,16.6275,0.05085,12.6849,0.052838,0,,,,3.80406721489,3.0579854875,270.67527273541,-28.57082873658,0.11921439171,0.10900704573,0,0,1408689157
0.080738,J180256.19-303657.4,270.7341473,-30.6159712,266109147,270.73417055163,-30.61596107254,270.734,-30.616,90.0,0,,,18025619-3036574,0,J180256.19-303657.4,4050144268859520512,0,0,STAR,tmgaia2,tmgaia2,-5.896,0.197,-8.43,0.149,gaia2,0.3967,0.1255,gaia2,19.217,0.343,,,,,,,,,,,,,10.058,0.022,8.913,0.022,8.434,0.021,AAA-222-111-000-0-0,8.263,0.023,8.304,0.02,7.677,0.021,6.582,0.067,14.735,0.008786,12.939,0.023,rered,gaia2,,,,,,,,,,,,,,,,2573.89,1255.19,0.5458,0.0963,0,,,0,,0.09,0.1026,schlegel,,,,,,,,,,,770.04,1740.33,bj2018,,,,17.9853,0.069685,13.1259,0.040053,1,,bpbj,,3.16112366432,2.30959318968,270.73414105323,-30.6159973676,0.10456782162,0.0938281384,0,0,1409535417
0.061574,J180456.56-262142.0,271.2356694,-26.3616777,407373573,271.23566448971,-26.36169422846,271.236,-26.362,90.0,0,,319-132067,18045656-2621420,0,J180456.56-262142.0,4063356069364084224,0,0,STAR,tmgaia2,tmgaia2,,,,,,,,,19.421,0.421,17.595,1.133,,,,,,,,,,,10.038,0.024,8.681,0.044,8.165,0.031,AAA-211-111-000-0-0,7.902,0.025,7.815,0.02,7.119,0.022,6.32,0.075,14.9637,0.007375,13.536,0.02,gbprp,,,,,,,,,,,,,,,,,,,,,0,,,0,,,,,,,,,,,,,,,,,,,,,17.3058,0.126846,13.2127,0.023827,0,ucac4,bpbj,,0.14478951795,0.1440754638,271.23566448971,-26.36169422846,0.14478951795,0.1440754638,0,0,1418495467
1.565689,J180456.56-262142.0,271.2356694,-26.3616777,1606951371,271.23520920816,-26.36153939402,271.235,-26.362,90.0,0,,,,0,,4063356069308642688,0,0,STAR,gaia2,gaia2,-1.273,0.339,-3.355,0.274,gaia2,0.3406,0.1159,gaia2,,,,,,,,,,,,,,,,,,,,,,,,,,,,,,16.3762,0.006544,15.946,0.6,goffs,gaia2,,,,,,,,,,,,,,,,2880.25,1303.46,0.5731,0.2236,0,,,0,,0.08,0.3672,panstarrs,,,,,,,,,,,841.1,1765.83,bj2018,,,,,0.0,,0.0,0,,,,5.39856715957,4.25469318551,271.23520309213,-26.36155383886,0.21575822975,0.17274315789,0,0,1419388344
0.087158,J180458.89-194639.0,271.2453962,-19.7775161,105272253,271.24542027428,-19.77750755931,271.245,-19.778,90.0,0,,,18045889-1946389,0,J180458.89-194639.0,4095024787298349312,0,0,STAR,tmgaia2,tmgaia2,-4.797,1.41,-2.319,1.405,gaia2,2.0666,0.7549,gaia2,,,,,,,,,,,,,,,11.604,0.024,9.332,0.026,8.214,0.029,AAA-221-111-000-0-0,7.579,0.026,7.52,0.019,7.216,0.028,6.485,0.085,19.6849,0.012338,13.354,1.0,jhk,gaia2,,,,,,,,,,,,,,,,667.573,667.573,0.3531,0.7064,0,,,0,,0.1597,1.2531,schlegel,,,,,,,,,,,308.358,2892.1,bj2018,,,,,0.0,,0.0,0,,,,22.19019132864,21.78190212147,271.24539832386,-19.77751754282,0.63765804026,0.60042850419,0,0,1418271038
0.045157,J180552.58-132731.7,271.4690945,-13.4588066,362647889,271.46908252971,-13.45880192957,271.469,-13.459,90.0,0,5687-00401-1,383-100421,18055257-1327316,0,J180552.58-132731.7,4147244511515472896,6651350,0,STAR,tmgaia2,tmgaia2,-0.638,0.18,-1.586,0.155,gaia2,0.4845,0.1238,gaia2,12.158,0.322,11.577,0.022,,,,,,,,,,,9.508,0.028,9.217,0.029,8.993,0.026,AAA-222-111-000-0-0,8.752,0.022,8.712,0.019,8.745,0.046,6.566,0.085,11.2726,0.004355,10.644,0.262,rered,gaia2,13219.0,640.0,,,,,,,,,,,,,,2030.75,651.805,1.1602,0.3018,0,,,0,,0.52,0.0835,panstarrs,,,,,,,,,,,470.22,833.39,bj2018,,,dered,11.8782,0.014141,10.5197,0.013815,1,tycho2v3,tycho2b3,,2.80624503043,2.39834348478,271.46907970549,-13.45880875852,0.08766751963,0.10010312047,0,0,1421937840
0.147498,J180627.03-261244.1,271.6126334,-26.2122717,443782052,271.6126064811,-26.21230479703,271.613,-26.212,90.0,0,,,18062703-2612441,0,J180627.03-261244.1,4063353595461114880,0,0,STAR,tmgaia2,tmgaia2,,,,,,,,,19.146,0.371,,,,,,,,,,,,,9.889,0.022,8.579,0.038,7.962,0.024,AAA-211-111-000-0-0,7.723,0.025,7.873,0.019,7.196,0.025,6.675,0.109,15.7421,0.003984,14.068,0.012,gbprp,,,,,,,,,,,,,,,,,,,,,0,,,0,,,,,,,,,,,,,,,,,,,,,19.8003,0.10241,13.9331,0.024297,0,,bpbj,,0.23323258625,0.21555778455,271.6126064811,-26.21230479703,0.23323258625,0.21555778455,0,0,1425423347
0.027778,J180757.20-362952.2,271.9883682,-36.4978603,330177203,271.98837651683,-36.49786415209,271.988,-36.498,90.0,0,,268-153954,18075721-3629523,0,J180757.20-362952.2,4038647942747847936,0,0,STAR,tmgaia2,tmgaia2,-0.681,0.295,-4.542,0.266,gaia2,0.0898,0.152,gaia2,,,15.065,0.069,,,,,,,,,,,8.598,0.018,7.68,0.034,7.204,0.018,AAA-111-111-000-0-0,7.107,0.045,7.137,0.02,6.562,0.016,6.132,0.056,12.9484,0.013947,11.534,0.015,rered,gaia2,,,,,,,,,,,,,,,,5642.61,3087.77,0.144,0.0017,0,,,0,,0.0031,0.0003,schlegel,,,,,,,,,,,2202.91,3972.63,bj2018,,,,15.1968,0.054577,11.5043,0.053757,1,ucac4,,,4.81978205376,4.12199283537,271.98837286945,-36.49788370732,0.14900141318,0.13422077917,0,0,1430537768
0.141068,J180901.03-102737.9,272.254325,-10.4605314,205432984,272.25435598643,-10.46050676261,272.254,-10.461,90.0,0,,,18090104-1027376,0,J180901.03-102737.9,4157225225228540160,0,0,STAR,tmgaia2,tmgaia2,-3.807,0.415,-3.915,0.357,gaia2,-0.3153,0.2679,gaia2,,,,,,,,,,,,,,,9.9,0.024,8.485,0.036,7.824,0.021,AAA-211-111-000-0-0,7.629,0.026,7.484,0.02,6.645,0.017,5.929,0.05,15.8943,0.011192,11.65,1.0,jhk,gaia2,,,,,,,,,,,,,,,,4868.18,2246.71,1.0919,0.0216,0,,,0,,0.0353,0.0078,panstarrs,,,,,,,,,,,1764.38,2729.04,bj2018,,,,,0.0,,0.0,0,,,,6.45865529196,5.53350871375,272.25433931833,-10.46052361813,0.2469767569,0.22050530432,0,0,1435554778
0.082449,J180926.91-154036.3,272.3621431,-15.6767748,365517097,272.36216383808,-15.67676358113,272.362,-15.677,90.0,0,6264-02473-1,372-115618,18092693-1540363,0,J180926.91-154036.3,4145901870409709696,9339239,0,STAR,tmgaia2,tmgaia2,-2.803,0.112,-8.899,0.09,gaia2,0.8781,0.057,gaia2,13.364,0.562,10.678,0.1,,,,,,,,,,,7.382,0.018,6.485,0.036,6.247,0.021,AAA-111-111-000-0-0,6.167,0.083,6.199,0.022,6.063,0.017,5.664,0.054,10.0629,0.002621,9.023,0.026,rered,gaia2,3964.0,122.0,,,,,35.813,,,,,,GIANT,,,1107.99,72.01,0.2623,0.0532,0,,,0,,0.0619,0.0446,panstarrs,,,,,,,,,,,67.43,76.59,bj2018,,,dered,11.2261,0.008201,9.03616,0.005658,1,tycho2v,tycho2b,,1.7548309706,1.39801862751,272.36215130275,-15.6768018958,0.06114051617,0.05275906419,0,0,1437418243
0.046369,J181027.34-252339.0,272.6139428,-25.3941811,249142719,272.61394940723,-25.39416968613,272.614,-25.394,90.0,0,,,18102735-2523390,0,J181027.34-252339.0,4065000423344090496,0,0,STAR,tmgaia2,tmgaia2,,,,,,,,,17.4,0.177,,,,,,,,,,,,,9.828,0.029,8.565,,7.973,,AUU-266-200-c00-0-0,7.509,0.029,7.566,0.021,6.712,0.02,6.047,0.07,15.9119,0.006469,14.404,0.015,gbprp,,,,,,,,,,,,,,,,,,,,,0,,,0,,,,,,,,,,,,,,,,,,,,,18.6079,0.168102,13.9957,0.081233,0,,bpbj,,0.1884142437,0.17368680492,272.61394940723,-25.39416968613,0.1884142437,0.17368680492,0,0,1442297164
0.905453,J181117.97-130837.3,272.8249157,-13.1437208,1657278527,272.82492987714,-13.14346966456,272.825,-13.143,90.0,0,,,,0,,4147676310321767936,0,0,STAR,gaia2,gaia2,0.136,0.08,0.251,0.07,gaia2,0.5379,0.049,gaia2,,,13.493,0.062,,,,,,,,,,,,,,,,,,,,,,,,,,12.9014,0.000507,12.051,0.008,gbprp,gaia2,,,,,,,,,,,,,,,,1774.44,161.59,0.9067,0.2664,0,,,107193856,,0.2356,0.2972,panstarrs,,,,,,,,,,,147.3,175.88,bj2018,,,,13.5975,0.037386,11.7967,0.053132,0,gaia2,,,1.254535418,1.09198614678,272.82493047723,-13.14346858563,0.04081031977,0.03959116598,0,0,1446754445
0.947009,J181117.97-130837.3,272.8249157,-13.1437208,107193856,272.82485270479,-13.1439766052,272.825,-13.144,90.0,0,,385-098777,18111797-1308372,0,J181117.97-130837.3,4147676207250335232,6663432,0,STAR,gaia2,gaia2,0.112,0.063,0.266,0.055,gaia2,0.561,0.0382,gaia2,13.923,0.048,12.718,0.057,,,,,,,,,,,10.169,0.036,9.768,0.041,9.573,0.029,AAA-222-111-000-0-0,9.078,0.023,9.055,0.021,8.974,0.044,6.619,0.083,12.8604,0.010318,11.996,0.013,gbprp,gaia2,,,,,,,,,,,,,,,,1700.88,113.475,0.7871,0.2105,0,,SPLIT,0,,0.177,0.2439,panstarrs,,,,,,,,,,,106.08,120.87,bj2018,,,,13.4476,0.037211,11.6096,0.048556,0,ucac4,apassdr9,,0.9761890522,0.84807189744,272.82485320104,-13.14397546115,0.03179137195,0.03110585909,0,0,1445453462
0.947009,J181117.97-130837.3,272.8249157,-13.1437208,1657278515,272.82485270479,-13.1439766052,272.825,-13.144,90.0,0,,,,0,,4147676207250335232,0,0,STAR,gaia2,gaia2,0.112,0.063,0.266,0.055,gaia2,0.561,0.0382,gaia2,,,13.476,0.061,,,,,,,,,,,,,,,,,,,,,,,,,,12.8604,0.010318,11.996,0.013,gbprp,gaia2,,,,,,,,,,,,,,,,1700.88,113.475,0.7871,0.2105,0,,DUPLICATE,107193856,,0.177,0.2439,panstarrs,,,,,,,,,,,106.08,120.87,bj2018,,,,13.4476,0.037211,11.6096,0.048556,0,gaia2,,,0.9761890522,0.84807189744,272.82485320104,-13.14397546115,0.03179137195,0.03110585909,0,0,1446754433
0.450037,J181242.94-194407.4,273.1789513,-19.7354017,116962179,273.17896435524,-19.73552610475,273.179,-19.736,90.0,0,,,18124294-1944078,0,J181242.94-194407.4,4094687099795437568,0,0,STAR,tmgaia2,tmgaia2,0.048,0.155,-1.681,0.136,gaia2,0.3431,0.0841,gaia2,19.671,0.162,,,,,,,,,,,,,12.938,0.028,12.31,0.032,11.999,0.034,AAA-222-111-000-0-0,11.18,0.05,11.034,0.057,9.213,0.099,6.128,0.094,16.2477,0.001533,14.772,0.315,rered,gaia2,7184.0,158.0,,,,,9.209,,,,,,GIANT,,,2719.84,718.32,1.9045,0.4275,0,,,0,,0.3437,0.5114,schlegel,,,,,,,,,,,551.74,884.9,bj2018,,,dered,17.8888,0.024273,14.9726,0.005367,1,,bpbj,,2.44386670822,2.10818142653,273.17896457569,-19.73553334166,0.07348891396,0.06986342125,0,0,1450566907
0.108214,J181404.71-191227.3,273.5196278,-19.2076055,118373870,273.519658,-19.207615,273.52,-19.208,90.0,0,,,18140471-1912274,0,J181404.71-191227.3,0,0,0,STAR,2mass,2mass,,,,,,,,,,,,,,,,,,,,,,,11.205,0.027,8.417,0.034,6.891,0.018,AAA-211-111-000-0-0,6.215,0.072,5.588,0.047,4.401,0.016,3.324,0.032,,,12.955,1.0,jhk,,,,,,,,,,,,,,,,,,,,,0,,,0,,,,,,,,,,,,,,,,,,,,,,,,,0,,,,60.0,70.0,273.519658,-19.207615,60.0,70.0,0,0,1457441889
0.177924,J181419.44-360126.6,273.5810186,-36.0240702,56058009,273.58102913629,-36.02402151673,273.581,-36.024,90.0,0,,270-159543,18141944-3601265,0,J181419.44-360126.6,4038336613524114048,0,0,STAR,tmgaia2,tmgaia2,-1.478,0.077,-6.321,0.066,gaia2,0.2882,0.046,gaia2,12.245,0.041,12.113,0.046,,,,,,,,,,,9.37,0.021,8.603,0.046,8.223,0.027,AAA-211-111-000-0-0,7.898,0.026,7.855,0.02,6.124,0.014,5.489,0.037,11.4916,0.00626,10.624,0.009,rered,gaia2,4179.0,130.0,,,,,38.615,,,,,,GIANT,,,3193.81,511.005,0.1409,0.0018,0,,,0,,0.002,0.0015,schlegel,,,,,,,,,,,433.71,588.3,bj2018,,,dered,12.3687,0.02176,10.5861,0.018517,1,ucac4,bpbj,,1.24932405792,1.0168102244,273.58102126718,-36.0240487321,0.03928283761,0.03692076023,0,0,1457275851
0.02904,J181459.01-260337.2,273.7458962,-26.0603411,378261696,273.74588724585,-26.06034170665,273.746,-26.06,90.0,0,,,18145901-2603373,0,J181459.01-260337.2,4064680980834297472,0,0,STAR,tmgaia2,tmgaia2,-6.488,0.224,-4.248,0.19,gaia2,-0.2406,0.1515,gaia2,19.729,0.477,,,,,,,,,,,,,10.269,0.024,9.113,0.024,8.556,0.02,AAA-222-111-000-0-0,8.264,0.023,8.318,0.021,7.309,0.021,6.744,0.074,15.0738,0.003636,13.239,0.008,rered,gaia2,,,,,,,,,,,,,,,,7803.9,3275.47,0.6497,0.0151,0,,,0,,0.0242,0.0059,schlegel,,,,,,,,,,,2618.84,3932.1,bj2018,,,,18.2805,0.16418,13.4594,0.009821,1,,bpbj,,3.57171232702,2.94137353202,273.74585615195,-26.06035999635,0.12046106703,0.12301550658,0,0,1460984324
1.815584,J181459.01-260337.2,273.7458962,-26.0603411,1608525489,273.74630383072,-26.05999432383,273.746,-26.06,90.0,0,,,,0,,4064680976482050176,0,0,STAR,gaia2,gaia2,-4.209,0.679,-2.01,0.552,gaia2,-2.0742,0.398,gaia2,,,,,,,,,,,,,,,,,,,,,,,,,,,,,,18.1701,0.006381,17.74,0.6,goffs,gaia2,,,,,,,,,,,,,,,,7617.57,3404.61,0.6487,0.0182,0,,,0,,0.0298,0.0067,schlegel,,,,,,,,,,,2750.19,4059.03,bj2018,,,,,0.0,,0.0,0,,,,10.804788603,8.56167846303,273.74628365563,-26.06000297705,0.34798703724,0.32632050203,0,0,1461720085
0.04962,J181649.79-240534.1,274.2074882,-24.0928083,379062439,274.20749754594,-24.09279747471,274.207,-24.093,90.0,0,,330-134631,18164980-2405340,0,J181649.79-240534.1,4065517125060501376,0,0,STAR,tmgaia2,tmgaia2,-6.495,0.253,-5.478,0.215,gaia2,-0.0273,0.1313,gaia2,18.527,0.42,17.422,0.492,,,,,,,,,,,9.146,0.024,8.034,0.04,7.492,0.024,AAA-111-111-000-0-0,7.268,0.029,6.927,0.021,5.993,0.016,5.085,0.035,13.3143,0.018175,11.396,0.028,rered,gaia2,3258.0,134.0,,,,,,,,,,,,,,6319.58,2754.18,1.1147,0.0638,0,,,0,,0.0899,0.0376,schlegel,,,,,,,,,,,2124.89,3383.46,bj2018,,,dered,16.2383,0.077902,11.8821,0.056443,1,ucac4,bpbj,,4.01824424292,3.33326451762,274.20746691263,-24.0928210592,0.12853877173,0.12294169913,0,0,1469782633
0.310451,J181734.58-070209.7,274.3940954,-7.03605,14757574,274.39412987253,-7.03597084067,274.394,-7.036,90.0,0,,415-078153,18173458-0702095,0,J181734.58-070209.7,4160437615935671680,4321317,0,STAR,tmgaia2,tmgaia2,-0.87,2.232,-12.22,2.233,hsoy,,,,17.672,0.162,16.008,1.133,,,,,,,,,,,10.987,0.026,10.125,0.027,9.735,0.021,AAA-222-111-000-0-0,8.964,0.023,8.333,0.019,6.45,0.016,4.766,0.025,14.5224,0.012191,13.263,0.014,gbprp,,,,,,,,,,,,,,GIANT,,,,,,,0,,,0,,,,,,,,,,,,,,,,,,,,,16.3808,0.039442,13.1604,0.03532,0,ucac4,bpbj,,34.65812784163,34.60844471274,274.39412610022,-7.03602345585,0.46746682071,0.47789639456,0,0,1471295624
0.058806,J181810.55-044715.2,274.5439726,-4.7875655,167360600,274.54397560644,-4.78758155798,274.544,-4.788,90.0,0,,,18181055-0447151,0,J181810.55-044715.2,4173379593657109248,0,0,STAR,tmgaia2,tmgaia2,,,,,,,,,,,,,,,,,,,,,,,8.713,0.021,7.343,0.076,6.604,0.02,AAA-111-111-000-0-0,6.29,0.086,6.281,0.024,5.52,0.014,4.674,0.03,14.6351,0.005816,10.463,1.0,jhk,,,,,,,,,,,,,,,,,,,,,0,,,0,,,,,,,,,,,,,,,,,,,,,19.5085,0.091015,12.8847,0.019037,0,,,,0.22911282563,0.32095743504,274.54397560644,-4.78758155798,0.22911282563,0.32095743504,0,0,1474989971
0.219733,J181936.59-124610.2,274.9024678,-12.7695224,115211230,274.90252541451,-12.76949856214,274.903,-12.77,90.0,0,,,18193660-1246101,0,J181936.59-124610.2,4152738942907841920,0,0,STAR,tmgaia2,tmgaia2,-0.874,0.137,-2.12,0.136,gaia2,0.5086,0.0819,gaia2,18.665,0.163,17.313,0.054,,,,,,,,,,,13.68,0.03,12.693,0.025,11.812,0.023,AAA-222-111-000-0-0,10.816,0.03,10.211,0.026,7.343,0.024,5.519,0.04,16.5894,0.005342,15.565,0.196,rered,gaia2,5757.0,174.0,3.6828,,,,2.421,,1.03,,0.0725,,DWARF,5.80252,,1890.95,325.015,0.8949,0.2998,0,,,0,,0.4225,0.1772,panstarrs,,,,,,,,,,,272.35,377.68,bj2018,,,dered,17.5588,0.036101,15.5603,0.015264,1,gaia2,bpbj,,2.14379973616,2.11503113002,274.90252155686,-12.76950769104,0.06928334466,0.06993768072,1,0,1481866595
0.087274,J181955.31-304817.3,274.9804628,-30.8048177,63999623,274.98043727938,-30.80482805474,274.98,-30.805,90.0,0,,,18195529-3048174,0,J181955.31-304817.3,4046341917196126848,0,0,STAR,tmgaia2,tmgaia2,,,,,,,,,15.672,0.163,,,,,,,,,,,,,9.204,0.029,8.155,0.038,7.741,0.016,AAA-211-111-000-0-0,7.52,0.026,7.653,0.02,7.18,0.015,6.722,0.078,13.9211,0.007427,12.455,0.011,gbprp,,,,,,,,,,,,,,,,,,,,,0,,,0,,,,,,,,,,,,,,,,,,,,,16.7113,0.062684,12.3773,0.032482,0,,bpbj,,0.12597434766,0.12636655629,274.98043727938,-30.80482805474,0.12597434766,0.12636655629,0,0,1481849114
2.085589,J181955.31-304817.3,274.9804628,-30.8048177,1575713697,274.98097983643,-30.80444567085,274.981,-30.804,90.0,0,,,,0,,4046341917196126976,0,0,STAR,gaia2,gaia2,-4.232,0.449,-5.411,0.392,gaia2,-1.6485,0.3047,gaia2,,,,,,,,,,,,,,,,,,,,,,,,,,,,,,16.6895,0.003962,16.26,0.6,goffs,gaia2,,,,,,,,,,,,,,,,9165.52,3934.14,0.2308,0.0002,0,,,0,,0.0005,0.0,schlegel,,,,,,,,,,,3198.4,4669.88,bj2018,,,,17.0146,0.003712,,0.0,0,,,,7.21708330528,6.08031336871,274.98095862431,-30.80446897032,0.24485254212,0.24679990936,0,0,1482350609
2.41636,J181955.31-304817.3,274.9804628,-30.8048177,1575713671,274.97968433517,-30.80487643343,274.98,-30.805,90.0,0,,,,0,,4046341912799520896,0,0,STAR,gaia2,gaia2,-3.578,0.084,0.117,0.07,gaia2,0.1147,0.0483,gaia2,,,,,,,,,,,,,,,,,,,,,,,,,,,,,,15.2507,0.000627,14.821,0.6,goffs,gaia2,,,,,,,,,,,,,,,,6413.34,2017.08,0.297,0.0129,0,,,0,,0.0195,0.0062,panstarrs,,,,,,,,,,,1524.22,2509.95,bj2018,,,,,0.0,,0.0,0,,,,1.34725070751,1.08387729324,274.9796663977,-30.80487592983,0.04424984249,0.04323988787,0,0,1482350583
0.060556,J182021.64-283837.4,275.0901928,-28.6437369,48571197,275.09020560115,-28.64372438058,275.09,-28.644,90.0,0,,,18202164-2838373,0,J182021.64-283837.4,4051324281023043712,0,0,STAR,tmgaia2,tmgaia2,-3.081,0.223,-6.319,0.192,gaia2,-0.2854,0.1574,gaia2,18.647,0.162,,,,,,,,,,,,,9.582,0.021,8.508,0.023,8.009,0.026,AAA-211-111-000-0-0,7.785,0.023,7.917,0.019,7.06,0.017,6.273,0.062,14.8964,0.008454,13.158,0.01,rered,gaia2,,,,,,,,,,,,,,,,8382.46,3606.19,0.5049,0.0017,0,,,0,,0.0032,0.0002,schlegel,,,,,,,,,,,2881.24,4331.14,bj2018,,,,17.8198,0.065455,13.198,0.036783,1,,bpbj,,3.56622305479,2.98282281015,275.09019048756,-28.64375158877,0.118615881,0.12053309653,0,0,1483559568
1.475349,J182021.64-283837.4,275.0901928,-28.6437369,1594267639,275.0900093947,-28.64336001337,275.09,-28.643,90.0,0,,,,0,,4051324285359859328,0,0,STAR,gaia2,gaia2,-1.824,0.543,-2.907,0.474,gaia2,-0.3316,0.4333,gaia2,,,,,,,,,,,,,,,,,,,,,,,,,,,,,,18.7762,0.004308,18.346,0.6,goffs,gaia2,,,,,,,,,,,,,,,,5447.23,3303.86,0.3165,0.1994,0,,,0,,0.2854,0.1133,panstarrs,,,,,,,,,,,2505.04,4102.68,bj2018,,,,,0.0,,0.0,0,,,,8.68962669829,7.3487855798,275.09000044587,-28.64337253022,0.3118409684,0.3364648772,0,0,1484244869
1.790141,J182021.64-283837.4,275.0901928,-28.6437369,1594267637,275.0901405441,-28.64423204217,275.09,-28.644,90.0,0,,,,0,,4051324285359844992,0,0,STAR,gaia2,gaia2,-0.557,1.61,-5.47,1.68,gaia2,0.7093,0.4626,gaia2,,,,,,,,,,,,,,,,,,,,,,,,,,,,,,19.2833,0.005429,18.853,0.6,goffs,gaia2,,,,,,,,,,,,,,,,3014.57,2877.27,0.0317,0.1724,0,,,0,,0.0097,0.3351,panstarrs,,,,,,,,,,,1767.03,3987.51,bj2018,,,,,0.0,,0.0,0,,,,25.76358038052,26.03988051915,275.09013781014,-28.64425559201,0.46780247399,0.4330141025,0,0,1484244867
0.038996,J182027.87-660442.9,275.1161484,-66.0785945,304202168,275.11617447392,-66.07859214234,275.116,-66.079,90.0,89886,9080-00788-1,120-152353,18202786-6604428,0,J182027.87-660442.9,6437030012377624192,31976014,0,STAR,tmgaia2,tmgaia2,0.164,0.034,-6.109,0.042,gaia2,0.1394,0.0327,gaia2,12.312,0.006,11.545,0.01,,,,,,,,,,,8.145,0.023,7.366,0.031,7.013,0.033,AAA-111-111-000-0-0,6.862,0.061,6.856,0.022,6.316,0.016,5.661,0.039,10.6151,0.010035,9.816,0.012,rered,gaia2,4287.0,138.0,,,,,85.725,,,,,,GIANT,,,5544.24,1005.71,0.0789,0.0,0,,,0,,0.0,0.0,schlegel,,,,,,,,,,,847.17,1164.24,bj2018,,,dered,11.3288,0.039213,9.69809,0.018485,1,apassdr9,apassdr9,,0.63559347025,0.65038289637,275.11617621329,-66.07861844506,0.01722060139,0.02239680523,0,0,1485564883
0.039954,J182058.94-020342.6,275.2455967,-2.0618391,168590091,275.24559846093,-2.06185005782,275.246,-2.062,90.0,0,,,18205894-0203426,0,J182058.94-020342.6,4271171944536001664,0,0,STAR,tmgaia2,tmgaia2,,,,,,,,,,,,,,,,,,,,,,,9.843,0.023,8.554,0.04,7.971,0.024,AAA-211-111-000-0-0,7.689,0.025,7.835,0.019,7.533,0.021,7.001,0.108,14.7911,0.002704,13.169,0.007,gbprp,,,,,,,,,,,,,,,,,,,,,0,,,0,,,,,,,,,,,,,,,,,,,,,18.6341,0.033998,13.1747,0.013031,0,,,,0.15607337383,0.15431415077,275.24559846093,-2.06185005782,0.15607337383,0.15431415077,0,0,1487308764
0.09035,J182240.71+293116.3,275.6696516,29.5212182,85167786,275.66967101815,29.52119964314,275.67,29.521,90.0,0,,598-063285,18224071+2931163,0,J182240.71+293116.3,4586884854336515840,47292058,0,STAR,tmgaia2,tmgaia2,-3.34,0.049,-3.423,0.055,gaia2,0.1273,0.034,gaia2,14.49,0.162,12.753,0.08,,,,,,,,,,,9.286,0.022,8.476,0.018,8.165,0.016,AAA-222-111-000-0-0,7.943,0.023,7.69,0.02,7.31,0.017,7.013,0.083,12.0531,0.029547,10.989,0.03,rered,gaia2,3662.0,154.0,,,,,74.06,,,,,,GIANT,,,5559.95,976.25,0.0774,0.0037,0,,,0,,0.0034,0.0039,panstarrs,,,,,,,,,,,833.64,1118.86,bj2018,,,dered,13.1713,0.135912,10.7851,0.057198,1,ucac4,bpbj,,0.78283407547,0.8497805898,275.66965449094,29.52118490673,0.02278267345,0.02864380521,0,0,194176168
0.072614,J182338.78+060907.9,275.9115844,6.1522077,318996384,275.91160462098,6.15220606862,275.912,6.152,90.0,0,,481-081068,18233877+0609079,0,J182338.78+060907.9,4476821713183883776,39415508,0,STAR,tmgaia2,tmgaia2,-4.115,0.169,-5.676,0.149,gaia2,0.3274,0.1023,gaia2,16.511,-0.086,15.138,0.092,,,,,,,,,,,9.167,0.023,8.187,0.029,7.786,0.021,AAA-111-111-000-0-0,7.665,0.028,7.73,0.02,7.354,0.018,7.045,0.097,12.7828,0.005829,11.363,0.015,rered,gaia2,3060.0,123.0,,,,,,,,,,,,,,2879.29,1050.96,0.2128,0.046,0,,,0,,0.0096,0.0824,panstarrs,,,,,,,,,,,737.22,1364.7,bj2018,,,dered,15.0097,0.037712,11.4189,0.014846,1,ucac4,apassdr9,,2.62276892018,2.31185761212,275.91158680082,6.1521816311,0.08610952049,0.09080772712,0,0,195075249
0.065945,J182416.79-200713.7,276.0699699,-20.1204881,132800136,276.06995046529,-20.12048969234,276.07,-20.12,90.0,0,,350-135013,18241678-2007136,0,J182416.79-200713.7,4091428353559181312,0,0,STAR,tmgaia2,tmgaia2,,,,,,,,,18.553,0.321,,,,,,,,,,,,,9.492,0.024,8.316,0.036,7.804,0.023,AAA-211-111-000-0-0,7.602,0.026,7.599,0.02,6.678,0.015,5.682,0.048,14.3172,0.010523,12.712,0.014,gbprp,,,,,,,,,,,,,,,,,,,,,0,,,0,,,,,,,,,,,,,,,,,,,,,17.9809,0.075973,12.6551,0.021786,0,,bpbj,,0.12019865279,0.12190749772,276.06995046529,-20.12048969234,0.12019865279,0.12190749772,0,0,1501534253
2.454945,J182416.79-200713.7,276.0699699,-20.1204881,1633251333,276.06960972476,-20.12108025918,276.07,-20.121,90.0,0,,,,0,,4091428353559180032,0,0,STAR,gaia2,gaia2,-0.261,1.567,-3.517,1.436,gaia2,1.209,0.6662,gaia2,,,,,,,,,,,,,,,,,,,,,,,,,,,,,,19.4616,0.010845,19.032,0.6,goffs,gaia2,,,,,,,,,,,,,,,,1992.29,1992.29,0.1867,0.2971,0,,,0,,0.0215,0.5728,panstarrs,,,,,,,,,,,1225.45,3155.29,bj2018,,,,,0.0,,0.0,0,,,,24.67859694169,22.26890917771,276.06960852979,-20.12109540083,0.90395481442,0.88453755304,0,0,1501889672
0.050402,J182448.72+000300.3,276.2030345,0.0501111,131694625,276.20302302909,0.05011912726,276.203,0.05,90.0,0,,451-080713,18244872+0003003,0,J182448.72+000300.3,4273157933110435968,38099406,0,STAR,tmgaia2,tmgaia2,4.256,0.072,-1.449,0.072,gaia2,0.2325,0.0394,gaia2,15.994,0.158,13.298,0.08,,,,,,,,,,,8.959,0.019,8.102,0.042,7.748,0.026,AAA-111-111-000-0-0,7.421,0.028,7.377,0.02,7.09,0.018,6.861,0.094,12.2047,0.009037,10.842,0.013,rered,gaia2,4175.0,145.0,,,,,83.802,,,,,,GIANT,,,3751.62,582.94,0.8909,0.0149,0,,,0,,0.0215,0.0083,panstarrs,,,,,,,,,,,499.66,666.22,bj2018,,,dered,13.7609,0.046135,10.9933,0.026549,1,ucac4,apassdr9,,1.11193492003,1.11283903952,276.20304135557,0.05011288864,0.03581873367,0.03735826309,0,0,195908770
0.035024,J182638.15-083834.0,276.6589933,-8.6427789,385835154,276.65899755937,-8.64277012966,276.659,-8.643,90.0,0,5690-00492-1,407-078002,18263815-0838339,0,J182638.15-083834.0,4159250560011862528,4344582,0,STAR,tmgaia2,tmgaia2,-0.037,0.146,-2.969,0.139,gaia2,0.4289,0.0878,gaia2,12.052,0.304,11.141,0.024,,,,,,,,,,,8.809,0.026,8.535,0.031,8.33,0.016,AAA-111-111-000-0-0,7.941,0.024,7.771,0.02,7.302,0.026,6.323,0.075,10.6067,0.001096,9.905,0.27,rered,gaia2,10936.0,151.0,,,,,22.995,,,,,,GIANT,,,2218.99,494.97,1.1932,0.318,0,,,0,,0.2925,0.3434,panstarrs,,,,,,,,,,,394.45,595.49,bj2018,,,dered,11.2842,0.00272,9.80342,0.002662,1,tycho2v3,tycho2b3,,2.27478487893,2.15657452902,276.65899739715,-8.64278291268,0.07571451965,0.07834453659,0,0,1513265150
0.14959,J182643.92-142316.3,276.6830307,-14.3878775,176703926,276.683002362,-14.38790869559,276.683,-14.388,90.0,0,,,18264391-1423164,0,J182643.92-142316.3,4104249861642964352,0,0,STAR,tmgaia2,tmgaia2,,,,,,,,,18.761,0.185,,,,,,,,,,,,,10.989,0.023,9.202,0.025,8.321,0.025,AAA-222-111-000-0-0,7.844,0.024,7.663,0.02,6.737,0.02,5.561,0.057,18.2813,0.007623,17.851,0.6,goffs,,,,,,,,,,,,,,,,,,,,,0,,,0,,,,,,,,,,,,,,,,,,,,,,0.0,,0.0,0,,bpbj,,10.79501182166,8.4214935323,276.683002362,-14.38790869559,10.79501182166,8.4214935323,0,0,1512808359
0.614878,J182643.92-142316.3,276.6830307,-14.3878775,1650820839,276.68310189636,-14.3877212421,276.683,-14.388,90.0,0,,,,0,,4104249857339940736,0,0,STAR,gaia2,gaia2,-1.967,0.221,-1.802,0.186,gaia2,0.7239,0.1545,gaia2,,,17.333,0.049,,,,,,,,,,,,,,,,,,,,,,,,,,16.5886,0.005743,15.658,0.009,gbprp,gaia2,,,,,,,,,,,,,,,,1395.91,383.385,0.4034,0.0913,0,,,0,,0.0518,0.1308,panstarrs,,,,,,,,,,,287.44,479.33,bj2018,,,,17.3534,0.009705,15.325,0.020578,0,gaia2,,,3.45382284896,2.88402104913,276.68309315103,-14.38772899929,0.12644642742,0.11100460511,0,0,1513180832
0.117326,J182956.71-055453.5,277.4863008,-5.9148729,214036434,277.48628957053,-5.91490351684,277.486,-5.915,90.0,0,,,18295671-0554534,0,J182956.71-055453.5,4256270263476615296,0,0,STAR,tmgaia2,tmgaia2,,,,,,,,,,,,,,,,,,,,,,,9.941,0.024,8.569,0.038,7.896,0.027,AAA-211-111-000-0-0,7.628,0.026,7.657,0.021,7.257,0.022,6.602,0.083,15.3998,0.008045,11.691,1.0,jhk,,,,,,,,,,,,,,,,,,,,,0,,,0,,,,,,,,,,,,,,,,,,,,,19.9122,0.112172,13.6711,0.026823,0,,,,0.17786186903,0.17685844014,277.48628957053,-5.91490351684,0.17786186903,0.17685844014,0,0,1527161546
2.22809,J182956.71-055453.5,277.4863008,-5.9148729,1667118105,277.48692301751,-5.91486956394,277.487,-5.915,90.0,0,,,,0,,4256270263459696384,0,0,STAR,gaia2,gaia2,-1.523,1.486,0.076,1.677,gaia2,0.0199,1.0207,gaia2,,,,,,,,,,,,,,,,,,,,,,,,,,,,,,20.1491,0.011509,19.719,0.6,goffs,gaia2,,,,,,,,,,,,,,,,2813.77,1973.46,1.3328,0.2216,0,,,0,,0.389,0.0541,panstarrs,,,,,,,,,,,1469.28,2477.65,bj2018,,,,,0.0,,0.0,0,,,,23.08177300792,26.00989078084,277.48691642687,-5.91486923574,0.86839760387,0.98652954872,0,0,1526258201
0.159333,J183006.17+004233.3,277.5257266,0.7092761,404752671,277.52571860921,0.709319632,277.526,0.709,90.0,0,,454-078338,18300616+0042336,1237668689046274191,J183006.17+004233.3,4273264933631685632,37079291,0,STAR,tmgaia2,tmgaia2,4.44,0.214,-8.684,0.172,gaia2,2.6038,0.1899,gaia2,16.875,0.359,13.998,0.126,17.483,0.016,15.554,0.003,15.172,0.012,12.895,0.002,13.167,0.006,9.833,0.023,8.605,0.038,7.516,0.024,AAA-211-111-000-0-0,6.139,0.09,5.248,0.05,3.158,0.013,0.962,0.01,14.5352,0.066977,13.122,0.19,rered,gaia2,8051.0,1965.0,3.9113,,,,2.561,,1.95,,0.1161,,DWARF,24.8284,,383.238,28.818,1.9773,0.3641,0,,,0,,0.6072,0.121,panstarrs,,,,,,,,,,,26.696,30.94,bj2018,,,dered,16.0669,0.22856,13.2474,0.19424,1,ucac4,apassdr9,,3.31645213976,2.66270542577,277.52573772558,0.70928224454,0.10898294144,0.15181521838,1,0,200044527
0.264211,J183017.39+021317.2,277.5724621,2.2214486,404706223,277.57246006834,2.22152196387,277.572,2.222,90.0,0,,462-079984,18301738+0213175,0,J183017.39+021317.2,4276897818839774080,37079568,0,STAR,tmgaia2,tmgaia2,-2.92,0.188,-3.434,0.178,gaia2,0.0383,0.1259,gaia2,16.163,0.0,15.271,0.149,,,,,,,,,,,9.095,0.026,7.964,0.046,7.554,0.021,AAA-211-211-ccd-0-0,7.117,0.046,7.06,0.02,6.651,0.017,6.25,0.059,12.775,0.013227,11.13,0.02,rered,gaia2,3422.0,138.0,,,,,147.85,,,,,,GIANT,,,4987.81,1950.85,0.7997,0.0393,0,,,0,,0.0729,0.0056,panstarrs,,,,,,,,,,,1512.06,2389.65,bj2018,,,dered,15.0898,0.085162,11.3985,0.034472,1,ucac4,apassdr9,,2.91517998435,2.76669314225,277.5724474883,2.22150717781,0.10316554369,0.11352597764,0,0,200085016
0.062603,J183215.52+140430.3,278.0647039,14.0750976,50224467,278.0646882089,14.07508918833,278.065,14.075,90.0,0,,521-077409,18321553+1404303,0,J183215.52+140430.3,4508630034815815040,42603257,0,STAR,tmgaia2,tmgaia2,-2.915,0.057,-0.765,0.063,gaia2,0.3856,0.0367,gaia2,14.539,0.203,13.078,0.08,,,,,,,,,,,10.845,0.022,10.134,0.021,9.842,0.02,AAA-222-111-000-0-0,9.089,0.022,8.738,0.02,6.146,0.016,3.512,0.025,12.8852,0.005654,12.07,0.009,rered,gaia2,4545.0,127.0,,,,,13.129,,,,,,GIANT,,,2417.84,224.075,0.2167,0.0075,0,,,0,,0.0099,0.005,panstarrs,,,,,,,,,,,203.99,244.16,bj2018,,,dered,13.6615,0.018769,12.0316,0.014636,1,ucac4,apassdr9,,0.89817480177,0.98143246329,278.06467527121,14.07508589343,0.02615832157,0.03462746461,0,0,201796203
0.038568,J183234.88-132527.7,278.145366,-13.4243815,186192749,278.14535506649,-13.42438279561,278.145,-13.424,90.0,0,,383-111810,18323488-1325277,0,J183234.88-132527.7,4104788102669997696,0,0,STAR,tmgaia2,tmgaia2,,,,,,,,,16.854,0.165,15.643,0.137,,,,,,,,,,,9.754,0.023,8.579,0.033,8.057,0.016,AAA-211-111-000-0-0,7.707,0.023,7.726,0.019,6.679,0.019,5.441,0.044,14.7345,0.007758,13.832,0.015,gbprp,,,,,,,,,,,,,,,,,,,,,0,,,0,,,,,,,,,,,,,,,,,,,,,14.8104,0.038628,12.8643,0.004712,0,ucac4,bpbj,,0.30952701175,0.29841129496,278.14535506649,-13.42438279561,0.30952701175,0.29841129496,0,0,1539559874
1.817648,J183234.88-132527.7,278.145366,-13.4243815,1652220165,278.14530903791,-13.42387964688,278.145,-13.424,90.0,0,,,,0,,4104788107014775680,0,0,STAR,gaia2,gaia2,,,,,,,,,,,15.007,0.048,,,,,,,,,,,,,,,,,,,,,,,,,,14.656,0.002055,13.974,0.012,gbprp,,,,,,,,,,,,,,,,,,,,,0,,,0,,,,,,,,,,,,,,,,,,,,,15.1516,0.003066,13.7832,0.025936,0,gaia2,,,1.83348578662,1.81884182131,278.14530903791,-13.42387964688,1.83348578662,1.81884182131,0,0,1539717608
0.062414,J183257.18+021657.1,278.2382697,2.2825386,371651366,278.23827261739,2.28255569051,278.238,2.283,90.0,0,,462-080595,18325718+0216570,0,J183257.18+021657.1,4276915896367552384,37080831,0,STAR,tmgaia2,tmgaia2,-0.622,0.073,-1.052,0.068,gaia2,0.2309,0.0465,gaia2,17.863,0.0,16.202,0.412,,,,,,,,,,,12.0,0.023,11.096,0.022,10.397,0.019,AAA-222-111-000-0-0,9.324,0.023,8.73,0.021,7.116,0.016,5.521,0.042,14.9889,0.007191,13.854,0.032,rered,gaia2,4960.0,138.0,,,,,13.426,,,,,,GIANT,,,3747.33,692.515,0.8473,0.0506,0,,,0,,0.0676,0.0337,panstarrs,,,,,,,,,,,577.62,807.41,bj2018,,,dered,16.1346,0.023168,13.8991,0.018117,1,ucac4,apassdr9,,1.13809877149,1.05086180804,278.23826993664,2.28255116201,0.03978167203,0.03971551661,0,0,202447160
0.153587,J183555.95-162121.5,278.9831341,-16.3559995,433593220,278.98309103508,-16.3559888874,278.983,-16.356,90.0,0,,,18355595-1621215,0,J183555.95-162121.5,4102825336944868480,0,0,STAR,tmgaia2,tmgaia2,4.79,2.081,-4.297,2.081,hsoy,,,,18.48,0.112,17.543,0.047,,,,,,,,,,,14.79,0.047,12.557,0.035,10.54,0.019,AAA-222-111-000-0-0,8.135,0.024,6.601,0.022,3.851,0.015,2.107,0.02,17.2856,0.003406,16.696,0.007,gbprp,,,,,,,,,,,,,,DWARF,,,,,,,0,,,0,,,,,,,,,,,,,,,,,,,,,17.5095,0.02197,16.3532,0.016274,0,gaia2,bpbj,,32.58707045049,32.25817216797,278.9831125265,-16.35600738635,0.12435876282,0.11134602961,1,0,1552937687
2.141075,J183555.95-162121.5,278.9831341,-16.3559995,1647356774,278.98372520847,-16.35617843799,278.984,-16.356,90.0,0,,,,0,,4102825341273277568,0,0,STAR,gaia2,gaia2,-3.349,0.511,-3.094,0.505,gaia2,0.2183,0.2398,gaia2,,,19.072,0.058,,,,,,,,,,,,,,,,,,,,,,,,,,18.6027,0.003376,17.83,0.012,gbprp,gaia2,,,,,,,,,,,,,,,,3729.37,2320.22,0.5696,0.1479,0,,,0,,0.2373,0.0585,panstarrs,,,,,,,,,,,1577.53,3062.91,bj2018,,,,18.9561,0.05616,17.3618,0.031787,0,gaia2,,,8.00527261755,7.82953903758,278.9837101801,-16.3561917577,0.2353419062,0.22115557594,1,0,1552623807
0.074158,J183749.43-130742.9,279.455982,-13.1285952,433918520,279.45596599819,-13.12860867172,279.456,-13.129,90.0,0,,,18374944-1307428,0,J183749.43-130742.9,4104672413404441088,0,0,STAR,tmgaia2,tmgaia2,,,,,,,,,19.021,0.309,,,,,,,,,,,,,10.019,0.024,8.743,0.046,8.182,0.02,AAA-211-111-000-0-0,7.79,0.026,7.689,0.02,6.642,0.021,5.633,0.04,15.1658,0.013187,13.697,0.016,gbprp,,,,,,,,,,,,,,,,,,,,,0,,SPLIT,0,,,,,,,,,,,,,,,,,,,,,17.7719,0.091823,13.4199,0.042116,0,,bpbj,,0.22564547796,0.21865458275,279.45596599819,-13.12860867172,0.22564547796,0.21865458275,0,0,1560378218
0.772427,J183749.43-130742.9,279.455982,-13.1285952,522811581,279.4558686382,-13.12841121801,279.456,-13.128,90.0,0,,,,0,,4104672417782906624,0,0,STAR,tmgaia2,tmgaia2,,,,,,,,,,,,,,,,,,,,,,,,,,,,,,,,,,,,,,17.1966,0.013985,16.767,0.6,goffs,,,,,,,,,,,,,,,,,,,,,0,,,433918520,,,,,,,,,,,,,,,,,,,,,,0.0,,0.0,0,,,,1.99192700166,1.95504015176,279.4558686382,-13.12841121801,1.99192700166,1.95504015176,0,0,1560186474
1.511414,J183749.43-130742.9,279.455982,-13.1285952,1651859031,279.45556147741,-13.12850274839,279.456,-13.129,90.0,0,,,,0,,4104672417725269760,0,0,STAR,gaia2,gaia2,,,,,,,,,,,,,,,,,,,,,,,,,,,,,,,,,,,,,,19.834,0.019439,19.404,0.6,goffs,,,,,,,,,,,,,,,,,,,,,0,,,0,,,,,,,,,,,,,,,,,,,,,,0.0,,0.0,0,,,,3.3506125806,3.24889746868,279.45556147741,-13.12850274839,3.3506125806,3.24889746868,0,0,1561077251
2.048582,J183749.43-130742.9,279.455982,-13.1285952,1651859030,279.45590930126,-13.12803057092,279.456,-13.128,90.0,0,,,,0,,4104672417725269632,0,0,STAR,gaia2,gaia2,,,,,,,,,,,,,,,,,,,,,,,,,,,,,,,,,,,,,,20.169,0.012474,19.739,0.6,goffs,,,,,,,,,,,,,,,,,,,,,0,,,0,,,,,,,,,,,,,,,,,,,,,,0.0,,0.0,0,,,,7.09736844785,6.99931876034,279.45590930126,-13.12803057092,7.09736844785,6.99931876034,0,0,1560484423
0.078385,J184054.68-124114.4,280.2278616,-12.6873447,425019578,280.22784146548,-12.68735409379,280.228,-12.687,90.0,0,,387-105007,18405467-1241143,0,J184054.68-124114.4,4106199776857867520,0,0,STAR,tmgaia2,tmgaia2,2.526,0.25,-2.762,0.209,gaia2,0.2889,0.149,gaia2,17.465,0.301,16.876,0.343,,,,,,,,,,,8.504,0.021,7.357,0.04,6.876,0.024,AAA-111-111-000-0-0,6.679,0.065,6.647,0.02,5.929,0.018,5.089,0.034,13.1053,0.014866,11.224,0.036,rered,gaia2,,,,,,,,,,,,,,,,3250.65,1747.69,0.701,0.1454,0,,,0,,0.1094,0.1814,panstarrs,,,,,,,,,,,1119.04,2376.35,bj2018,,,,16.4814,0.0768,11.5234,0.03978,1,ucac4,bpbj,,3.89774815977,3.2480530601,280.22785261453,-12.68736598647,0.13451754483,0.11947384726,0,0,1572414704
0.173623,J184059.94+031626.3,280.2497785,3.2739786,109141339,280.2498035061,3.27401986417,280.25,3.274,90.0,0,,,18405994+0316265,0,J184059.94+031626.3,4280413099267855104,0,0,STAR,tmgaia2,tmgaia2,,,,,,,,,17.403,0.163,,,,,,,,,,,,,8.385,0.027,7.11,0.029,6.53,0.02,AAA-111-111-000-0-0,6.266,0.059,6.256,0.022,5.842,0.015,5.367,0.03,13.6669,0.006744,12.0,0.009,gbprp,,,,,,,,,,,,,,,,,,,,,0,,,0,,,,,,,,,,,,,,,,,,,,,17.8068,0.043117,11.9916,0.020607,0,,bpbj,,0.11680350586,0.12032073143,280.2498035061,3.27401986417,0.11680350586,0.12032073143,0,0,210490655
0.038113,J184211.26+164621.5,280.5469416,16.7726577,230302808,280.54693797934,16.77264769657,280.547,16.773,90.0,0,,534-077000,18421126+1646215,0,J184211.26+164621.5,4511650118373955328,44099439,0,STAR,tmgaia2,tmgaia2,,,,,,,,,17.276,0.204,16.591,0.641,,,,,,,,,,,8.326,0.018,7.291,0.02,6.853,0.021,AAA-111-111-000-0-0,6.707,0.06,6.599,0.021,5.561,0.015,4.587,0.031,13.0394,0.006772,11.491,0.009,gbprp,,,,,,,,,,,,,,,,,,,,,0,,,0,,,,,,,,,,,,,,,,,,,,,16.3635,0.028358,11.462,0.020224,0,ucac4,bpbj,,0.13293924794,0.16469672271,280.54693797934,16.77264769657,0.13293924794,0.16469672271,0,0,211702054
0.038356,J184309.02-081600.8,280.7876177,-8.266912,163204564,280.78762763618,-8.26690789782,280.788,-8.267,90.0,0,,409-084336,18430902-0816009,0,J184309.02-081600.8,4251745876273202560,0,0,STAR,tmgaia2,tmgaia2,-1.525,0.129,-2.229,0.119,gaia2,0.1979,0.083,gaia2,17.25,0.187,14.954,0.092,,,,,,,,,,,9.425,0.023,8.464,0.036,8.07,0.018,AAA-211-111-000-0-0,7.85,0.025,8.053,0.02,7.752,0.023,6.969,0.097,12.9748,0.001382,11.52,0.048,rered,gaia2,3586.0,122.0,,,,,76.16,,,,,,GIANT,,,4160.41,1522.96,0.6146,0.1234,0,,,0,,0.1093,0.1375,panstarrs,,,,,,,,,,,1101.95,1943.97,bj2018,,,dered,14.8815,0.005927,11.6724,0.002918,1,ucac4,bpbj,,2.00380310701,1.84466645271,280.78762100292,-8.26691749567,0.06523592004,0.06793717338,0,0,1581162619
0.020288,J184512.66+032534.4,281.3027695,3.4262305,170816802,281.30276473324,3.42623351974,281.303,3.426,90.0,0,,,18451267+0325346,0,J184512.66+032534.4,4280243838875395840,0,0,STAR,tmgaia2,tmgaia2,,,,,,,,,,,,,,,,,,,,,,,11.665,0.023,10.099,0.024,9.378,0.023,AAA-222-111-000-0-0,9.085,0.023,8.957,0.02,8.117,0.025,7.061,0.094,17.3943,0.009887,15.721,0.027,gbprp,,,,,,,,,,,,,,,,,,,,,0,,,0,,,,,,,,,,,,,,,,,,,,,21.5051,0.221768,15.6462,0.027078,0,,,,0.22535046542,0.23953937174,281.30276473324,3.42623351974,0.22535046542,0.23953937174,0,0,215333962
0.316706,J184546.38+071311.9,281.4432848,7.2199994,91887654,281.44324880439,7.22007980032,281.443,7.22,90.0,92055,0460-00249-1,487-089665,18454638+0713122,0,J184546.38+071311.9,4286114238836965760,39463559,0,STAR,tmgaia2,tmgaia2,-0.049,0.128,-1.831,0.119,gaia2,0.9675,0.0677,gaia2,11.022,0.08,9.79,0.03,,,,,,,,,,,6.835,0.026,6.069,0.031,5.755,0.031,AAA-111-111-000-0-0,5.75,0.103,5.619,0.048,5.524,0.015,5.173,0.039,9.23117,0.002834,8.366,0.071,rered,gaia2,6779.0,129.0,,,,,27.227,,,,,,GIANT,,,1009.51,71.0955,0.8919,0.0985,0,,,0,,0.1681,0.0288,panstarrs,,,,,,,,,,,66.201,75.99,bj2018,,,dered,10.0422,0.007011,8.34805,0.009134,1,hipvmag,tycho2b3,,1.99421755001,1.84564118514,281.44324859093,7.22007191861,0.05988093042,0.06032673742,0,0,215801670
0.080421,J184909.72+050955.6,282.2905139,5.1654625,173929510,282.29053628673,5.16546110679,282.291,5.165,90.0,0,,,18490973+0509555,0,J184909.72+050955.6,4282291266962763008,0,0,STAR,tmgaia2,tmgaia2,-2.523,0.296,-5.072,0.27,gaia2,-0.2818,0.1979,gaia2,,,,,,,,,,,,,,,9.778,0.024,8.329,0.027,7.711,0.018,AAA-211-111-000-0-0,7.405,0.028,7.537,0.02,7.305,0.02,6.922,0.09,14.8551,0.003083,11.528,1.0,jhk,gaia2,,,,,,,,,,,,,,,,5062.06,1973.22,1.6105,0.1844,0,,,0,,0.2187,0.1501,schlegel,,,,,,,,,,,1592.06,2354.39,bj2018,,,,,0.0,,0.0,0,,,,4.59022000219,4.18415095668,282.29052538025,5.16543927099,0.15577410415,0.1712623511,0,0,219466820
0.046278,J185000.25-024159.4,282.5010628,-2.6998563,183018502,282.50107048674,-2.69986660999,282.501,-2.7,90.0,0,,,18500025-0241594,1237668687975155390,J185000.25-024159.4,4258843120651366912,0,0,STAR,tmgaia2,tmgaia2,,,,,,,,,,,21.095,0.491,23.82,1.066,30.0,50.0,26.299,4.845,21.543,0.09,16.998,0.01,11.887,0.022,9.385,0.022,8.153,0.021,AAA-221-111-000-0-0,7.282,0.034,7.161,0.025,6.469,0.043,5.839,0.105,20.0196,0.012921,18.956,0.15,gbprp,,,,,,,,,,,,,,,,,,,,,0,,,0,,,,,,,,,,,,,,,,,,,,,20.3884,0.568275,17.9364,0.055669,0,gaia2,,,1.08107907997,1.07619634054,282.50107048674,-2.69986660999,1.08107907997,1.07619634054,1,0,1605973337
0.117601,J185003.56-262415.4,282.5148454,-26.4042958,325751490,282.51487181944,-26.40427327924,282.515,-26.404,90.0,0,6867-00437-1,318-216081,18500356-2624153,0,J185003.56-262415.4,4072362542662424960,12877387,0,STAR,tmgaia2,tmgaia2,-3.107,0.105,-9.543,0.084,gaia2,0.2271,0.0593,gaia2,10.746,0.091,10.079,0.006,,,,,,,,,,,8.168,0.029,7.52,0.027,7.204,0.021,AAA-111-111-000-0-0,6.897,0.061,6.74,0.022,5.908,0.016,5.415,0.037,9.70408,0.010663,9.182,0.014,rered,gaia2,5962.0,210.0,,,,,45.516,,,,,,GIANT,,,3929.58,1048.92,0.1819,0.0107,0,,,0,,0.006,0.0153,panstarrs,,,,,,,,,,,804.97,1292.87,bj2018,,,dered,10.1553,0.033609,9.1537,0.039595,1,tycho2v3,tycho2b3,,1.66556330136,1.30661312107,282.51485688626,-26.4043143684,0.04528424219,0.04758484639,0,0,1606113288
0.16943,J185422.97+001909.0,283.5957152,0.319186,226892334,283.59574469301,0.31914932287,283.596,0.319,90.0,0,,,18542297+0019090,0,J185422.97+001909.0,4266293583283269376,0,0,STAR,tmgaia2,tmgaia2,,,,,,,,,,,,,,,,,,,,,,,10.997,0.024,8.888,0.04,7.9,0.02,AAA-211-111-000-0-0,7.317,0.029,7.342,0.02,6.956,0.021,6.299,0.076,18.5161,0.00635,16.885,0.076,gbprp,,,,,,,,,,,,,,,,,,,,,0,,,0,,,,,,,,,,,,,,,,,,,,,21.8423,0.703205,16.3138,0.11004,0,,,,0.32682148401,0.3428319949,283.59574469301,0.31914932287,0.32682148401,0.3428319949,0,0,225737670
2.098927,J185422.97+001909.0,283.5957152,0.319186,1782125963,283.59595033053,0.31865247833,283.596,0.319,90.0,0,,,,0,,4266293583286435968,0,0,STAR,gaia2,gaia2,,,,,,,,,,,,,,,,,,,,,,,,,,,,,,,,,,,,,,21.0383,0.027973,20.608,0.6,goffs,,,,,,,,,,,,,,,,,,,,,0,,,0,,,,,,,,,,,,,,,,,,,,,,0.0,,0.0,0,,,,19.40637956712,15.50613853462,283.59595033053,0.31865247833,19.40637956712,15.50613853462,0,0,225874576
0.067607,J185713.73+090941.4,284.3072314,9.1615152,104987171,284.30722328365,9.16153218446,284.307,9.162,90.0,0,,496-099930,18571372+0909414,0,J185713.73+090941.4,4310434748864038144,0,0,STAR,tmgaia2,tmgaia2,,,,,,,,,18.895,0.163,16.864,0.32,,,,,,,,,,,9.663,0.026,8.381,0.031,7.884,0.026,AAA-211-111-000-0-0,7.647,0.028,7.798,0.022,7.508,0.019,7.062,0.071,14.0252,0.001619,12.541,0.006,gbprp,,,,,,,,,,,,,,,,,,,,,0,,,0,,,,,,,,,,,,,,,,,,,,,16.9816,0.013979,12.5294,0.00496,0,ucac4,bpbj,,0.09264512879,0.09881974886,284.30722328365,9.16153218446,0.09264512879,0.09881974886,0,0,229755657
0.09023,J185724.79+043830.6,284.3532924,4.6418468,227625987,284.35327377864,4.64182995608,284.353,4.642,90.0,0,,,18572479+0438306,0,J185724.79+043830.6,4281591569545752704,0,0,STAR,tmgaia2,tmgaia2,,,,,,,,,,,,,,,,,,,,,,,11.598,0.024,9.252,0.025,8.151,0.04,AAA-221-111-000-0-0,7.294,0.023,7.073,0.018,6.505,0.024,5.617,0.055,19.4884,0.010004,17.907,0.215,gbprp,,,,,,,,,,,,,,,,,,,,,0,,,0,,,,,,,,,,,,,,,,,,,,,22.5259,1.63419,17.3831,0.00635,0,,,,0.60312064734,0.52538801132,284.35327377864,4.64182995608,0.60312064734,0.52538801132,0,0,229851132
2.215078,J185724.79+043830.6,284.3532924,4.6418468,1786531370,284.35384859162,4.64211376536,284.354,4.642,90.0,0,,,,0,,4281591565250403456,0,0,STAR,gaia2,gaia2,2.512,0.604,-7.091,0.702,gaia2,1.418,0.3266,gaia2,,,,,,,,,,,,,,,,,,,,,,,,,,,,,,18.9641,0.017803,17.433,0.109,rered,gaia2,3832.0,193.0,4.2062,,,,1.003,,0.59,,0.5845,,DWARF,0.19548,,745.257,260.779,0.9078,0.2451,0,,,0,,0.0399,0.4503,panstarrs,,,,,,,,,,,179.765,341.793,bj2018,,,dered,20.8149,0.205085,17.591,0.0834,1,,,,9.36837625882,10.88143745536,284.35385944433,4.64208323268,0.28701673984,0.27925674114,1,0,230011510
0.070652,J185735.77+153021.8,284.399057,15.5060562,340309642,284.39907662289,15.5060614562,284.399,15.506,90.0,0,,528-087666,18573577+1530217,0,J185735.77+153021.8,4507753105584315392,0,0,STAR,tmgaia2,tmgaia2,-5.413,0.234,-5.366,0.195,gaia2,-0.365,0.1237,gaia2,18.493,0.223,16.809,0.114,,,,,,,,,,,9.319,0.022,8.22,0.018,7.774,0.018,AAA-211-111-000-0-0,7.648,0.027,7.757,0.021,7.258,0.017,6.773,0.096,13.7792,0.007827,11.927,0.01,rered,gaia2,,,,,,,,,,,,,,,,9102.91,3151.84,0.7846,0.0023,0,,,0,,0.004,0.0005,schlegel,,,,,,,,,,,2622.09,3681.59,bj2018,,,,16.8622,0.044291,12.2548,0.020513,1,ucac4,bpbj,,3.65926795832,3.02560635267,284.39905243641,15.50603835268,0.09248427766,0.1163603794,0,0,229895115
0.355744,J185850.26+084512.0,284.7094496,8.753357,222387513,284.70950245121,8.7534408831,284.709,8.753,90.0,0,,,18585026+0845122,0,J185850.26+084512.0,4310218900973259904,0,0,STAR,tmgaia2,tmgaia2,-16.123,6.202,-19.745,6.202,hsoy,,,,,,,,,,,,,,,,,,11.321,0.022,9.698,0.021,9.009,0.021,AAA-222-111-000-0-0,8.568,0.023,8.445,0.02,7.835,0.021,6.936,0.065,17.1687,0.003265,16.739,0.6,goffs,,,,,,,,,,,,,,GIANT,,,,,,,0,,,0,,,,,,,,,,,,,,,,,,,,,21.5947,0.267967,15.4232,0.010949,0,,,,96.41383303011,96.13250968631,284.70943221595,8.75335586948,0.21348347086,0.2277085238,0,0,231883631
2.445036,J185850.26+084512.0,284.7094496,8.753357,1791482158,284.71009454999,8.75359142251,284.71,8.754,90.0,0,,,,0,,4310218900970289792,0,0,STAR,gaia2,gaia2,-3.755,2.337,0.294,2.412,gaia2,6.8123,2.5673,gaia2,,,,,,,,,,,,,,,,,,,,,,,,,,,,,,20.5986,0.013566,20.169,0.6,goffs,gaia2,,,,,,,,,,,,,,,,1964.47,,1.8624,,0,,,0,,,,panstarrs,,,,,,,,,,,,2067.5,bj2018,,,,,0.0,,0.0,0,,,,36.37054873098,37.39457898224,284.71007819392,8.75359268623,1.6056406082,1.0997167431,0,0,232103942
0.062524,J190024.97-132810.3,285.1040522,-13.4695351,311870725,285.10403463021,-13.46953198744,285.104,-13.47,90.0,0,,383-133571,19002496-1328102,0,J190024.97-132810.3,4102393576800890624,0,0,STAR,tmgaia2,tmgaia2,,,,,,,,,18.948,0.338,17.183,0.114,,,,,,,,,,,9.81,0.022,8.819,0.063,8.356,0.024,AAA-211-111-000-0-0,8.162,0.023,8.026,0.019,7.346,0.017,6.613,0.091,14.1999,0.008631,12.681,0.012,gbprp,,,,,,,,,,,,,,,,,,,,,0,,,0,,,,,,,,,,,,,,,,,,,,,17.3334,0.063418,12.6474,0.027515,0,ucac4,bpbj,,0.14366051495,0.13007128023,285.10403463021,-13.46953198744,0.14366051495,0.13007128023,0,0,1636630339
0.051771,J190116.28-002207.9,285.3178483,-0.3688708,306583756,285.31783724966,-0.36886159652,285.318,-0.369,90.0,0,,449-090332,19011627-0022079,0,J190116.28-002207.9,4265595874450585984,0,0,STAR,tmgaia2,tmgaia2,-2.702,0.229,-3.954,0.205,gaia2,-0.0495,0.1226,gaia2,18.689,0.396,17.143,1.133,,,,,,,,,,,9.363,0.026,8.101,0.033,7.611,0.023,AAA-111-111-000-0-0,7.356,0.029,7.53,0.02,7.258,0.025,6.879,0.086,13.8552,0.003848,11.88,0.019,rered,gaia2,3061.0,122.0,,,,,,,,,,,,,,5817.23,2160.7,1.0556,0.061,0,,,0,,0.0948,0.0272,panstarrs,,,,,,,,,,,1723.65,2597.74,bj2018,,,dered,17.022,0.026251,12.3307,0.012009,1,ucac4,bpbj,,3.55306735004,3.18680595759,285.31782561728,-0.36887861961,0.11823980684,0.10858487177,0,0,1638559664
0.054469,J190307.27+075011.3,285.7803132,7.8364825,223288296,285.78030429292,7.83647020932,285.78,7.836,90.0,0,,,19030727+0750113,0,J190307.27+075011.3,4307052066963503360,0,0,STAR,tmgaia2,tmgaia2,,,,,,,,,,,,,,,,,,,,,,,10.921,0.024,9.202,0.027,8.496,0.025,AAA-222-111-000-0-0,8.0,0.022,8.045,0.02,7.791,0.023,6.976,0.088,16.751,0.002102,12.671,1.0,jhk,,,,,,,,,,,,,,,,,,,,,0,,,0,,,,,,,,,,,,,,,,,,,,,21.7765,0.158367,15.0357,0.008409,0,,,,0.17273563026,0.20047235139,285.78030429292,7.83647020932,0.17273563026,0.20047235139,0,0,237590285
0.096016,J190346.83+162616.8,285.9451574,16.438021,355716492,285.94515500002,16.43804757165,285.945,16.438,90.0,0,,533-087710,19034683+1626171,0,J190346.83+162616.8,4513784888949326720,0,0,STAR,tmgaia2,tmgaia2,-2.707,0.061,-7.017,0.06,gaia2,0.1403,0.0383,gaia2,15.172,0.162,13.353,0.092,,,,,,,,,,,8.729,0.023,7.921,0.026,7.499,0.016,AAA-111-111-000-0-0,6.926,0.044,6.926,0.02,6.246,0.016,5.558,0.035,11.6983,0.003074,10.826,0.03,rered,gaia2,4991.0,124.0,,,,,54.859,,,,,,GIANT,,,5557.17,1207.58,0.4595,0.0492,0,,,0,,0.0462,0.0521,panstarrs,,,,,,,,,,,983.72,1431.45,bj2018,,,dered,12.4802,0.007483,10.7662,0.007323,1,ucac4,bpbj,,0.95230858411,0.93239426771,285.94514284599,16.43801735772,0.02966588206,0.03105211969,0,0,239009605
0.152125,J190417.12-202210.8,286.0713458,-20.3696776,335782901,286.07138602444,-20.3696585297,286.071,-20.37,90.0,0,,349-165780,19041713-2022106,0,J190417.12-202210.8,4082359066181525504,12132394,0,STAR,tmgaia2,tmgaia2,-2.58,0.219,-5.31,0.204,gaia2,0.3448,0.1364,gaia2,16.538,0.306,15.715,0.126,,,,,,,,,,,7.551,0.021,6.658,0.034,6.198,0.026,AAA-111-111-000-0-0,6.135,0.107,5.922,0.042,5.192,0.016,4.429,0.036,11.9822,0.007863,10.439,0.01,rered,gaia2,,,,,,,,,,,,,,,,2892.95,1535.29,0.1352,0.0057,0,,,0,,0.0058,0.0056,panstarrs,,,,,,,,,,,941.5,2129.07,bj2018,,,,14.8724,0.042877,10.4392,0.027905,1,ucac4,bpbj,,3.45688974251,3.15752788085,286.07137417696,-20.36968139426,0.11323586466,0.10397522926,0,0,1644709125
0.229681,J190433.37+100221.4,286.1390638,10.0392806,223593315,286.13900136097,10.03926356155,286.139,10.039,90.0,0,,501-103061,19043337+1002213,0,J190433.37+100221.4,4310785630521506816,0,0,STAR,tmgaia2,tmgaia2,9.6,3.166,-7.813,3.166,hsoy,,,,,,16.992,1.133,,,,,,,,,,,11.215,0.032,9.875,0.028,9.302,0.023,AAA-222-111-000-0-0,8.995,0.023,9.069,0.021,8.021,0.022,6.904,0.099,16.3578,0.007446,14.806,0.016,gbprp,,,,,,,,,,,,,,GIANT,,,,,,,0,,,0,,,,,,,,,,,,,,,,,,,,,19.5787,0.113053,14.6566,0.017803,0,ucac4,,,49.26342517996,49.07438634842,286.13904333851,10.0392299225,0.16057714223,0.17197932198,0,0,240365305
2.423356,J190433.37+100221.4,286.1390638,10.0392806,1791824359,286.13928782116,10.03991658486,286.139,10.04,90.0,0,,,,0,,4310785630512395264,0,0,STAR,gaia2,gaia2,-3.576,0.27,-8.597,0.219,gaia2,0.005,0.2209,gaia2,,,18.692,0.052,,,,,,,,,,,,,,,,,,,,,,,,,,17.4329,0.001619,16.087,0.068,rered,gaia2,4896.0,135.0,,,,,7.158,,,,,,GIANT,,,4089.93,1945.65,1.1473,0.1147,0,,,0,,0.2016,0.0277,panstarrs,,,,,,,,,,,1471.92,2419.38,bj2018,,,dered,18.7618,0.024773,16.1038,0.010627,1,gaia2,,,4.2099377828,3.39900707489,286.13927218348,10.03987956932,0.13879262267,0.14100686729,0,0,240675547
0.143235,J190441.01+125627.0,286.1708855,12.940839,356133209,286.17086907193,12.94080257614,286.171,12.941,90.0,0,1048-01762-1,515-090622,19044100+1256268,0,J190441.01+125627.0,4314187485137693696,42054247,0,STAR,tmgaia2,tmgaia2,-0.805,1.528,3.747,1.418,tgas,0.6781,0.9686,tgas,10.818,0.083,10.187,0.006,,,,,,,,,,,8.694,0.026,8.459,0.016,8.33,0.016,AAA-122-111-000-0-0,8.275,0.023,8.269,0.02,8.145,0.021,7.402,0.097,9.94798,0.001111,9.443,0.007,gbprp,splin,7604.0,,,,,,1.909,,,,,,DWARF,,,211.139,,,,2630,0.1126,,0,0.000115,,,,,,,,,,,,,,,,tgas,,,dered,10.3736,0.001534,9.40027,0.006566,0,tycho2v3,tycho2b3,,23.83258034567,21.98533817077,286.17086551487,12.94081870888,0.25895678293,0.30768772947,1,0,240408164
0.173373,J190513.09+105239.7,286.3045624,10.8777138,223644346,286.30454822972,10.87766769526,286.305,10.878,90.0,0,,,19051309+1052397,0,J190513.09+105239.7,4312538698746918784,0,0,STAR,tmgaia2,tmgaia2,,,,,,,,,,,,,,,,,,,,,,,9.79,0.024,8.415,0.036,7.876,0.021,AAA-211-111-000-0-0,7.563,0.026,7.707,0.02,7.328,0.021,6.729,0.065,15.0232,0.002636,13.368,0.007,gbprp,,,,,,,,,,,,,,,,,,,,,0,,,0,,,,,,,,,,,,,,,,,,,,,19.0871,0.03488,13.3652,0.007658,0,,,,0.11991791703,0.13036000626,286.30454822972,10.87766769526,0.11991791703,0.13036000626,0,0,241808518
0.047671,J190522.94+094534.1,286.3455865,9.75949,223656799,286.34559959313,9.7594929746,286.346,9.759,90.0,0,,,19052294+0945344,0,J190522.94+094534.1,4310762884374317312,0,0,STAR,tmgaia2,tmgaia2,-4.914,0.496,-2.817,0.519,gaia2,-0.1947,0.2999,gaia2,,,,,,,,,,,,,,,10.208,0.021,8.686,0.04,7.873,0.02,AAA-211-111-000-0-0,7.318,0.028,7.132,0.019,5.404,0.015,4.043,0.024,16.2928,0.005533,11.958,1.0,jhk,gaia2,,,,,,,,,,,,,,,,4086.68,1985.19,1.2934,0.0725,0,,,0,,0.0576,0.0875,panstarrs,,,,,,,,,,,1532.66,2437.72,bj2018,,,,,0.0,,0.0,0,,,,7.72528006223,8.05127231327,286.34557812577,9.75948084456,0.23643180051,0.24365873238,0,0,241816661
0.088709,J190545.04+093744.8,286.4376678,9.629137,223825362,286.43765019663,9.62911950731,286.438,9.629,90.0,0,,,19054504+0937449,0,J190545.04+093744.8,4310705258765390976,0,0,STAR,tmgaia2,tmgaia2,,,,,,,,,,,,,,,,,,,,,,,9.53,0.022,8.061,0.046,7.387,0.031,AAA-211-111-00s-0-0,7.02,0.03,7.016,0.019,5.863,0.014,4.75,0.031,15.1768,0.010234,13.557,0.013,gbprp,,,,,,,,,,,,,,,,,,,,,0,,,0,,,,,,,,,,,,,,,,,,,,,18.7972,0.053709,13.3527,0.022867,0,,,,0.17968911678,0.19583509407,286.43765019663,9.62911950731,0.17968911678,0.19583509407,0,0,242603415
0.961178,J190545.04+093744.8,286.4376678,9.629137,1791739647,286.43774428213,9.62888087538,286.438,9.629,90.0,0,,,,0,,4310705263090061696,0,0,STAR,gaia2,gaia2,,,,,,,,,,,,,,,,,,,,,,,,,,,,,,,,,,,,,,16.771,0.006263,16.341,0.6,goffs,,,,,,,,,,,,,,,,,,,,,0,,,0,,,,,,,,,,,,,,,,,,,,,,0.0,,0.0,0,,,,0.63505854011,0.67625348657,286.43774428213,9.62888087538,0.63505854011,0.67625348657,0,0,242952761
2.111042,J190545.04+093744.8,286.4376678,9.629137,1791739629,286.43822875062,9.62933194689,286.438,9.629,90.0,0,,,,0,,4310705263067086080,0,0,STAR,gaia2,gaia2,,,,,,,,,,,,,,,,,,,,,,,,,,,,,,,,,,,,,,18.0291,0.014536,16.852,0.021,gbprp,,,,,,,,,,,,,,,,,,,,,0,,,0,,,,,,,,,,,,,,,,,,,,,19.0769,0.042207,16.2053,0.098688,0,,,,0.55856522729,0.61135514178,286.43822875062,9.62933194689,0.55856522729,0.61135514178,0,0,242952743
0.042499,J190550.09+155047.4,286.4587282,15.8465203,366331984,286.45872679356,15.84650857256,286.459,15.847,90.0,0,,530-089966,19055009+1550474,0,J190550.09+155047.4,4512954517165825792,0,0,STAR,tmgaia2,tmgaia2,,,,,,,,,17.714,0.17,17.203,0.149,,,,,,,,,,,9.75,0.021,8.574,0.016,8.079,0.027,AAA-211-111-000-0-0,7.946,0.024,8.026,0.02,7.61,0.017,7.104,0.096,14.0715,0.005235,12.579,0.009,gbprp,,,,,,,,,,,,,,,,,,,,,0,,,0,,,,,,,,,,,,,,,,,,,,,17.0753,0.040027,12.5681,0.015616,0,ucac4,bpbj,,0.08388572177,0.0830660598,286.45872679356,15.84650857256,0.08388572177,0.0830660598,0,0,242663182
0.055929,J190622.17+051540.6,286.5923941,5.2613055,179178821,286.59238101716,5.26129703602,286.592,5.261,90.0,0,,,19062217+0515407,0,J190622.17+051540.6,4305515739990838144,0,0,STAR,tmgaia2,tmgaia2,,,,,,,,,,,,,,,,,,,,,,,12.554,0.025,10.428,0.02,9.467,0.02,AAA-222-111-000-0-0,8.957,0.023,8.752,0.02,7.949,0.041,6.694,0.106,19.8841,0.005625,18.603,0.026,gbprp,,,,,,,,,,,,,,,,,,,,,0,,,0,,,,,,,,,,,,,,,,,,,,,21.2225,0.137822,17.9025,0.020773,0,,,,0.50588531392,0.55790972616,286.59238101716,5.26129703602,0.50588531392,0.55790972616,0,0,243332140
0.065073,J190805.55+104326.2,287.0231509,10.7239453,198633956,287.0231383665,10.72393206798,287.023,10.724,90.0,0,,,19080555+1043260,0,J190805.55+104326.2,4312426582884603904,0,0,STAR,tmgaia2,tmgaia2,,,,,,,,,,,,,,,,,,,,,,,10.94,0.022,9.503,0.025,8.857,0.021,AAA-222-111-000-0-0,8.286,0.019,8.377,0.019,7.793,0.022,7.047,0.094,16.3374,0.00348,14.692,0.012,gbprp,,,,,,,,,,,,,,,,,,,,,0,,,0,,,,,,,,,,,,,,,,,,,,,20.2724,0.088121,14.6321,0.009255,0,,,,0.16220675949,0.15852905713,287.0231383665,10.72393206798,0.16220675949,0.15852905713,0,0,247411174
0.081725,J190846.30+100140.0,287.1929563,10.0277855,199801124,287.19295317849,10.02780799232,287.193,10.028,90.0,0,,,19084631+1001402,0,J190846.30+100140.0,4312236814044500736,0,0,STAR,tmgaia2,tmgaia2,-2.227,0.668,-2.024,0.639,gaia2,-0.8427,0.4115,gaia2,19.848,0.175,,,,,,,,,,,,,11.674,0.024,9.829,0.027,8.866,0.023,AAA-222-111-000-0-0,8.282,0.022,8.167,0.02,7.417,0.021,6.461,0.066,18.5054,0.010993,15.075,0.135,bpjk,gaia2,,,,,,,,,,,,,,,,4425.14,2103.53,1.4487,0.1058,0,,,0,,0.0997,0.1118,panstarrs,,,,,,,,,,,1663.67,2543.39,bj2018,,,,,0.0,,0.0,0,,bpbj,,10.39496160683,9.91412858008,287.19294344275,10.02779927744,0.31065679003,0.37273142485,0,0,248298162
1.859413,J190846.30+100140.0,287.1929563,10.0277855,1793955349,287.19294592277,10.02726909737,287.193,10.027,90.0,0,,,,0,,4312236809743973632,0,0,STAR,gaia2,gaia2,-1.575,0.197,-4.97,0.193,gaia2,0.1057,0.1209,gaia2,,,18.504,0.053,,,,,,,,,,,,,,,,,,,,,,,,,,17.4923,0.002189,16.285,0.062,rered,gaia2,6966.0,172.0,,,,,5.087,,,,,,GIANT,,,4437.93,1737.8,1.4505,0.0858,0,,,0,,0.0639,0.1076,panstarrs,,,,,,,,,,,1318.76,2156.83,bj2018,,,dered,18.6391,0.02432,16.2627,0.019797,1,gaia2,,,3.06549954943,2.99270495396,287.19293903493,10.0272476973,0.09133547716,0.1138394963,0,0,248684477
1.999889,J190846.30+100140.0,287.1929563,10.0277855,1793955375,287.1925932736,10.0273602764,287.193,10.027,90.0,0,,,,0,,4312236814071817472,0,0,STAR,gaia2,gaia2,,,,,,,,,,,,,,,,,,,,,,,,,,,,,,,,,,,,,,20.3176,0.017013,19.888,0.6,goffs,,,,,,,,,,,,,,,,,,,,,0,,,0,,,,,,,,,,,,,,,,,,,,,,0.0,,0.0,0,,,,2.66137342444,5.3387698251,287.1925932736,10.0273602764,2.66137342444,5.3387698251,0,0,248684500
0.320431,J190949.26+104655.3,287.4552812,10.7820431,201595646,287.45526154581,10.78212998925,287.455,10.782,90.0,0,,,19094926+1046555,0,J190949.26+104655.3,4312419882736750336,0,0,STAR,tmgaia2,tmgaia2,3.091,2.959,-15.262,2.959,hsoy,,,,,,,,,,,,,,,,,,11.898,0.027,9.854,0.027,8.914,0.025,AAA-222-111-000-0-0,8.241,0.022,8.274,0.019,7.954,0.021,7.304,0.109,18.6291,0.00848,17.291,0.037,gbprp,,,,,,,,,,,,,,GIANT,,,,,,,0,,,0,,,,,,,,,,,,,,,,,,,,,19.8922,0.196122,16.2908,0.012298,0,,,,46.07141765785,45.86795235427,287.45527509543,10.78206427958,0.40278525032,0.45049686597,0,0,250906279
1.080187,J190949.26+104655.3,287.4552812,10.7820431,1794144437,287.45551246648,10.78184709292,287.456,10.782,90.0,0,,,,0,,4312419882759752448,0,0,STAR,gaia2,gaia2,-4.255,0.46,-7.906,0.453,gaia2,0.338,0.2865,gaia2,,,,,,,,,,,,,,,,,,,,,,,,,,,,,,18.5884,0.014787,17.403,0.017,gbprp,gaia2,,,,,,,,,,,,,,,,2701.51,1669.65,1.0939,0.2193,0,,,0,,0.2754,0.1632,panstarrs,,,,,,,,,,,1105.74,2233.56,bj2018,,,,19.5197,0.083578,16.614,0.056158,0,,,,7.16028277456,7.02495730934,287.45549381501,10.78181305453,0.22662950867,0.24911312207,0,0,251307279
1.7314,J190949.26+104655.3,287.4552812,10.7820431,1794144399,287.45479980122,10.7821306964,287.455,10.782,90.0,0,,,,0,,4312419882736756992,0,0,STAR,gaia2,gaia2,-0.812,1.081,-2.957,1.087,gaia2,0.1636,0.6911,gaia2,,,,,,,,,,,,,,,,,,,,,,,,,,,,,,20.127,0.007375,19.697,0.6,goffs,gaia2,,,,,,,,,,,,,,,,2840.26,1928.38,1.1078,0.2623,0,,,0,,0.3562,0.1684,panstarrs,,,,,,,,,,,1411.84,2444.92,bj2018,,,,,0.0,,0.0,0,,,,16.83484868217,16.85880614007,287.45479624233,10.78211796328,0.53908616465,0.64036331795,0,0,251307241
1.855896,J190949.26+104655.3,287.4552812,10.7820431,1794144397,287.45578379399,10.78219144875,287.456,10.782,90.0,0,,,,0,,4312419882736750464,0,0,STAR,gaia2,gaia2,4.72,2.866,-10.861,2.758,gaia2,-2.9573,2.243,gaia2,,,,,,,,,,,,,,,,,,,,,,,,,,,,,,20.499,0.014517,20.069,0.6,goffs,gaia2,,,,,,,,,,,,,,,,2975.06,2034.05,1.1236,0.2716,0,,,0,,0.3726,0.1705,panstarrs,,,,,,,,,,,1547.0,2521.1,bj2018,,,,,0.0,,0.0,0,,,,44.6402186609,42.77705641579,287.45580447982,10.78214468396,1.17729055035,1.73849200707,0,0,251307239
0.127695,J191447.17-104557.6,288.6965829,-10.7660118,124962512,288.69657099745,-10.76597831183,288.697,-10.766,90.0,0,,397-109368,19144718-1045574,0,J191447.17-104557.6,4199973721920957952,6988927,0,STAR,tmgaia2,tmgaia2,-1.197,0.053,-3.689,0.045,gaia2,0.4154,0.0305,gaia2,15.074,0.169,14.689,0.16,,,,,,,,,,,13.072,0.026,12.401,0.03,11.692,0.023,AAA-222-111-000-0-0,10.566,0.023,10.043,0.021,8.169,0.023,6.588,0.075,14.4165,0.0106,14.005,0.013,rered,gaia2,6695.0,204.0,3.8429,,,,2.364,,1.42,,0.1074,,DWARF,10.11917,,2257.39,159.755,0.1854,0.0039,0,,,0,,0.0035,0.0043,panstarrs,,,,,,,,,,,148.73,170.78,bj2018,,,dered,14.7293,0.036473,13.9376,0.026418,1,ucac4,apassdr9,,0.821227741,0.69792053235,288.69656575062,-10.7659941939,0.02744943016,0.025144098,1,0,1661872124
0.044607,J191525.76+110128.4,288.8573441,11.024567,210219342,288.85735620663,11.02457051048,288.857,11.025,90.0,0,,,19152576+1101283,0,J191525.76+110128.4,4309787170852259072,0,0,STAR,tmgaia2,tmgaia2,-2.173,0.587,-5.018,0.527,gaia2,-0.2351,0.3189,gaia2,18.568,0.168,,,,,,,,,,,,,10.827,0.025,8.579,0.036,7.489,0.018,AAA-211-111-000-0-0,6.885,0.06,6.862,0.021,6.43,0.02,5.591,0.079,18.3383,0.004474,17.908,0.6,goffs,gaia2,,,,,,,,,,,,,,,,4092.05,2017.44,1.3076,0.594,0,,,0,,0.4774,0.7107,schlegel,,,,,,,,,,,1557.96,2476.92,bj2018,,,,,0.0,,0.0,0,,bpbj,,9.15037320234,8.17660430182,288.85734667532,11.02454890426,0.26508240434,0.28156372029,0,0,262520813
1.313689,J191525.76+110128.4,288.8573441,11.024567,1791419944,288.85721920074,11.02491070414,288.857,11.025,90.0,0,,,,0,,4309787170859941632,0,0,STAR,gaia2,gaia2,0.949,0.186,-0.834,0.168,gaia2,0.6671,0.1023,gaia2,,,18.602,0.074,,,,,,,,,,,,,,,,,,,,,,,,,,17.4098,0.005343,16.309,0.008,gbprp,gaia2,,,,,,,,,,,,,,,,1465.51,245.03,1.0429,0.0533,0,,,0,,0.055,0.0517,panstarrs,,,,,,,,,,,206.15,283.91,bj2018,,,,18.5622,0.048599,15.9782,0.041274,0,gaia2,,,2.90170916243,2.5995571281,288.85722336349,11.02490711448,0.08463092781,0.09036595626,0,0,263036915
0.026261,J191541.31+144449.7,288.9221308,14.7471512,400652886,288.92212672417,14.74714506192,288.922,14.747,90.0,0,,,19154130+1444498,0,J191541.31+144449.7,4320344200515351680,0,0,STAR,tmgaia2,tmgaia2,,,,,,,,,19.078,0.179,,,,,,,,,,,,,10.727,0.022,9.283,0.04,8.573,0.022,AAA-212-111-000-0-0,8.252,0.023,8.116,0.02,7.14,0.019,6.032,0.044,16.8585,0.009473,15.515,0.048,gbprp,,,,,,,,,,,,,,,,,,,,,0,,,0,,,,,,,,,,,,,,,,,,,,,18.3601,0.286198,14.7312,0.047174,0,,bpbj,,0.22007237368,0.2046285514,288.92212672417,14.74714506192,0.22007237368,0.2046285514,0,0,263437846
1.682254,J191541.31+144449.7,288.9221308,14.7471512,1798179176,288.9222250378,14.74760951993,288.922,14.748,90.0,0,,,,0,,4320344200532224128,0,0,STAR,gaia2,gaia2,-4.593,0.148,-9.609,0.145,gaia2,0.2536,0.1013,gaia2,,,17.662,0.087,,,,,,,,,,,,,,,,,,,,,,,,,,16.7657,0.00132,15.769,0.027,gbprp,gaia2,,,,,,,,,,,,,,,,3375.92,1237.79,0.9621,0.1315,0,,,0,,0.1312,0.1317,panstarrs,,,,,,,,,,,892.66,1582.91,bj2018,,,,17.6709,0.009775,15.4389,0.094576,0,gaia2,,,2.31689260429,2.24428865,288.92220458912,14.7475681466,0.08016621221,0.07165400659,0,0,263941082
0.0639,J191614.84+181025.2,289.0618746,18.1736694,353654131,289.06186177212,18.17365649605,289.062,18.174,90.0,0,,,19161484+1810251,0,J191614.84+181025.2,4515197589578005632,0,0,STAR,tmgaia2,tmgaia2,,,,,,,,,,,,,,,,,,,,,,,10.397,0.02,8.891,0.02,8.151,0.023,AAA-221-111-000-0-0,7.719,0.024,7.534,0.019,6.952,0.016,6.409,0.048,16.4128,0.005657,12.147,1.0,jhk,,,,,,,,,,,,,,,,,,,,,0,,,0,,,,,,,,,,,,,,,,,,,,,21.3279,0.163486,14.6345,0.017,0,,,,0.11739801442,0.13090728185,289.06186177212,18.17365649605,0.11739801442,0.13090728185,0,0,264231747
0.055699,J191816.73+100812.8,289.5697472,10.1368889,131594046,289.56973687142,10.1368772377,289.57,10.137,90.0,0,,,19181674+1008128,0,J191816.73+100812.8,4309462054716086784,0,0,STAR,tmgaia2,tmgaia2,-2.354,0.705,-4.168,0.565,gaia2,0.0239,0.4041,gaia2,,,,,,,,,,,,,,,11.445,0.026,9.425,0.026,8.435,0.026,AAA-222-111-000-0-0,7.904,0.024,7.684,0.02,6.72,0.021,5.62,0.044,18.968,0.007914,18.538,0.6,goffs,gaia2,,,,,,,,,,,,,,,,3271.28,1911.72,1.4561,0.3342,0,,,0,,0.6342,0.0342,panstarrs,,,,,,,,,,,1407.5,2415.94,bj2018,,,,,0.0,,0.0,0,,,,10.97931525788,8.76255123656,289.56972657512,10.136859294,0.32234560098,0.2848994923,0,0,268259867
0.06695,J191907.36+151837.6,289.7806801,15.3104529,299990089,289.78066402243,15.3104426342,289.781,15.31,90.0,0,,,19190735+1518376,0,J191907.36+151837.6,4320750744950482688,0,0,STAR,tmgaia2,tmgaia2,,,,,,,,,,,,,,,,,,,,,,,9.657,0.027,8.078,0.049,7.487,0.023,AAA-211-111-000-0-0,7.065,0.038,7.239,0.019,6.912,0.021,6.457,0.083,14.8697,0.002747,13.217,0.007,gbprp,,,,,,,,,,,,,,,,,,,,,0,,,0,,,,,,,,,,,,,,,,,,,,,18.9305,0.032147,13.2313,0.006373,0,,,,0.11172767315,0.13011042318,289.78066402243,15.3104426342,0.11172767315,0.13011042318,0,0,269884474
0.201938,J191910.41+210557.2,289.7934101,21.0992238,356578777,289.79339744053,21.09927863639,289.793,21.099,90.0,0,,556-088940,19191041+2105573,0,J191910.41+210557.2,4516984742649736832,0,0,STAR,tmgaia2,tmgaia2,-3.357,2.028,-9.091,2.028,hsoy,,,,20.52,0.17,17.278,1.133,,,,,,,,,,,12.574,0.021,11.548,0.025,11.033,0.021,AAA-222-111-000-0-0,10.435,0.023,9.994,0.02,8.421,0.021,6.337,0.045,16.0853,0.002639,14.901,0.007,gbprp,,,,,,,,,,,,,,GIANT,,,,,,,0,,,0,,,,,,,,,,,,,,,,,,,,,17.704,0.013892,14.8021,0.007687,0,ucac4,bpbj,,31.96803722301,31.42820521134,289.79338194998,21.09923949657,0.17610112905,0.25385045567,0,0,269968729
0.763374,J192033.55+155343.5,290.1398239,15.8954365,1919535952,290.13989931809,15.89523724312,290.14,15.895,90.0,0,,,,0,,4320882273976604416,0,0,STAR,gaia2,gaia2,-4.685,0.792,-6.076,0.466,gaia2,1.0533,0.3449,gaia2,,,,,,,,,,,,,,,,,,,,,,,,,,,,,,17.7788,0.004453,17.349,0.6,goffs,gaia2,,,,,,,,,,,,,,,,1077.74,805.147,0.6322,0.0908,0,,,425135933,,0.0566,0.1251,panstarrs,,,,,,,,,,,388.794,1221.5,bj2018,,,,,0.0,,0.0,0,,,,12.40193065317,7.22883493225,290.13987834377,15.89521108468,0.40043326308,0.25943535243,0,0,273383094
0.011704,J192104.69+020212.4,290.2695478,2.0367817,110843341,290.26954501995,2.03678338858,290.27,2.037,90.0,0,,461-097823,19210469+0202123,0,J192104.69+020212.4,4288852813087958016,37140741,0,STAR,tmgaia2,tmgaia2,-1.431,0.148,-6.725,0.145,gaia2,0.2419,0.0859,gaia2,17.092,0.162,15.197,0.24,,,,,,,,,,,9.052,0.024,8.025,0.042,7.653,0.023,AAA-111-111-000-0-0,7.45,0.029,7.607,0.021,7.374,0.018,6.982,0.088,12.7365,0.002409,11.211,0.02,rered,gaia2,3265.0,122.0,,,,,,,,,,,,,,3620.56,1253.34,0.5232,0.0561,0,,,0,,0.0554,0.0567,panstarrs,,,,,,,,,,,909.38,1597.31,bj2018,,,dered,14.9429,0.01399,11.3729,0.005294,1,ucac4,bpbj,,2.30275292872,2.24824203215,290.26953885386,2.03675443217,0.06718678936,0.06826181886,0,0,273450084
0.007015,J192307.31-120910.4,290.7804614,-12.1529044,151833331,290.78046326402,-12.15290370996,290.78,-12.153,90.0,0,,390-119357,19230730-1209103,0,J192307.31-120910.4,4187542231135478272,7028027,0,STAR,tmgaia2,tmgaia2,-7.857,0.116,-1.971,0.1,gaia2,0.3312,0.0693,gaia2,14.076,0.39,11.945,0.103,,,,,,,,,,,7.716,0.023,6.827,0.023,6.472,0.018,AAA-111-111-000-0-0,6.221,0.098,6.119,0.024,5.63,0.014,5.125,0.031,10.8434,0.013069,9.6,0.016,rered,gaia2,3389.0,132.0,,,,,95.496,,,,,,GIANT,,,2807.74,621.745,0.1728,0.0209,0,,,0,,0.0207,0.021,panstarrs,,,,,,,,,,,496.82,746.67,bj2018,,,dered,12.5251,0.063413,9.60831,0.035226,1,ucac4,apassdr9,,1.8158329551,1.55252845887,290.78042865879,-12.15291219522,0.06171705705,0.05890735182,0,0,1671730819
0.082334,J192324.20+194123.2,290.8508494,19.6897849,358131219,290.85082712237,19.68977578343,290.851,19.69,90.0,0,,,19232420+1941231,0,J192324.20+194123.2,4515768923314747520,0,0,STAR,tmgaia2,tmgaia2,,,,,,,,,,,,,,,,,,,,,,,9.831,0.021,8.404,0.021,7.807,0.02,AAA-211-111-000-0-0,7.352,0.031,7.411,0.02,6.949,0.017,6.431,0.066,14.8286,0.001642,13.151,0.007,gbprp,,,,,,,,,,,,,,,,,,,,,0,,,0,,,,,,,,,,,,,,,,,,,,,19.1071,0.035329,13.2125,0.005288,0,,,,0.06370358238,0.09086029588,290.85082712237,19.68977578343,0.06370358238,0.09086029588,0,0,278254802
2.192113,J192324.20+194123.2,290.8508494,19.6897849,1921699484,290.85143361442,19.69004609521,290.851,19.69,90.0,0,,,,0,,4515862759727957888,0,0,STAR,gaia2,gaia2,-4.511,1.078,-6.801,1.883,gaia2,1.406,0.8334,gaia2,,,,,,,,,,,,,,,,,,,,,,,,,,,,,,19.8854,0.004644,19.455,0.6,goffs,gaia2,,,,,,,,,,,,,,,,1877.24,1877.24,1.0363,0.215,0,,,0,,0.1376,0.2925,panstarrs,,,,,,,,,,,1177.56,2621.36,bj2018,,,,,0.0,,0.0,0,,,,16.96402034923,29.19995698134,290.85141298795,19.6900168124,0.48538942206,0.82287801197,0,0,278913101
2.493811,J192324.20+194123.2,290.8508494,19.6897849,1921699485,290.8515790552,19.6896959672,290.852,19.69,90.0,0,,,,0,,4515862759727958016,0,0,STAR,gaia2,gaia2,-5.135,0.193,-8.436,0.257,gaia2,0.136,0.1852,gaia2,,,,,,,,,,,,,,,,,,,,,,,,,,,,,,18.0168,0.003169,17.587,0.6,goffs,gaia2,,,,,,,,,,,,,,,,3875.1,1895.82,1.3195,0.0528,0,,,0,,0.0802,0.0254,panstarrs,,,,,,,,,,,1376.62,2415.02,bj2018,,,,,0.0,,0.0,0,,,,3.03283073202,3.99150172606,290.85155557193,19.68965964687,0.09172031624,0.13403908892,0,0,278913102
0.104857,J192424.40-011501.1,291.101678,-1.2503104,51479934,291.10170064224,-1.25029207098,291.102,-1.25,90.0,0,,444-105135,19242442-0115011,0,J192424.40-011501.1,4214805790188113920,1787586,0,STAR,tmgaia2,tmgaia2,-2.644,0.213,-6.971,0.178,gaia2,0.1591,0.1366,gaia2,17.042,-0.192,15.881,0.297,,,,,,,,,,,9.16,0.019,8.053,0.036,7.648,0.029,AAA-111-111-000-0-0,7.522,0.029,7.415,0.02,5.402,0.016,3.891,0.024,13.054,0.016244,11.546,0.019,rered,gaia2,,,,,,,,,,,,,,,,4317.25,2091.7,0.2326,0.0313,0,,,0,,0.035,0.0275,panstarrs,,,,,,,,,,,1476.03,2707.37,bj2018,,,,15.6027,0.080235,11.6141,0.045847,1,ucac4,apassdr9,,3.30334797546,2.75575832541,291.10168925383,-1.25032208605,0.1087613851,0.09463279755,0,0,1673268016
0.107911,J192430.18-275157.4,291.1257786,-27.8659571,168762739,291.12574836782,-27.86594352771,291.126,-27.866,90.0,95408,6884-02464-1,311-249607,19243018-2751573,0,J192430.18-275157.4,6765638956627340672,0,0,STAR,tmgaia2,tmgaia2,11.082,0.148,-14.747,0.142,gaia2,4.2888,0.1013,gaia2,5.891,0.022,6.03,0.03,,,,,,,,,,,6.284,0.024,6.385,0.044,6.392,0.029,AAA-111-111-000-0-0,6.432,0.082,6.291,0.026,6.164,0.015,5.786,0.044,6.00061,0.001814,6.164,0.008,rered,,,,,,,,,,,,,,,,,231.837,5.4915,0.027,0.0086,0,,,0,,0.0085,0.0088,panstarrs,,,,,,,,,,,5.364,5.619,bj2018,,,,5.94115,0.003546,6.13382,0.00519,1,hipvmag,tycho2b3,,2.35818169196,2.19573216255,291.12580233851,-27.86600702003,0.0753770141,0.07960972572,0,0,1673335841
0.086417,J192601.61+215944.8,291.5067213,21.9958041,359616573,291.50671349366,21.99582698752,291.507,21.996,90.0,0,,560-093113,19260160+2159449,0,J192601.61+215944.8,2018963215646522496,0,0,STAR,tmgaia2,tmgaia2,0.909,0.033,-6.091,0.034,gaia2,2.0792,0.0254,gaia2,16.166,0.167,14.317,0.103,,,,,,,,,,,11.921,0.021,11.278,0.016,11.009,0.02,AAA-222-111-000-0-0,10.801,0.024,10.623,0.022,9.878,0.047,6.003,0.048,13.7924,0.001863,13.056,0.007,rered,gaia2,4484.0,123.0,,,,,1.469,,,,,,GIANT,,,474.452,5.771,0.0708,0.0322,0,,,0,,0.0226,0.0419,panstarrs,,,,,,,,,,,5.702,5.84,bj2018,,,dered,14.4722,0.00727,12.9914,0.004541,1,ucac4,bpbj,,0.52061218336,0.52286881572,291.50671771696,21.99580076259,0.01686939191,0.01687450455,0,0,284438335
0.042793,J192711.31+213546.9,291.7971333,21.5963699,368431858,291.79712480858,21.59636101373,291.797,21.596,90.0,0,,558-093618,19271131+2135469,0,J192711.31+213546.9,2018886284185931904,0,0,STAR,tmgaia2,tmgaia2,,,,,,,,,,,17.586,0.15,,,,,,,,,,,10.79,0.024,9.469,,8.879,,AUU-266-200-c00-0-0,8.223,0.023,7.981,0.02,7.133,0.017,6.384,0.049,15.591,0.025318,14.046,0.027,gbprp,,,,,,,,,,,,,,,,,,,,,0,,,0,,,,,,,,,,,,,,,,,,,,,18.8881,0.115519,14.0165,0.072362,0,ucac4,,,0.07568107597,0.09421300569,291.79712480858,21.59636101373,0.07568107597,0.09421300569,0,0,286236592
1.566409,J192711.31+213546.9,291.7971333,21.5963699,1852294087,291.79666578555,21.59638898513,291.797,21.596,90.0,0,,,,0,,2018886284140081792,0,0,STAR,gaia2,gaia2,-0.295,1.547,-10.264,3.442,gaia2,-2.9132,1.6718,gaia2,,,,,,,,,,,,,,,,,,,,,,,,,,,,,,20.3342,0.011414,19.904,0.6,goffs,gaia2,,,,,,,,,,,,,,,,3594.83,2364.68,1.1104,0.1374,0,,,0,,0.2054,0.0694,panstarrs,,,,,,,,,,,1804.57,2924.78,bj2018,,,,,0.0,,0.0,0,,,,24.42544577925,53.36475507965,291.79666441921,21.59634479118,0.71150120734,1.47053437602,0,0,286338791
0.03619,J192825.22+173357.0,292.1051044,17.5658585,69827702,292.10510621478,17.56584859715,292.105,17.566,90.0,0,,,19282522+1733570,0,J192825.22+173357.0,4322983509418057344,0,0,STAR,tmgaia2,tmgaia2,-5.073,1.569,-3.236,1.682,gaia2,-0.0947,0.692,gaia2,19.439,0.161,,,,,,,,,,,,,11.003,0.02,8.539,0.026,7.313,0.026,AAA-211-111-0s0-0-0,6.622,0.038,6.536,0.02,6.363,0.022,6.042,0.067,19.0204,0.008748,18.59,0.6,goffs,gaia2,,,,,,,,,,,,,,,,2992.74,1922.45,1.2284,0.0833,0,,,0,,0.1122,0.0544,panstarrs,,,,,,,,,,,1430.77,2414.14,bj2018,,,,,0.0,,0.0,0,,bpbj,,24.6264913597,26.08337554023,292.10508330526,17.56583466425,0.74124820293,0.78815755186,0,0,289725492
1.160418,J192825.22+173357.0,292.1051044,17.5658585,1920838611,292.10482195713,17.56568131638,292.105,17.566,90.0,0,,,,0,,4322983509413214208,0,0,STAR,gaia2,gaia2,1.792,0.166,-4.599,0.161,gaia2,0.9899,0.1073,gaia2,,,17.758,0.049,,,,,,,,,,,,,,,,,,,,,,,,,,16.6863,0.002221,15.459,0.161,rered,gaia2,4559.0,126.0,,,,,2.051,,,,,,GIANT,,,995.37,112.202,0.8476,0.2902,0,,,0,,0.4079,0.1725,panstarrs,,,,,,,,,,,99.934,124.47,bj2018,,,dered,17.8966,0.012333,15.4493,0.015828,1,gaia2,,,2.6122375856,2.4907793812,292.10483004928,17.56566151724,0.08059147186,0.07929080998,0,0,290612539
0.1135,J192831.29+270244.7,292.1303787,27.0457667,111673036,292.13039465242,27.04579484483,292.13,27.046,90.0,0,,586-084745,19283130+2702447,0,J192831.29+270244.7,2025671572262186880,0,0,STAR,tmgaia2,tmgaia2,-3.501,0.145,-4.504,0.152,gaia2,-0.0088,0.0916,gaia2,17.362,0.163,16.018,0.252,,,,,,,,,,,8.63,0.027,7.585,0.02,7.184,0.027,AAA-111-111-000-0-0,7.011,0.039,7.062,0.02,6.298,0.014,5.327,0.031,12.8858,0.006921,11.17,0.012,rered,gaia2,,,,,,,,,,,,,,,,7911.17,3257.31,0.5104,0.0307,0,,,0,,0.0532,0.0081,panstarrs,,,,,,,,,,,2523.39,3991.23,bj2018,,,,15.8547,0.032865,11.3703,0.017942,1,ucac4,bpbj,,2.31942213298,2.36123090078,292.13037772738,27.04577545213,0.06236050187,0.07768889602,0,0,289775758
0.036334,J192840.51+013449.4,292.1687982,1.5803897,223881921,292.16880829253,1.5803894103,292.169,1.58,90.0,0,,458-100633,19284051+0134494,0,J192840.51+013449.4,4287920354185972992,37153543,0,STAR,tmgaia2,tmgaia2,-3.114,0.101,1.685,0.081,gaia2,0.1383,0.0605,gaia2,15.44,0.0,13.966,0.08,,,,,,,,,,,9.007,0.019,8.018,0.04,7.647,0.02,AAA-111-111-000-0-0,7.485,0.033,7.536,0.021,7.198,0.016,6.833,0.075,12.1299,0.00441,10.849,0.016,rered,gaia2,3630.0,123.0,,,,,102.836,,,,,,GIANT,,,5299.95,1669.76,0.3827,0.0369,0,,,0,,0.0686,0.0052,panstarrs,,,,,,,,,,,1270.55,2068.96,bj2018,,,dered,13.7462,0.026931,10.9099,0.010998,1,ucac4,apassdr9,,1.57057232656,1.25875400713,292.1687948804,1.58039666374,0.04914324439,0.04333328992,0,0,289874935
0.031601,J193241.20+275517.5,293.1716702,27.9215502,350945816,293.17167937045,27.92154682436,293.172,27.922,90.0,0,,,19324120+2755175,0,J193241.20+275517.5,2025353027473937792,0,0,STAR,tmgaia2,tmgaia2,,,,,,,,,14.392,0.165,,,,,,,,,,,,,9.163,0.025,8.141,0.04,7.68,0.018,AAA-211-111-000-0-0,7.49,0.03,7.496,0.02,6.573,0.016,5.702,0.041,14.0732,0.00594,12.564,0.009,gbprp,,,,,,,,,,,,,,,,,,,,,0,,,0,,,,,,,,,,,,,,,,,,,,,17.0907,0.048848,12.4701,0.019493,0,,bpbj,,0.056719748,0.08124880943,293.17167937045,27.92154682436,0.056719748,0.08124880943,0,0,300030475
2.00134,J193241.20+275517.5,293.1716702,27.9215502,1859702761,293.17105333625,27.92165961581,293.171,27.922,90.0,0,,,,0,,2025353027473937536,0,0,STAR,gaia2,gaia2,-3.292,0.209,-7.633,0.246,gaia2,0.3828,0.1419,gaia2,,,,,,,,,,,,,,,,,,,,,,,,,,,,,,17.7165,0.002436,17.287,0.6,goffs,gaia2,,,,,,,,,,,,,,,,2716.6,1588.95,0.1791,0.0355,0,,,0,,0.0123,0.0586,panstarrs,,,,,,,,,,,911.87,2266.04,bj2018,,,,,0.0,,0.0,0,,,,3.33893315171,3.81564279859,293.17103729619,27.92162675189,0.08753808099,0.1153446324,0,0,300319525
0.031234,J193301.14+091525.6,293.2547834,9.2571289,27720376,293.25478506385,9.25712038085,293.255,9.257,90.0,0,,,19330115+0915257,0,J193301.14+091525.6,4302358556764464768,40275865,0,STAR,tmgaia2,tmgaia2,,,,,,,,,,,,,,,,,,,,,,,8.963,0.024,7.886,0.033,7.42,0.023,AAA-111-111-000-0-0,7.189,0.042,7.384,0.02,6.888,0.018,6.433,0.061,13.6941,0.005027,12.155,0.008,gbprp,,,,,,,,,,,,,,,,,,,,,0,,,0,,,,,,,,,,,,,,,,,,,,,16.9485,0.031904,12.1126,0.016306,0,,,,0.10485448712,0.09811438407,293.25478506385,9.25712038085,0.10485448712,0.09811438407,0,0,300928662
0.106022,J193316.86+084621.6,293.3202788,8.7726934,375345689,293.32030036807,8.77271372191,293.32,8.773,90.0,0,,494-108540,19331686+0846215,0,J193316.86+084621.6,4296134260138512640,0,0,STAR,tmgaia2,tmgaia2,-3.618,0.163,-5.848,0.131,gaia2,0.2337,0.1012,gaia2,18.168,0.186,17.035,1.133,,,,,,,,,,,9.6,0.022,8.582,0.059,8.166,0.023,AAA-211-111-000-0-0,8.013,0.025,8.009,0.021,7.083,0.017,6.188,0.047,13.9647,0.008552,12.333,0.013,rered,gaia2,,,,,,,,,,,,,,,,3637.04,1422.77,0.291,0.035,0,,,0,,0.0247,0.0453,panstarrs,,,,,,,,,,,1009.86,1835.68,bj2018,,,,16.9881,0.042366,12.4409,0.023888,1,ucac4,bpbj,,2.53869649082,2.03303168305,293.32028460613,8.77268854121,0.07902547751,0.06843626053,0,0,302139742
2.148708,J193316.86+084621.6,293.3202788,8.7726934,1904904388,293.32065035714,8.7731639342,293.321,8.773,90.0,0,,,,0,,4296134260138512768,0,0,STAR,gaia2,gaia2,,,,,,,,,,,,,,,,,,,,,,,,,,,,,,,,,,,,,,19.0653,0.007148,18.635,0.6,goffs,,,,,,,,,,,,,,,,,,,,,0,,,0,,,,,,,,,,,,,,,,,,,,,,0.0,,0.0,0,,,,12.36235179485,8.9132582768,293.32065035714,8.7731639342,12.36235179485,8.9132582768,0,0,302766962
0.067548,J193535.54+232033.6,293.8981001,23.3426722,374619296,293.89808820203,23.34268745525,293.898,23.343,90.0,0,,,19353554+2320337,0,J193535.54+232033.6,2020990405858200448,0,0,STAR,tmgaia2,tmgaia2,,,,,,,,,,,,,,,,,,,,,,,8.589,0.021,7.288,0.021,6.772,0.018,AAA-111-111-000-0-0,6.483,0.079,6.479,0.022,6.031,0.016,5.131,0.036,13.6173,0.007928,11.988,0.01,gbprp,,,,,,,,,,,,,,,,,,,,,0,,,0,,,,,,,,,,,,,,,,,,,,,17.5433,0.045167,12.0261,0.021749,0,,,,0.0788489336,0.09447329763,293.89808820203,23.34268745525,0.0788489336,0.09447329763,0,0,307461326
0.011849,J193629.79+012019.4,294.1241488,1.3387245,214090822,294.12415097358,1.33872697226,294.124,1.339,90.0,0,,457-098336,19362979+0120194,0,J193629.79+012019.4,4239959931854819712,37166760,0,STAR,tmgaia2,tmgaia2,-3.177,0.127,-3.619,0.072,gaia2,0.3387,0.0778,gaia2,15.531,0.507,14.648,0.103,,,,,,,,,,,8.995,0.027,8.066,0.036,7.742,0.017,AAA-111-111-000-0-0,7.235,0.038,7.18,0.02,6.754,0.018,6.39,0.065,12.2812,0.011681,10.914,0.017,rered,gaia2,3452.0,132.0,,,,,60.005,,,,,,GIANT,,,2754.72,683.545,0.396,0.0304,0,,,0,,0.0244,0.0364,panstarrs,,,,,,,,,,,532.42,834.67,bj2018,,,dered,14.106,0.065868,10.986,0.029343,1,ucac4,apassdr9,,1.97662547929,1.12207370688,294.12413729303,1.33871139253,0.0613934193,0.04023380875,0,0,310672076
0.091349,J193910.66+054349.9,294.7944169,5.7305536,393147530,294.79442228039,5.73057840363,294.794,5.731,90.0,0,,479-104176,19391065+0543500,0,J193910.66+054349.9,4291664814069412992,39554603,0,STAR,tmgaia2,tmgaia2,-3.996,0.185,-8.173,0.141,gaia2,0.5684,0.1145,gaia2,15.848,0.063,14.465,0.092,,,,,,,,,,,7.911,0.032,6.902,0.023,6.534,0.02,AAA-111-111-000-0-0,6.422,0.075,6.459,0.023,6.26,0.016,5.964,0.044,11.7471,0.003654,10.239,0.008,rered,gaia2,3004.0,122.0,,,,,,,,,,,,,,1736.04,411.335,0.2924,0.0105,0,,,0,,0.0121,0.0089,panstarrs,,,,,,,,,,,321.53,501.14,bj2018,,,dered,14.2165,0.021141,10.3488,0.008413,1,ucac4,apassdr9,,2.87687187139,2.19217240421,294.79440498768,5.73054321342,0.08893647446,0.07017214095,0,0,317167669
0.08768,J193939.18+155733.6,294.9132771,15.9593368,402167577,294.91325249832,15.95933099393,294.913,15.959,90.0,0,,530-105052,19393918+1557336,0,J193939.18+155733.6,4318740249224954496,0,0,STAR,tmgaia2,tmgaia2,,,,,,,,,17.881,0.256,16.878,0.263,,,,,,,,,,,8.487,0.023,7.412,0.061,6.927,0.024,AAA-111-111-000-0-0,6.783,0.061,6.887,0.02,6.442,0.015,5.953,0.056,13.1848,0.003369,11.636,0.007,gbprp,,,,,,,,,,,,,,,,,,,,,0,,,0,,,,,,,,,,,,,,,,,,,,,16.5282,0.016914,11.6253,0.011857,0,ucac4,bpbj,,0.08281829035,0.07465607959,294.91325249832,15.95933099393,0.08281829035,0.07465607959,0,0,319260271
0.020245,J194052.69+294848.3,295.2195554,29.8134239,216218189,295.21955444908,29.81341833715,295.22,29.813,90.0,0,,600-091108,19405269+2948483,0,J194052.69+294848.3,2031682503600001920,0,0,STAR,tmgaia2,tmgaia2,-2.42,0.046,-5.204,0.057,gaia2,0.0645,0.0312,gaia2,16.937,0.062,15.819,1.03,,,,,,,,,,,12.886,0.025,12.082,0.026,11.657,0.02,AAA-222-111-000-0-0,10.866,0.024,10.312,0.021,7.884,0.019,6.291,0.05,15.606,0.001516,14.603,0.009,rered,gaia2,5383.0,126.0,,,,,18.079,,,,,,GIANT,,,9026.5,2355.05,0.7696,0.0105,0,,,0,,0.014,0.0069,schlegel,,,,,,,,,,,1881.01,2829.1,bj2018,,,dered,16.5387,0.006291,14.5771,0.009386,1,ucac4,bpbj,,0.74601722664,0.88669033907,295.21954244215,29.81339593226,0.02113689671,0.02901151009,0,0,322467875
2.086622,J194052.69+294848.3,295.2195554,29.8134239,1865728075,295.21958849497,29.81400280547,295.22,29.814,90.0,0,,,,0,,2031682503614185984,0,0,STAR,gaia2,gaia2,-2.107,0.077,-5.533,0.109,gaia2,0.4885,0.0556,gaia2,,,16.679,0.047,,,,,,,,,,,,,,,,,,,,,,,,,,16.4512,0.006153,15.896,0.009,gbprp,gaia2,,,,,,,,,,,,,,,,1958.33,224.85,0.1878,0.0342,0,,,0,,0.0522,0.0161,panstarrs,,,,,,,,,,,199.85,249.85,bj2018,,,,16.7448,0.019196,15.6637,0.020668,0,gaia2,,,1.23392512177,1.685841403,295.21957804083,29.81397898309,0.03549592385,0.04846906431,1,0,322895400
0.058346,J194251.30+253146.7,295.7137657,25.5296444,217241830,295.71375760129,25.52962993392,295.714,25.53,90.0,0,,,19425131+2531467,0,J194251.30+253146.7,2021622212704100608,0,0,STAR,tmgaia2,tmgaia2,,,,,,,,,,,,,,,,,,,,,,,10.447,0.02,8.915,0.022,8.2,0.019,AAA-222-111-000-0-0,7.822,0.024,7.86,0.019,7.264,0.018,6.434,0.055,16.1397,0.004476,14.566,0.009,gbprp,,,,,,,,,,,,,,,,,,,,,0,,,0,,,,,,,,,,,,,,,,,,,,,19.5335,0.048534,14.4425,0.009852,0,,,,0.16489211889,0.24015812522,295.71375760129,25.52962993392,0.16489211889,0.24015812522,0,0,327741297
0.093289,J194324.98+161923.7,295.8540991,16.3232717,342804530,295.85407501396,16.32328341317,295.854,16.323,90.0,0,,532-102941,19432498+1619238,0,J194324.98+161923.7,4318858863391850496,44337143,0,STAR,tmgaia2,tmgaia2,-2.449,0.029,-3.48,0.027,gaia2,0.5073,0.0207,gaia2,13.766,0.015,13.478,0.092,,,,,,,,,,,11.793,0.023,11.267,0.023,10.663,0.02,AAA-222-111-000-0-0,9.977,0.022,9.469,0.019,7.025,0.015,3.443,0.022,13.1441,0.001226,12.708,0.01,rered,gaia2,6975.0,139.0,3.4946,0.0892,,,3.665,0.201,1.53,0.251,0.0311,0.0075,DWARF,28.64315,2.89809,1866.48,72.76,0.2833,0.0117,4200,0.7122,,0,6e-06,0.0149,0.0085,panstarrs,0.216,0.285,0.235,0.168,0.0056,0.0094,0.0938,0.0847,3.22015,2.57603,69.98,75.54,bj2018,136.3,141.7,dered,13.4811,0.004332,12.6358,0.002923,1,ucac4,apassdr9,,0.45734284165,0.42353756125,295.85406402852,16.32326843023,0.01427893643,0.01326447214,1,0,328842538
0.557589,J194336.78+322520.6,295.9032823,32.4223905,72020273,295.90310573782,32.42243265295,295.903,32.422,90.0,0,,613-086369,19433674+3225206,0,J194336.78+322520.6,2034803536056458752,0,0,STAR,tmgaia2,tmgaia2,43.897,0.048,-5.464,0.055,gaia2,20.9409,0.0312,gaia2,12.592,0.043,11.058,0.023,,,,,,,,,,,8.826,0.024,8.188,0.026,8.082,0.018,AAA-111-111-000-0-0,7.97,0.024,7.957,0.02,7.834,0.019,7.248,0.102,10.691,0.002242,9.949,0.006,gbprp,gaia2,4305.0,125.1,4.6563,0.1001,,,0.637,0.057,0.67,0.078,2.5962,0.7904,DWARF,0.12543,0.00772,47.6876,0.0715,0.0,0.0,2893,3.8217,,0,0.000323,0.0,0.0,,0.083,0.073,0.053,0.061,0.6524,0.9284,0.1173,0.0829,0.00711,0.00833,0.0714,0.0715,bj2018,139.3,110.9,dered0,11.415,0.007882,9.89956,0.005995,1,ucac4,bpbj,,0.77846429275,0.85590835795,295.90332964283,32.42240912945,0.0228450974,0.02590323599,1,0,329755228
0.082344,J194615.93+281619.0,296.5664002,28.2719455,452026724,296.56641375019,28.27196501355,296.566,28.272,90.0,97281,2151-04277-1,592-097789,19461593+2816191,0,J194615.93+281619.0,2028294667765054464,0,0,STAR,tmgaia2,tmgaia2,-3.248,0.037,-5.702,0.049,gaia2,0.2922,0.0261,gaia2,10.522,0.066,10.19,0.03,,,,,,,,,,,9.182,0.024,9.015,0.03,8.761,0.018,AAA-122-111-000-0-0,8.435,0.023,8.176,0.019,7.467,0.018,6.645,0.069,9.99518,0.002376,9.725,0.049,rered,gaia2,8658.0,145.0,,,,,19.423,,,,,,GIANT,,,3119.9,260.42,0.3393,0.061,0,,,0,,0.0103,0.1117,panstarrs,,,,,,,,,,,239.34,281.5,bj2018,,,dered,10.2045,0.006794,9.63434,0.008489,1,hipvmag,tycho2b3,,0.59094060504,0.75708478882,296.56639787221,28.27194046125,0.01633446742,0.0232207538,0,0,336174858
0.057028,J194832.19+181203.6,297.1341462,18.2010119,391066940,297.13415357279,18.20102610868,297.134,18.201,90.0,97456,1619-01501-1,542-106356,19483219+1812036,0,J194832.19+181203.6,1821509378448652416,44366843,0,STAR,tmgaia2,tmgaia2,-0.341,0.062,-5.34,0.062,gaia2,0.3129,0.0417,gaia2,10.473,0.088,10.43,0.03,,,,,,,,,,,9.969,0.022,9.836,0.027,9.623,0.02,AAA-222-111-000-0-0,9.178,0.023,8.904,0.02,8.155,0.024,7.136,0.096,10.3503,0.000613,10.288,0.016,rered,gaia2,10799.0,136.0,,,,,10.18,,,,,,GIANT,,,2925.38,376.94,0.2172,0.0176,0,,,0,,0.0155,0.0198,panstarrs,,,,,,,,,,,330.82,423.06,bj2018,,,dered,10.4031,0.002009,10.1947,0.002024,1,hipvmag,apassdr9,,0.96613148044,0.95496813793,297.13415202626,18.2010031152,0.02958635333,0.03026455472,0,0,342085036
0.126417,J194841.87+292408.2,297.1744744,29.4022997,435521320,297.17448199717,29.40233418641,297.174,29.402,90.0,97472,2151-00313-1,598-099066,19484187+2924083,0,J194841.87+292408.2,2031738406897643776,0,0,STAR,tmgaia2,tmgaia2,1.272,0.045,-6.675,0.059,gaia2,1.0743,0.0326,gaia2,7.14,0.024,7.06,0.023,,,,,,,,,,,6.352,0.023,6.263,0.016,6.158,0.018,AAA-111-111-000-0-0,5.976,0.089,5.665,0.048,5.241,0.015,4.559,0.026,6.86554,0.001459,6.702,0.013,rered,gaia2,8888.0,137.0,,,,,19.487,,,,,,GIANT,,,907.534,27.0565,0.2061,0.0146,0,,,0,,0.0067,0.0225,panstarrs,,,,,,,,,,,26.265,27.848,bj2018,,,dered,6.99911,0.00509,6.63389,0.006004,1,sirful,tycho2b3,,0.72735627311,0.91485100633,297.17448828183,29.40230544515,0.02141147028,0.02680775411,0,0,342138736
0.055581,J194950.20+292757.8,297.4592026,29.4660785,435737309,297.45920114016,29.46606311335,297.459,29.466,90.0,0,,,19495022+2927580,0,J194950.20+292757.8,2031830486641680000,0,0,STAR,tmgaia2,tmgaia2,,,,,,,,,,,,,,,,,,,,,,,9.622,0.018,8.388,0.015,7.86,0.015,AAA-222-111-000-0-0,7.585,0.027,7.682,0.019,7.259,0.018,7.008,0.094,14.3491,0.003525,12.777,0.007,gbprp,,,,,,,,,,,,,,,,,,,,,0,,,0,,,,,,,,,,,,,,,,,,,,,17.8437,0.02663,12.7678,0.009863,0,,,,0.0886127696,0.1089675297,297.45920114016,29.46606311335,0.0886127696,0.1089675297,0,0,345125552
2.46364,J194950.20+292757.8,297.4592026,29.4660785,1866034686,297.45859563255,29.46651331541,297.459,29.467,90.0,0,,,,0,,2031830490984696960,0,0,STAR,gaia2,gaia2,,,,,,,,,,,,,,,,,,,,,,,,,,,,,,,,,,,,,,20.7334,0.019787,20.303,0.6,goffs,,,,,,,,,,,,,,,,,,,,,0,,,0,,,,,,,,,,,,,,,,,,,,,,0.0,,0.0,0,,,,1.63565103972,1.90242783202,297.45859563255,29.46651331541,1.63565103972,1.90242783202,0,0,345467111
0.067535,J195142.69+400317.5,297.9279108,40.0548789,170234196,297.92793119717,40.05488930046,297.928,40.055,90.0,0,3141-00183-1,651-079625,19514270+4003175,0,J195142.69+400317.5,2073664327103160960,0,4949194,STAR,tmgaia2,tmgaia2,0.809,0.277,-2.196,0.304,gaia2,0.7983,0.1727,gaia2,8.852,0.029,8.859,0.003,,,,,,,,,,,8.723,0.023,8.771,0.023,8.787,0.02,AAA-112-111-000-0-0,8.737,0.023,8.776,0.02,8.561,0.037,7.31,0.092,8.83813,0.000381,8.862,0.111,rered,gaia2,12159.0,131.0,,,,,,,,,,,,,,1295.1,398.44,0.1363,0.1285,0,,,0,,0.0426,0.2145,panstarrs,,,,,,,,,,,286.72,510.16,bj2018,,,dered,8.85927,0.001225,8.80612,0.00113,1,tycho2v3,tycho2b3,,4.57797927622,4.71592420158,297.92793574979,40.05487984404,0.12886900841,0.15537335219,0,0,349878459
0.094965,J195218.88+252404.4,298.0786798,25.4012278,11623786,298.07866889616,25.40125227114,298.079,25.401,90.0,0,,578-096991,19521888+2524045,0,J195218.88+252404.4,2026727004659808512,0,0,STAR,tmgaia2,tmgaia2,-3.233,0.051,-5.654,0.058,gaia2,0.2156,0.0362,gaia2,18.041,0.161,16.123,0.24,,,,,,,,,,,12.272,0.021,11.793,0.019,11.523,0.018,AAA-222-111-000-0-0,11.149,0.024,11.101,0.023,10.792,0.128,7.124,0.105,15.0663,0.003396,13.825,0.027,rered,gaia2,5693.0,135.0,,,,,15.751,,,,,,GIANT,,,4017.74,605.695,1.2085,0.0404,0,,,0,,0.0373,0.0435,panstarrs,,,,,,,,,,,521.46,689.93,bj2018,,,dered,16.3564,0.014575,13.9268,0.011154,1,ucac4,bpbj,,0.8097335851,0.89873821811,298.07865348607,25.4012279287,0.01709319343,0.02953154803,0,0,350754047
0.061364,J195221.76+184018.6,298.0906846,18.6718592,300061173,298.0906879813,18.67187594187,298.091,18.672,90.0,97796,1620-03737-1,544-109007,19522176+1840186,0,J195221.76+184018.6,1821596755283891840,44390746,0,STAR,tmgaia2,tmgaia2,-0.408,0.063,-10.245,0.066,gaia2,0.5342,0.0481,gaia2,6.192,0.022,6.249,0.023,,,,,,,,,,,6.11,0.024,6.166,0.047,6.154,0.016,AAA-111-111-000-0-0,6.127,0.094,5.973,0.038,5.909,0.015,5.42,0.038,6.17667,0.000811,6.205,0.018,rered,gaia2,12963.0,210.0,,,,,,,,,,,,,,1786.05,158.185,0.1565,0.02,0,,,0,,0.019,0.0211,panstarrs,,,,,,,,,,,144.57,171.8,bj2018,,,dered,6.18326,0.002474,6.1314,0.005102,1,sirful,tycho2b3,,0.99397060395,1.02616480827,298.09068612545,18.67183183146,0.03066552141,0.03292234847,0,0,350895996
0.574043,J195229.56+382320.2,298.1232056,38.3889504,170357336,298.12313416289,38.38909970192,298.123,38.389,90.0,0,,642-078280,19522955+3823207,0,J195229.56+382320.2,2072210502176607232,0,3267112,STAR,tmgaia2,tmgaia2,-1.616,0.055,-3.464,0.061,gaia2,0.1416,0.0326,gaia2,16.009,0.071,15.869,0.343,,,,,,,,,,,14.514,0.036,14.203,0.038,14.133,0.051,AAA-222-111-000-0-0,13.945,0.025,13.887,0.034,10.121,0.043,7.306,0.105,15.6456,0.004325,15.221,0.014,rered,gaia2,6986.0,151.0,3.5308,,,,3.516,,1.53,,0.0352,,DWARF,26.52244,,5783.57,1190.39,0.2694,0.0162,0,,,0,,0.0176,0.0149,panstarrs,,,,,,,,,,,970.91,1409.87,bj2018,,,dered,15.9603,0.016676,15.1363,0.015653,1,ucac4,bpbj,,0.90907422543,0.94391425908,298.12312528582,38.38908478554,0.0251866864,0.02967115045,1,0,351783647
1.921169,J195229.56+382320.2,298.1232056,38.3889504,1878801680,298.12264247349,38.38865045247,298.123,38.389,90.0,0,,,,0,,2072210502168273152,0,0,STAR,gaia2,gaia2,-3.59,0.546,-2.973,0.675,gaia2,-0.6582,0.2994,gaia2,,,,,,,,,,,,,,,,,,,,,,,,,,,,,,19.3173,0.003643,18.887,0.6,goffs,gaia2,,,,,,,,,,,,,,,,7601.59,3872.1,0.2798,0.0254,0,,,0,,0.0436,0.0072,panstarrs,,,,,,,,,,,3037.9,4706.31,bj2018,,,,,0.0,,0.0,0,,,,8.96681784717,10.47128125413,298.12262275504,38.38863765085,0.23681891014,0.27353305074,0,0,352394148
0.037271,J195336.22+401019.8,298.4009214,40.1721781,170740081,298.40092779276,40.17218722822,298.401,40.172,90.0,0,,651-080353,19533622+4010197,0,J195336.22+401019.8,2073575786370595456,0,5039392,STAR,tmgaia2,tmgaia2,-0.766,0.047,-5.473,0.05,gaia2,0.4253,0.031,gaia2,15.36,0.162,12.116,0.046,,,,,,,,,,,9.291,0.02,8.491,0.023,8.313,0.029,AAA-211-111-000-0-0,8.176,0.022,8.28,0.02,8.068,0.021,7.516,0.098,11.6054,0.000478,10.707,0.008,rered,spect,4339.3,57.5,,,-0.4559,0.0102,25.326,,,,,,GIANT,,,2211.77,155.86,0.2329,,0,,,0,,,,panstarrs,,,,,,,,,,,,,bj2018,,,spect,12.5082,0.00185,10.6811,0.001111,1,ucac4,bpbj,,0.77831808761,0.77405662678,298.40092347823,40.17216366568,0.02245698227,0.031027982,0,0,354570463
0.115839,J195533.41+250034.1,298.8892335,25.0094732,280593201,298.88922640277,25.00950472807,298.889,25.009,90.0,0,,576-097074,19553341+2500342,0,J195533.41+250034.1,1834493202017977984,0,0,STAR,tmgaia2,tmgaia2,-2.613,0.031,-6.387,0.033,gaia2,0.266,0.0223,gaia2,16.331,0.062,14.676,0.217,,,,,,,,,,,12.317,0.023,12.001,0.031,11.933,0.018,AAA-222-111-000-0-0,11.757,0.025,11.662,0.024,10.347,0.084,7.329,0.105,14.1991,0.000449,13.456,0.115,rered,gaia2,8084.0,123.0,,,,,7.396,,,,,,GIANT,,,3380.13,260.395,0.9678,0.1474,0,,,0,,0.1328,0.1619,panstarrs,,,,,,,,,,,241.0,279.79,bj2018,,,dered,14.8767,0.002235,13.3861,0.001554,1,ucac4,bpbj,,0.49420230815,0.5163149507,298.88921398844,25.00947722693,0.01263222263,0.01689668726,0,0,358060604
0.053569,J195837.70-034109.1,299.6571045,-3.6858704,252010511,299.65711182884,-3.68585744098,299.657,-3.686,90.0,0,,432-104278,19583770-0341090,0,J195837.70-034109.1,4221932240425940992,2557254,0,STAR,tmgaia2,tmgaia2,-0.249,0.209,-3.308,0.13,gaia2,0.5763,0.1206,gaia2,16.69,0.052,15.821,1.133,,,,,,,,,,,8.359,0.026,7.35,0.027,6.933,0.016,AAA-111-111-000-0-0,6.754,0.066,6.77,0.021,6.123,0.015,5.48,0.047,12.3969,0.003311,10.778,0.007,rered,gaia2,,,,,,,,,,,,,,,,1696.68,408.635,0.3836,0.0111,0,,,0,,0.0175,0.0047,panstarrs,,,,,,,,,,,319.18,498.09,bj2018,,,,15.1644,0.017232,10.918,0.008508,1,ucac4,apassdr9,,3.24572704819,2.01818706934,299.65711075378,-3.68587168243,0.10003602714,0.06503308042,0,0,1694536327
0.07184,J195912.40+423311.8,299.8016694,42.5533043,269145510,299.80169452706,42.55331175741,299.802,42.553,90.0,0,,663-085037,19591240+4233120,0,J195912.40+423311.8,2075501718417238400,0,7066537,STAR,tmgaia2,tmgaia2,-4.756,0.153,-6.188,0.157,gaia2,0.3083,0.0833,gaia2,17.25,0.216,15.541,0.08,,,,,,,,,,,8.275,0.06,7.156,0.042,6.776,0.023,AAA-111-111-000-0-0,6.581,0.072,6.652,0.022,6.237,0.015,5.818,0.044,12.4308,0.008005,10.815,0.015,rered,gaia2,,,,,,,,,,,,,,,,3045.64,935.935,0.3586,0.0445,0,,,0,,0.0604,0.0286,panstarrs,,,,,,,,,,,688.31,1183.56,bj2018,,,,15.2461,0.047477,10.9601,0.020963,1,ucac4,bpbj,,2.53848230746,2.43455607856,299.80166673158,42.55328511653,0.0694549821,0.07919957751,0,0,366501981
0.018133,J200145.46+384406.9,300.4394175,38.7352651,40102236,300.43941236219,38.73526204909,300.439,38.735,90.0,98612,3150-02857-1,644-082988,20014546+3844069,0,J200145.46+384406.9,2072419065786863232,0,3689777,STAR,tmgaia2,tmgaia2,2.797,0.075,0.264,0.087,gaia2,2.7086,0.0467,gaia2,7.819,0.025,7.87,0.03,,,,,,,,,,,7.871,0.021,7.949,0.016,7.955,0.019,AAA-112-111-000-0-0,7.925,0.024,7.978,0.02,7.814,0.019,7.055,0.071,7.83615,0.000463,7.899,0.006,rered,gaia2,10857.0,137.0,3.8816,,,,3.189,,2.823,,0.0871,,DWARF,127.27914,,365.479,6.285,0.0312,0.0142,0,,,0,,0.0137,0.0148,panstarrs,,,,,,,,,,,6.179,6.391,bj2018,,,dered,7.83186,0.001824,7.86988,0.002173,1,hipvmag,tycho2b3,,1.23680007645,1.35621543016,300.43942779869,38.73526318529,0.03534516124,0.04709469182,1,0,369913890
0.105136,J200225.52+354011.3,300.6063595,35.6698239,104909909,300.60634981618,35.66985202475,300.606,35.67,90.0,0,2682-00817-1,629-087986,20022552+3540114,0,J200225.52+354011.3,2059461424331468288,49982123,0,STAR,tmgaia2,tmgaia2,-3.659,0.039,-6.555,0.044,gaia2,0.5794,0.024,gaia2,11.174,0.09,10.525,0.006,,,,,,,,,,,9.08,0.021,8.926,0.016,8.85,0.017,AAA-222-111-000-0-0,8.723,0.022,8.752,0.019,8.279,0.023,4.918,0.03,10.3378,0.00104,9.911,0.03,rered,gaia2,12546.0,165.0,,,,,,,,,,,,,,1646.51,65.54,0.8314,0.0334,0,,,0,,0.0451,0.0218,panstarrs,,,,,,,,,,,62.98,68.1,bj2018,,,dered,10.7346,0.002664,9.78424,0.002831,1,tycho2v3,tycho2b3,,0.63165484706,0.68120878033,300.60633042261,35.66982380141,0.01762685822,0.02331718134,0,0,373155811
0.087985,J200336.35+310625.0,300.9014864,31.1069599,105899266,300.90146488671,31.10697596359,300.901,31.107,90.0,0,2670-01139-1,606-101859,20033635+3106250,0,J200336.35+310625.0,2030693561586426752,49735031,0,STAR,tmgaia2,tmgaia2,-0.194,0.042,-2.812,0.045,gaia2,0.4036,0.0288,gaia2,11.517,0.137,10.989,0.009,,,,,,,,,,,9.699,0.021,9.63,0.02,9.572,0.018,AAA-222-111-000-0-0,9.517,0.022,9.571,0.019,9.811,0.068,6.646,0.069,10.709,0.00111,10.372,0.016,rered,gaia2,10597.0,148.0,,,,,11.59,,,,,,GIANT,,,2315.59,158.375,0.6234,0.0182,0,,,0,,0.0265,0.0099,panstarrs,,,,,,,,,,,147.82,168.93,bj2018,,,dered,11.0071,0.003545,10.2561,0.003172,1,tycho2v3,tycho2b3,,0.66852193796,0.70155957284,300.90146391338,31.10696385723,0.019364748,0.02387077778,0,0,374714472
0.078731,J200341.08+270851.1,300.9211757,27.1475448,244322495,300.92119960266,27.14753971067,300.921,27.148,90.0,0,2149-00660-1,586-100213,20034109+2708511,0,J200341.08+270851.1,1835214928323080320,46954362,0,STAR,tmgaia2,tmgaia2,-2.817,0.05,-5.817,0.049,gaia2,0.3663,0.0333,gaia2,12.403,0.237,11.471,0.019,,,,,,,,,,,9.621,0.021,9.366,0.022,9.143,0.018,AAA-222-111-000-0-0,8.508,0.023,8.268,0.02,7.753,0.023,6.872,0.079,11.1824,0.001588,10.537,0.033,rered,gaia2,8625.0,128.0,,,,,18.593,,,,,,GIANT,,,2528.27,218.015,0.9046,0.0406,0,,,0,,0.055,0.0262,panstarrs,,,,,,,,,,,199.86,236.17,bj2018,,,dered,11.7731,0.004092,10.4578,0.00354,1,tycho2v3,tycho2b3,,0.8010427188,0.75467121714,300.92118597323,27.14751466582,0.01968782778,0.0228718002,0,0,374946954
0.071787,J200341.59+362532.0,300.9233112,36.42558,1966610641,300.92332080253,36.42559838316,300.923,36.426,90.0,0,,,,0,,2059915969321204736,0,0,STAR,gaia2,gaia2,-0.239,0.07,-5.782,0.077,gaia2,0.9586,0.0429,gaia2,,,8.14,0.046,,,,,,,,,,,,,,,,,,,,,,,,,,8.10729,0.002469,8.023,0.012,rered,gaia2,12571.0,308.0,,,,,,,,,,,,,,1015.33,44.643,0.3141,0.0112,0,,DUPLICATE,40478523,,0.0109,0.0116,schlegel,,,,,,,,,,,42.716,46.57,bj2018,,,dered,8.20398,0.007254,7.93212,0.006577,1,gaia2,,,1.14580319566,1.20000083513,300.9233195213,36.42557348749,0.03095214958,0.03994700342,0,0,375072779
0.071787,J200341.59+362532.0,300.9233112,36.42558,40478523,300.92332080253,36.42559838316,300.923,36.426,90.0,98778,2682-02966-1,633-091623,20034162+3625319,0,J200341.59+362532.0,2059915969321204736,49983348,700875,STAR,gaia2,gaia2,-0.239,0.07,-5.782,0.077,gaia2,0.9586,0.0429,gaia2,8.286,0.026,8.15,0.03,,,,,,,,,,,7.763,0.021,7.734,0.029,7.666,0.02,AAA-111-111-000-0-0,7.43,0.028,7.337,0.02,6.824,0.017,6.045,0.037,8.10729,0.002469,8.023,0.012,rered,gaia2,12571.0,308.0,,,,,,,,,,,,,,1015.33,44.643,0.3141,0.0112,0,,,0,,0.0109,0.0116,schlegel,,,,,,,,,,,42.716,46.57,bj2018,,,dered,8.20398,0.007254,7.93212,0.006577,1,hipvmag,tycho2b3,,1.14580319566,1.20000083513,300.9233195213,36.42557348749,0.03095214958,0.03994700342,0,0,375140552
0.060552,J200407.40+294105.9,301.0308674,29.6849988,244283435,301.03085850039,29.68498386237,301.031,29.685,90.0,0,,599-105199,20040740+2941061,0,J200407.40+294105.9,2029414348514299008,0,0,STAR,tmgaia2,tmgaia2,,,,,,,,,18.206,0.29,17.376,0.343,,,,,,,,,,,8.729,0.023,7.433,0.021,6.908,0.017,AAA-111-111-000-0-0,6.693,0.062,6.807,0.022,6.539,0.017,6.037,0.066,13.4504,0.002578,11.903,0.007,gbprp,,,,,,,,,,,,,,,,,,,,,0,,,0,,,,,,,,,,,,,,,,,,,,,16.799,0.020145,11.9075,0.009103,0,ucac4,bpbj,,0.06331125591,0.07559010788,301.03085850039,29.68498386237,0.06331125591,0.07559010788,0,0,375592746
0.142163,J200625.71+681727.6,301.6071488,68.2910261,269696438,301.60720169747,68.29106040142,301.607,68.291,90.0,99036,4446-01030-1,792-031990,20062574+6817278,0,J200625.71+681727.6,2249948927597309440,59671559,0,STAR,tmgaia2,tmgaia2,-6.477,0.06,-10.009,0.054,gaia2,2.5587,0.0287,gaia2,8.965,0.032,8.84,0.03,,,,,,,,,,,8.467,0.024,8.472,0.029,8.48,0.018,AAA-112-111-000-0-0,8.403,0.023,8.421,0.02,8.393,0.02,7.823,0.095,8.80335,0.000307,8.725,0.015,rered,gaia2,10133.0,282.0,3.9382,0.0639,,,2.867,0.069,2.6,0.35,0.1103,0.0178,DWARF,78.0662,8.4165,386.509,4.323,0.1981,0.0157,145,0.0726,,0,0.003037,0.0147,0.0167,panstarrs,0.302,0.399,0.058,0.079,0.0172,0.0184,0.068,0.0598,6.15051,10.6825,4.275,4.371,bj2018,262.3,301.7,dered,8.89819,0.002022,8.66997,0.001972,1,hipvmag,tycho2b3,,1.12617043525,0.84309198083,301.60712630631,68.29101730713,0.02983534781,0.02924372956,1,0,378949316
0.125186,J200641.03+421432.3,301.6709892,42.242306,185297576,301.67100696404,42.24233819116,301.671,42.242,90.0,0,,662-085105,20064104+4214324,0,J200641.03+421432.3,2074871801338131200,0,6820640,STAR,tmgaia2,tmgaia2,-5.776,0.037,-9.791,0.041,gaia2,0.4487,0.0223,gaia2,17.025,0.163,14.738,0.103,,,,,,,,,,,11.459,0.021,10.622,0.019,10.226,0.016,AAA-222-111-000-0-0,9.5,0.022,9.092,0.019,7.706,0.02,6.6,0.058,14.0442,0.001935,13.071,0.009,rered,gaia2,4254.0,124.0,,,,,9.387,,,,,,GIANT,,,2096.94,99.075,0.3308,0.0116,0,,,0,,0.0096,0.0137,panstarrs,,,,,,,,,,,94.49,103.66,bj2018,,,dered,15.0498,0.008719,13.0669,0.011755,1,ucac4,bpbj,,0.60843721003,0.63732213643,301.67097337124,42.2422960362,0.01697401143,0.02281604086,0,0,378839305
0.134696,J200647.51+415245.7,301.6979943,41.8793809,41536162,301.69799108028,41.87941823856,301.698,41.879,90.0,0,,,20064751+4152459,0,J200647.51+415245.7,2074811362555794816,0,6482221,STAR,tmgaia2,tmgaia2,-0.723,0.257,-4.046,0.263,gaia2,0.3353,0.1566,gaia2,,,18.658,0.049,,,,,,,,,,,15.766,0.065,14.74,0.053,14.61,0.116,AAB-222-111-000-0-0,13.892,0.029,13.333,0.029,9.926,0.076,6.354,0.066,18.0594,0.003885,17.146,0.036,rered,gaia2,4701.0,130.0,,,,,1.731,,,,,,GIANT,,,2918.32,1588.35,0.4268,0.0619,0,,,0,,0.051,0.0727,panstarrs,,,,,,,,,,,994.21,2182.49,bj2018,,,dered,18.9166,0.021187,17.1043,0.013671,1,gaia2,,,4.27381725425,4.07442920309,301.69798689889,41.87940081884,0.1065335721,0.13642764413,0,0,378737599
0.337421,J201032.79+424710.1,302.6366424,42.7861514,185771463,302.6365148108,42.78615553381,302.637,42.786,90.0,0,,,20103276+4247099,0,J201032.79+424710.1,2074945533027152256,0,7245701,STAR,tmgaia2,tmgaia2,-2.913,2.259,-13.489,2.259,hsoy,,,,20.58,0.198,20.467,0.086,,,,,,,,,,,16.234,0.108,15.199,0.095,14.872,0.113,AAB-222-111-000-0-0,14.171,0.047,14.218,0.046,10.126,0.394,7.44,0.107,19.2107,0.010216,18.091,0.02,gbprp,,,,,,,,,,,,,,DWARF,,,,,,,0,,,0,,,,,,,,,,,,,,,,,,,,,20.4492,0.075217,17.7948,0.018301,0,gaia2,bpbj,,37.60889005496,35.02069349585,302.63649772384,42.78609745703,0.49442979042,0.6247754123,0,0,384774268
0.02352,J201033.47+342310.0,302.6394868,34.3861145,92055115,302.63948250546,34.38610901133,302.639,34.386,90.0,0,,,20103348+3423100,0,J201033.47+342310.0,2055713532784198016,0,0,STAR,tmgaia2,tmgaia2,,,,,,,,,,,,,,,,,,,,,,,10.097,0.019,8.634,0.015,7.975,9.998,AAF-221-111-000-0-0,7.65,0.025,7.798,0.02,7.393,0.02,6.676,0.097,15.1498,0.001625,13.58,0.007,gbprp,,,,,,,,,,,,,,,,,,,,,0,,,0,,,,,,,,,,,,,,,,,,,,,18.6339,0.023838,13.5789,0.006288,0,,,,0.08280269226,0.11926226017,302.63948250546,34.38610901133,0.08280269226,0.11926226017,0,0,384736845
0.034523,J201245.10+472341.4,303.1879481,47.3948347,186137970,303.18795072241,47.3948252759,303.188,47.395,90.0,99599,3563-02312-1,687-077905,20124513+4723413,0,J201245.10+472341.4,2084134705758394112,53770986,10311340,STAR,tmgaia2,tmgaia2,0.074,0.055,-0.993,0.055,gaia2,0.7949,0.0358,gaia2,11.332,0.052,10.99,0.03,,,,,,,,,,,8.941,0.024,8.226,0.02,7.99,0.02,AAA-111-111-000-0-0,7.822,0.025,7.888,0.019,7.727,0.018,7.219,0.08,10.8749,0.018288,10.28,0.022,rered,gaia2,5671.0,178.0,,,,,9.667,,,,,,GIANT,,,1216.72,53.495,0.2246,0.0178,0,,,0,,0.0151,0.0204,panstarrs,,,,,,,,,,,51.19,55.8,bj2018,,,dered,11.2702,0.025077,10.1224,0.033714,1,hipvmag,apassdr9,,0.93412504942,0.846145278,303.18795119525,47.3948210022,0.02681192646,0.03231197289,0,0,387481607
0.049088,J201409.95+313816.4,303.5414657,31.6379102,380413183,303.54145013253,31.63791340394,303.541,31.638,90.0,0,2671-01256-1,609-101901,20140994+3138165,0,J201409.95+313816.4,2054082368607270784,48717075,0,STAR,tmgaia2,tmgaia2,-2.401,0.06,-2.299,0.064,gaia2,0.8423,0.0418,gaia2,11.83,0.199,11.78,0.019,,,,,,,,,,,10.634,0.023,10.557,0.03,10.503,0.02,AAA-222-111-000-0-0,10.449,0.022,10.427,0.02,10.612,0.235,7.212,0.097,11.3638,0.000981,11.122,0.043,rered,gaia2,9585.0,712.8,3.7145,0.0843,,,3.593,0.182,2.44,0.398,0.0526,0.0122,DWARF,98.18466,32.71545,1150.48,56.725,0.398,0.0535,414,0.1089,,0,1.8e-05,0.0438,0.0632,panstarrs,0.279,0.517,0.166,0.199,0.0076,0.0168,0.0957,0.073,27.179,38.2519,53.98,59.47,bj2018,578.6,847.0,dered,11.5615,0.002033,11.0222,0.001406,1,tycho2v3,tycho2b3,,0.96535064469,0.99725448038,303.54143799127,31.63790350495,0.02554558732,0.03408842998,1,0,390166463
0.030332,J201615.07+260116.5,304.0628034,26.0212696,243051939,304.06280247236,26.02127798418,304.063,26.021,90.0,0,,581-101294,20161507+2601166,0,J201615.07+260116.5,1835455549575860352,46963800,0,STAR,tmgaia2,tmgaia2,-3.235,0.1,-5.816,0.091,gaia2,0.2901,0.0686,gaia2,18.279,0.185,15.311,0.126,,,,,,,,,,,9.729,0.021,8.667,0.02,8.262,0.017,AAA-212-111-000-0-0,8.099,0.023,8.251,0.02,7.123,0.016,6.211,0.043,13.6001,0.006723,12.005,0.021,rered,gaia2,3224.0,124.0,,,,,,,,,,,,,,3051.04,685.675,0.6031,0.0582,0,,,0,,0.0808,0.0356,panstarrs,,,,,,,,,,,551.17,820.18,bj2018,,,dered,15.9579,0.038083,12.2126,0.018187,1,ucac4,bpbj,,1.58880369969,1.41360248977,304.06278697458,26.02125294105,0.03915145206,0.04645535972,0,0,392657523
0.104866,J201618.61+461638.9,304.0775751,46.2774772,416959770,304.07760438998,46.27745625514,304.078,46.277,90.0,0,,,20161861+4616388,0,J201618.61+461638.9,2081778688552398336,0,0,STAR,tmgaia2,tmgaia2,-3.219,0.207,-6.7,0.173,gaia2,0.4687,0.0947,gaia2,19.517,0.17,17.963,0.049,,,,,,,,,,,14.908,0.042,14.484,0.065,14.015,0.058,AAA-222-111-000-0-0,13.966,0.03,13.941,0.036,11.065,0.422,7.787,0.105,17.3124,0.00357,16.344,0.017,rered,gaia2,5449.0,143.0,3.927,,,,1.755,,0.95,,0.1756,,DWARF,2.44756,,2066.55,477.405,0.7346,0.0244,0,,,0,,0.0225,0.0262,panstarrs,,,,,,,,,,,376.19,578.62,bj2018,,,dered,18.2114,0.021201,16.3197,0.01643,1,gaia2,bpbj,,3.48544641094,2.68087117008,304.07758433754,46.27742740585,0.09150247865,0.07864064307,1,0,392802341
0.385119,J201635.52+470123.2,304.1480333,47.0231354,416968309,304.14806040538,47.02324076959,304.148,47.023,90.0,0,,,20163551+4701236,0,J201635.52+470123.2,2084055811491788928,0,0,STAR,tmgaia2,tmgaia2,-3.311,0.269,-5.087,0.286,gaia2,-0.1922,0.1433,gaia2,20.135,0.096,18.936,0.054,,,,,,,,,,,16.096,0.076,15.38,0.121,15.148,0.14,ABB-222-111-000-0-0,14.846,0.034,15.165,0.069,9.843,0.085,7.738,0.099,18.3113,0.005942,17.363,0.009,rered,gaia2,5406.0,167.0,,,,,3.641,,,,,,GIANT,,,7025.17,2800.2,0.6929,0.0045,0,,,0,,0.0079,0.0011,schlegel,,,,,,,,,,,2247.67,3352.73,bj2018,,,dered,19.1757,0.03767,17.3232,0.017038,1,gaia2,bpbj,,4.54111036334,4.43219110406,304.14803949201,47.02321886672,0.11864878428,0.14723185081,0,0,392809181
0.050969,J201701.99+373634.0,304.258322,37.6094547,12018077,304.25833735263,37.60944745203,304.258,37.609,90.0,0,,639-088333,20170199+3736340,0,J201701.99+373634.0,2060667691656973056,50529898,0,STAR,tmgaia2,tmgaia2,-2.416,0.028,-4.048,0.032,gaia2,0.2505,0.0188,gaia2,15.283,0.052,14.283,0.103,,,,,,,,,,,12.189,0.021,11.92,0.019,11.807,0.019,AAA-222-111-0s0-0-0,11.625,0.025,11.502,0.025,10.441,0.078,7.076,0.073,13.9576,0.001877,13.3,0.013,rered,gaia2,6876.0,126.0,,,,,7.331,,,,,,GIANT,,,3562.24,242.53,0.5978,0.0165,0,,,0,,0.0087,0.0242,panstarrs,,,,,,,,,,,226.54,258.52,bj2018,,,dered,14.5113,0.006335,13.2284,0.006066,1,ucac4,apassdr9,,0.46579572346,0.49366269087,304.25832422159,37.60943002172,0.01311527855,0.01758189992,0,0,393625256
0.084038,J201719.79+355642.8,304.3324917,35.9452427,416708814,304.33251759627,35.94525296645,304.332,35.945,90.0,0,,,20171980+3556428,0,J201719.79+355642.8,2057424334199634304,0,0,STAR,tmgaia2,tmgaia2,-7.338,2.672,-0.123,2.672,hsoy,,,,,,,,,,,,,,,,,,13.253,0.028,11.718,0.024,10.612,0.026,AAA-222-111-000-0-0,9.39,0.023,8.606,0.019,6.969,0.018,5.293,0.038,18.15,0.02698,16.9,0.032,gbprp,,,,,,,,,,,,,,GIANT,,,,,,,0,,,0,,,,,,,,,,,,,,,,,,,,,19.8184,0.154273,16.6403,0.084679,0,,,,43.53654830803,41.41234944902,304.33247856836,35.94525243829,0.18686197778,0.21039318758,0,0,393939095
1.91357,J201719.79+355642.8,304.3324917,35.9452427,1965436532,304.33279068042,35.94476946126,304.333,35.945,90.0,0,,,,0,,2057424338499555200,0,0,STAR,gaia2,gaia2,-6.665,0.794,-6.087,0.65,gaia2,0.3029,0.4464,gaia2,,,,,,,,,,,,,,,,,,,,,,,,,,,,,,19.538,0.010684,18.324,0.016,gbprp,gaia2,,,,,,,,,,,,,,,,2528.58,1627.85,0.8437,0.3586,0,,,0,,0.465,0.2522,panstarrs,,,,,,,,,,,1135.7,2120.0,bj2018,,,,20.9057,0.112965,17.8823,0.066823,0,,,,12.93454957436,10.08798823665,304.33275523389,35.94474325421,0.32672344893,0.34146535641,0,0,394457467
0.06121,J201834.12+402504.4,304.6421904,40.4179036,12367674,304.64220623393,40.41791559038,304.642,40.418,90.0,0,,653-092260,20183413+4025044,0,J201834.12+402504.4,2062293834983003904,51797175,0,STAR,tmgaia2,tmgaia2,-2.471,0.767,-5.777,0.768,hsoy,,,,13.724,0.162,11.285,0.034,,,,,,,,,,,8.172,0.027,7.747,0.031,7.541,0.02,AAA-111-111-000-0-0,7.365,0.028,7.366,0.02,7.203,0.022,6.826,0.094,10.6971,0.002257,9.78,0.006,gbprp,,,,,,,,,,,,,,GIANT,,,,,,,0,,,0,,,,,,,,,,,,,,,,,,,,,11.6949,0.007,9.70598,0.006585,0,ucac4,bpbj,,12.67113708721,11.90081985625,304.64219225926,40.41789071753,0.19169574712,0.22548662453,0,0,394762302
0.263427,J202014.68+210610.1,305.0612012,21.1028264,288838566,305.06120793751,21.10289930381,305.061,21.103,90.0,0,1643-01764-1,556-116187,20201469+2106104,0,J202014.68+210610.1,1829046152689890560,45234059,0,STAR,tmgaia2,tmgaia2,-1.045,2.146,-6.497,1.686,tgas,,,,11.274,0.153,11.223,0.015,,,,,,,,,,,10.315,0.021,10.113,0.027,9.811,0.022,AAA-222-111-000-0-0,9.488,0.023,9.091,0.02,7.872,0.024,6.747,0.081,11.1817,0.009324,11.058,0.011,gbprp,splin,7236.0,,,,,,1.777,,,,,,DWARF,,,430.41,,,,1144,0.2008,,0,4.7e-05,,,,,,,,,,,,,,,,,,,dered,11.096,0.024687,10.8409,0.022748,0,tycho2v3,tycho2b3,,33.84061578636,26.13021595524,305.06120311675,21.10287132924,0.02197675787,0.01764152389,1,0,397207674
0.081967,J202048.83+374548.7,305.2034756,37.7635459,13127335,305.20350380515,37.76354129137,305.203,37.764,90.0,0,,639-089599,20204883+3745488,0,J202048.83+374548.7,2060989985991209472,50536381,0,STAR,tmgaia2,tmgaia2,-2.423,0.027,-4.353,0.026,gaia2,0.7707,0.0169,gaia2,14.747,0.06,13.933,0.103,,,,,,,,,,,11.418,0.043,10.667,,9.861,0.016,AUA-262-201-c00-0-0,9.036,0.022,8.491,0.019,6.586,0.015,5.106,0.032,13.4745,0.001155,12.761,0.015,rered,gaia2,6412.0,150.5,3.4361,0.0873,,,3.6,0.175,1.29,0.194,0.0277,0.0063,DWARF,19.73617,1.51322,1250.97,26.64,0.5766,0.0194,690,0.1883,,0,8e-06,0.0143,0.0246,panstarrs,0.152,0.236,0.144,0.205,0.0056,0.0069,0.0796,0.095,1.562,1.46444,26.08,27.2,bj2018,131.6,169.5,dered,14.0908,0.004324,12.7061,0.00307,1,ucac4,apassdr9,,0.43771032739,0.40237048435,305.20349060693,37.76352254726,0.01207578345,0.01357871527,1,0,397003888
0.026133,J202129.12+341207.2,305.3713673,34.2020209,135965912,305.3713760249,34.20202168996,305.371,34.202,90.0,0,,,20212913+3412073,0,J202129.12+341207.2,2056266037364603392,0,0,STAR,tmgaia2,tmgaia2,,,,,,,,,,,,,,,,,,,,,,,10.818,0.02,9.433,0.022,8.879,0.021,AAA-222-111-000-0-0,8.441,0.022,8.32,0.02,7.677,0.02,6.969,0.109,15.4324,0.007633,13.934,0.011,gbprp,,,,,,,,,,,,,,,,,,,,,0,,,0,,,,,,,,,,,,,,,,,,,,,18.459,0.061678,13.9153,0.022007,0,,,,0.0679676622,0.09583011623,305.3713760249,34.20202168996,0.0679676622,0.09583011623,0,0,398175353
0.011661,J202226.35+474717.0,305.6098268,47.7880692,193334384,305.60983096066,47.78806756336,305.61,47.788,90.0,0,,,20222635+4747171,0,J202226.35+474717.0,2083458265590447488,0,0,STAR,tmgaia2,tmgaia2,,,,,,,,,18.905,0.209,,,,,,,,,,,,,9.889,0.019,8.751,0.017,8.225,0.018,AAA-222-111-bb0-0-0,8.306,0.023,7.79,0.02,6.85,0.017,6.147,0.035,15.1348,0.055434,13.495,0.059,gbprp,,,,,,,,,,,,,,,,,,,,,0,,,0,,,,,,,,,,,,,,,,,,,,,19.1547,0.30553,13.5539,0.144945,0,,bpbj,,0.10029151137,0.1175184207,305.60983096066,47.78806756336,0.10029151137,0.1175184207,0,0,399238957
0.07756,J202348.86+392910.0,305.9535873,39.4861359,14213808,305.95361112801,39.48614712363,305.954,39.486,90.0,0,,,20234886+3929101,0,J202348.86+392910.0,2067246344586077440,50540270,0,STAR,tmgaia2,tmgaia2,-3.278,0.056,-5.797,0.057,gaia2,0.6149,0.0348,gaia2,,,16.49,0.05,,,,,,,,,,,13.283,0.022,12.29,0.017,11.23,0.018,AAA-222-111-000-0-0,10.101,0.023,9.507,0.021,7.016,0.022,4.962,0.032,15.9041,0.006629,14.988,0.204,rered,gaia2,6608.0,166.0,3.9164,,,,2.142,,1.38,,0.1405,,DWARF,7.88036,,1554.65,86.31,0.9303,0.2891,0,,,0,,0.0864,0.4919,panstarrs,,,,,,,,,,,81.63,90.99,bj2018,,,dered,16.7469,0.02525,14.9553,0.019161,1,gaia2,,,0.92564936501,0.88400827565,305.95359284194,39.48612216575,0.02614665564,0.0322188846,1,0,400171026
0.043381,J202502.83+320536.3,306.261811,32.0934193,406200512,306.26179680396,32.09342005295,306.262,32.093,90.0,0,,,20250282+3205363,0,J202502.83+320536.3,1862182581299687424,0,0,STAR,tmgaia2,tmgaia2,,,,,,,,,18.99,0.223,,,,,,,,,,,,,9.813,0.021,8.592,0.04,8.073,0.02,AAA-211-111-000-0-0,7.867,0.025,7.932,0.019,7.583,0.019,7.152,0.102,14.1941,0.004193,12.702,0.008,gbprp,,,,,,,,,,,,,,,,,,,,,0,,,0,,,,,,,,,,,,,,,,,,,,,17.2058,0.028584,12.6985,0.012011,0,,bpbj,,0.05512043788,0.06886023502,306.26179680396,32.09342005295,0.05512043788,0.06886023502,0,0,402432403
0.115706,J203147.88+461150.3,307.9495213,46.1973252,188194713,307.94955079309,46.19735002474,307.95,46.197,90.0,0,,681-083457,20314789+4611504,0,J203147.88+461150.3,2071395484855901056,53790858,0,STAR,tmgaia2,tmgaia2,-3.8,0.049,-5.541,0.044,gaia2,0.3278,0.026,gaia2,14.651,0.072,13.329,0.069,,,,,,,,,,,10.947,0.023,10.662,0.023,10.51,0.022,AAA-222-111-000-0-0,10.415,0.023,10.431,0.02,10.544,0.077,7.624,0.105,12.923,0.000329,12.164,0.033,rered,gaia2,11591.0,144.0,,,,,10.793,,,,,,GIANT,,,2800.28,208.385,1.3032,0.0384,0,,,0,,0.0458,0.0309,panstarrs,,,,,,,,,,,193.35,223.42,bj2018,,,dered,13.6711,0.002329,12.0702,0.000982,1,ucac4,apassdr9,,0.83091434625,0.67850204771,307.94952715608,46.19732616904,0.02510291924,0.02388247237,0,0,407926791
0.044322,J203220.57+345158.6,308.0857351,34.8662873,312895127,308.08573915163,34.86627544562,308.086,34.866,90.0,0,,625-097656,20322058+3451586,0,J203220.57+345158.6,2056510369460785408,0,0,STAR,tmgaia2,tmgaia2,,,,,,,,,17.866,0.28,17.062,0.092,,,,,,,,,,,8.4,0.018,7.095,0.021,6.529,0.016,AAA-111-111-000-0-0,6.249,0.099,6.22,0.027,5.945,0.016,5.576,0.039,13.2652,0.00301,11.683,0.007,gbprp,,,,,,,,,,,,,,,,,,,,,0,,,0,,,,,,,,,,,,,,,,,,,,,16.8456,0.023524,11.693,0.00957,0,ucac4,bpbj,,0.07592756403,0.10634935203,308.08573915163,34.86627544562,0.07592756403,0.10634935203,0,0,408882626
0.061756,J203256.95+471626.8,308.237304,47.2741333,188362148,308.23727886785,47.27413142846,308.237,47.274,90.0,0,,,20325694+4716269,0,J203256.95+471626.8,2071593538691191168,0,0,STAR,tmgaia2,tmgaia2,,,,,,,,,,,,,,,,,,,,,,,9.729,0.023,8.221,0.018,7.608,0.02,AAA-211-111-000-0-0,7.268,0.037,7.362,0.02,7.082,0.019,6.602,0.064,14.6872,0.00224,13.105,0.007,gbprp,,,,,,,,,,,,,,,,,,,,,0,,,0,,,,,,,,,,,,,,,,,,,,,18.2661,0.025396,13.1116,0.00821,0,,,,0.09106483671,0.10047154123,308.23727886785,47.27413142846,0.09106483671,0.10047154123,0,0,408823350
0.048518,J203519.25+452714.8,308.8302143,45.4541138,188736321,308.83022777461,45.45412340688,308.83,45.454,90.0,0,,678-087304,20351925+4527149,0,J203519.25+452714.8,2071114701377682816,0,0,STAR,tmgaia2,tmgaia2,-1.952,0.142,-3.747,0.158,gaia2,0.1066,0.0799,gaia2,,,17.626,1.133,,,,,,,,,,,10.37,0.02,9.007,0.023,8.475,0.018,AAA-222-111-000-0-0,8.037,0.02,8.168,0.018,7.906,0.02,7.341,0.102,14.8904,0.001167,12.991,0.034,rered,gaia2,3289.0,123.0,,,,,,,,,,,,,,4846.25,1490.72,1.1055,0.0999,0,,,0,,0.0393,0.1605,panstarrs,,,,,,,,,,,1179.17,1802.27,bj2018,,,dered,17.7014,0.018559,13.4095,0.003348,1,ucac4,,,2.39554217675,2.45680750707,308.83021579225,45.45410727336,0.06778636787,0.08172053668,0,0,411433847
0.071717,J203553.17+431315.0,308.9715742,43.220848,188844605,308.97154701441,43.22084590153,308.972,43.221,90.0,0,,,20355317+4313150,1237663144246968976,J203553.17+431315.0,2069723819159596416,0,0,STAR,tmgaia2,tmgaia2,-1.118,0.687,-3.984,0.612,gaia2,0.1978,0.4041,gaia2,,,,,23.47,0.707,25.012,1.123,21.609,0.086,19.161,0.016,17.189,0.015,13.815,0.025,12.038,0.024,10.801,0.016,AAA-222-111-000-0-0,9.442,0.021,8.782,0.019,6.187,0.019,3.979,0.033,19.591,0.010953,17.675,0.222,rered,gaia2,3681.0,150.0,,,,,4.7,,,,,,GIANT,,,2252.74,1208.48,1.3821,0.5431,0,,,0,,0.4605,0.6257,schlegel,,,,,,,,,,,877.09,1539.88,bj2018,,,dered,21.9775,0.13435,17.9126,0.028211,1,,,,11.45770842897,9.48458343794,308.97154041001,43.22082874837,0.31651363538,0.3409987586,0,0,411457949
0.070037,J203633.18+282140.9,309.138281,28.361375,243433305,309.13830310844,28.36137505594,309.138,28.361,90.0,0,,,20363318+2821410,0,J203633.18+282140.9,1857303017408052608,0,0,STAR,tmgaia2,tmgaia2,-11.852,2.151,15.474,2.151,hsoy,,,,15.652,0.059,19.001,0.049,,,,,,,,,,,14.51,,14.362,0.101,13.809,0.069,UAA-022-011-000-0-0,12.545,0.023,11.813,0.022,8.556,0.023,6.342,0.046,18.5985,0.008808,17.875,0.012,gbprp,,,,,,,,,,,,,,DWARF,,,,,,,0,,,0,,,,,,,,,,,,,,,,,,,,,18.4137,0.027186,16.9433,0.014134,0,gaia2,bpbj,,34.38396055241,33.33436914507,309.13824512035,28.36144168098,0.20665477096,0.23722852781,1,0,412335947
1.455317,J203633.18+282140.9,309.138281,28.361375,10000142837,309.138428,28.360992,0.0,0.0,90.0,0,,,20363322+2821395,1237674895272775894,,0,0,0,EXTENDED,,2MASSEXT,,,,,,,,,,,,,18.888,0.039,17.864,0.007,17.03,0.006,16.494,0.005,16.045,0.005,13.939,,13.487,,13.197,,,,,,,,,,,,,14.868,0.17,tor_j,,,,,,,,,,,,,,,,,,,,,0,,,0,,,,,,,,,,,,,,,,,,,,,,,,,0,,,,,,,,,,0,0,1726346053
0.068734,J203732.75+461923.2,309.3864692,46.3231186,189120149,309.38648301003,46.32310205991,309.386,46.323,90.0,0,,682-082348,20373276+4619231,0,J203732.75+461923.2,2071259768192342272,53794186,0,STAR,tmgaia2,tmgaia2,-4.385,0.051,-0.094,0.045,gaia2,0.5968,0.0251,gaia2,13.713,0.026,12.851,0.08,,,,,,,,,,,10.987,0.02,10.688,0.018,10.529,0.018,AAA-222-111-000-0-0,10.432,0.022,10.447,0.02,9.743,0.06,7.648,0.109,12.5271,0.00516,11.879,0.034,rered,gaia2,6057.0,146.0,,,,,6.381,,,,,,GIANT,,,1599.66,64.72,0.3951,0.0491,0,,,0,,0.0201,0.0781,panstarrs,,,,,,,,,,,62.15,67.29,bj2018,,,dered,13.086,0.020966,11.8338,0.01234,1,ucac4,apassdr9,,0.86322285107,0.70000914913,309.38645567264,46.32310165681,0.02276526409,0.02280893291,0,0,413148192
0.139826,J204142.75+463029.3,310.4281404,46.5081552,195689667,310.42818711563,46.50817699084,310.428,46.508,90.0,0,,683-086350,20414276+4630294,0,J204142.75+463029.3,2166605533908798976,53796720,0,STAR,tmgaia2,tmgaia2,-2.179,0.036,-4.142,0.033,gaia2,0.4492,0.0209,gaia2,14.966,0.022,14.125,0.069,,,,,,,,,,,12.756,0.023,12.549,0.026,12.454,0.023,AAA-222-111-000-0-0,12.365,0.025,12.479,0.028,10.508,0.243,7.817,0.104,13.9565,0.000342,13.484,0.112,rered,gaia2,7463.0,122.0,3.7076,,,,3.032,,1.71,,0.0614,,DWARF,25.69217,,2092.2,92.045,0.4415,0.1487,0,,,0,,0.1461,0.1513,panstarrs,,,,,,,,,,,88.09,96.0,bj2018,,,dered,14.3422,0.00171,13.4091,0.001175,1,ucac4,apassdr9,,0.60393933464,0.50821546461,310.42817348157,46.50815915783,0.01749723532,0.01743241451,1,0,416340824
0.223534,J204336.46+445505.3,310.9019305,44.9181561,196054579,310.90200394292,44.9181221754,310.902,44.918,90.0,0,3178-00510-1,675-089088,20433647+4455052,1237662786151318205,J204336.46+445505.3,2070186369963278080,52529005,0,STAR,tmgaia2,tmgaia2,-3.311,0.047,-4.919,0.042,gaia2,0.3127,0.0266,gaia2,11.783,0.15,10.882,0.012,14.08,0.004,14.305,0.008,13.81,0.008,13.049,0.007,9.742,0.001,8.144,0.029,7.711,0.018,7.461,0.017,AAA-111-111-000-0-0,7.053,0.036,7.009,0.02,6.611,0.019,5.923,0.081,10.3395,0.001486,9.481,0.104,rered,gaia2,7415.0,124.0,,,,,46.292,,,,,,GIANT,,,2908.63,228.835,1.0156,0.1392,0,,,0,,0.1378,0.1407,panstarrs,,,,,,,,,,,211.49,246.18,bj2018,,,dered,11.1503,0.004346,9.45395,0.003259,1,tycho2v3,tycho2b3,,0.79575986349,0.64459068601,310.9019838087,44.91810099689,0.0235037505,0.02347863589,0,0,417977193
0.158855,J204531.80+622345.4,311.3825057,62.3959539,372642120,311.38248017207,62.39591138864,311.383,62.396,90.0,102445,4250-01036-1,762-057104,20453177+6223453,0,J204531.80+622345.4,2195215066970116992,58724668,0,STAR,tmgaia2,tmgaia2,7.764,0.268,8.073,0.234,gaia2,2.6758,0.1002,gaia2,7.865,0.0,7.93,0.03,,,,,,,,,,,7.6,0.019,7.606,0.033,7.613,0.018,AAA-111-111-000-0-0,7.551,0.031,7.606,0.02,7.587,0.016,7.13,0.074,7.88288,0.000618,7.838,0.006,rered,gaia2,10553.0,620.2,3.6877,0.0874,,,3.918,0.202,2.728,0.408,0.0454,0.0108,DWARF,171.54372,38.9001,370.549,13.8905,0.1778,0.0324,339,0.0218,,0,0.00134,0.0276,0.0372,panstarrs,0.378,0.438,0.197,0.207,0.01,0.0117,0.0749,0.0999,25.5782,52.222,13.38,14.401,bj2018,562.3,678.1,dered,7.95635,0.001597,7.7865,0.00285,1,hipvmag,apassdr9,,4.8650197827,3.62999132991,311.38255231096,62.395946149,0.11699624146,0.10868182323,1,0,419778746
0.182407,J204812.11+495943.7,312.0504935,49.9954876,365489252,312.05048366425,49.9955378726,312.05,49.995,90.0,102657,3582-00219-1,700-083108,20481212+4959437,0,J204812.11+495943.7,2168165633517159424,0,0,STAR,tmgaia2,tmgaia2,-2.987,0.076,-15.741,0.074,gaia2,5.879,0.0367,gaia2,8.035,0.026,7.92,0.03,,,,,,,,,,,7.638,0.023,7.676,0.021,7.623,0.02,AAA-111-111-000-0-0,7.547,0.026,7.61,0.02,7.539,0.019,6.947,0.072,7.90333,0.00062,7.836,0.006,rered,gaia2,8559.0,426.7,4.2193,0.1129,,,1.879,0.125,2.134,0.376,0.3215,0.102,DWARF,17.07513,8.87481,169.275,1.0595,0.0189,0.0654,914,0.0364,,0,0.000324,0.0159,0.1149,panstarrs,0.231,0.521,0.125,0.125,0.0942,0.1098,0.1078,0.118,2.42043,15.3292,1.053,1.066,bj2018,387.5,465.9,dered,7.97714,0.001269,7.81263,0.001994,1,hipvmag,tycho2b3,,1.29989816145,1.15272976957,312.05046366003,49.99547009713,0.0326324012,0.03352707331,1,0,422291889
0.073678,J205050.82+410947.2,312.7117597,41.163122,194521568,312.71177096416,41.16314062661,312.712,41.163,90.0,0,,656-091598,20505081+4109473,1237663200080298130,J205050.82+410947.2,2065375177655099776,51814087,0,STAR,tmgaia2,tmgaia2,-2.213,0.066,-4.441,0.07,gaia2,0.398,0.0423,gaia2,15.533,0.211,13.368,0.092,16.783,0.01,15.576,0.005,12.448,0.001,11.225,0.0,10.548,0.002,8.299,0.023,7.523,0.018,7.021,0.016,AAA-111-111-000-0-0,6.44,0.077,5.961,0.039,5.176,0.016,4.251,0.029,11.7854,0.005696,10.302,0.024,rered,gaia2,5825.0,145.0,,,,,64.64,,,,,,GIANT,,,2321.83,234.95,1.6071,0.0337,0,,,0,,0.0474,0.02,panstarrs,,,,,,,,,,,212.28,257.62,bj2018,,,dered,13.4168,0.017823,10.5065,0.016651,1,ucac4,apassdr9,,1.08771410797,1.08076390763,312.71175830602,41.16312150693,0.03049029775,0.03548976256,0,0,423756235
0.060948,J205101.22+353454.0,312.7551175,35.5816875,230861869,312.75513418937,35.58169761868,312.755,35.582,90.0,0,,628-106235,20510123+3534539,0,J205101.22+353454.0,1869918087965179520,50018218,0,STAR,tmgaia2,tmgaia2,-3.943,0.084,-4.447,0.101,gaia2,0.2561,0.055,gaia2,13.824,0.145,14.62,0.114,,,,,,,,,,,8.166,0.023,7.194,0.018,6.752,0.016,AAA-111-111-000-0-0,6.638,0.076,6.643,0.023,6.25,0.015,5.591,0.028,12.1951,0.006473,10.964,0.012,rered,gaia2,3560.0,124.0,,,,,58.011,,,,,,GIANT,,,3374.5,655.295,0.2584,0.0194,0,,,0,,0.0172,0.0217,panstarrs,,,,,,,,,,,542.97,767.62,bj2018,,,dered,13.6117,0.030317,10.8309,0.020744,1,ucac4,apassdr9,,1.36555737951,1.56486972441,312.75511331526,35.58167847244,0.03774670738,0.04584616861,0,0,424631731
0.057555,J205120.98+442619.5,312.8374425,44.4387712,276013896,312.83746472179,44.43877316555,312.837,44.439,90.0,0,,673-089721,20512099+4426196,0,J205120.98+442619.5,2163139323493015936,0,0,STAR,tmgaia2,tmgaia2,-4.112,2.213,-2.894,2.213,hsoy,,,,18.372,0.162,16.126,0.137,,,,,,,,,,,11.877,0.022,10.957,0.031,10.298,0.019,AAA-222-111-000-0-0,9.173,0.023,8.517,0.02,6.773,0.017,4.959,0.03,15.089,0.009548,14.073,0.011,gbprp,,,,,,,,,,,,,,GIANT,,,,,,,0,,,0,,,,,,,,,,,,,,,,,,,,,16.2714,0.034963,13.9755,0.028786,0,ucac4,bpbj,,37.05758152684,34.30572937992,312.83743992634,44.4387607057,0.14809568501,0.21350324158,0,0,424687195
0.039146,J205143.54+451544.7,312.9314451,45.2624234,276018009,312.93145265593,45.26243288463,312.931,45.262,90.0,0,,,20514354+4515447,0,J205143.54+451544.7,2163249991908340864,0,0,STAR,tmgaia2,tmgaia2,-2.843,0.422,-3.662,0.443,gaia2,0.435,0.2327,gaia2,,,,,,,,,,,,,,,13.541,0.032,11.892,0.032,11.273,0.022,AAA-222-111-000-0-0,10.824,0.023,10.863,0.021,9.52,0.075,6.832,0.1,18.7996,0.002917,17.128,0.043,rered,gaia2,3347.0,165.0,,,,,4.138,,,,,,GIANT,,,2082.99,1017.96,0.7958,0.1231,0,,,0,,0.0554,0.1908,panstarrs,,,,,,,,,,,685.97,1349.95,bj2018,,,dered,20.9814,0.169463,17.1856,0.009824,1,,,,7.09083953536,6.8762743633,312.93143526685,45.26241711902,0.19015334202,0.22643838523,0,0,424691308
0.119398,J205308.70+202237.6,313.2862835,20.3771239,286632129,313.28629556282,20.37715507901,313.286,20.377,90.0,0,1655-00558-1,552-125577,20530871+2022377,0,J205308.70+202237.6,1813788435978691968,0,0,STAR,tmgaia2,tmgaia2,-4.374,0.083,-2.13,0.063,gaia2,0.5581,0.0511,gaia2,12.877,0.38,11.941,0.03,,,,,,,,,,,9.751,0.021,9.165,0.028,8.768,0.02,AAA-222-111-000-0-0,8.161,0.024,7.404,0.02,4.571,0.014,2.47,0.021,11.4396,0.001813,10.774,0.007,rered,gaia2,4842.0,122.0,,,,,13.058,,,,,,GIANT,,,1704.43,151.965,0.0993,0.0048,0,,,0,,0.0048,0.0049,panstarrs,,,,,,,,,,,138.87,165.06,bj2018,,,dered,12.0379,0.004709,10.7268,0.001031,1,tycho2v3,tycho2b3,,1.31399086752,0.97204614453,313.28627547211,20.37714590848,0.0354677043,0.0393300549,0,0,426289679
0.054057,J205501.05+504846.8,313.7544082,50.8130236,312654432,313.75439754203,50.81303702109,313.754,50.813,90.0,0,,,20550106+5048469,0,J205501.05+504846.8,2169679111276250240,0,0,STAR,tmgaia2,tmgaia2,-2.755,0.263,-3.818,0.302,gaia2,0.7321,0.1419,gaia2,,,19.392,0.077,,,,,,,,,,,15.214,0.06,14.066,0.044,13.429,0.046,AAA-222-111-000-0-0,13.189,0.024,12.552,0.025,9.632,0.05,7.222,0.108,18.3311,0.007048,17.169,0.101,rered,gaia2,3960.0,127.0,4.0491,,,,1.232,,0.62,,0.3314,,DWARF,0.33641,,1366.23,316.94,0.4425,0.2146,0,,,0,,0.0145,0.4147,panstarrs,,,,,,,,,,,248.72,385.16,bj2018,,,dered,19.5355,0.070032,17.1008,0.019474,1,gaia2,,,4.51248184558,4.67729338168,313.75437876973,50.81302058446,0.12730778064,0.14788213632,1,0,427869324
0.084337,J205819.99+455415.2,314.5832972,45.9042292,329189707,314.58331733757,45.90421042604,314.583,45.904,90.0,0,,,20581999+4554151,0,J205819.99+455415.2,2163514978530225024,0,0,STAR,tmgaia2,tmgaia2,,,,,,,,,,,,,,,,,,,,,,,9.749,0.023,8.295,0.04,7.637,0.027,AAA-211-111-000-0-0,7.367,0.028,7.301,0.02,6.743,0.015,6.177,0.05,14.9358,0.009195,13.296,0.013,gbprp,,,,,,,,,,,,,,,,,,,,,0,,,0,,,,,,,,,,,,,,,,,,,,,18.9064,0.072044,13.3064,0.024337,0,,,,0.0953323957,0.10415297778,314.58331733757,45.90421042604,0.0953323957,0.10415297778,0,0,430139691
0.397242,J205902.82+754529.3,314.7617675,75.7581604,1981631624,314.76165778263,75.75805340738,314.762,75.758,90.0,0,,,,0,,2278280112426236544,0,0,STAR,gaia2,gaia2,5.7,0.136,2.867,0.088,gaia2,2.6334,0.0662,gaia2,,,,,,,,,,,,,,,,,,,,,,,,,,,,,,15.9518,0.018493,15.522,0.6,goffs,gaia2,,,,,,,,,,,,,,,,375.933,9.433,0.3253,0.0551,0,,,0,,0.0422,0.068,panstarrs,,,,,,,,,,,9.201,9.665,bj2018,,,,,0.0,,0.0,0,,,,2.66280520765,1.35867043424,314.76175753666,75.75806575113,0.05450100824,0.06140119701,0,0,431414883
0.633728,J205902.82+754529.3,314.7617675,75.7581604,315810194,314.76175204691,75.75833639447,314.762,75.758,90.0,0,,829-020263,20590282+7545297,0,J205902.82+754529.3,2278280112427541376,0,0,STAR,tmgaia2,tmgaia2,8.608,2.26,23.331,2.26,hsoy,,,,18.067,0.163,16.705,0.252,,,,,,,,,,,11.808,0.031,11.031,0.038,10.549,0.024,AAA-222-111-000-0-0,9.984,0.022,9.589,0.02,7.857,0.017,5.754,0.034,15.6119,0.002985,14.432,0.01,gbprp,,,,,,,,,,,,,,DWARF,,,,,,,0,,,0,,,,,,,,,,,,,,,,,,,,,16.9419,0.061199,14.0565,0.029978,0,ucac4,bpbj,,44.38655546149,35.03067487318,314.76190269376,75.75843684615,0.05223316114,0.0620039175,0,0,430843638
0.052685,J210145.41+494801.3,315.4392192,49.8003636,289559075,315.43922655892,49.80034975744,315.439,49.8,90.0,0,,,21014542+4948013,0,J210145.41+494801.3,2168721612751699200,0,0,STAR,tmgaia2,tmgaia2,1.597,0.172,-3.336,0.154,gaia2,1.6198,0.0934,gaia2,20.817,0.165,,,,,,,,,,,,,13.362,0.024,12.252,0.019,11.676,0.026,AAA-222-111-000-0-0,10.788,0.023,9.993,0.02,7.832,0.02,6.547,0.055,17.1831,0.002989,15.835,0.025,rered,gaia2,3254.0,124.0,,,,,,,,,,,,,,609.462,35.7075,0.2486,0.0756,0,,,0,,0.0524,0.0987,panstarrs,,,,,,,,,,,33.658,37.757,bj2018,,,dered,19.0712,0.033697,15.8423,0.011005,1,,bpbj,,2.942592697,2.3915616332,315.43923721053,49.80033539251,0.07585401782,0.08135455663,0,0,432244802
0.013496,J210233.01+680729.1,315.637562,68.1247515,387833145,315.63755221281,68.12475062964,315.638,68.125,90.0,0,,791-034838,21023299+6807290,0,J210233.01+680729.1,2270056968043900928,59681320,0,STAR,tmgaia2,tmgaia2,7.054,0.044,-1.017,0.043,gaia2,2.9504,0.0239,gaia2,16.429,0.0,15.149,0.103,,,,,,,,,,,11.559,0.027,10.713,0.029,10.411,0.021,AAA-222-111-000-0-0,9.905,0.023,9.452,0.02,8.021,0.028,6.915,0.086,14.2794,0.007839,13.32,0.015,rered,,,,,,,,,,,,,,,,,335.672,2.7085,0.0374,0.0153,0,,,0,,0.0128,0.0178,panstarrs,,,,,,,,,,,2.687,2.73,bj2018,,,,15.3186,0.028003,13.2277,0.015267,1,ucac4,apassdr9,,0.82962413329,0.66920683961,315.63763373176,68.12474625009,0.02263796502,0.02214000308,0,1,433086424
0.053133,J210421.07+440833.9,316.0878132,44.142768,273547422,316.0878284127,44.14277793287,316.088,44.143,90.0,0,,671-090546,21042108+4408340,0,J210421.07+440833.9,2162369661051656960,52538688,0,STAR,tmgaia2,tmgaia2,-3.172,0.045,-5.169,0.046,gaia2,0.9153,0.0267,gaia2,15.491,0.018,13.53,0.103,,,,,,,,,,,9.42,0.022,8.566,0.024,8.259,0.016,AAA-212-111-000-0-0,8.008,0.023,8.017,0.02,7.906,0.019,7.352,0.101,12.4858,0.002113,11.233,0.011,rered,gaia2,4361.0,123.0,,,,,16.158,,,,,,GIANT,,,1059.74,30.245,0.7972,0.0177,0,,,0,,0.0225,0.0129,panstarrs,,,,,,,,,,,29.4,31.09,bj2018,,,dered,13.8601,0.009342,11.3391,0.006391,1,ucac4,apassdr9,,0.74500190137,0.718518039,316.08780938179,44.14275567663,0.02099530441,0.02345375662,0,0,434432934
0.059976,J210423.04+503307.0,316.0960394,50.5519583,290063506,316.09606534459,50.55196071038,316.096,50.552,90.0,0,,703-083226,21042305+5033072,0,J210423.04+503307.0,2169141351311658112,55255374,0,STAR,tmgaia2,tmgaia2,-3.545,2.14,-3.891,2.14,hsoy,,,,16.911,0.0,15.348,0.149,,,,,,,,,,,11.342,0.018,10.823,0.019,10.557,0.023,AAA-222-111-000-0-0,10.39,0.022,10.33,0.02,10.156,0.056,6.933,0.074,14.2571,0.001323,13.191,0.006,gbprp,,,,,,,,,,,,,,GIANT,,,,,,,0,,,0,,,,,,,,,,,,,,,,,,,,,15.5664,0.006208,13.1043,0.004742,0,ucac4,apassdr9,,36.68533367969,33.17190360812,316.09604131979,50.55194395893,0.10923175471,0.11478841148,0,0,434494497
0.065316,J210512.52+482141.6,316.3021832,48.3615771,267273820,316.30217488506,48.36155981816,316.302,48.362,90.0,0,,692-086274,21051252+4821417,0,J210512.52+482141.6,2165452489808047744,0,0,STAR,tmgaia2,tmgaia2,,,,,,,,,18.586,0.261,17.082,0.48,,,,,,,,,,,9.169,0.022,7.876,0.036,7.37,0.023,AAA-211-111-000-0-0,7.055,0.045,7.236,0.019,6.975,0.016,6.661,0.059,13.7224,0.001963,12.181,0.006,gbprp,,,,,,,,,,,,,,,,,,,,,0,,,0,,,,,,,,,,,,,,,,,,,,,17.0424,0.015153,12.1928,0.006015,0,ucac4,bpbj,,0.07588227216,0.07269295199,316.30217488506,48.36155981816,0.07588227216,0.07269295199,0,0,435176852
0.110953,J210532.21+352505.7,316.3842271,35.4182752,163362724,316.38424430795,35.41830264495,316.384,35.418,90.0,0,,628-111587,21053221+3525058,0,J210532.21+352505.7,1868001231186624896,50035846,0,STAR,tmgaia2,tmgaia2,-5.791,0.06,-5.205,0.074,gaia2,0.1308,0.0437,gaia2,14.915,0.061,13.257,0.057,,,,,,,,,,,9.059,0.025,8.107,0.023,7.794,0.02,AAA-211-111-000-0-0,7.647,0.029,7.806,0.02,7.223,0.016,6.835,0.092,12.1491,0.005681,10.939,0.009,rered,gaia2,3407.0,124.0,,,,,93.51,,,,,,GIANT,,,5376.77,1178.08,0.1317,0.0068,0,,,0,,0.0051,0.0085,panstarrs,,,,,,,,,,,970.75,1385.41,bj2018,,,dered,13.754,0.029515,10.9162,0.012437,1,ucac4,apassdr9,,0.97778952775,1.14674608466,316.38421371221,35.41828023527,0.02667626742,0.0379004642,0,0,435081498
0.062885,J210640.25+464831.9,316.6677309,46.8088727,274284541,316.66775635739,46.80887145992,316.668,46.809,90.0,0,,685-092979,21064026+4648319,0,J210640.25+464831.9,2165109579628683520,53853060,0,STAR,tmgaia2,tmgaia2,-2.981,0.041,-3.621,0.038,gaia2,0.1219,0.0272,gaia2,16.566,0.167,14.747,0.206,,,,,,,,,,,12.319,0.022,11.989,0.021,11.81,0.021,AAA-222-111-000-0-0,11.665,0.022,11.666,0.021,11.453,0.137,7.781,0.092,14.29,0.001877,13.493,0.094,rered,gaia2,6677.0,126.0,,,,,13.815,,,,,,GIANT,,,5983.18,935.86,0.7657,0.1325,0,,,0,,0.0733,0.1917,panstarrs,,,,,,,,,,,809.68,1062.04,bj2018,,,dered,15.0017,0.006861,13.4451,0.005684,1,ucac4,bpbj,,0.6928892578,0.58468758358,316.66773760362,46.80885587024,0.01866259986,0.02473846199,0,0,435945937
0.294724,J210925.70+490005.7,317.3571178,49.0016054,358325228,317.3571357195,49.00152438064,317.357,49.002,90.0,0,,696-087592,21092571+4900055,0,J210925.70+490005.7,2165576081790325888,0,0,STAR,tmgaia2,tmgaia2,-2.404,0.062,-2.563,0.057,gaia2,0.0445,0.035,gaia2,17.628,0.063,16.273,0.149,,,,,,,,,,,13.633,0.026,13.283,0.033,13.114,0.034,AAA-222-111-000-0-0,12.786,0.024,12.654,0.023,10.52,0.069,7.286,0.093,15.8512,0.00087,14.99,0.103,rered,gaia2,7494.0,125.0,,,,,10.157,,,,,,GIANT,,,8024.34,1714.93,1.0363,0.1363,0,,,0,,0.1281,0.1446,schlegel,,,,,,,,,,,1455.21,1974.65,bj2018,,,dered,16.6444,0.005481,14.9392,0.002523,1,ucac4,bpbj,,1.05113479712,0.88667253995,317.35711994366,49.00151334723,0.02856199633,0.03024063724,0,0,438115190
2.421107,J210925.70+490005.7,317.3571178,49.0016054,1975006323,317.35772691538,49.00214633956,317.358,49.002,90.0,0,,,,0,,2165576081790325248,0,0,STAR,gaia2,gaia2,-3.292,0.633,-5.133,0.59,gaia2,-1.0845,0.3703,gaia2,,,19.751,0.076,,,,,,,,,,,,,,,,,,,,,,,,,,19.2743,0.004029,18.496,0.013,gbprp,gaia2,,,,,,,,,,,,,,,,4521.61,1898.9,0.8657,0.1744,0,,,0,,0.24,0.1088,panstarrs,,,,,,,,,,,1537.15,2260.64,bj2018,,,,19.6264,0.087519,18.0176,0.06121,0,gaia2,,,10.77823470135,9.14533328021,317.35770531281,49.00212424048,0.30214179473,0.31019819653,1,0,438562277
0.140497,J210958.64+453009.2,317.4943533,45.5025567,136466789,317.49429782053,45.5025533648,317.494,45.503,90.0,104483,3588-11025-1,678-099578,21095862+4530090,0,J210958.64+453009.2,2162553386886242560,53867593,0,STAR,tmgaia2,tmgaia2,8.057,0.082,0.182,0.085,gaia2,2.3119,0.0498,gaia2,6.445,0.022,6.612,0.023,,,,,,,,,,,6.798,0.023,6.901,0.027,6.915,0.018,AAA-111-111-000-0-0,6.944,0.054,7.002,0.02,6.954,0.016,6.359,0.043,6.68961,0.001784,6.821,0.009,rered,,,,,,,,,,,,,,,,,427.494,9.1825,0.0707,0.0296,0,,,0,,0.0117,0.0474,panstarrs,,,,,,,,,,,8.989,9.376,bj2018,,,,6.66284,0.006949,6.7925,0.005336,1,sirful,tycho2b3,,1.37520551468,1.31907899788,317.49434731549,45.50255414845,0.03911884267,0.04306720852,0,0,438011913
0.137613,J211030.94+474132.1,317.6289274,47.692251,136704900,317.62897993072,47.69223647608,317.629,47.692,90.0,104537,3592-07442-1,689-093238,21103095+4741321,0,J211030.94+474132.1,2165256123904303488,0,0,STAR,tmgaia2,tmgaia2,-1.949,0.114,-2.458,0.097,gaia2,1.3787,0.065,gaia2,6.53,0.023,6.465,0.023,,,,,,,,,,,6.294,0.024,6.36,0.02,6.352,0.018,AAA-111-111-000-0-0,6.245,0.038,6.21,0.023,6.046,0.015,5.347,0.031,6.49458,0.001069,6.53,0.031,rered,spect,12735.0,88.0,,,,,,,,,,,,,,712.428,33.347,0.1877,,0,,,0,,,,panstarrs,,,,,,,,,,,,,bj2018,,,spect,6.46323,0.007218,6.41219,0.00789,1,sirful,tycho2b3,,1.92742581767,1.5061806805,317.62896746691,47.69222589479,0.0587521531,0.05249921289,0,0,438736270
1.139421,J211030.94+474132.1,317.6289274,47.692251,1974869059,317.62866585819,47.69251402754,317.629,47.692,90.0,0,,,,0,,2165256123887648512,0,0,STAR,gaia2,gaia2,-10.841,0.83,-14.016,0.869,gaia2,1.4174,0.3332,gaia2,,,,,,,,,,,,,,,,,,,,,,,,,,,,,,8.95515,0.006781,8.525,0.6,goffs,gaia2,,,,,,,,,,,,,,,,747.169,268.364,0.1956,0.0664,0,,,0,,0.0787,0.0541,panstarrs,,,,,,,,,,,183.307,353.421,bj2018,,,,,0.0,,0.0,0,,,,14.07591644188,13.47223943687,317.62859651097,47.69245367961,0.37186452935,0.50988892107,0,0,439258532
0.122225,J211404.37+520345.2,318.5182345,52.0625731,62132395,318.51828613436,52.06258514029,318.518,52.063,90.0,0,,,21140439+5203452,1237672024628005543,J211404.37+520345.2,2175344246155374592,0,0,STAR,tmgaia2,tmgaia2,-3.256,0.452,-2.812,0.452,gaia2,0.1823,0.2569,gaia2,,,,,30.0,50.0,22.677,0.143,19.952,0.022,18.103,0.009,16.677,0.01,14.473,0.035,13.477,0.03,13.077,0.029,AAA-222-111-000-0-0,12.566,0.023,12.48,0.023,9.945,0.134,6.693,0.09,18.791,0.006098,16.922,0.419,rered,gaia2,6156.0,479.0,,,,,6.998,,,,,,GIANT,,,3108.21,1629.64,2.2687,0.6204,0,,,0,,0.6008,0.6399,schlegel,,,,,,,,,,,1169.87,2089.4,bj2018,,,dered,20.9583,0.136742,17.2813,0.019601,1,,,,7.80344415268,7.01152520893,318.51826333433,52.06257303441,0.19936086563,0.24152748696,0,0,441430632
0.062245,J211416.76+470655.4,318.5698609,47.1153963,137695327,318.56983730356,47.1153898895,318.57,47.115,90.0,0,,,21141676+4706554,0,J211416.76+470655.4,2164438843172444160,0,0,STAR,tmgaia2,tmgaia2,-3.441,0.135,-3.975,0.144,gaia2,0.1566,0.0821,gaia2,18.625,0.075,17.659,0.047,,,,,,,,,,,15.273,0.043,14.565,0.046,13.762,0.054,AAA-222-111-000-0-0,13.169,0.025,12.713,0.026,9.586,0.042,7.052,0.079,17.3213,0.001754,16.634,0.155,rered,gaia2,6750.0,136.0,4.0236,,,,1.934,,1.44,,0.1991,,DWARF,6.99371,,4168.01,1235.66,0.616,0.2173,0,,,0,,0.3201,0.1145,panstarrs,,,,,,,,,,,971.6,1499.71,bj2018,,,dered,17.8936,0.015597,16.5531,0.005104,1,gaia2,bpbj,,2.28615969257,2.22906273086,318.56981553316,47.11537277286,0.06503391199,0.07818866039,1,0,441534001
0.059378,J211600.67+643212.2,319.0028113,64.5367339,259967623,319.0027731622,64.53673568854,319.003,64.537,90.0,105003,4256-01639-1,773-050079,21160066+6432121,0,J211600.67+643212.2,2220570389220529536,0,0,STAR,tmgaia2,tmgaia2,9.787,0.336,2.852,0.278,gaia2,3.9445,0.1877,gaia2,9.145,0.032,8.93,0.03,,,,,,,,,,,8.476,0.029,8.367,0.024,8.395,0.021,AAA-111-111-000-0-0,8.333,0.023,8.36,0.02,8.244,0.022,7.425,0.109,8.89176,0.000384,8.75,0.006,rered,gaia2,7983.0,256.7,4.1081,0.0828,,,2.028,0.112,1.923,0.309,0.2307,0.0531,DWARF,15.04256,2.59372,252.675,12.319,0.038,0.0314,277,0.024,,0,0.002493,0.0226,0.0403,panstarrs,0.232,0.386,0.116,0.108,0.0511,0.055,0.0842,0.0815,1.86214,3.3253,11.73,12.908,bj2018,210.4,303.1,dered,9.00731,0.001385,8.71478,0.001378,1,hipvmag,tycho2b3,,6.16787239962,4.30726755595,319.00287117608,64.5367479681,0.1651535903,0.17906099123,1,0,442924066
0.090125,J211712.52+470440.6,319.302208,47.0779586,138090841,319.30219564309,47.07793502199,319.302,47.078,90.0,0,,686-100167,21171253+4704405,0,J211712.52+470440.6,2164614661943605120,53899393,0,STAR,tmgaia2,tmgaia2,0.391,0.064,-2.559,0.062,gaia2,1.2938,0.0361,gaia2,18.038,-0.315,16.299,0.15,,,,,,,,,,,13.425,,12.795,0.039,12.283,,UAU-626-020-0c0-0-0,11.222,0.023,10.852,0.021,9.221,0.032,6.865,0.069,15.7635,0.003462,14.824,0.026,rered,gaia2,4464.0,124.0,3.9955,,,,1.393,,0.7,,0.2591,,DWARF,0.69392,,756.704,20.8265,0.3695,0.0468,0,,,0,,0.0465,0.047,panstarrs,,,,,,,,,,,20.263,21.39,bj2018,,,dered,16.6656,0.013042,14.7787,0.009026,1,ucac4,apassdr9,,1.08519985984,0.9550775148,319.30219811482,47.07792400498,0.02836436645,0.03214233117,1,0,443515071
0.021381,J211904.03+434548.6,319.7668299,43.7635209,138465692,319.76682271,43.76352378251,319.767,43.764,90.0,0,3181-00654-1,669-094868,21190403+4345486,0,J211904.03+434548.6,1970711525779072512,52600413,0,STAR,tmgaia2,tmgaia2,-2.665,0.042,-3.22,0.041,gaia2,0.3481,0.0285,gaia2,10.376,0.061,10.177,0.005,,,,,,,,,,,9.603,0.022,9.586,0.023,9.516,0.016,AAA-222-111-000-0-0,9.501,0.023,9.533,0.02,9.379,0.034,7.265,0.08,10.1265,0.000328,9.994,0.021,rered,gaia2,11603.0,128.0,,,,,11.24,,,,,,GIANT,,,2646.86,204.365,0.3533,0.0239,0,,,0,,0.0253,0.0226,panstarrs,,,,,,,,,,,189.09,219.64,bj2018,,,dered,10.2553,0.000949,9.89915,0.00079,1,tycho2v3,tycho2b3,,0.69434228354,0.63493407328,319.76680681928,43.76350991871,0.02004583783,0.02408762923,0,0,444780554
0.019779,J211947.48+510201.1,319.9478486,51.0336522,63433083,319.9478482385,51.03364671066,319.948,51.034,90.0,0,,,21194749+5102011,1237672024628596580,J211947.48+510201.1,2171992728569441536,0,0,STAR,tmgaia2,tmgaia2,,,,,,,,,19.078,0.162,,,20.892,0.084,20.074,0.02,16.757,0.005,14.39,0.004,12.827,0.003,10.129,0.02,8.624,0.024,8.007,0.023,AAA-211-111-0s0-0-0,7.651,0.026,7.709,0.02,7.492,0.017,7.129,0.087,14.9847,0.00255,13.467,0.007,gbprp,,,,,,,,,,,,,,,,,,,,,0,,,0,,,,,,,,,,,,,,,,,,,,,18.1153,0.031214,13.4364,0.00897,0,,bpbj,,0.08686472328,0.10119135318,319.9478482385,51.03364671066,0.08686472328,0.10119135318,0,0,444742243
2.417555,J211947.48+510201.1,319.9478486,51.0336522,1976377767,319.9488657131,51.03385677516,319.949,51.034,90.0,0,,,,0,,2171992724262848128,0,0,STAR,gaia2,gaia2,0.955,0.197,-1.634,0.202,gaia2,0.3102,0.1163,gaia2,,,18.968,0.083,,,,,,,,,,,,,,,,,,,,,,,,,,17.8877,0.0055,16.823,0.008,gbprp,gaia2,,,,,,,,,,,,,,,,2782.93,946.525,0.9048,0.164,0,,,0,,0.1436,0.1844,panstarrs,,,,,,,,,,,697.8,1195.25,bj2018,,,,18.8021,0.054526,16.3452,0.05853,0,gaia2,,,3.38079683432,3.12720931421,319.94887225282,51.03384973885,0.09169176828,0.10622996883,0,0,445209297
0.167304,J212054.77+465236.7,320.2282138,46.8768782,138792401,320.22816112781,46.87690758399,320.228,46.877,90.0,0,,685-099662,21205476+4652368,0,J212054.77+465236.7,1972419818947177216,53907788,0,STAR,tmgaia2,tmgaia2,-0.935,0.137,-1.791,0.123,gaia2,1.2738,0.0757,gaia2,18.565,0.162,16.577,0.137,,,,,,,,,,,12.385,0.023,11.498,0.026,11.085,0.021,AAA-222-111-000-0-0,10.449,0.023,9.732,0.021,7.118,0.017,4.549,0.024,15.6768,0.004698,14.35,0.059,rered,gaia2,5418.0,134.0,,,,,2.752,,,,,,GIANT,,,770.933,46.2815,1.2688,0.0925,0,,,0,,0.047,0.1381,panstarrs,,,,,,,,,,,43.561,49.002,bj2018,,,dered,17.0027,0.016227,14.4001,0.011864,1,ucac4,bpbj,,2.31838540202,1.90204438465,320.22815523686,46.87689987472,0.06718430428,0.06584013244,0,0,445426406
0.017804,J212547.19+520005.2,321.4466567,52.0014632,63983965,321.44665023631,52.00146613648,321.447,52.001,90.0,0,,,21254719+5200053,1237672026239206710,J212547.19+520005.2,2172515134023436416,0,0,STAR,tmgaia2,tmgaia2,-2.675,0.157,-2.874,0.141,gaia2,-0.0282,0.0848,gaia2,20.269,0.162,,,22.302,0.31,19.254,0.011,17.265,0.005,16.092,0.005,15.14,0.006,13.453,0.023,12.772,0.025,12.435,0.025,AAA-222-111-000-0-0,12.039,0.023,11.982,0.023,10.476,0.097,6.922,0.072,16.7385,0.007533,15.315,0.236,rered,gaia2,7019.0,181.0,,,,,15.148,,,,,,GIANT,,,6193.05,1851.27,1.7902,0.3241,0,,,0,,0.3087,0.3395,schlegel,,,,,,,,,,,1527.23,2175.3,bj2018,,,dered,18.2941,0.023322,15.4861,0.025132,1,,bpbj,,2.70494355322,2.19375200478,321.44663152525,52.00145376197,0.06676468071,0.07206541359,0,0,448410501
0.046845,J212617.91+404550.1,321.5746419,40.7639303,352891489,321.57463589582,40.76394249198,321.575,40.764,90.0,0,,654-101031,21261790+4045502,0,J212617.91+404550.1,1967022213283717376,51860790,0,STAR,tmgaia2,tmgaia2,-1.33,0.099,-3.07,0.105,gaia2,0.3535,0.0675,gaia2,18.413,0.0,16.868,0.08,,,,,,,,,,,9.782,0.023,8.609,0.034,8.248,0.027,AAA-211-111-000-0-0,8.042,0.022,8.012,0.02,7.33,0.017,6.574,0.054,13.6823,0.01017,12.107,0.012,rered,gaia2,3005.0,122.0,,,,,,,,,,,,,,2596.16,491.805,0.3951,0.0135,0,,,0,,0.0196,0.0075,panstarrs,,,,,,,,,,,407.0,576.61,bj2018,,,dered,16.2426,0.065407,12.2445,0.025067,1,ucac4,apassdr9,,1.63063196302,1.62653526427,321.57462833398,40.76392927358,0.04575537445,0.05488483423,0,0,449188330
0.081722,J212626.52+654622.6,321.6105028,65.7729649,427146543,321.61055720494,65.77296901062,321.611,65.773,90.0,0,,779-038853,21262653+6546226,0,J212626.52+654622.6,2220747994708361728,0,0,STAR,tmgaia2,tmgaia2,-3.317,0.078,-2.498,0.078,gaia2,0.1837,0.0422,gaia2,17.953,0.169,15.521,0.092,,,,,,,,,,,10.144,0.027,9.007,0.028,8.595,0.019,AAA-222-111-000-0-0,8.428,0.023,8.552,0.02,8.289,0.02,7.605,0.091,13.781,0.001361,12.244,0.006,rered,gaia2,3938.0,122.0,,,,,65.163,,,,,,GIANT,,,4395.53,818.25,0.9895,0.0017,0,,,0,,0.0024,0.001,schlegel,,,,,,,,,,,686.13,950.37,bj2018,,,dered,15.6664,0.009046,12.4754,0.003938,1,ucac4,bpbj,,1.4463818506,1.21322878076,321.6105224032,65.77295825689,0.0391042125,0.04150857283,0,0,449203515
0.034945,J212921.39+520414.0,322.3391506,52.0705788,64688257,322.33916636257,52.07057821341,322.339,52.071,90.0,0,,711-083021,21292140+5204141,1237672026776208426,J212921.39+520414.0,2172480465046655104,55823976,0,STAR,tmgaia2,tmgaia2,-3.849,0.041,-2.553,0.037,gaia2,0.1897,0.0215,gaia2,16.56,0.095,15.062,0.16,17.655,0.013,16.168,0.005,14.507,0.005,13.949,0.005,13.366,0.005,11.66,0.018,11.23,0.017,11.036,0.02,AAA-222-111-000-0-0,10.925,0.023,10.916,0.021,10.316,0.082,6.938,0.087,14.2128,0.000298,13.145,0.019,rered,gaia2,6839.0,122.0,,,,,17.88,,,,,,GIANT,,,4482.02,441.26,1.2117,0.0254,0,,,0,,0.025,0.0258,panstarrs,,,,,,,,,,,400.22,482.3,bj2018,,,dered,15.2729,0.002773,13.1758,0.000961,1,ucac4,apassdr9,,0.71079112935,0.56915618896,322.33913940196,52.0705672212,0.01990093244,0.01890137692,0,0,450883834
0.053615,J212931.71+425656.2,322.382159,42.9489608,240252777,322.38214184295,42.94895279445,322.382,42.949,90.0,0,,665-101871,21293171+4256562,0,J212931.71+425656.2,1967485558663559040,52649251,0,STAR,tmgaia2,tmgaia2,0.452,0.08,3.38,0.074,gaia2,0.5897,0.0518,gaia2,14.03,0.164,12.826,0.046,,,,,,,,,,,7.388,0.021,6.431,0.024,6.1,0.018,AAA-111-111-000-0-0,6.058,0.1,5.922,0.047,5.619,0.015,5.284,0.031,10.5852,0.004966,9.328,0.008,rered,gaia2,3355.0,125.0,,,,,64.347,,,,,,GIANT,,,1623.28,140.46,0.1723,0.007,0,,,0,,0.0053,0.0087,panstarrs,,,,,,,,,,,128.66,152.26,bj2018,,,dered,12.3282,0.035334,9.36108,0.013412,1,ucac4,apassdr9,,1.32839191432,1.1548894639,322.38214450078,42.94896734736,0.03796591897,0.03981777077,0,0,450933828
0.0404,J212951.14+545548.6,322.4630873,54.9301681,429612143,322.46307339633,54.93016021836,322.463,54.93,90.0,0,,725-077571,21295114+5455486,0,J212951.14+545548.6,2177522550498327680,0,0,STAR,tmgaia2,tmgaia2,1.59,0.039,-1.863,0.037,gaia2,0.9325,0.0217,gaia2,17.164,0.162,14.919,0.137,,,,,,,,,,,10.989,0.022,10.085,0.028,9.505,0.02,AAA-222-111-000-0-0,8.738,0.021,8.374,0.019,6.852,0.016,4.723,0.028,13.7037,0.004199,12.632,0.019,rered,gaia2,4636.0,127.0,,,,,6.238,,,,,,GIANT,,,1040.65,23.745,0.6414,0.0305,0,,,0,,0.0233,0.0378,panstarrs,,,,,,,,,,,23.21,24.28,bj2018,,,dered,14.7893,0.014473,12.659,0.01314,1,ucac4,bpbj,,0.67396967205,0.57998455604,322.46308531019,54.9301521981,0.01857741192,0.02022527325,0,0,451053649
0.063345,J213004.47+573220.6,322.5186512,57.5390612,429571845,322.51868397978,57.53906092765,322.519,57.539,90.0,0,,738-076086,21300448+5732206,0,J213004.47+573220.6,2178823375822986880,57562002,0,STAR,tmgaia2,tmgaia2,-4.114,0.134,-3.816,0.094,gaia2,0.0918,0.0713,gaia2,12.413,0.057,11.5,0.046,,,,,,,,,,,9.542,0.023,9.303,0.028,9.124,0.022,AAA-222-111-000-0-0,8.894,0.02,8.939,0.018,8.63,0.034,7.148,0.084,11.1985,0.002289,10.579,0.027,rered,gaia2,8884.0,126.0,,,,,41.456,,,,,,GIANT,,,5977.32,2109.26,0.8966,0.0329,0,,,0,,0.0412,0.0245,panstarrs,,,,,,,,,,,1609.75,2608.77,bj2018,,,dered,11.7659,0.003598,10.4957,0.00178,1,ucac4,apassdr9,,2.3769397395,1.46029012348,322.51865097972,57.53904449727,0.06843694767,0.05170127291,0,0,451664966
0.086991,J213105.19+445022.6,322.7716448,44.8396219,240354933,322.77167030432,44.83963792642,322.772,44.84,90.0,0,,675-104038,21310519+4450226,0,J213105.19+445022.6,1971105150943720960,52656649,0,STAR,tmgaia2,tmgaia2,-1.129,0.13,-3.553,0.124,gaia2,0.3867,0.0775,gaia2,15.293,0.076,13.751,0.057,,,,,,,,,,,7.935,0.024,6.997,0.033,6.596,0.017,AAA-111-111-000-0-0,6.41,0.059,6.542,0.021,6.179,0.016,5.905,0.042,11.5203,0.002522,10.125,0.007,rered,gaia2,3104.0,122.0,,,,,,,,,,,,,,2396.93,490.94,0.2133,0.0104,0,,,0,,0.0127,0.0081,panstarrs,,,,,,,,,,,399.99,581.89,bj2018,,,dered,13.6646,0.011363,10.1842,0.004552,1,ucac4,apassdr9,,2.17259460285,1.92752328951,322.77166344994,44.83962262913,0.06018011784,0.06528129352,0,0,452175300
0.086756,J213910.89+573517.9,324.7953976,57.5883244,421631842,324.79541786725,57.58834591156,324.795,57.588,90.0,0,,,21391088+5735181,0,J213910.89+573517.9,2178400063859655168,0,0,STAR,tmgaia2,tmgaia2,-2.367,0.13,-4.492,0.098,gaia2,1.0976,0.0677,gaia2,19.547,0.163,18.009,0.13,,,,,,,,,,,13.695,0.024,12.714,0.028,12.165,0.026,AAA-222-111-000-0-0,11.361,0.022,10.936,0.02,9.238,0.04,6.591,0.058,17.2003,0.037065,16.164,0.038,rered,gaia2,4175.0,236.0,4.1894,,,,1.074,,0.65,,0.5254,,DWARF,0.31547,,892.403,55.543,0.3952,0.0114,0,,,0,,0.0063,0.0166,panstarrs,,,,,,,,,,,52.157,58.929,bj2018,,,dered,18.1463,0.120225,16.0284,0.100106,1,gaia2,bpbj,,2.29982773954,1.51807963726,324.79539885704,57.58832657294,0.0669643997,0.05928827539,1,0,457005770
0.114913,J214335.03+530215.8,325.8959866,53.0377358,421084921,325.89603778074,53.03774427543,325.896,53.038,90.0,0,3967-00959-1,716-083489,21433503+5302158,0,J214335.03+530215.8,2173415767180213504,55854520,0,STAR,tmgaia2,tmgaia2,-2.866,0.07,-2.861,0.057,gaia2,0.1226,0.0391,gaia2,12.104,0.208,11.291,0.015,,,,,,,,,,,8.86,0.026,8.55,0.026,8.343,0.023,AAA-112-111-000-0-0,8.076,0.023,7.958,0.02,7.694,0.018,7.145,0.081,10.6161,0.004258,9.835,0.049,rered,gaia2,7213.0,141.0,,,,,68.106,,,,,,GIANT,,,5620.66,1148.26,0.8581,0.0664,0,,,0,,0.1028,0.0301,panstarrs,,,,,,,,,,,958.64,1337.87,bj2018,,,dered,11.3239,0.011485,9.78561,0.012931,1,tycho2v3,tycho2b3,,1.21074411629,0.89095442319,325.8960172559,53.03773195638,0.03192306608,0.0309669673,0,0,459177813
0.055164,J214345.90+510535.5,325.9412844,51.0932122,421242494,325.94130558913,51.09321979638,325.941,51.093,90.0,0,3603-00021-1,706-087434,21434591+5105355,0,J214345.90+510535.5,1980813044032229376,55854894,0,STAR,tmgaia2,tmgaia2,-2.033,0.043,-2.562,0.038,gaia2,0.4541,0.0243,gaia2,11.973,0.262,11.985,0.027,,,,,,,,,,,11.048,0.022,10.97,0.028,10.92,0.022,AAA-222-111-000-0-0,10.875,0.023,10.876,0.021,10.09,0.053,6.781,0.063,11.7656,0.000779,11.548,0.027,rered,gaia2,10277.0,137.0,,,,,5.105,,,,,,GIANT,,,2069.74,106.395,0.4207,0.031,0,,,0,,0.0269,0.0352,panstarrs,,,,,,,,,,,101.05,111.74,bj2018,,,dered,11.9443,0.003743,11.4361,0.003211,1,tycho2v3,tycho2b3,,0.735500325,0.59355543785,325.94129165502,51.09320876611,0.02073424913,0.019840369,0,0,459205057
0.06651,J214454.85+475307.9,326.2285639,47.885541,240606833,326.22859119979,47.88554348038,326.229,47.886,90.0,0,,,21445485+4753079,1237672025704566739,J214454.85+475307.9,1977776197221515904,0,0,STAR,tmgaia2,tmgaia2,-3.617,0.079,-2.23,0.078,gaia2,1.2812,0.0496,gaia2,20.072,0.162,17.505,0.061,19.656,0.041,18.062,0.006,16.546,0.004,15.67,0.004,14.993,0.005,13.567,0.026,12.651,0.024,12.145,0.025,AAA-222-111-000-0-0,11.265,0.023,10.767,0.02,8.584,0.022,6.22,0.05,16.5622,0.009476,15.513,0.019,rered,gaia2,3776.0,127.0,4.0004,,,,1.25,,0.57,,0.2921,,DWARF,0.286,,764.619,29.248,0.1408,0.0348,0,,,0,,0.0435,0.026,panstarrs,,,,,,,,,,,28.151,30.345,bj2018,,,dered,17.7261,0.038056,15.435,0.031587,1,gaia2,bpbj,,1.33478878958,1.21693428914,326.22856797993,47.88553387701,0.03973593172,0.04328909734,1,0,459591262
0.295148,J214627.54+565138.0,326.6147751,56.8605661,342332541,326.6148461795,56.86063829215,326.615,56.861,90.0,0,,,21462754+5651382,0,J214627.54+565138.0,2175201374067293440,0,0,STAR,tmgaia2,tmgaia2,-4.095,2.807,0.679,2.806,hsoy,,,,,,19.555,0.07,,,,,,,,,,,15.472,0.064,14.541,0.053,14.254,0.07,AAA-222-111-000-0-0,13.854,0.028,13.858,0.038,10.517,0.073,7.768,0.106,18.6293,0.004158,17.621,0.012,gbprp,,,,,,,,,,,,,,GIANT,,,,,,,0,,,0,,,,,,,,,,,,,,,,,,,,,19.628,0.059574,17.3578,0.029209,0,gaia2,,,49.47188746326,43.49839174172,326.61481392784,56.86064121685,0.15871567274,0.15516302105,0,0,460683901
0.921021,J214627.54+565138.0,326.6147751,56.8605661,2018058140,326.6146762744,56.86031603032,326.615,56.86,90.0,0,,,,0,,2175201378365358464,0,0,STAR,gaia2,gaia2,,,,,,,,,,,,,,,,,,,,,,,,,,,,,,,,,,,,,,20.8837,0.021273,20.454,0.6,goffs,,,,,,,,,,,,,,,,,,,,,0,,,0,,,,,,,,,,,,,,,,,,,,,,0.0,,0.0,0,,,,2.24444498637,2.07354732845,326.6146762744,56.86031603032,2.24444498637,2.07354732845,0,0,461063818
0.085425,J214656.96+475115.8,326.7373674,47.8544043,345610484,326.73737869144,47.85442678688,326.737,47.854,90.0,0,,690-104008,21465696+4751158,1237671939821797514,J214656.96+475115.8,1977809423087375616,0,0,STAR,tmgaia2,tmgaia2,-5.797,2.17,-8.02,2.17,hsoy,,,,18.672,0.162,16.527,1.133,20.707,0.068,18.0,0.006,16.255,0.004,15.047,0.004,14.098,0.004,12.172,0.027,11.355,0.028,10.978,0.026,AAA-222-111-000-0-0,10.436,0.023,9.928,0.02,8.275,0.02,6.502,0.061,15.5293,0.002367,14.414,0.007,gbprp,,,,,,,,,,,,,,GIANT,,,,,,,0,,,0,,,,,,,,,,,,,,,,,,,,,16.9123,0.011999,14.2738,0.007018,0,ucac4,bpbj,,36.80267605416,33.638855034,326.73734149467,47.85439225646,0.15884621079,0.17303372572,0,0,460724905
2.02796,J214656.96+475115.8,326.7373674,47.8544043,2010893818,326.73787999003,47.85485042417,326.738,47.855,90.0,0,,,,0,,1977809423087375488,0,0,STAR,gaia2,gaia2,-4.68,0.312,-3.163,0.314,gaia2,0.0167,0.2068,gaia2,,,,,,,,,,,,,,,,,,,,,,,,,,,,,,18.6049,0.003996,18.175,0.6,goffs,gaia2,,,,,,,,,,,,,,,,3637.48,1541.12,0.764,0.0924,0,,,0,,0.1016,0.0833,panstarrs,,,,,,,,,,,1187.51,1894.74,bj2018,,,,,0.0,,0.0,0,,,,5.30112263318,4.87635233535,326.73784995842,47.85483680583,0.16283162029,0.1632630237,0,0,460976077
0.103268,J214937.75+583643.7,327.4073098,58.6121506,365348306,327.40733400314,58.61217636752,327.407,58.612,90.0,0,,,21493776+5836437,0,J214937.75+583643.7,2202391094030960256,0,0,STAR,tmgaia2,tmgaia2,-2.928,0.408,-1.95,0.359,gaia2,0.1382,0.1816,gaia2,20.167,0.142,18.998,0.05,,,,,,,,,,,16.56,0.126,15.703,0.146,15.063,0.113,BBB-222-111-000-0-0,14.337,0.029,13.904,0.033,10.206,0.058,6.918,0.073,18.5198,0.002692,17.691,0.089,rered,gaia2,5998.0,164.0,4.1169,,,,1.525,,1.11,,0.3131,,DWARF,2.71132,,4265.76,2248.43,0.6562,0.1326,0,,,0,,0.0863,0.1789,panstarrs,,,,,,,,,,,1602.15,2894.7,bj2018,,,dered,19.2864,0.03013,17.6747,0.014203,1,gaia2,bpbj,,7.25473224867,5.57331492883,327.40730979934,58.61216797135,0.18000951347,0.16452498584,1,0,462251606
0.080274,J215044.62+574107.0,327.6859504,57.6852951,365452133,327.68599209816,57.68529450842,327.686,57.685,90.0,0,,,21504462+5741071,0,J215044.62+574107.0,2202269872874354944,0,0,STAR,tmgaia2,tmgaia2,-1.035,0.208,-3.217,0.196,gaia2,0.5321,0.1049,gaia2,,,18.734,0.071,,,,,,,,,,,14.812,0.038,14.084,0.046,13.81,0.048,AAA-222-111-000-0-0,13.828,0.029,14.115,0.042,11.031,0.126,7.449,0.103,17.7855,0.013638,16.62,0.029,rered,gaia2,4924.0,186.0,,,,,1.936,,,,,,GIANT,,,1839.05,420.43,0.8826,0.0417,0,,,0,,0.0389,0.0444,panstarrs,,,,,,,,,,,331.76,509.1,bj2018,,,dered,18.9731,0.052426,16.6746,0.038338,1,gaia2,,,3.69054417538,3.04338481763,327.68598376354,57.68528065882,0.09407787551,0.09336024797,0,0,462754721
0.036675,J215348.09+623651.9,328.4504006,62.6144265,411043004,328.45040488454,62.61441650495,328.45,62.614,90.0,108073,4266-02575-1,764-063584,21534810+6236520,0,J215348.09+623651.9,2204369875668251264,0,0,STAR,tmgaia2,tmgaia2,-0.52,0.445,1.07,0.448,gaia2,0.2509,0.2738,gaia2,7.215,0.024,7.111,0.023,,,,,,,,,,,6.487,0.026,6.501,0.033,6.524,0.018,AAA-111-111-000-0-0,6.454,0.074,6.431,0.024,6.285,0.015,5.663,0.035,6.94036,0.002919,6.812,0.037,rered,gaia2,13218.0,454.0,,,,,,,,,,,,,,3553.11,2297.87,0.4021,0.0418,0,,,0,,0.0603,0.0232,panstarrs,,,,,,,,,,,1558.33,3037.41,bj2018,,,dered,7.08615,0.010131,6.72078,0.009338,1,sirful,tycho2b3,,8.07907491888,6.94845992521,328.45040001551,62.61442110987,0.22503017945,0.25489798182,0,0,464295461
0.156042,J220044.71-542312.2,330.186292,-54.3867454,265529196,330.18625201241,-54.38670884071,330.186,-54.387,90.0,0,,179-220703,22004469-5423121,0,J220044.71-542312.2,6509201371504803840,25489175,0,STAR,tmgaia2,tmgaia2,9.856,0.045,-11.653,0.047,gaia2,0.2904,0.0288,gaia2,13.019,0.096,11.42,0.035,,,,,,,,,,,8.983,0.021,8.172,0.029,8.029,0.029,AAA-111-111-000-0-0,7.946,0.024,8.033,0.02,6.769,0.017,5.893,0.046,11.0185,0.003721,10.216,0.007,rered,gaia2,4110.0,124.0,,,,,41.78,,,,,,GIANT,,,3082.64,275.61,0.0154,0.0,0,,,0,,0.0,0.0,schlegel,,,,,,,,,,,252.17,299.05,bj2018,,,dered,11.8362,0.014264,10.1705,0.009061,1,ucac4,apassdr9,,0.77940506588,0.73088456137,330.18632488939,-54.38675901294,0.02061222758,0.02376945712,0,0,1718279478
0.00614,J220129.67+012956.4,330.3736512,1.4990099,292986233,330.37365218247,1.49901129441,330.374,1.499,90.0,0,,,22012967+0129564,1237678596466868432,J220129.67+012956.4,2683040922778289664,0,0,STAR,tmgaia2,tmgaia2,-0.048,0.16,-0.033,0.193,gaia2,-0.051,0.2106,gaia2,16.618,0.08,16.704,0.047,16.585,0.007,16.628,0.004,16.647,0.004,16.089,0.004,16.451,0.008,15.691,0.055,15.108,0.08,13.933,0.043,AAA-222-111-000-0-0,12.544,0.024,11.482,0.021,8.721,0.029,6.472,0.065,16.6215,0.009059,16.312,0.012,rered,gaia2,6776.0,188.0,4.6969,,,,0.894,,1.45,,2.0306,,DWARF,1.51733,,2860.52,941.66,0.0493,0.0085,0,,,0,,0.0088,0.0082,panstarrs,,,,,,,,,,,765.81,1117.51,bj2018,,,dered,16.7742,0.03458,16.183,0.017263,1,gaia2,bpbj,,2.49009589627,2.99230419059,330.3736519747,1.49901115366,0.15527178512,0.08444158556,1,0,467728444
0.085613,J220321.19+511549.9,330.8383228,51.2638617,325407441,330.83835275232,51.2638470616,330.838,51.264,90.0,0,,707-092598,22032119+5115498,0,J220321.19+511549.9,1980127296688675328,0,0,STAR,tmgaia2,tmgaia2,-1.677,0.041,-2.241,0.037,gaia2,0.3073,0.0215,gaia2,14.719,0.067,14.88,0.103,,,,,,,,,,,13.162,0.027,12.381,0.032,11.561,0.023,AAA-222-111-000-0-0,10.292,0.022,9.627,0.02,8.254,0.02,7.172,0.089,14.5064,0.002633,14.132,0.013,rered,gaia2,7068.0,129.0,3.7471,,,,2.767,,1.56,,0.0736,,DWARF,17.21747,,2964.16,192.585,0.2113,0.0153,0,,,0,,0.014,0.0165,panstarrs,,,,,,,,,,,180.45,204.72,bj2018,,,dered,14.7789,0.008659,14.0518,0.006263,1,ucac4,bpbj,,0.70414803006,0.57960050133,330.83834121309,51.26383741358,0.01950852004,0.01817076614,1,0,468000492
0.079612,J220912.52+582025.0,332.3022015,58.3402926,328749091,332.30217090358,58.34030780377,332.302,58.34,90.0,0,,742-076788,22091253+5820250,0,J220912.52+582025.0,2199512095856990464,0,0,STAR,tmgaia2,tmgaia2,2.972,2.329,-4.696,2.329,hsoy,,,,17.06,0.163,14.249,0.103,,,,,,,,,,,10.05,0.028,9.448,0.03,9.138,0.022,AAA-222-111-000-0-0,8.817,0.021,8.647,0.019,8.175,0.02,7.191,0.093,13.2114,0.00322,12.134,0.007,gbprp,,,,,,,,,,,,,,GIANT,,,,,,,0,,,0,,,,,,,,,,,,,,,,,,,,,14.5395,0.010585,12.0384,0.009876,0,ucac4,bpbj,,41.3399224946,36.09604472192,332.30219528007,58.34028758342,0.43881647682,0.46959283074,0,0,472156983
0.101504,J220922.74+554524.2,332.3447633,55.7567315,329020872,332.34481211085,55.75673787099,332.345,55.757,90.0,0,3973-00715-1,729-080014,22092274+5545242,0,J220922.74+554524.2,2197941958898810240,56997632,0,STAR,tmgaia2,tmgaia2,-2.831,0.053,-2.496,0.047,gaia2,0.5035,0.0313,gaia2,11.077,0.115,10.865,0.009,,,,,,,,,,,9.601,0.029,9.219,0.03,8.555,0.023,AAA-222-111-000-0-0,7.351,0.028,6.73,0.022,5.986,0.015,5.546,0.038,10.6358,0.000752,10.298,0.009,rered,gaia2,7673.0,123.0,,,,,9.75,,,,,,GIANT,,,1881.14,113.47,0.2776,0.0096,0,,,0,,0.0073,0.0118,panstarrs,,,,,,,,,,,106.78,120.16,bj2018,,,dered,10.8861,0.001915,10.2145,0.003366,1,tycho2v3,tycho2b3,,0.93752266306,0.73166324889,332.34479045268,55.75672712428,0.02553908882,0.02464250192,0,0,472160838
0.053687,J220933.43+574430.5,332.3893182,57.7418173,329136425,332.38934470932,57.74181258779,332.389,57.742,90.0,0,,739-078407,22093343+5744305,0,J220933.43+574430.5,2198726735323427072,57596619,0,STAR,tmgaia2,tmgaia2,-3.031,0.064,-1.521,0.057,gaia2,0.1287,0.0365,gaia2,12.946,0.054,12.137,0.057,,,,,,,,,,,9.76,0.024,9.364,0.028,9.008,0.024,AAA-222-111-000-0-0,8.553,0.023,8.219,0.02,7.398,0.017,6.495,0.044,11.708,0.00219,11.051,0.064,rered,gaia2,8738.0,141.0,,,,,34.051,,,,,,GIANT,,,5767.78,1206.88,0.9369,0.0786,0,,,0,,0.0457,0.1116,panstarrs,,,,,,,,,,,995.13,1418.62,bj2018,,,dered,12.2882,0.006779,10.9462,0.006599,1,ucac4,apassdr9,,1.12679141392,0.88648841373,332.38932026261,57.74180604003,0.03182278917,0.03001911514,0,0,471687294
0.099585,J221508.94+610241.0,333.7872749,61.0447436,336199004,333.7872535919,61.04476926714,333.787,61.045,90.0,0,,,22150893+6102412,0,J221508.94+610241.0,2204553562828879616,0,0,STAR,tmgaia2,tmgaia2,-1.51,0.142,-2.756,0.136,gaia2,0.8607,0.0653,gaia2,19.52,0.166,17.788,0.067,,,,,,,,,,,14.011,0.037,12.822,0.037,12.127,0.024,AAA-222-111-000-0-0,11.317,0.023,10.858,0.021,8.602,0.034,6.22,0.05,16.8299,0.011393,15.704,0.021,rered,gaia2,4097.0,141.0,,,,,1.956,,,,,,GIANT,,,1132.09,86.295,0.4995,0.0322,0,,,0,,0.0256,0.0389,panstarrs,,,,,,,,,,,79.87,92.72,bj2018,,,dered,17.9895,0.050206,15.6792,0.029108,1,gaia2,bpbj,,2.56292722315,2.10832004661,333.78724016545,61.04475739926,0.0597255128,0.06243096611,0,0,475176568
0.024335,J221540.39+521555.9,333.9183089,52.2655525,430839125,333.91831795578,52.26554863002,333.918,52.266,90.0,0,,712-095339,22154039+5215559,0,J221540.39+521555.9,2001249121215647488,0,0,STAR,tmgaia2,tmgaia2,-3.687,0.069,-3.523,0.056,gaia2,0.2348,0.0394,gaia2,16.624,0.07,16.019,0.217,,,,,,,,,,,14.451,0.03,13.682,0.036,13.032,0.032,AAA-222-111-000-0-0,11.952,0.023,11.476,0.021,9.008,0.038,6.307,0.054,15.6147,0.001298,15.301,0.105,rered,gaia2,8047.0,130.0,4.1915,,,,1.855,,1.95,,0.3056,,DWARF,12.99626,,3679.98,547.305,0.3103,0.1341,0,,,0,,0.1661,0.1021,panstarrs,,,,,,,,,,,472.91,621.7,bj2018,,,dered,15.8471,0.005448,15.2105,0.007092,1,ucac4,bpbj,,1.18780306312,0.86792801436,333.91829201415,52.26553346254,0.03398426487,0.03022133258,1,0,474974230
0.083842,J221632.31+611346.8,334.1346602,61.2296814,336398500,334.13468832801,61.22970035054,334.135,61.23,90.0,0,,757-069155,22163232+6113468,0,J221632.31+611346.8,2204562015324510336,59102975,0,STAR,tmgaia2,tmgaia2,-1.056,0.034,-2.792,0.033,gaia2,1.1026,0.0186,gaia2,14.878,0.102,14.127,0.103,,,,,,,,,,,11.765,0.023,10.975,0.026,10.223,0.024,AAA-222-111-000-0-0,9.385,0.023,8.641,0.019,5.19,0.013,3.078,0.016,13.6368,0.002632,13.014,0.029,rered,gaia2,7725.0,136.0,4.1055,,,,1.978,,1.82,,0.2351,,DWARF,12.557,,884.029,14.658,0.7197,0.0372,0,,,0,,0.0453,0.0292,panstarrs,,,,,,,,,,,14.42,14.896,bj2018,,,dered,14.1735,0.010113,12.9341,0.007978,1,ucac4,apassdr9,,0.60692369637,0.50589153969,334.13467888342,61.22968832891,0.01519692352,0.01668856587,1,0,475632856
0.150182,J221843.61+544715.0,334.6817202,54.787516,421726669,334.68178955634,54.78750412529,334.682,54.787,90.0,0,3986-03022-1,724-088715,22184362+5447150,0,J221843.61+544715.0,2005076418115691648,56408245,0,STAR,tmgaia2,tmgaia2,2.522,0.045,-2.203,0.045,gaia2,0.8383,0.0276,gaia2,12.649,0.407,12.22,0.029,,,,,,,,,,,10.933,0.023,10.77,0.031,10.66,0.021,AAA-222-111-000-0-0,10.587,0.023,10.505,0.021,9.668,0.033,6.923,0.076,11.9277,0.001836,11.535,0.012,rered,gaia2,6911.0,139.0,3.4905,0.0956,,,3.658,0.191,1.51,0.255,0.0308,0.008,DWARF,27.50501,2.44264,1154.18,37.065,0.2044,0.0139,1261,0.1547,,0,1.5e-05,0.0168,0.011,panstarrs,0.175,0.335,0.212,0.17,0.007,0.009,0.0864,0.1048,2.29002,2.59526,35.9,38.23,bj2018,98.8,179.1,dered,12.2253,0.005041,11.4668,0.005075,1,tycho2v3,tycho2b3,,0.78477212874,0.69667927886,334.68180838791,54.7874946383,0.02154422654,0.02307004267,1,0,475812200
0.18554,J222127.32+582906.9,335.3638356,58.4852562,395208735,335.36391099253,58.48528941419,335.364,58.485,90.0,0,,743-078272,22212733+5829070,0,J222127.32+582906.9,2200300548770474880,0,0,STAR,tmgaia2,tmgaia2,-4.248,0.07,-2.567,0.067,gaia2,0.4359,0.0425,gaia2,19.473,0.162,16.686,1.133,,,,,,,,,,,12.923,0.027,12.312,0.033,12.006,0.026,AAA-222-111-000-0-0,11.785,0.025,11.704,0.023,9.051,0.105,6.596,0.108,16.1199,0.007484,14.907,0.209,rered,gaia2,4551.0,133.0,,,,,5.62,,,,,,GIANT,,,2158.45,206.56,0.8223,0.3777,0,,,0,,0.3364,0.419,panstarrs,,,,,,,,,,,187.45,225.67,bj2018,,,dered,17.3763,0.025475,14.9573,0.022521,1,ucac4,bpbj,,1.25060158286,1.04047069632,335.36387600429,58.4852783602,0.03650834136,0.03611145954,0,0,477468359
0.080011,J222127.59+550729.8,335.3649749,55.1249708,395234191,335.36500070007,55.12498742322,335.365,55.125,90.0,0,,726-086853,22212759+5507299,0,J222127.59+550729.8,2005181593263159808,0,0,STAR,tmgaia2,tmgaia2,-2.346,0.132,-2.087,0.125,gaia2,-0.1405,0.0783,gaia2,17.629,0.171,15.526,0.16,,,,,,,,,,,9.719,0.029,8.596,0.031,8.219,0.021,AAA-211-111-000-0-0,7.944,0.024,7.942,0.02,7.47,0.016,7.125,0.071,13.5958,0.006332,12.077,0.011,rered,gaia2,3208.0,124.0,,,,,,,,,,,,,,7898.31,2180.74,0.4757,0.0198,0,,,0,,0.0217,0.018,panstarrs,,,,,,,,,,,1852.39,2509.09,bj2018,,,dered,15.7227,0.039793,12.1152,0.014823,1,ucac4,bpbj,,2.30201810478,1.93395178116,335.36498303104,55.12497843732,0.06186819329,0.06293466141,0,0,477482833
1.294877,J222127.59+550729.8,335.3649749,55.1249708,2015321257,335.36462677633,55.12467121168,335.365,55.125,90.0,0,,,,0,,2005181593273787392,0,0,STAR,gaia2,gaia2,-2.023,0.15,-1.717,0.14,gaia2,0.0755,0.0676,gaia2,,,,,,,,,,,,,,,,,,,,,,,,,,,,,,15.2301,0.001167,14.8,0.6,goffs,gaia2,,,,,,,,,,,,,,,,5598.19,1596.73,0.4456,0.0496,0,,,0,,0.0695,0.0298,panstarrs,,,,,,,,,,,1290.29,1903.17,bj2018,,,,,0.0,,0.0,0,,,,2.62867275354,2.17868315818,335.36461154397,55.12466381938,0.05460721458,0.06532817038,0,0,478278947
0.30905,J222136.25+573617.0,335.4010451,57.6047469,316671138,335.40116811288,57.60480191176,335.401,57.605,90.0,0,,,22213628+5736173,0,J222136.25+573617.0,2200014362209054464,0,0,STAR,tmgaia2,tmgaia2,-4.152,0.252,-1.601,0.246,gaia2,0.091,0.1575,gaia2,,,19.192,0.056,,,,,,,,,,,15.103,0.06,14.437,0.063,14.318,0.081,AAA-222-111-000-0-0,13.844,0.03,13.891,0.041,9.922,0.071,7.349,0.104,18.131,0.002256,16.908,0.133,rered,gaia2,4596.0,137.0,,,,,4.305,,,,,,GIANT,,,4118.64,1777.91,0.8555,0.2381,0,,,0,,0.1291,0.3472,panstarrs,,,,,,,,,,,1336.83,2218.98,bj2018,,,dered,19.4221,0.037212,16.9879,0.008046,1,gaia2,,,4.46811656999,3.81820093313,335.40113474377,57.60479501853,0.13659661122,0.12987392994,0,0,477346018
0.108737,J222457.26+513651.5,336.2385948,51.6143264,467463928,336.238546554,51.6143225505,336.239,51.614,90.0,0,,709-100769,22245724+5136516,0,J222457.26+513651.5,2001299217710953600,55947303,0,STAR,tmgaia2,tmgaia2,7.679,2.308,1.363,2.308,hsoy,,,,14.204,0.123,13.111,0.08,,,,,,,,,,,10.681,0.023,10.061,0.028,9.793,0.022,AAA-222-111-000-0-0,9.448,0.023,9.167,0.019,7.009,0.016,4.773,0.028,12.7148,0.002723,11.982,0.007,gbprp,,,,,,,,,,,,,,GIANT,,,,,,,0,,,0,,,,,,,,,,,,,,,,,,,,,13.3905,0.013138,11.8969,0.008975,0,ucac4,apassdr9,,39.7508998908,35.78591325365,336.23859979947,51.6143284201,0.65679574484,0.65655082464,1,0,479229696
0.250519,J222546.24-304136.9,336.4426952,-30.6935977,62484122,336.44269181644,-30.69366722773,336.443,-30.694,90.0,0,,,22254622-3041368,0,J222546.24-304136.9,6614154699883360000,0,0,STAR,tmgaia2,tmgaia2,,,,,,,,,16.12,0.104,,,,,,,,,,,,,15.862,0.097,15.236,0.123,14.769,0.104,ABA-222-111-000-0-0,13.878,0.026,13.62,0.036,9.507,0.042,7.138,0.095,19.706,0.009409,19.276,0.6,goffs,,,,,,,,,,,,,,,,,,,,,0,,,0,,,,,,,,,,,,,,,,,,,,,,0.0,,0.0,0,,bpbj,,1.33079822242,1.0916248873,336.44269181644,-30.69366722773,1.33079822242,1.0916248873,0,0,1720211191
0.63656,J222546.24-304136.9,336.4426952,-30.6935977,10001279818,336.44281,-30.693451,0.0,0.0,90.0,0,,,22254627-3041364,0,,0,0,0,EXTENDED,,2MASSEXT,,,,,,,,,,,,,,,,,,,,,,,15.189,,14.353,,13.971,,,,,,,,,,,,,16.939,1.0,tor_j,,,,,,,,,,,,,,,,,,,,,0,,,0,,,,,,,,,,,,,,,,,,,,,,,,,0,,,,,,,,,,0,0,1727680715
1.867574,J222546.24-304136.9,336.4426952,-30.6935977,2028147862,336.44225118341,-30.69324650156,336.442,-30.693,90.0,0,,,,0,,6614154704177898880,0,0,STAR,gaia2,gaia2,8.156,0.571,-2.426,0.733,gaia2,0.4424,0.438,gaia2,,,19.215,0.056,,,,,,,,,,,,,,,,,,,,,,,,,,18.8792,0.004555,18.211,0.011,gbprp,gaia2,,,,,,,,,,,,,,,,1598.5,822.78,0.0323,0.0078,0,,,0,,0.0092,0.0065,panstarrs,,,,,,,,,,,582.67,1062.89,bj2018,,,,18.9584,0.055957,17.6215,0.036936,0,gaia2,,,9.18018763733,11.36585607018,336.4422920216,-30.69325694822,0.3712908391,0.30440460434,1,0,1720468247
0.045376,J223023.95+651024.5,337.5997969,65.1734834,337890408,337.59982244602,65.17347678011,337.6,65.173,90.0,0,,,22302394+6510245,1237663232824575797,J223023.95+651024.5,2206453377177568256,0,0,STAR,tmgaia2,tmgaia2,-1.914,0.284,-3.323,0.27,gaia2,0.4946,0.1479,gaia2,,,19.658,0.078,22.687,0.304,20.787,0.028,18.829,0.01,17.784,0.008,16.988,0.011,15.217,0.052,14.337,0.05,13.932,0.062,AAA-222-111-000-0-0,13.515,0.026,13.462,0.03,9.986,0.086,7.488,0.105,18.543,0.004855,17.288,0.03,rered,gaia2,4606.0,171.0,,,,,1.868,,,,,,GIANT,,,2034.48,840.41,0.9081,0.0518,0,,,0,,0.0488,0.0548,panstarrs,,,,,,,,,,,556.24,1124.58,bj2018,,,dered,19.7372,0.069166,17.24,0.022425,1,gaia2,,,5.227805805,4.19038386116,337.59980282097,65.1734624721,0.13744779395,0.13596371699,0,0,480583584
0.548616,J223026.80+551028.0,337.6116973,55.1744556,63970559,337.61185426261,55.17433235751,337.612,55.174,90.0,0,,,22302682+5510275,0,J223026.80+551028.0,2006450975133521280,57002938,0,STAR,tmgaia2,tmgaia2,-5.976,0.365,-5.734,0.316,gaia2,0.757,0.2033,gaia2,,,15.906,0.16,,,,,,,,,,,16.123,0.121,15.774,0.187,15.249,,BCU-220-110-000-0-0,14.94,0.039,14.9,0.061,9.907,0.062,7.173,0.099,18.5499,0.004373,17.699,0.019,rered,gaia2,4498.0,131.0,4.7651,,,,0.578,,0.71,,3.6722,,DWARF,0.12331,,1345.32,494.045,0.2505,0.0312,0,,,0,,0.0218,0.0405,panstarrs,,,,,,,,,,,340.26,647.83,bj2018,,,dered,19.2919,0.029948,17.5856,0.016563,1,apassdr9,,,6.38781425041,4.8957622858,337.61180920419,55.17430766993,0.16442400178,0.15067834882,1,0,480308935
0.395096,J223048.25+563617.7,337.7010736,56.6049198,64083913,337.70122701237,56.60498990567,337.701,56.605,90.0,0,3991-01436-1,734-085854,22304831+5636181,0,J223048.25+563617.7,2007525545903203200,57608521,0,STAR,tmgaia2,tmgaia2,-3.643,0.05,-2.645,0.05,gaia2,0.2067,0.03,gaia2,10.482,0.064,9.997,0.004,,,,,,,,,,,8.303,0.021,8.146,0.021,8.013,0.024,AAA-111-111-000-0-0,7.903,0.023,7.918,0.019,7.853,0.019,7.345,0.103,9.64937,0.004854,9.207,0.031,rered,gaia2,8525.0,182.0,,,,,41.882,,,,,,GIANT,,,4135.8,529.31,0.5829,0.0378,0,,,0,,0.0304,0.0452,panstarrs,,,,,,,,,,,466.46,592.16,bj2018,,,dered,10.0238,0.014164,9.11533,0.014477,1,tycho2v3,tycho2b3,,0.88918285025,0.77371428736,337.70119851649,56.60497851907,0.02584506207,0.02513684186,0,0,480323117
0.05928,J223158.92+501736.8,337.9955006,50.2935704,420188186,337.99552589935,50.29356725013,337.996,50.294,90.0,0,,702-107344,22315891+5017368,0,J223158.92+501736.8,1988192656846140416,55279265,0,STAR,tmgaia2,tmgaia2,-1.315,0.107,-0.969,0.098,gaia2,0.0797,0.0601,gaia2,17.588,0.166,14.768,0.126,,,,,,,,,,,9.948,0.021,9.079,0.03,8.708,0.018,AAA-222-111-000-0-0,8.505,0.023,8.485,0.02,8.008,0.019,7.39,0.098,12.9989,0.002336,11.785,0.007,rered,gaia2,3369.0,122.0,,,,,66.717,,,,,,GIANT,,,5575.16,1440.2,0.1149,0.0079,0,,,0,,0.0081,0.0077,panstarrs,,,,,,,,,,,1182.71,1697.7,bj2018,,,dered,14.6516,0.014461,11.7805,0.004878,1,ucac4,bpbj,,1.82999401518,1.51719761568,337.99551703759,50.29356307752,0.04766301976,0.04407793272,0,0,480800142
0.014873,J223224.08+563749.8,338.1003573,56.6305062,64377587,338.10035885482,56.63051024194,338.1,56.63,90.0,0,,734-086327,22322410+5637499,0,J223224.08+563749.8,2006869476746273920,0,0,STAR,tmgaia2,tmgaia2,-3.959,0.164,-2.834,0.161,gaia2,0.2595,0.1016,gaia2,17.817,0.165,16.368,0.012,,,,,,,,,,,8.545,0.032,7.353,0.02,6.884,0.016,AAA-111-111-000-0-0,6.654,0.072,6.747,0.021,6.442,0.016,6.125,0.046,12.9114,0.006227,11.19,0.015,rered,gaia2,,,,,,,,,,,,,,,,3172.35,1029.5,0.464,0.0569,0,,,0,,0.058,0.0558,panstarrs,,,,,,,,,,,773.49,1285.51,bj2018,,,,16.0005,0.04464,11.3737,0.019661,1,ucac4,bpbj,,2.88574182832,2.50315159501,338.1003278675,56.63049804206,0.08372186702,0.08292917516,0,0,481857565
0.04213,J223403.66+555035.6,338.5152789,55.843225,64653890,338.51525812097,55.84322591866,338.515,55.843,90.0,0,,,22340366+5550355,0,J223403.66+555035.6,2006587834280977152,0,0,STAR,tmgaia2,tmgaia2,-3.092,0.105,-3.107,0.106,gaia2,0.1759,0.0668,gaia2,19.422,0.166,17.189,0.048,,,,,,,,,,,14.778,0.045,14.029,0.039,13.339,0.036,AAA-222-111-000-0-0,12.382,0.024,11.898,0.022,9.902,0.037,7.024,0.076,16.8603,0.005849,16.178,0.022,rered,gaia2,5986.0,150.0,3.7091,,,,2.428,,1.1,,0.0769,,DWARF,6.81714,,4178.52,1092.45,0.4306,0.0303,0,,,0,,0.0206,0.0401,panstarrs,,,,,,,,,,,870.57,1314.33,bj2018,,,dered,17.415,0.020471,16.0951,0.016346,1,gaia2,bpbj,,1.84142831427,1.65153942825,338.51523440802,55.84321253936,0.05390554327,0.05445292967,1,0,481900950
0.023104,J223553.38+500414.8,338.9724335,50.0707924,428102518,338.97242665245,50.07078772341,338.972,50.071,90.0,111550,3628-01304-1,701-111396,22355338+5004147,0,J223553.38+500414.8,1988022477362826880,55280662,0,STAR,tmgaia2,tmgaia2,6.312,0.114,0.15,0.11,gaia2,1.5419,0.067,gaia2,,,6.29,0.03,,,,,,,,,,,6.349,0.02,6.405,0.036,6.459,0.024,AAA-111-111-000-0-0,6.468,0.073,6.423,0.023,6.53,0.015,5.955,0.047,6.24654,0.000677,6.331,0.012,rered,gaia2,12746.0,135.0,,,,,,,,,,,,,,638.144,27.563,0.0638,0.0124,0,,,0,,0.015,0.0097,panstarrs,,,,,,,,,,,26.395,28.731,bj2018,,,dered,6.22799,0.001215,6.29009,0.001562,1,hipvmag,,,1.95172331149,1.7060772789,338.97246899227,50.0707883705,0.0579062787,0.0541725438,0,0,482345893
0.038385,J223650.48+652107.2,339.2103355,65.352014,338925816,339.2103531372,65.35202171929,339.21,65.352,90.0,0,,777-047962,22365048+6521071,0,J223650.48+652107.2,2212419812602895232,0,0,STAR,tmgaia2,tmgaia2,-2.124,0.084,-0.845,0.081,gaia2,0.0552,0.053,gaia2,17.896,0.178,15.258,0.126,,,,,,,,,,,9.586,0.027,8.3,0.04,7.886,0.021,AAA-211-111-000-0-0,7.675,0.028,7.791,0.02,7.551,0.022,7.102,0.065,13.4103,0.001333,11.84,0.006,rered,gaia2,3756.0,122.0,,,,,136.451,,,,,,GIANT,,,7274.07,2139.18,0.9163,0.0041,0,,,0,,0.0064,0.0017,schlegel,,,,,,,,,,,1715.02,2563.33,bj2018,,,dered,15.4057,0.00847,12.0706,0.004123,1,ucac4,bpbj,,1.55431589639,1.25617389197,339.21033120699,65.35201808059,0.04447419118,0.04528404939,0,0,483650507
0.040819,J223653.95+565420.9,339.2248075,56.9058184,416028609,339.22481229107,56.90582943262,339.225,56.906,90.0,111633,3991-01076-1,735-088860,22365395+5654208,0,J223653.95+565420.9,2006888825592397440,57618631,0,STAR,tmgaia2,tmgaia2,-3.487,0.053,-2.908,0.048,gaia2,0.301,0.0339,gaia2,9.224,0.032,8.86,0.03,,,,,,,,,,,7.482,0.019,7.34,0.04,7.161,0.017,AAA-111-111-000-0-0,6.791,0.065,6.459,0.024,5.868,0.014,5.027,0.029,8.71133,0.008493,8.357,0.027,rered,gaia2,8874.0,315.0,,,,,39.662,,,,,,GIANT,,,3007.6,316.625,0.4938,0.0315,0,,,0,,0.036,0.027,panstarrs,,,,,,,,,,,284.87,348.38,bj2018,,,dered,8.97346,0.026671,8.22966,0.025144,1,hipvmag,tycho2b3,,0.93977593553,0.74786157458,339.22478479779,56.90581691241,0.02678761803,0.02611852842,0,0,483768755
0.579695,J223802.45+613815.8,339.5102495,61.6377417,2020438101,339.5100172998,61.63785901275,339.51,61.638,90.0,0,,,,0,,2201865561837540864,0,0,STAR,gaia2,gaia2,-2.981,0.223,-1.977,0.179,gaia2,0.0122,0.0666,gaia2,,,,,,,,,,,,,,,,,,,,,,,,,,,,,,15.4075,0.002777,14.977,0.6,goffs,gaia2,,,,,,,,,,,,,,,,7229.03,2207.38,1.643,0.0884,0,,,455860852,,0.1079,0.0689,schlegel,,,,,,,,,,,1794.5,2620.25,bj2018,,,,,0.0,,0.0,0,,,,4.02982962065,2.77287079891,339.50999027822,61.63785049951,0.07632417379,0.06000351983,0,0,484609032
0.609896,J223802.45+613815.8,339.5102495,61.6377417,2020438105,339.51040620353,61.6375895155,339.51,61.638,90.0,0,,,,0,,2201865566130938752,0,0,STAR,gaia2,gaia2,3.453,0.267,0.084,0.213,gaia2,-0.0435,0.1424,gaia2,,,15.61,0.05,,,,,,,,,,,,,,,,,,,,,,,,,,14.9685,0.001563,14.09,0.006,gbprp,gaia2,,,,,,,,,,,,,,,,5447.23,2213.36,1.5361,0.1716,0,,DUPLICATE,455860852,,0.2043,0.1389,schlegel,,,,,,,,,,,1733.94,2692.79,bj2018,,,,15.5412,0.020408,13.6635,0.021824,0,gaia2,,,4.81288035871,3.29948955682,339.51043750055,61.63758987645,0.13565137842,0.11977114165,0,0,484609036
0.609896,J223802.45+613815.8,339.5102495,61.6377417,455860852,339.51040620353,61.6375895155,339.51,61.638,90.0,0,,759-069520,22380245+6138157,0,J223802.45+613815.8,2201865566130938752,58772654,0,STAR,gaia2,gaia2,3.453,0.267,0.084,0.213,gaia2,-0.0435,0.1424,gaia2,16.356,0.217,15.112,0.183,,,,,,,,,,,12.122,0.029,11.719,0.038,11.457,0.026,AAA-222-111-000-0-0,11.212,0.023,11.15,0.021,10.489,0.091,7.164,0.085,14.9685,0.001563,14.09,0.006,gbprp,gaia2,,,,,,,,,,,,,,,,5447.23,2213.36,1.5361,0.1716,0,,SPLIT,0,,0.2043,0.1389,schlegel,,,,,,,,,,,1733.94,2692.79,bj2018,,,,15.5412,0.020408,13.6635,0.021824,0,ucac4,apassdr9,,4.81288035871,3.29948955682,339.51043750055,61.63758987645,0.13565137842,0.11977114165,0,0,483862659
0.349338,J002759.31-742404.0,6.9971466,-74.4011249,514457502,6.99732312384,-74.40104026397,6.997000217437744,-74.4010009765625,90.0,0,,,,0,,4685400958744504960,0,0,STAR,tmgaia2,tmgaia2,,,,,,,,,,,,,,,,,,,,,,,,,,,,,,,,,,,,,,19.81800079345703,0.0075790002010762,19.38800048828125,0.6000000238418579,goffs,,,,,,,,,,,,,,,,,,,,,0,,,267262407,,,,,,,,,,,,,,,,,,,,,,0.0,,0.0,0,,,,2.25844516946,0.83417544716,6.99732312384,-74.40104026397,2.25844516946,0.83417544716,0,0,508999199
0.629642,J002759.31-742404.0,6.9971466,-74.4011249,267262407,6.99684511905,-74.40127987789,6.997000217437744,-74.4010009765625,90.0,0,,,00275926-7424047,0,J002759.31-742404.0,4685400954462074880,33487599,0,STAR,tmgaia2,tmgaia2,,,,,,,,,16.05699920654297,0.0590000003576278,16.041000366210938,0.0509999990463256,,,,,,,,,,,16.082000732421875,0.1190000027418136,15.682000160217283,0.1439999938011169,15.34000015258789,,BBU-220-110-000-0-0,14.689000129699709,0.0289999991655349,14.54300022125244,0.0419999994337558,10.571000099182127,0.0610000006854534,7.354000091552734,0.0860000029206276,16.872499465942383,0.0047389999963343,16.83099937438965,0.0080000003799796,gbprp,,,,,,,,,,,,,,,,,,,,,0,,SPLIT,0,,,,,,,,,,,,,,,,,,,,,16.58329963684082,0.012360000051558,16.464399337768555,0.0083919996395707,0,apassdr9,apassdr9,,0.17969858613,0.14285871892,6.99684511905,-74.40127987789,0.17969858613,0.14285871892,1,0,508983037
1.182461,J002759.31-742404.0,6.9971466,-74.4011249,612432899,6.99744401802,-74.40080632414,6.997000217437744,-74.4010009765625,90.0,0,,,,0,,4685400958740948224,0,0,STAR,gaia2,gaia2,,,,,,,,,,,,,,,,,,,,,,,,,,,,,,,,,,,,,,19.088600158691406,0.0093179997056722,18.659000396728516,0.6000000238418579,goffs,,,,,,,,,,,,,,,,,,,,,0,,,0,,,,,,,,,,,,,,,,,,,,,,0.0,,0.0,0,,,,1.23920647928,0.87774027902,6.99744401802,-74.40080632414,1.23920647928,0.87774027902,0,0,509067448
1.422303,J002759.31-742404.0,6.9971466,-74.4011249,612432897,6.99567873807,-74.40110769834,6.995999813079834,-74.4010009765625,90.0,0,,,,0,,4685400954462074752,0,0,STAR,gaia2,gaia2,,,,,,,,,,,,,,,,,,,,,,,,,,,,,,,,,,,,,,20.257099151611328,0.020066000521183,19.82699966430664,0.6000000238418579,goffs,,,,,,,,,,,,,,,,,,,,,0,,,0,,,,,,,,,,,,,,,,,,,,,,0.0,,0.0,0,,,,1.0633465531,1.56315711157,6.99567873807,-74.40110769834,1.0633465531,1.56315711157,0,0,509067446
0.360477,J004530.29-731240.7,11.3762481,-73.2113251,612985064,11.37596393748,-73.21138245607,11.37600040435791,-73.21099853515625,90.0,0,,,,0,,4685853957550439936,0,0,STAR,gaia2,gaia2,0.8619999885559082,0.2460000067949295,-0.621999979019165,0.2910000085830688,gaia2,-0.2707000076770782,0.1660999953746795,gaia2,,,,,,,,,,,,,,,,,,,,,,,,,,,,,,17.19409942626953,0.004672999959439,16.763999938964844,0.6000000238418579,goffs,gaia2,,,,,,,,,,,,,,,,3930.889892578125,1122.8900146484375,0.753600001335144,0.0,0,,,180213025,,-0.0,0.0,schlegel,,,,,,,,,,,949.719970703125,1296.06005859375,bj2018,,,,,0.0,,0.0,0,,,,4.75755825929,4.50629917023,11.3759767826,-73.21138513377,0.13455623802,0.16585437921,0,0,510955678
1.048164,J004530.29-731240.7,11.3762481,-73.2113251,180213025,11.37725529529,-73.21131338524,11.376999855041504,-73.21099853515625,90.0,0,,084-001760,00453035-7312410,0,J004530.29-731240.7,4685853957564901248,33493596,0,STAR,gaia2,gaia2,0.9769999980926514,0.1659999936819076,-1.7799999713897705,0.1620000004768371,gaia2,-0.1774999946355819,0.0967999994754791,gaia2,,,16.739999771118164,0.0460000000894069,,,,,,,,,,,15.536999702453612,0.0869999974966049,15.23900032043457,0.1190000027418136,15.026000022888184,0.1749999970197677,ABC-222-111-000-0-0,13.038000106811523,0.025000000372529,12.831000328063965,0.025000000372529,7.974999904632568,0.0209999997168779,4.4070000648498535,0.0280000008642673,16.700700759887695,0.0020880000665783,16.530000686645508,0.0070000002160668,gbprp,gaia2,,,,,,,,,,,,,,,,5282.0498046875,1254.0799560546875,0.7544000148773193,0.0,0,,SPLIT,0,,0.0,-0.0,schlegel,,,,,,,,,,,1087.06005859375,1421.0999755859375,bj2018,,,,16.290800094604492,0.0269389990717172,15.955400466918944,0.0295209996402263,0,gaia2,,,3.2064093249,2.51699359577,11.3772698654,-73.21132104973,0.08877036978,0.08684276675,0,1,510698529
1.048164,J004530.29-731240.7,11.3762481,-73.2113251,612985103,11.37725529529,-73.21131338524,11.376999855041504,-73.21099853515625,90.0,0,,,,0,,4685853957564901248,0,0,STAR,gaia2,gaia2,0.9769999980926514,0.1659999936819076,-1.7799999713897705,0.1620000004768371,gaia2,-0.1774999946355819,0.0967999994754791,gaia2,,,16.739999771118164,0.0460000000894069,,,,,,,,,,,,,,,,,,,,,,,,,,16.700700759887695,0.0020880000665783,16.530000686645508,0.0070000002160668,gbprp,gaia2,,,,,,,,,,,,,,,,5282.0498046875,1254.0799560546875,0.7544000148773193,0.0,0,,DUPLICATE,180213025,,0.0,-0.0,schlegel,,,,,,,,,,,1087.06005859375,1421.0999755859375,bj2018,,,,16.290800094604492,0.0269389990717172,15.955400466918944,0.0295209996402263,0,gaia2,,,3.2064093249,2.51699359577,11.3772698654,-73.21132104973,0.08877036978,0.08684276675,0,1,510955717
2.473702,J004530.29-731240.7,11.3762481,-73.2113251,612984973,11.37485515129,-73.21076807617,11.375,-73.21099853515625,90.0,0,,,,0,,4685853953292049536,0,0,STAR,gaia2,gaia2,0.5929999947547913,0.5770000219345093,-0.6809999942779541,0.4289999902248382,gaia2,0.001700000022538,0.2540999948978424,gaia2,,,19.09000015258789,0.0469999983906745,,,,,,,,,,,,,,,,,,,,,,,,,,19.051000595092773,0.003004000056535,18.881000518798828,0.0089999996125698,gbprp,gaia2,,,,,,,,,,,,,,,,2530.60009765625,928.510009765625,0.7527999877929688,0.0,0,,,0,,0.0,0.0,schlegel,,,,,,,,,,,736.7999877929688,1120.219970703125,bj2018,,,,18.405000686645508,0.0498340018093586,18.07010078430176,0.0390679985284805,0,gaia2,,,11.14104503838,6.65453624044,11.37486398359,-73.21077100803,0.26259587385,0.22747979418,0,1,510955587
1.228403,J004655.86-731054.8,11.7327803,-73.1819017,180609331,11.73394772459,-73.18185332208,11.734000205993652,-73.18199920654297,90.0,0,,085-001856,00465612-7310547,0,J004655.86-731054.8,4685853545247877504,33494126,0,STAR,tmgaia2,tmgaia2,0.8090000152587891,0.0540000014007091,-1.0670000314712524,0.0450000017881393,gaia2,0.0217000003904104,0.0285999998450279,gaia2,14.28499984741211,0.0170000009238719,14.512999534606934,0.1720000058412552,,,,,,,,,,,14.461999893188477,0.032999999821186,14.375,0.061999998986721,14.548999786376951,0.0949999988079071,AAA-222-111-000-0-0,13.767000198364258,0.0289999991655349,13.715999603271484,0.0320000015199184,10.286999702453612,0.0700000002980232,7.061999797821045,0.0839999988675117,14.311100006103516,0.0005619999719783,13.241999626159668,0.6000000238418579,rered,gaia2,,,,,,,,,,,,,,,,7989.6201171875,1243.6800537109375,0.9682999849319458,0.0,0,,,0,,0.0,-0.0,schlegel,,,,,,,,,,,1110.3299560546875,1377.030029296875,bj2018,,,,14.211199760437012,0.0047369999811053,14.338800430297852,0.0027749999426305,1,ucac4,apassdr9,,1.04864064203,0.6938500121,11.73395976113,-73.18185791649,0.02886673757,0.02392367493,0,1,510711574
1.591748,J004907.87-724918.5,12.2828117,-72.8218067,614575893,12.28143394952,-72.82163372479,12.281000137329102,-72.8219985961914,90.0,0,,,,0,,4688959218917757568,0,0,STAR,gaia2,gaia2,,,,,,,,,,,,,,,,,,,,,,,,,,,,,,,,,,,,,,20.982200622558594,0.0195930004119873,20.552000045776367,0.6000000238418579,goffs,,,,,,,,,,,,,,,,,,,,,0,,,0,,,,,,,,,,,,,,,,,,,,,,0.0,,0.0,0,,,,2.56590017668,2.12487445019,12.28143394952,-72.82163372479,2.56590017668,2.12487445019,0,0,511630725
2.015787,J004907.87-724918.5,12.2828117,-72.8218067,180620313,12.2830872214,-72.82236069671,12.282999992370604,-72.8219985961914,90.0,0,,,00490795-7249204,0,J004907.87-724918.5,4688959214606909184,0,0,STAR,tmgaia2,tmgaia2,,,,,,,,,21.73200035095215,0.1870000064373016,18.017000198364254,0.0469999983906745,,,,,,,,,,,16.084999084472656,0.0850000008940696,15.388999938964844,0.101000003516674,15.29699993133545,0.1500000059604644,AAC-222-111-000-0-0,14.876999855041504,0.0419999994337558,15.29300022125244,0.0689999982714653,10.29599952697754,0.0509999990463256,7.63700008392334,0.1070000007748603,17.709800720214844,0.0012710000155493,17.069000244140625,0.0070000002160668,gbprp,,,,,,,,,,,,,,,,,,,,,0,,,0,,,,,,,,,,,,,,,,,,,,,18.12540054321289,0.0210929997265338,16.85260009765625,0.0131609998643398,0,gaia2,bpbj,,0.09168026539,0.07740921834,12.2830872214,-72.82236069671,0.09168026539,0.07740921834,1,0,511251928
0.059786,J010439.84-724948.2,16.1660182,-72.8300595,182734996,16.16605337571,-72.83007246045,16.166000366210938,-72.83000183105469,90.0,0,,086-004257,01043984-7249481,0,J010439.84-724948.2,4687411072154566400,0,0,STAR,tmgaia2,tmgaia2,,,,,,,,,16.951000213623047,0.1270000040531158,16.843000411987305,0.3429999947547912,,,,,,,,,,,15.20400047302246,0.0659999996423721,13.539999961853027,0.0419999994337558,12.076000213623049,0.0240000002086162,AAA-222-111-000-0-0,9.92199993133545,0.0230000000447034,8.902000427246094,0.0199999995529651,7.65500020980835,0.0179999992251396,7.419000148773193,0.1019999980926513,18.454999923706055,0.0303930006921291,17.395000457763672,0.0309999994933605,gbprp,,,,,,,,,,,,,,,,,,,,,0,,,0,,,,,,,,,,,,,,,,,,,,,19.01490020751953,0.1691520065069198,16.57349967956543,0.1606930047273636,0,ucac4,bpbj,,0.22565830079,0.16138530529,16.16605337571,-72.83007246045,0.22565830079,0.16138530529,0,0,513743336
1.624453,J010439.84-724948.2,16.1660182,-72.8300595,613868267,16.16686766405,-72.82968436118,16.16699981689453,-72.83000183105469,90.0,0,,,,0,,4687411072181411840,0,0,STAR,gaia2,gaia2,0.6200000047683716,0.3219999969005584,-1.2239999771118164,0.2569999992847442,gaia2,0.3677000105381012,0.1932000070810318,gaia2,,,18.819000244140625,0.0560000017285347,,,,,,,,,,,,,,,,,,,,,,,,,,18.446199417114254,0.0015300000086426,17.746000289916992,0.0109999999403953,gbprp,gaia2,,,,,,,,,,,,,,,,1991.239990234375,672.9500122070312,0.1238999962806701,0.0,0,,,0,,0.0,0.0,schlegel,,,,,,,,,,,513.3800048828125,832.52001953125,bj2018,,,,18.704999923706055,0.0327059999108314,17.29159927368164,0.0552799999713897,0,gaia2,,,6.21268693954,3.98338724555,16.16687670613,-72.82968963325,0.16750313808,0.12896596691,1,0,513972096
2.170851,J010439.84-724948.2,16.1660182,-72.8300595,613868250,16.1644713532,-72.82966567042,16.163999557495117,-72.83000183105469,90.0,0,,,,0,,4687411072155904896,0,0,STAR,gaia2,gaia2,,,,,,,,,,,,,,,,,,,,,,,,,,,,,,,,,,,,,,20.91160011291504,0.0152000002562999,20.48200035095215,0.6000000238418579,goffs,,,,,,,,,,,,,,,,,,,,,0,,,0,,,,,,,,,,,,,,,,,,,,,,0.0,,0.0,0,,,,1.54430284748,1.22385658788,16.1644713532,-72.82966567042,1.54430284748,1.22385658788,0,0,513972079
2.338459,J010439.84-724948.2,16.1660182,-72.8300595,613868138,16.16447565882,-72.83052273688,16.163999557495117,-72.83100128173828,90.0,0,,,,0,,4687411037821674880,0,0,STAR,gaia2,gaia2,0.915000021457672,0.096000000834465,-1.1979999542236328,0.0820000022649765,gaia2,-0.1392000019550323,0.0595999993383884,gaia2,,,15.97700023651123,0.0460000000894069,,,,,,,,,,,,,,,,,,,,,,,,,,15.943499565124512,0.0012529999949038,16.226999282836914,0.0089999996125698,rered,gaia2,,,,,,,,,,,,,,,,7035.490234375,1376.56005859375,0.123999997973442,0.0,0,,,0,,-0.0,0.0,schlegel,,,,,,,,,,,1222.5899658203125,1530.530029296875,bj2018,,,,15.76550006866455,0.0076350001618266,16.09309959411621,0.0074689998291432,1,gaia2,,,1.85901087433,1.27396308013,16.1644890078,-72.83052789485,0.055236188,0.0405599605,0,0,513971967
0.035129,J011341.20-725049.9,18.4216836,-72.8472192,183303273,18.42166276923,-72.8472116185,18.42200088500977,-72.84700012207031,90.0,0,,,01134116-7250499,0,J011341.20-725049.9,4687236971381751680,0,0,STAR,tmgaia2,tmgaia2,,,,,,,,,14.70699977874756,0.0820000022649765,17.361000061035156,0.0480000004172325,,,,,,,,,,,15.468000411987305,0.0590000003576278,14.892999649047852,0.0810000002384185,14.206000328063965,0.0759999975562095,AAA-222-111-000-0-0,12.725000381469728,0.0230000000447034,11.675000190734863,0.0209999997168779,6.922999858856201,0.0160000007599592,4.124000072479248,0.0230000000447034,17.14080047607422,0.0045210001990199,16.5939998626709,0.0099999997764825,gbprp,,,,,,,,,,,,,,,,,,,,,0,,,0,,,,,,,,,,,,,,,,,,,,,17.03820037841797,0.0303210001438856,15.975799560546877,0.0143830003216862,0,gaia2,bpbj,,0.2033196509,0.15766289663,18.42166276923,-72.8472116185,0.2033196509,0.15766289663,1,0,514598076
1.351746,J011341.20-725049.9,18.4216836,-72.8472192,613801524,18.42262395744,-72.84747233586,18.42300033569336,-72.84700012207031,90.0,0,,,,0,,4687236967106293760,0,0,STAR,gaia2,gaia2,,,,,,,,,,,,,,,,,,,,,,,,,,,,,,,,,,,,,,20.283300399780273,0.0139089999720454,19.85300064086914,0.6000000238418579,goffs,,,,,,,,,,,,,,,,,,,,,0,,,0,,,,,,,,,,,,,,,,,,,,,,0.0,,0.0,0,,,,1.56946293865,2.91646979892,18.42262395744,-72.84747233586,1.56946293865,2.91646979892,0,0,514761622
1.96617,J011341.20-725049.9,18.4216836,-72.8472192,613801521,18.41983702248,-72.8471778998,18.420000076293945,-72.84700012207031,90.0,0,,,,0,,4687236967106270848,0,0,STAR,gaia2,gaia2,1.4789999723434448,0.181999996304512,-1.5720000267028809,0.210999995470047,gaia2,-0.0768000036478042,0.1098999977111816,gaia2,,,,,,,,,,,,,,,,,,,,,,,,,,,,,,17.683399200439453,0.003654999891296,17.253000259399414,0.6000000238418579,goffs,gaia2,,,,,,,,,,,,,,,,4290.27978515625,1081.3699951171875,0.064300000667572,0.0,0,,,0,,0.0,-0.0,schlegel,,,,,,,,,,,921.489990234375,1241.25,bj2018,,,,,0.0,,0.0,0,,,,3.49772495237,3.27859237538,18.41985860972,-72.84718466977,0.09624147662,0.09077435959,0,0,514761619
0.229828,J045306.86-695724.6,73.278613,-69.9568492,30032780,73.27858488333,-69.95678609026,73.27899932861328,-69.95700073242188,90.0,0,,,04530686-6957244,0,J045306.86-695724.6,4655318522468322560,0,0,STAR,tmgaia2,tmgaia2,10.006999969482422,3.2790000438690186,-8.185999870300293,3.2790000438690186,hsoy,,,,16.05299949645996,0.1570000052452087,17.195999145507812,0.0460000000894069,,,,,,,,,,,16.34000015258789,0.1519999951124191,15.3100004196167,,14.621999740600586,,BUU-200-100-000-0-0,13.029999732971191,0.0240000002086162,12.619999885559082,0.0230000000447034,7.525000095367432,0.0160000007599592,5.9019999504089355,0.0419999994337558,17.171899795532227,0.0022269999608397,17.094999313354492,0.0070000002160668,gbprp,,,,,,,,,,,,,,,,,,,,,0,,SPLIT,0,,,,,,,,,,,,,,,,,,,,,16.965700149536133,0.0064849997870624,16.788400650024414,0.0103649999946355,0,gaia2,bpbj,,62.03285423919,50.81718018278,73.27871059951,-69.95682133451,0.07555978714,0.11052006827,1,0,530202953
0.856623,J045306.86-695724.6,73.278613,-69.9568492,500847119,73.27928962745,-69.95679587732,73.27899932861328,-69.95700073242188,90.0,0,,,,0,,4655318526783495168,0,0,STAR,tmgaia2,tmgaia2,2.690000057220459,1.1150000095367432,1.9859999418258667,1.9299999475479128,gaia2,-0.6168000102043152,0.6855000257492065,gaia2,,,,,,,,,,,,,,,,,,,,,,,,,,,,,,19.811500549316406,0.0081169996410608,19.381999969482425,0.6000000238418579,goffs,gaia2,,,,,,,,,,,,,,,,1718.8499755859375,778.5050048828125,0.1821999996900558,0.0003999999898951,0,,,30032780,,0.0006999999750405,0.0,schlegel,,,,,,,,,,,610.7100219726562,946.2999877929688,bj2018,,,,,0.0,,0.0,0,,,,21.10279879538,29.92877555204,73.27932342381,-69.9567873249,0.54249271304,1.03222076305,0,0,529341299
1.232137,J045346.37-681612.9,73.4432088,-68.2702722,682561607,73.44306073957,-68.27061004224,73.44300079345703,-68.27100372314453,90.0,0,,,,0,,4661530144764159360,0,0,STAR,gaia2,gaia2,2.1029999256134033,0.257999986410141,-0.3589999973773956,0.363999992609024,gaia2,0.4375999867916107,0.1613000035285949,gaia2,,,18.63800048828125,0.0460000000894069,,,,,,,,,,,,,,,,,,,,,,,,,,18.618799209594727,0.0028019999153912,18.600000381469727,0.0140000004321336,gbprp,gaia2,,,,,,,,,,,,,,,,1819.8599853515625,504.0299987792969,0.2791999876499176,9.999999747378752e-05,0,,DUPLICATE,30107339,,0.0001999999949475,0.0,schlegel,,,,,,,,,,,397.2000122070313,610.8599853515625,bj2018,,,,18.441200256347656,0.0181070007383823,18.358999252319336,0.037466000765562,0,gaia2,,,4.84104154273,5.64438959899,73.44308519456,-68.27061158994,0.14350843591,0.16791142734,0,1,530002107
1.232137,J045346.37-681612.9,73.4432088,-68.2702722,30107339,73.44306073957,-68.27061004224,73.44300079345703,-68.27100372314453,90.0,0,,,04534636-6816130,0,J045346.37-681612.9,4661530144764159360,0,0,STAR,gaia2,gaia2,2.1029999256134033,0.257999986410141,-0.3589999973773956,0.363999992609024,gaia2,0.4375999867916107,0.1613000035285949,gaia2,,,18.63800048828125,0.0460000000894069,,,,,,,,,,,18.066999435424805,,15.44200038909912,0.1439999938011169,13.034000396728516,0.0320000015199184,UBA-022-011-000-0-0,9.85099983215332,0.0219999998807907,8.088000297546387,0.0199999995529651,5.933000087738037,0.0140000004321336,4.857999801635742,0.0270000007003545,18.618799209594727,0.0028019999153912,18.600000381469727,0.0140000004321336,gbprp,gaia2,,,,,,,,,,,,,,,,1819.8599853515625,504.0299987792969,0.2791999876499176,9.999999747378752e-05,0,,,0,,0.0001999999949475,0.0,schlegel,,,,,,,,,,,397.2000122070313,610.8599853515625,bj2018,,,,18.441200256347656,0.0181070007383823,18.358999252319336,0.037466000765562,0,gaia2,,,4.84104154273,5.64438959899,73.44308519456,-68.27061158994,0.14350843591,0.16791142734,0,1,529617875
2.308279,J045346.37-681612.9,73.4432088,-68.2702722,682561615,73.44490830635,-68.27039558768,73.44499969482422,-68.2699966430664,90.0,0,,,,0,,4661530144764333312,0,0,STAR,gaia2,gaia2,1.5360000133514404,0.9079999923706056,0.5360000133514404,1.2990000247955322,gaia2,-0.5329999923706055,0.5888000130653381,gaia2,,,20.549999237060547,0.0850000008940696,,,,,,,,,,,,,,,,,,,,,,,,,,20.458499908447266,0.0075369998812675,20.124000549316406,0.0410000011324882,gbprp,gaia2,,,,,,,,,,,,,,,,1796.5999755859375,768.0150146484375,0.2795999944210052,0.0003999999898951,0,,,0,,0.0006999999750405,0.0,schlegel,,,,,,,,,,,607.4500122070312,928.5800170898438,bj2018,,,,20.27899932861328,0.258758008480072,19.646699905395508,0.1825239956378936,0,gaia2,,,17.01363418258,20.14703998422,73.44492617474,-68.27039327967,0.53634280694,0.59082356499,1,1,530148638
0.819696,J050017.46-680143.5,75.0727703,-68.0287554,682110921,75.07227935437,-68.0288899548,75.0719985961914,-68.02899932861328,90.0,0,,,,0,,4661365458605203968,0,0,STAR,gaia2,gaia2,1.63100004196167,0.7080000042915344,-0.6850000023841858,0.9549999833106996,gaia2,-0.0847000032663345,0.3910000026226043,gaia2,,,,,,,,,,,,,,,,,,,,,,,,,,,,,,18.998600006103516,0.0095570003613829,18.569000244140625,0.6000000238418579,goffs,gaia2,,,,,,,,,,,,,,,,1931.3199462890625,763.9949951171875,0.3023000061511993,0.0001999999949475,0,,,0,,0.0003999999898951,0.0,schlegel,,,,,,,,,,,601.8800048828125,926.1099853515624,bj2018,,,,,0.0,,0.0,0,,,,13.23924840523,14.81753673424,75.07229811973,-68.02889290532,0.35924022775,0.50488917698,0,0,532942991
1.048119,J050017.46-680143.5,75.0727703,-68.0287554,500864209,75.07270129327,-68.02846540297,75.072998046875,-68.02799987792969,90.0,0,,,,0,,4661365462821563904,0,0,STAR,tmgaia2,tmgaia2,,,,,,,,,,,,,,,,,,,,,,,,,,,,,,,,,,,,,,18.2903995513916,0.0040560001507401,17.860000610351562,0.6000000238418579,goffs,,,,,,,,,,,,,,,,,,,,,0,,,30474359,,,,,,,,,,,,,,,,,,,,,,0.0,,0.0,0,,,,1.0002236792,2.04482356196,75.07270129327,-68.02846540297,1.0002236792,2.04482356196,0,0,532986611
1.397141,J050017.46-680143.5,75.0727703,-68.0287554,30474359,75.07235390513,-68.02839994756,75.0719985961914,-68.02799987792969,90.0,0,,,05001734-6801426,0,J050017.46-680143.5,4661365458605197440,32434877,0,STAR,tmgaia2,tmgaia2,,,,,,,,,16.18000030517578,0.1620000004768371,16.174999237060547,0.0900000035762786,,,,,,,,,,,16.499000549316406,0.1480000019073486,15.609999656677246,0.1879999935626983,15.229999542236328,,BCU-220-110-000-0-0,14.29300022125244,0.0280000008642673,13.946999549865724,0.0280000008642673,8.836000442504883,0.025000000372529,7.335000038146973,0.0630000010132789,17.74340057373047,0.0064300000667572,17.570999145507812,0.0089999996125698,gbprp,,,,,,,,,,,,,,,,,,,,,0,,SPLIT,0,,,,,,,,,,,,,,,,,,,,,17.1697998046875,0.0174880009144544,16.8302001953125,0.012093000113964,0,apassdr9,apassdr9,,0.3221883241,0.48164085976,75.07235390513,-68.02839994756,0.3221883241,0.48164085976,1,1,532105587
1.796483,J050017.46-680143.5,75.0727703,-68.0287554,682110964,75.07402676825,-68.0285879737,75.0739974975586,-68.02899932861328,90.0,0,,,,0,,4661365458605419392,0,0,STAR,gaia2,gaia2,,,,,,,,,,,,,,,,,,,,,,,,,,,,,,,,,,,,,,20.67169952392578,0.0137379998341202,20.242000579833984,0.6000000238418579,goffs,,,,,,,,,,,,,,,,,,,,,0,,,0,,,,,,,,,,,,,,,,,,,,,,0.0,,0.0,0,,,,1.34370293694,2.40011744278,75.07402676825,-68.0285879737,1.34370293694,2.40011744278,0,0,532942996
1.178279,J050347.04-690602.8,75.9460154,-69.1007844,678669325,75.94521547516,-69.10094470945,75.94499969482422,-69.10099792480469,90.0,0,,,,0,,4655243893166807808,0,0,STAR,gaia2,gaia2,1.2630000114440918,0.2529999911785126,-0.8560000061988831,0.3140000104904175,gaia2,0.3050999939441681,0.1625999957323074,gaia2,,,,,,,,,,,,,,,,,,,,,,,,,,,,,,18.151599884033203,0.0046810000203549,17.722000122070312,0.6000000238418579,goffs,gaia2,,,,,,,,,,,,,,,,2152.169921875,627.9149780273438,0.6565999984741211,9.999999747378752e-05,0,,,0,,0.0001999999949475,0.0,schlegel,,,,,,,,,,,498.5799865722656,757.25,bj2018,,,,,0.0,,0.0,0,,,,4.76364194072,4.87329620352,75.94523071576,-69.10094839463,0.15337491176,0.18318674995,0,0,532826283
1.207273,J050347.04-690602.8,75.9460154,-69.1007844,30845918,75.94622205792,-69.10045724974,75.94599914550781,-69.0999984741211,90.0,0,,,05034704-6906016,0,J050347.04-690602.8,4655243893121676032,0,0,STAR,tmgaia2,tmgaia2,,,,,,,,,,,17.076000213623047,0.0480000004172325,,,,,,,,,,,15.451000213623049,0.1129999980330467,15.038999557495115,0.1340000033378601,14.180999755859377,,BBU-226-220-cc0-0-0,14.314000129699709,0.0570000000298023,14.36299991607666,0.0560000017285347,9.984999656677246,0.0680000036954879,7.65399980545044,0.0939999967813491,16.98550033569336,0.0015429999912157,16.65399932861328,0.0149999996647238,gbprp,,,,,,,,,,,,,,,,,,,,,0,,,0,,,,,,,,,,,,,,,,,,,,,16.69580078125,0.0516449995338916,16.068500518798828,0.0251000002026557,0,gaia2,,,0.0596278459,0.0735658279,75.94622205792,-69.10045724974,0.0596278459,0.0735658279,0,0,532205448
1.602341,J050347.04-690602.8,75.9460154,-69.1007844,678669375,75.9462222467,-69.10122333608,75.94599914550781,-69.10099792480469,90.0,0,,,,0,,4655243893167694720,0,0,STAR,gaia2,gaia2,2.4000000953674316,0.5740000009536743,-0.3269999921321869,0.7179999947547913,gaia2,-0.7771000266075134,0.363999992609024,gaia2,,,17.132999420166016,0.0460000000894069,,,,,,,,,,,,,,,,,,,,,,,,,,17.113500595092773,0.0022239999379962,17.08799934387207,0.0070000002160668,gbprp,gaia2,,,,,,,,,,,,,,,,2627.22998046875,891.25,0.6557999849319458,0.0,0,,,0,,9.999999747378752e-05,0.0,schlegel,,,,,,,,,,,740.1199951171875,1042.3800048828125,bj2018,,,,16.75510025024414,0.0313719995319843,16.662500381469727,0.0266290009021759,0,gaia2,,,10.79793607164,11.12826664142,75.94625121159,-69.10122474387,0.31681001374,0.36660077088,0,1,533213686
2.244291,J050347.04-690602.8,75.9460154,-69.1007844,678669318,75.94507907217,-69.10025801737,75.94499969482422,-69.0999984741211,90.0,0,,,,0,,4655243893166783616,0,0,STAR,gaia2,gaia2,2.0959999561309814,0.2860000133514404,1.0369999408721924,0.5120000243186951,gaia2,0.0887999981641769,0.1597000062465667,gaia2,,,,,,,,,,,,,,,,,,,,,,,,,,,,,,18.142799377441406,0.0032460000365972,17.71299934387207,0.6000000238418579,goffs,gaia2,,,,,,,,,,,,,,,,2753.639892578125,785.2899780273438,0.6589000225067139,0.0,0,,,0,,0.0,0.0,schlegel,,,,,,,,,,,645.1699829101562,925.4099731445312,bj2018,,,,,0.0,,0.0,0,,,,5.38318492263,7.93872623727,75.94510436911,-69.10025355415,0.15217788306,0.30650835411,0,0,532729991
2.489881,J050347.04-690602.8,75.9460154,-69.1007844,678669326,75.94754789559,-69.10036073472,75.947998046875,-69.0999984741211,90.0,0,,,,0,,4655243893166808704,0,0,STAR,gaia2,gaia2,2.0299999713897705,0.1949999928474426,0.1879999935626983,0.2809999883174896,gaia2,0.2470999956130981,0.1345999985933303,gaia2,,,,,,,,,,,,,,,,,,,,,,,,,,,,,,17.784099578857422,0.0042510000057518,17.354000091552734,0.6000000238418579,goffs,gaia2,,,,,,,,,,,,,,,,2462.550048828125,656.9000244140625,0.6588000059127808,0.0,0,,,0,,9.999999747378752e-05,0.0,schlegel,,,,,,,,,,,532.989990234375,780.8099975585938,bj2018,,,,,0.0,,0.0,0,,,,3.66674177799,4.36133838282,75.9475723986,-69.10035992699,0.10693368796,0.1422329291,0,0,531957074
0.138055,J050533.79-681109.5,76.390805,-68.1859847,31105661,76.39084345871,-68.18602028627,76.39099884033203,-68.18599700927734,90.0,0,,110-006156,05053379-6811097,0,J050533.79-681109.5,4661392160329910272,33097946,0,STAR,tmgaia2,tmgaia2,4.614999771118164,0.0280000008642673,14.777999877929688,0.0359999984502792,gaia2,1.1960999965667725,0.0173000004142522,gaia2,14.574000358581545,0.0280000008642673,14.173999786376951,0.1140000000596046,,,,,,,,,,,12.935999870300291,0.0260000005364418,12.642999649047852,0.0209999997168779,12.57800006866455,0.0260000005364418,AAA-222-111-000-0-0,12.526000022888184,0.0240000002086162,12.5600004196167,0.0219999998807907,10.77400016784668,0.0719999969005584,8.005000114440918,0.1080000028014183,13.970600128173828,0.0005130000063218,13.600000381469728,0.006000000052154,rered,gaia2,8857.0,123.0,4.7993998527526855,,,,0.9850000143051147,,2.2300000190734863,,2.33240008354187,,DWARF,5.380819797515869,,816.3369750976562,11.619000434875488,0.5163000226020813,0.0006000000284984,0,,,0,,0.0006000000284984,0.0006000000284984,schlegel,,,,,,,,,,,11.45699977874756,11.781000137329102,bj2018,,,dered,14.269800186157228,0.0017559999832883,13.49429988861084,0.0012659999774768,1,ucac4,apassdr9,,0.53188912431,0.56035191227,76.39089693334,-68.18595665921,0.01519665911,0.01874630963,1,0,534737380
2.180207,J050533.79-681109.5,76.390805,-68.1859847,682207869,76.39175726735,-68.18647618184,76.39199829101562,-68.18599700927734,90.0,0,,,,0,,4661392160330085120,0,0,STAR,gaia2,gaia2,,,,,,,,,,,,,,,,,,,,,,,,,,,,,,,,,,,,,,19.45439910888672,0.013918999582529,19.02400016784668,0.6000000238418579,goffs,,,,,,,,,,,,,,,,,,,,,0,,,0,,,,,,,,,,,,,,,,,,,,,,0.0,,0.0,0,,,,1.84570149503,4.55318156321,76.39175726735,-68.18647618184,1.84570149503,4.55318156321,0,0,533756827
0.139398,J050534.35-682911.0,76.3931484,-68.4864061,31104460,76.39307810982,-68.48643499495,76.39299774169922,-68.48600006103516,90.0,0,,108-006758,05053433-6829111,0,J050534.35-682911.0,4661292517111816576,0,0,STAR,tmgaia2,tmgaia2,1.819000005722046,0.0879999995231628,0.1599999964237213,0.1140000000596046,gaia2,-0.065600000321865,0.0573999993503093,gaia2,,,17.177000045776367,0.0480000004172325,,,,,,,,,,,14.458999633789062,0.0390000008046627,13.6899995803833,0.0370000004768371,13.454999923706056,0.0390000008046627,AAA-222-111-000-0-0,13.449000358581545,0.0260000005364418,13.583000183105469,0.0270000007003545,9.878999710083008,0.0489999987185001,7.831999778747559,0.0890000015497207,16.655000686645508,0.0034990001004189,15.788999557495115,0.0070000002160668,rered,gaia2,5438.0,136.0,,,,,5.724999904632568,,,,,,GIANT,,,6049.1201171875,1129.739990234375,0.5756000280380249,0.0,0,,,0,,-0.0,0.0,schlegel,,,,,,,,,,,1002.0599975585938,1257.4200439453125,bj2018,,,dered,17.399999618530273,0.0190890002995729,15.71280002593994,0.0101239997893571,1,gaia2,,,1.65981091093,1.76470283952,76.39309946598,-68.48643430513,0.04641995566,0.05998655943,0,0,534842622
1.502103,J050534.35-682911.0,76.3931484,-68.4864061,681852553,76.39352565619,-68.48679974761,76.39399719238281,-68.48699951171875,90.0,0,,,,0,,4661292517081238912,0,0,STAR,gaia2,gaia2,,,,,,,,,,,,,,,,,,,,,,,,,,,,,,,,,,,,,,20.912200927734375,0.0270179994404315,20.48200035095215,0.6000000238418579,goffs,,,,,,,,,,,,,,,,,,,,,0,,,0,,,,,,,,,,,,,,,,,,,,,,0.0,,0.0,0,,,,3.32683329029,6.0039800983,76.39352565619,-68.48679974761,3.32683329029,6.0039800983,0,0,534173625
0.668636,J052400.73-681207.1,81.0030708,-68.2019937,373530121,81.00345138032,-68.20211421706,81.00299835205078,-68.2020034790039,90.0,0,,109-008167,05240080-6812078,0,J052400.73-681207.1,4658541946970810496,32443715,0,STAR,tmgaia2,tmgaia2,,,,,,,,,14.734000205993652,0.0130000002682209,14.970999717712402,0.0549999997019767,,,,,,,,,,,15.28600025177002,0.0540000014007091,15.359999656677246,0.1299999952316284,15.303999900817873,0.2140000015497207,ABC-222-111-000-0-0,14.9399995803833,0.0289999991655349,15.145000457763672,0.0439999997615814,11.8149995803833,0.152999997138977,7.782000064849853,0.101000003516674,15.086999893188477,0.0042409999296069,15.265000343322754,0.0080000003799796,gbprp,,,,,,,,,,,,,,,,,,,,,0,,,0,,,,,,,,,,,,,,,,,,,,,14.853099822998049,0.0095619997009634,15.076299667358398,0.0049930000677704,0,ucac4,apassdr9,,1.69306266749,1.80564886729,81.00345138032,-68.20211421706,1.69306266749,1.80564886729,0,0,542486187
1.628563,J052400.73-681207.1,81.0030708,-68.2019937,730641985,81.00237679549,-68.20236549797,81.00199890136719,-68.2020034790039,90.0,0,,,,0,,4658541951285540736,0,0,STAR,gaia2,gaia2,0.6800000071525574,0.402999997138977,-3.4719998836517334,0.492000013589859,gaia2,0.0808999985456466,0.2985999882221222,gaia2,,,,,,,,,,,,,,,,,,,,,,,,,,,,,,18.77470016479492,0.0087449997663497,18.344999313354492,0.6000000238418579,goffs,gaia2,,,,,,,,,,,,,,,,2085.330078125,781.7050170898438,0.8709999918937683,0.0005000000237487,0,,,0,,0.00089999998454,9.999999747378752e-05,schlegel,,,,,,,,,,,613.989990234375,949.4199829101562,bj2018,,,,,0.0,,0.0,0,,,,7.53832398612,7.63842816967,81.00238468259,-68.20238044479,0.22559797077,0.31106950807,0,0,542329416
2.18376,J052400.73-681207.1,81.0030708,-68.2019937,730641984,81.0032287201,-68.20259745905,81.00299835205078,-68.2030029296875,90.0,0,,,,0,,4658541951285540480,0,0,STAR,gaia2,gaia2,3.9049999713897705,0.9649999737739564,0.9010000228881836,0.9079999923706056,gaia2,0.2340999990701675,0.4679999947547912,gaia2,,,,,,,,,,,,,,,,,,,,,,,,,,,,,,19.151899337768555,0.0180980004370212,18.722000122070312,0.6000000238418579,goffs,gaia2,,,,,,,,,,,,,,,,1592.719970703125,736.4099731445312,0.8705999851226807,0.0035000001080334,0,,,0,,0.0065000001341104,0.0005000000237487,schlegel,,,,,,,,,,,550.1199951171875,922.7000122070312,bj2018,,,,,0.0,,0.0,0,,,,18.07524143765,14.08298587736,81.00327399418,-68.20259358132,0.60014960457,0.56199339517,0,0,543030396
0.162501,J052607.41-675910.2,81.5308924,-67.9861733,373842770,81.53096574029,-67.98613749733,81.53099822998047,-67.98600006103516,90.0,0,,111-008190,05260741-6759099,0,J052607.41-675910.2,4658641384052343424,32444468,0,STAR,tmgaia2,tmgaia2,,,,,,,,,15.31999969482422,0.0769999995827674,15.91800022125244,0.1500000059604644,,,,,,,,,,,16.110000610351562,0.1209999993443489,15.437000274658203,,15.359999656677246,,BUU-200-100-000-0-0,14.112000465393066,0.0260000005364418,13.878999710083008,0.0260000005364418,9.02299976348877,0.0219999998807907,6.677000045776367,0.0489999987185001,16.5762996673584,0.0027799999807029,16.68600082397461,0.0080000003799796,gbprp,,,,,,,,,,,,,,,,,,,,,0,,SPLIT,0,,,,,,,,,,,,,,,,,,,,,16.094900131225586,0.0138729996979236,16.21540069580078,0.006254999898374,0,ucac4,apassdr9,,0.09307076414,0.0955093014,81.53096574029,-67.98613749733,0.09307076414,0.0955093014,0,1,542957064
0.711759,J052607.41-675910.2,81.5308924,-67.9861733,520111714,81.53042786889,-67.98607964344,81.52999877929688,-67.98600006103516,90.0,0,,,,0,,4658641388369253632,0,0,STAR,tmgaia2,tmgaia2,,,,,,,,,,,,,,,,,,,,,,,,,,,,,,,,,,,,,,18.20050048828125,0.0171760004013776,17.770999908447266,0.6000000238418579,goffs,,,,,,,,,,,,,,,,,,,,,0,,,373842770,,,,,,,,,,,,,,,,,,,,,,0.0,,0.0,0,,,,1.03612406587,3.41120913734,81.53042786889,-67.98607964344,1.03612406587,3.41120913734,0,0,542611447
1.709436,J052607.41-675910.2,81.5308924,-67.9861733,730791487,81.53045471019,-67.98572769894,81.52999877929688,-67.98600006103516,90.0,0,,,,0,,4658641384082435712,0,0,STAR,gaia2,gaia2,,,,,,,,,,,,,,,,,,,,,,,,,,,,,,,,,,,,,,19.029800415039062,0.0521540008485317,18.600000381469727,0.6000000238418579,goffs,,,,,,,,,,,,,,,,,,,,,0,,,0,,,,,,,,,,,,,,,,,,,,,,0.0,,0.0,0,,,,5.2875645947,7.68689708776,81.53045471019,-67.98572769894,5.2875645947,7.68689708776,0,0,543734681
1.71975,J052607.41-675910.2,81.5308924,-67.9861733,730791488,81.53095043915,-67.98569608734,81.53099822998047,-67.98600006103516,90.0,0,,,,0,,4658641384082436224,0,0,STAR,gaia2,gaia2,,,,,,,,,,,,,,,,,,,,,,,,,,,,,,,,,,,,,,18.88159942626953,0.029093999415636,18.45199966430664,0.6000000238418579,goffs,,,,,,,,,,,,,,,,,,,,,0,,,0,,,,,,,,,,,,,,,,,,,,,,0.0,,0.0,0,,,,1.12640589082,0.98799723429,81.53095043915,-67.98569608734,1.12640589082,0.98799723429,0,0,542681659
2.016709,J052607.41-675910.2,81.5308924,-67.9861733,730791502,81.52954825886,-67.98641821573,81.52999877929688,-67.98600006103516,90.0,0,,,,0,,4658641388351337344,0,0,STAR,gaia2,gaia2,22.799999237060547,3.336999893188477,0.5080000162124634,2.250999927520752,gaia2,-0.5794000029563904,0.8452000021934509,gaia2,,,,,,,,,,,,,,,,,,,,,,,,,,,,,,19.75069999694824,0.0102399997413158,19.320999145507812,0.6000000238418579,goffs,gaia2,,,,,,,,,,,,,,,,1593.7900390625,796.9130249023438,0.3494000136852264,0.0019000000320374,0,,,0,,0.0035999999381601,0.0001999999949475,schlegel,,,,,,,,,,,614.39599609375,979.4299926757812,bj2018,,,,,0.0,,0.0,0,,,,62.40783189799,34.9104489078,81.52981016135,-67.98641603005,1.67167045138,1.10914672772,0,0,542797758
2.05498,J052607.41-675910.2,81.5308924,-67.9861733,730791489,81.53209662224,-67.98652273438,81.53199768066406,-67.98699951171875,90.0,0,,,,0,,4658641384082436480,0,0,STAR,gaia2,gaia2,-7.261000156402588,1.75600004196167,-7.057000160217285,1.3609999418258667,gaia2,2.4498000144958496,0.6748999953269958,gaia2,,,,,,,,,,,,,,,,,,,,,,,,,,,,,,20.13279914855957,0.012263000011444,19.70299911499023,0.6000000238418579,goffs,gaia2,,,,,,,,,,,,,,,,445.4200134277344,218.4810028076172,0.3041999936103821,0.0357000008225441,0,,,0,,0.0375000014901161,0.033900000154972,schlegel,,,,,,,,,,,131.73899841308594,305.2229919433594,bj2018,,,,,0.0,,0.0,0,,,,32.83195589014,21.11289306269,81.5320132216,-67.98655312009,0.70271905192,0.66317595792,0,0,543148906
0.040766,J052923.93+115157.5,82.3497373,11.8659793,284996091,82.34974863308,11.86597701515,82.3499984741211,11.866000175476074,90.0,0,,510-011715,05292393+1151576,0,J052923.93+115157.5,3340855605574209664,40493494,0,STAR,tmgaia2,tmgaia2,2.4179999828338623,1.0889999866485596,-11.597000122070312,1.121000051498413,hsoy,,,,,,12.25100040435791,0.0480000004172325,,,,,,,,,,,9.42199993133545,0.025000000372529,8.668999671936035,0.0320000015199184,8.043000221252441,0.0270000007003545,AAA-221-111-000-0-0,7.465000152587891,0.0320000015199184,7.039999961853027,0.0199999995529651,5.198999881744385,0.0149999996647238,3.5269999504089355,0.0240000002086162,11.821999549865724,0.0046549998223781,11.07800006866455,0.0080000003799796,gbprp,,,,,,,,,,,,,,GIANT,,,,,,,0,,,0,,,,,,,,,,,,,,,,,,,,,12.361599922180176,0.0203549992293119,10.840200424194336,0.0181840006262063,0,gaia2,,,16.96888780686,17.37661403427,82.34975927286,11.86592708491,0.03478780711,0.03176529244,0,0,83702067
1.228418,J052923.93+115157.5,82.3497373,11.8659793,716193898,82.34968772369,11.86631706046,82.3499984741211,11.866000175476074,90.0,0,,,,0,,3340855605572850176,0,0,STAR,gaia2,gaia2,0.734000027179718,0.1710000038146972,-0.101000003516674,0.1340000033378601,gaia2,2.0683000087738037,0.1230000033974647,gaia2,,,,,,,,,,,,,,,,,,,,,,,,,,,,,,13.26609992980957,0.0040400000289082,12.836000442504885,0.6000000238418579,goffs,gaia2,,,,,,,,,,,,,,,,479.0459899902344,29.038000106811523,0.3970000147819519,0.0450999997556209,0,,,0,,0.0368000008165836,0.0533999986946582,panstarrs,,,,,,,,,,,27.31399917602539,30.761999130249023,bj2018,,,,,0.0,,0.0,0,,,,2.65997721403,2.07347240083,82.34969095319,11.86631662485,0.09422982081,0.08346080356,0,0,83947263
0.548584,J054647.22-694026.2,86.6967786,-69.673951,389616896,86.69721198587,-69.67397462737,86.6969985961914,-69.67400360107422,90.0,0,,,05464732-6940263,0,J054647.22-694026.2,4657603861714436608,0,0,STAR,tmgaia2,tmgaia2,6.006999969482422,2.865000009536743,8.024999618530273,2.865000009536743,hsoy,,,,18.20800018310547,0.1150000020861625,17.753999710083008,0.0560000017285347,,,,,,,,,,,14.961000442504885,0.0430000014603138,14.14900016784668,0.0469999983906745,13.980999946594238,0.0680000036954879,AAA-222-111-000-0-0,13.503999710083008,0.0260000005364418,13.571999549865724,0.0280000008642673,10.58199977874756,0.061999998986721,7.798999786376953,0.0860000029206276,17.216100692749023,0.0085330000147223,16.398000717163086,0.0120000001043081,gbprp,,,,,,,,,,,,,,DWARF,,,,,,,0,,,0,,,,,,,,,,,,,,,,,,,,,17.84819984436035,0.0421749986708164,16.134899139404297,0.0273759998381137,0,gaia2,bpbj,,54.1139008262,44.40944643978,86.69728644501,-69.67394007418,0.06481613287,0.08762121844,0,0,551543791
1.774638,J054647.22-694026.2,86.6967786,-69.673951,728073674,86.69786013748,-69.67427016681,86.697998046875,-69.67400360107422,90.0,0,,,,0,,4657603861692211200,0,0,STAR,gaia2,gaia2,-0.2750000059604645,0.3970000147819519,-1.7730000019073486,0.488999992609024,gaia2,-0.315200001001358,0.2128999978303909,gaia2,,,,,,,,,,,,,,,,,,,,,,,,,,,,,,18.924100875854492,0.0044869999401271,18.493999481201172,0.6000000238418579,goffs,gaia2,,,,,,,,,,,,,,,,3299.35009765625,1003.780029296875,1.4901000261306765,0.0,0,,,0,,0.0,0.0,schlegel,,,,,,,,,,,840.7899780273438,1166.77001953125,bj2018,,,,,0.0,,0.0,0,,,,7.49331417154,7.58449669421,86.69785673409,-69.67427780082,0.21567457395,0.26747040152,0,0,552053327
1.977342,J054647.22-694026.2,86.6967786,-69.673951,728073765,86.69529500365,-69.67414102685,86.69499969482422,-69.67400360107422,90.0,0,,,,0,,4657603926213747968,0,0,STAR,gaia2,gaia2,5.408999919891357,2.13700008392334,9.18000030517578,2.0769999027252197,gaia2,-2.502700090408325,0.7901999950408936,gaia2,,,20.88400077819824,0.0710000023245811,,,,,,,,,,,,,,,,,,,,,,,,,,20.579500198364254,0.0188970007002353,20.10700035095215,0.0070000002160668,rered,gaia2,,,,,,,,,,,,,,,,2258.760009765625,950.2849731445312,1.4922000169754028,0.0012000000569969,0,,,0,,0.0023000000510364,9.999999747378752e-05,schlegel,,,,,,,,,,,770.1500244140625,1130.4200439453125,bj2018,,,,20.165199279785156,0.1127960011363029,18.89859962463379,0.0240359995514154,0,gaia2,,,40.37880218674,32.212364452,86.69536204923,-69.67410150259,1.13896463749,1.14663803605,0,0,551119389
0.119132,J054657.92-700933.2,86.7413691,-70.1592433,389667573,86.74142707496,-70.15926990666,86.74099731445312,-70.15899658203125,90.0,0,,100-014911,05465791-7009334,0,J054657.92-700933.2,4657378736696305536,33602291,0,STAR,tmgaia2,tmgaia2,1.7699999809265137,0.061999998986721,0.8270000219345093,0.0710000023245811,gaia2,0.0041000000201165,0.0362999998033046,gaia2,,,14.62600040435791,0.0829999968409538,,,,,,,,,,,14.777999877929688,0.0450000017881393,14.836999893188477,0.0810000002384185,14.855999946594238,0.1480000019073486,AAB-222-111-000-0-0,14.918999671936035,0.0350000001490116,15.053000450134276,0.0450000017881393,12.64799976348877,0.2469999939203262,7.925000190734863,0.0949999988079071,14.546099662780762,0.0006419999990612,13.699999809265137,0.6000000238418579,rered,gaia2,,,,,,,,,,,,,,,,7250.58984375,1206.52001953125,0.6302000284194946,0.0,0,,,0,,-0.0,0.0,schlegel,,,,,,,,,,,1074.3199462890625,1338.7099609375,bj2018,,,,14.434499740600586,0.0062989997677505,14.615400314331056,0.0014270000392571,1,ucac4,,,1.16800923906,1.10259706537,86.7414495347,-70.15926634482,0.03412182572,0.03521717426,0,0,552477294
2.028544,J054657.92-700933.2,86.7413691,-70.1592433,727733921,86.73975460065,-70.15911200253,86.73999786376953,-70.15899658203125,90.0,0,,,,0,,4657378732422247680,0,0,STAR,gaia2,gaia2,1.4019999504089355,0.6330000162124634,-1.1469999551773071,0.8539999723434448,gaia2,-0.4309000074863434,0.4016999900341034,gaia2,,,,,,,,,,,,,,,,,,,,,,,,,,,,,,19.28730010986328,0.0078339995816349,18.85700035095215,0.6000000238418579,goffs,gaia2,,,,,,,,,,,,,,,,2340.719970703125,914.2899780273438,0.6294000148773193,0.0003000000142492,0,,,0,,0.0006000000284984,0.0,schlegel,,,,,,,,,,,734.5999755859375,1093.97998046875,bj2018,,,,,0.0,,0.0,0,,,,12.00029346004,13.23978787672,86.7397723897,-70.15911694199,0.34032775078,0.4546880558,0,0,552329073
0.046378,J060835.10+223702.0,92.1462833,22.6172322,45283294,92.14629312012,22.61722304617,92.14600372314452,22.617000579833984,90.0,0,1877-00931-1,564-023746,06083510+2237020,0,J060835.10+223702.0,3423579012158717184,44980253,0,STAR,tmgaia2,tmgaia2,1.1619999408721924,0.0930000022053718,-0.7080000042915344,0.0750000029802322,gaia2,0.289900004863739,0.0524999983608722,gaia2,10.274999618530272,0.0450000017881393,9.043999671936035,0.0049999998882412,,,,,,,,,,,6.743000030517578,0.0320000015199184,6.322999954223633,0.0359999984502792,6.132999897003174,0.0240000002086162,AAA-111-111-000-0-0,6.111000061035156,0.1040000021457672,5.841000080108643,0.0350000001490116,5.224999904632568,0.0149999996647238,4.672999858856201,0.0280000008642673,8.648750305175781,0.0264710001647472,7.870999813079834,0.032999999821186,rered,spect,5308.7001953125,100.5,,,-0.6489999890327454,0.0810000002384185,132.2050018310547,,,,,,GIANT,,,3077.18994140625,523.1950073242188,0.6330000162124634,,0,,,0,,,,panstarrs,,,,,,,,,,,,,bj2018,,,spect,9.336170196533203,0.0907460004091262,7.82459020614624,0.0676729977130889,1,tycho2v3,tycho2b3,,1.46872831643,1.15805772043,92.14629853808,22.61721999663,0.04635182827,0.04394042065,0,0,98988747
0.077658,J064131.36-230610.6,100.3806759,-23.1029554,48748569,100.38069265488,-23.10297049419,100.38099670410156,-23.10300064086914,90.0,0,,335-015946,06413136-2306106,0,J064131.36-230610.6,2925493029233124736,10392832,0,STAR,tmgaia2,tmgaia2,-0.1889999955892563,0.0599999986588954,2.0439999103546143,0.0810000002384185,gaia2,0.3102000057697296,0.0542999990284442,gaia2,14.256999969482422,0.2280000001192093,12.871999740600586,0.0460000000894069,,,,,,,,,,,7.724999904632568,0.0209999997168779,6.811999797821045,0.0610000006854534,6.4720001220703125,0.0240000002086162,AAA-111-111-000-0-0,6.383999824523926,0.0879999995231628,6.36899995803833,0.025000000372529,5.98799991607666,0.0149999996647238,5.573999881744385,0.0399999991059303,10.850500106811523,0.0027290000580251,9.640999794006348,0.0070000002160668,rered,gaia2,3300.0,122.0,,,,,93.61299896240234,,,,,,GIANT,,,2872.889892578125,468.5849914550781,0.0666999965906143,0.0046999999321997,0,,,0,,0.0027000000700354,0.0065999999642372,panstarrs,,,,,,,,,,,399.0499877929687,538.1199951171875,bj2018,,,dered,12.556500434875488,0.0108270002529025,9.642889976501465,0.0078530004248023,1,ucac4,apassdr9,,0.9496468735,1.24957408198,100.38069177134,-23.10296169307,0.02862521284,0.04533847262,0,0,569048519
0.017425,J064242.94-113925.0,100.6789377,-11.6569584,119457082,100.67894260841,-11.65695783406,100.6790008544922,-11.656999588012695,90.0,0,5386-02265-1,392-016900,06424294-1139250,0,J064242.94-113925.0,2953498346307994624,5388393,0,STAR,tmgaia2,tmgaia2,0.1040000021457672,0.0560000017285347,-0.2329999953508377,0.0570000000298023,gaia2,-0.0355999991297721,0.033500000834465,gaia2,12.972999572753906,0.5059999823570251,11.998000144958496,0.0419999994337558,,,,,,,,,,,9.64799976348877,0.0240000002086162,9.10200023651123,0.0260000005364418,8.388999938964844,0.0230000000447034,AAA-221-111-000-0-0,7.236000061035156,0.0299999993294477,6.086999893188477,0.0260000005364418,3.9560000896453857,0.0160000007599592,2.808000087738037,0.0189999993890523,11.723400115966797,0.0096519999206066,11.008000373840332,0.0109999999403953,rered,gaia2,6057.0,185.0,,,,,78.35199737548828,,,,,,GIANT,,,11930.7001953125,2681.159912109375,0.4977000057697296,0.0,0,,,0,,0.0,0.0,schlegel,,,,,,,,,,,2316.1201171875,3046.199951171875,bj2018,,,dered,12.328700065612791,0.0342399999499321,10.942399978637695,0.0237000007182359,1,tycho2v3,tycho2b3,,0.86685742712,0.8839157934,100.67894306499,-11.65695883636,0.02688584791,0.03043990074,0,0,569936637
0.083425,J065127.85-012216.0,102.8660528,-1.3711122,282032339,102.86603291342,-1.37110029367,102.86599731445312,-1.371000051498413,90.0,32915,4800-01700-3,444-022981,06512784-0122158,0,J065127.85-012216.0,3112344688094507136,134951,0,STAR,tmgaia2,tmgaia2,-0.9829999804496764,0.1120000034570694,-3.91100001335144,0.096000000834465,gaia2,0.1207000017166137,0.0649999976158142,gaia2,,,10.925999641418455,0.1049999967217445,,,,,,,,,,,8.675000190734863,0.0289999991655349,8.057000160217285,0.06700000166893,7.506999969482422,0.0270000007003545,AAA-111-111-000-0-0,6.564000129699707,0.0700000002980232,5.563000202178955,0.0489999987185001,3.569999933242798,0.0120000001043081,2.4149999618530273,0.0189999993890523,10.512100219726562,0.0362530015408992,9.744000434875488,0.0549999997019767,rered,gaia2,5450.0,483.0,,,,,68.447998046875,,,,,,GIANT,,,5146.33984375,1490.4100341796875,0.4309000074863434,0.064300000667572,0,,,0,,0.0838999971747398,0.0447000004351139,panstarrs,,,,,,,,,,,1177.8800048828125,1802.93994140625,bj2018,,,dered,11.18850040435791,0.1252959966659546,9.695090293884276,0.1095319986343383,1,gaia2,,,1.74378451084,1.48805475611,102.86602867974,-1.37111713222,0.05558839695,0.05795234059,0,0,573773193
0.056656,J080101.79+012015.8,120.2574736,1.337742,452839691,120.25747363252,1.3377262623,120.25700378417967,1.3380000591278076,90.0,0,0194-00714-1,457-039695,08010178+0120158,1237646798674002227,J080101.79+012015.8,3084793400599709056,36242926,0,STAR,tmgaia2,tmgaia2,-1.4539999961853027,0.0879999995231628,0.3179999887943268,0.0469999983906745,gaia2,0.3903999924659729,0.0581000000238418,gaia2,12.675999641418455,0.3089999854564667,11.156000137329102,0.0590000003576278,15.765999794006348,0.0070000002160668,12.003000259399414,0.0010000000474974,10.744000434875488,0.0010000000474974,9.574999809265137,0.0,9.72700023651123,0.0010000000474974,7.554999828338623,0.0299999993294477,6.691999912261963,0.032999999821186,6.445000171661377,0.0260000005364418,AAA-111-111-000-0-0,6.39300012588501,0.0780000016093254,6.429999828338623,0.0230000000447034,6.078000068664551,0.0149999996647238,5.624000072479248,0.0399999991059303,10.226099967956545,0.0050659999251365,9.178000450134276,0.0080000003799796,rered,gaia2,3624.0,123.0,,,,,68.91600036621094,,,,,,GIANT,,,2299.050048828125,312.6000061035156,0.0255999993532896,0.0046000001020729,0,,,0,,0.0048000002279877,0.0043000001460313,panstarrs,,,,,,,,,,,273.70001220703125,351.5,bj2018,,,dered,11.504899978637695,0.0233900006860494,9.126049995422363,0.0107519999146461,1,tycho2v3,tycho2b3,,1.3695492753,0.73581737414,120.25746736894,1.33772763015,0.0446644954,0.02309484129,0,0,131138219
0.116776,J114518.15-541644.5,176.3256524,-54.2790313,267706994,176.32567456647,-54.27906104436,176.3260040283203,-54.27899932861328,90.0,0,,179-082467,11451816-5416445,0,J114518.15-541644.5,5344459635880612480,26521593,0,STAR,tmgaia2,tmgaia2,-10.052000045776367,0.1110000014305114,-0.6899999976158142,0.1030000001192092,gaia2,0.3003000020980835,0.0803000032901763,gaia2,14.784000396728516,0.0469999983906745,13.383000373840332,0.0570000000298023,,,,,,,,,,,8.11299991607666,0.0270000007003545,7.131999969482422,0.0359999984502792,6.795000076293945,0.0260000005364418,AAA-111-111-000-0-0,6.678999900817871,0.0689999982714653,6.74399995803833,0.0199999995529651,6.4730000495910645,0.0149999996647238,6.245999813079834,0.0460000000894069,11.443300247192385,0.0037559999618679,10.098999977111816,0.0080000003799796,rered,gaia2,3251.0,123.0,,,,,,,,,,,,,,3005.97998046875,815.7249755859375,0.2396000027656555,0.008899999782443,0,,,0,,0.0104000000283122,0.0074000000022351,schlegel,,,,,,,,,,,626.4600219726562,1004.989990234375,bj2018,,,dered,13.39229965209961,0.0209040008485317,10.17039966583252,0.0085030002519488,1,ucac4,apassdr9,,1.93725601412,1.60172625452,176.32560043505,-54.27906401707,0.05823588751,0.05774534773,0,0,769258174
0.077781,J172159.25+065442.1,260.4969058,6.911711,264759064,260.49691904635,6.9117281432,260.49700927734375,6.9120001792907715,90.0,0,0412-01089-1,485-066962,17215926+0654422,0,J172159.25+065442.1,4394035806222544640,38500228,0,STAR,tmgaia2,tmgaia2,-5.531000137329102,0.0850000008940696,-2.0889999866485596,0.0719999969005584,gaia2,0.1498000025749206,0.0430999994277954,gaia2,11.781999588012695,0.1459999978542328,10.663999557495115,0.0140000004321336,,,,,,,,,,,8.428999900817871,0.0460000000894069,7.938000202178955,0.0460000000894069,7.790999889373779,0.0230000000447034,AAA-111-111-000-0-0,7.736000061035156,0.0299999993294477,7.520999908447266,0.0199999995529651,7.041999816894531,0.0170000009238719,6.711999893188477,0.0710000023245811,10.391799926757812,0.0251650009304285,9.592000007629396,0.0260000005364418,rered,gaia2,4366.0,207.0,,,,,86.8219985961914,,,,,,GIANT,,,5129.68994140625,1132.510009765625,0.1133000031113624,0.0048000002279877,0,,,0,,0.0027000000700354,0.006800000090152,panstarrs,,,,,,,,,,,923.510009765625,1341.510009765625,bj2018,,,dered,11.200499534606934,0.1027309969067573,9.578800201416016,0.052216000854969,1,tycho2v3,tycho2b3,,1.31537679275,1.11287064831,260.49689505648,6.9117191507,0.03632030946,0.03454846072,0,0,169557478
0.16457,J172638.16-634854.0,261.6590208,-63.8150274,305090822,261.65906564224,-63.81498619048,261.65899658203125,-63.814998626708984,90.0,0,9061-03161-1,131-164013,17263817-6348539,0,J172638.16-634854.0,5910150843581383808,31506809,0,STAR,tmgaia2,tmgaia2,-3.061000108718872,0.0390000008046627,-10.631999969482422,0.0509999990463256,gaia2,1.5501999855041504,0.0432000011205673,gaia2,9.170000076293944,0.0350000001490116,8.942000389099121,0.003000000026077,,,,,,,,,,,7.585999965667725,0.0179999992251396,7.107999801635742,0.0399999991059303,6.9070000648498535,0.0230000000447034,AAA-111-111-000-0-0,6.841000080108643,0.0700000002980232,6.668000221252441,0.0209999997168779,6.40500020980835,0.0149999996647238,5.947999954223633,0.0410000011324882,8.734490394592285,0.0015780000248923,8.392000198364258,0.006000000052154,rered,gaia2,6545.0,125.0,,,,,7.985000133514404,,,,,,GIANT,,,633.958984375,17.50349998474121,0.0456999987363815,0.0006000000284984,0,,,0,,0.0006000000284984,0.0006000000284984,schlegel,,,,,,,,,,,17.02899932861328,17.97800064086914,bj2018,,,dered,8.979669570922852,0.0037150001153349,8.329070091247559,0.006266999989748,1,tycho2v3,tycho2b3,,0.7150443817,0.78331102539,261.65903577985,-63.81503196845,0.02225566706,0.02821516201,0,0,1245829226
0.043896,J001117.74+642237.7,2.8239367,64.377144,83219448,2.82395674685,64.37715257436,64.37699890136719,2.8239998817443848,0.0,0,,772-001757,00111774+6422377,0,J001117.74+642237.7,431884628340401408,59112795,0,STAR,tmgaia2,tmgaia2,-2.6530001163482666,0.03200000151991844,-0.8289999961853027,0.027000000700354576,gaia2,0.4327999949455261,0.018200000748038292,gaia2,14.595000267028809,0.054999999701976776,14.015999794006348,0.13699999451637268,,,,,,,,,,,12.427000045776367,0.023000000044703484,12.241000175476074,0.026000000536441803,12.142999649047852,0.02199999988079071,AAA-222-111-000-0-0,12.038000106811523,0.024000000208616257,12.024999618530273,0.02199999988079071,9.826000213623047,0.03700000047683716,7.261000156402588,0.08299999684095383,13.757100105285645,0.00021300000662449747,13.260000228881836,0.010999999940395355,rered,gaia2,7427.0,122.0,3.5555999279022217,,,,3.6010000705718994,,1.7000000476837158,,0.036400001496076584,,DWARF,35.55282974243164,,2166.56005859375,86.2750015258789,0.4706999957561493,0.012299999594688416,0,,,0,,0.012799999676644802,0.011800000444054604,panstarrs,,,,,,,,,,,82.91000366210938,89.63999938964844,bj2018,,,dered,14.157899856567383,0.001003999961540103,13.178199768066406,0.0008820000221021473,1,ucac4,apassdr9,,0.57896088178,0.41167840186,2.82393033328,64.37714900368,0.01675606088,0.01468230524,1,0,2098869
0.090804,J012346.49+614103.0,20.9437398,61.6841908,54788984,20.94369339701,61.68420311883,61.683998107910156,20.944000244140625,0.0,0,4030-02232-1,759-012398,01234648+6141031,0,J012346.49+614103.0,510913950731168128,58480055,0,STAR,tmgaia2,tmgaia2,-1.3569999933242798,0.03099999949336052,-1.0429999828338623,0.03400000184774399,gaia2,1.0118999481201172,0.024800000712275505,gaia2,12.32800006866455,0.24300000071525574,11.977999687194824,0.017000000923871994,,,,,,,,,,,11.288000106811523,0.02199999988079071,11.163999557495117,0.023000000044703484,11.074000358581543,0.017999999225139618,AAA-222-111-000-0-0,10.906999588012695,0.023000000044703484,10.793999671936035,0.020999999716877937,8.690999984741211,0.05000000074505806,6.03000020980835,0.08699999749660492,12.241499900817871,0.00016599999798927456,12.088000297546387,0.09600000083446503,rered,gaia2,,,,,,,,,,,,,,,,961.322021484375,23.114500045776367,1.1294000148773193,0.09300000220537186,0,,,0,,0.08169999718666077,0.10419999808073044,panstarrs,,,,,,,,,,,22.569000244140625,23.65999984741211,bj2018,,,,12.501799583435059,0.0011190000222995877,11.812899589538574,0.0005649999948218465,1,tycho2v3,tycho2b3,,0.56263670135,0.52055566649,20.94368107946,61.68419862766,0.0173030124,0.0182459396,0,0,18875271
0.1919,J013614.42+625507.1,24.0600938,62.9186539,390117626,24.06020653106,62.91863949192,62.91899871826172,24.059999465942383,0.0,0,,765-015250,01361442+6255071,0,J013614.42+625507.1,512431384159643392,59247043,0,STAR,tmgaia2,tmgaia2,-1.6699999570846558,0.02199999988079071,0.11100000143051147,0.026000000536441803,gaia2,0.10760000348091125,0.01860000006854534,gaia2,15.418999671936035,0.06599999964237213,14.220000267028809,0.07999999821186066,,,,,,,,,,,12.102999687194824,0.026000000536441803,11.892000198364258,0.032999999821186066,11.71399974822998,0.026000000536441803,AAA-222-111-000-0-0,11.541000366210938,0.023000000044703484,11.555000305175781,0.02199999988079071,10.52400016784668,0.08500000089406967,6.822000026702881,0.07400000095367432,13.830900192260742,0.00043200000072829425,13.126999855041504,0.035999998450279236,rered,gaia2,6262.0,122.0,,,,,16.610000610351562,,,,,,GIANT,,,6886.18017578125,864.6699829101562,0.5281999707221985,0.051600001752376556,0,,,0,,0.04729999974370003,0.0560000017285347,schlegel,,,,,,,,,,,766.7999877929688,962.5399780273438,bj2018,,,dered,14.434300422668457,0.001617999980226159,13.06879997253418,0.0015429999912157655,1,ucac4,bpbj,,0.39942294781,0.40402030923,24.06019073267,62.91863997099,0.01182063883,0.01311002785,0,0,22674466
0.103455,J015456.05+622300.7,28.7335627,62.3835508,10603103,28.73360252719,62.38352877734,62.38399887084961,28.733999252319336,0.0,0,4036-02361-1,762-015900,01545605+6223007,1237670445150896656,J015456.05+622300.7,511757069989203072,58498301,0,STAR,tmgaia2,tmgaia2,0.6769999861717224,0.03200000151991844,0.1080000028014183,0.0430000014603138,gaia2,1.0426000356674194,0.029500000178813934,gaia2,12.32699966430664,0.20399999618530273,11.859999656677246,0.014000000432133675,14.791000366210938,0.00800000037997961,13.064000129699707,0.0020000000949949026,12.395999908447266,0.0010000000474974513,12.128000259399414,0.0010000000474974513,14.20300006866455,0.028999999165534973,10.89900016784668,0.023000000044703484,10.758000373840332,0.020999999716877937,10.70300006866455,0.019999999552965164,AAA-222-111-000-0-0,10.63599967956543,0.023000000044703484,10.625,0.019999999552965164,9.447999954223633,0.03400000184774399,7.2820000648498535,0.10400000214576721,11.760299682617188,0.00025599999935366213,11.437000274658203,0.010999999940395355,rered,gaia2,8453.0,154.6999969482422,3.8489999771118164,0.07810000330209732,,,2.8550000190734863,0.11400000005960464,2.0999999046325684,0.3269999921321869,0.09019999951124191,0.017999999225139618,DWARF,37.49586868286133,3.2914700508117676,934.0540161132812,25.928499221801758,0.39239999651908875,0.01209999993443489,890,0.7156999707221985,,0,1.8000000636675395e-05,0.009999999776482582,0.0142000000923872,panstarrs,0.26600000262260437,0.3889999985694885,0.10100000351667404,0.12700000405311584,0.014999999664723873,0.020999999716877937,0.061900001019239426,0.094200000166893,2.720900058746338,3.8620400428771973,25.222000122070312,26.635000228881836,bj2018,182.8000030517578,126.5999984741211,dered,12.017200469970703,0.0011279999744147062,11.347100257873535,0.0005259999888949096,1,tycho2v3,tycho2b3,,0.58564214671,0.66945809519,28.73360881928,62.38352924242,0.01726703333,0.01945659498,1,0,26109331
0.091165,J022245.37+622537.0,35.6890791,62.4269488,458879750,35.68912853428,62.42693795104,62.426998138427734,35.68899917602539,0.0,0,4050-02830-1,763-020917,02224537+6225370,0,J022245.37+622537.0,513848895166327680,58951491,0,STAR,tmgaia2,tmgaia2,-0.5550000071525574,0.03999999910593033,-0.07100000232458115,0.06599999964237213,gaia2,0.5436999797821045,0.04820000007748604,gaia2,11.770999908447266,0.16599999368190765,11.527999877929688,0.013000000268220901,,,,,,,,,,,10.354000091552734,0.027000000700354576,10.208999633789062,0.03200000151991844,10.17199993133545,0.01899999938905239,AAA-222-111-000-0-0,10.112000465393066,0.023000000044703484,10.116999626159668,0.019999999552965164,9.888999938964844,0.07000000029802322,6.603000164031982,0.07100000232458115,11.304800033569336,0.0008880000095814466,10.96500015258789,0.02199999988079071,rered,gaia2,9001.0,122.0,,,,,6.818999767303467,,,,,,GIANT,,,1754.1199951171875,152.57000732421875,0.48739999532699585,0.026200000196695328,0,,,0,,0.012600000016391277,0.03970000147819519,panstarrs,,,,,,,,,,,139.69000244140625,165.4499969482422,bj2018,,,dered,11.581899642944336,0.00113800005055964,10.862099647521973,0.0006130000110715628,1,tycho2v3,tycho2b3,,0.71776219813,1.02000700493,35.68912336958,62.4269376439,0.02376511706,0.03135711047,0,0,32771712
0.078733,J031601.05-663411.1,49.0044001,-66.569763,31743683,49.00435407148,-66.56977497225,49.00400161743164,-66.56999969482422,90.0,0,,118-002833,03160106-6634110,0,J031601.05-663411.1,4671532268824862208,32414469,0,STAR,tmgaia2,tmgaia2,2.4660000801086426,0.03200000151991844,-0.9049999713897705,0.029999999329447746,gaia2,0.5004000067710876,0.01679999940097332,gaia2,13.782999992370605,0.012000000104308128,13.710000038146973,0.09200000017881393,,,,,,,,,,,13.128000259399414,0.020999999716877937,13.102999687194824,0.026000000536441803,13.067999839782715,0.027000000700354576,AAA-222-111-000-0-0,13.02299976348877,0.024000000208616257,12.958000183105469,0.024000000208616257,10.97700023651123,0.07199999690055847,6.831999778747559,0.05900000035762787,13.585000038146973,0.00033400001120753586,13.449000358581543,0.006000000052154064,rered,gaia2,8095.0,123.0,4.25600004196167,,,,1.7309999465942383,,1.9700000286102295,,0.3799000084400177,,DWARF,11.589469909667969,,1885.25,60.189998626708984,0.05050000175833702,0.0,0,,,0,,0.0,0.0,schlegel,,,,,,,,,,,58.310001373291016,62.06999969482422,bj2018,,,dered,13.679100036621094,0.002598999999463558,13.392399787902832,0.0012039999710395932,1,ucac4,apassdr9,,0.59296053516,0.47075672429,49.00438076909,-66.56977886753,0.01727944487,0.01484349349,1,0,521172274
0.340559,J032639.47+505047.1,51.6644705,50.8464284,354129146,51.6643761,50.8465018604,51.665000915527344,50.84600067138672,90.0,16047,3324-00302-1,705-025148,03263944+5050474,0,J032639.47+505047.1,441901698963427328,55485478,0,STAR,tmgaia2,tmgaia2,22.80299949645996,0.09799999743700027,-25.507999420166016,0.0820000022649765,gaia2,5.69920015335083,0.051600001752376556,gaia2,7.685999870300293,0.0,7.639999866485596,0.029999999329447746,,,,,,,,,,,7.3470001220703125,0.026000000536441803,7.434000015258789,0.035999998450279236,7.381999969482422,0.017999999225139618,AAA-111-111-000-0-0,7.326000213623047,0.03500000014901161,7.373000144958496,0.020999999716877937,7.224999904632568,0.017999999225139618,6.639999866485596,0.06599999964237213,7.603899955749512,0.00039500001003034413,7.553999900817871,0.006000000052154064,rered,gaia2,8787.0,495.29998779296875,4.115499973297119,0.08659999817609787,,,2.1540000438690186,0.08900000154972076,2.2070000171661377,0.36399999260902405,0.22089999914169312,0.05339999869465828,DWARF,24.912689208984375,5.421339988708496,174.6009979248047,1.5835000276565552,0.022700000554323196,0.0421999990940094,400,0.01080000028014183,,0,0.00020199999562464654,0.01759999990463257,0.06669999659061432,panstarrs,0.20600000023841858,0.5220000147819519,0.09300000220537186,0.0860000029206276,0.04439999908208847,0.062300000339746475,0.0731000006198883,0.10010000318288803,3.4603800773620605,7.382299900054932,1.569000005722046,1.5980000495910645,bj2018,373.29998779296875,617.2000122070312,dered,7.668360233306885,0.0016060000052675605,7.530529975891113,0.0027209999971091747,1,hipvmag,apassdr9,,1.69075818169,1.27605889272,51.66453159707,50.84639203439,0.03885448053,0.02732714845,1,0,46734980
0.469616,J041935.46+282721.3,64.8977912,28.4559407,58288478,64.89775890783,28.45606802201,64.89800262451172,28.45599937438965,90.0,0,,593-012023,04193545+2827218,0,J041935.46+282721.3,164598303725243776,0,0,STAR,tmgaia2,tmgaia2,6.249000072479248,2.50600004196167,-23.420000076293945,2.50600004196167,hsoy,,,,17.57200050354004,0.16099999845027924,16.891000747680664,1.0299999713897705,,,,,,,,,,,10.954000473022461,0.020999999716877937,10.37399959564209,0.02199999988079071,9.970999717712402,0.017999999225139618,AAA-222-111-000-0-0,9.491000175476074,0.02500000037252903,8.744000434875488,0.019999999552965164,6.370999813079834,0.014999999664723873,4.815999984741211,0.03799999877810478,14.761699676513672,0.0048790001310408115,12.980999946594238,0.00800000037997961,cdwrf,cdwrf,3009.0,157.0,4.5767998695373535,0.016899999231100082,,,0.6909999847412109,0.026000000536441803,0.6570000052452087,0.023000000044703484,1.9918999671936035,0.15189999341964722,DWARF,0.035259999334812164,0.010040000081062317,,,,,116,0.01209999993443489,,0,0.00045900000259280205,,,,,,,,,,,,,,,,,,,cdwrf,16.494400024414062,0.013162000104784966,13.107399940490723,0.003452999982982874,0,ucac4,bpbj,cooldwarfs_v8,40.07231930146,38.84097249903,64.89778951157,28.45596718418,0.27517712837,0.10521207955,1,0,59308147
0.254081,J043933.64+235920.9,69.8901885,23.9891588,150059917,69.89017117466,23.98922758022,69.88999938964844,23.98900032043457,90.0,0,,570-011661,04393364+2359212,1237664089681821735,J043933.64+235920.9,146881048231272192,45460169,0,STAR,tmgaia2,tmgaia2,7.2789998054504395,0.20900000631809235,-20.993000030517578,0.11400000005960464,gaia2,7.866499900817871,0.1014999970793724,gaia2,17.700000762939453,0.0,16.95599937438965,0.1720000058412552,18.988000869750977,0.01899999938905239,17.599000930786133,0.004999999888241291,16.12700080871582,0.004999999888241291,14.321000099182129,0.004999999888241291,13.265000343322754,0.004000000189989805,11.567999839782715,0.02199999988079071,10.803999900817871,0.020999999716877937,10.277000427246094,0.017999999225139618,AAA-222-111-000-0-0,9.741999626159668,0.02199999988079071,9.123000144958496,0.020999999716877937,6.997000217437744,0.017000000923871994,5.224999904632568,0.03200000151991844,15.024800300598145,0.009596000425517559,13.592000007629395,0.03200000151991844,cdwrf,cdwrf,3041.0,158.0,4.604700088500977,0.012400000356137753,,,0.656000018119812,0.019999999552965164,0.6320000290870667,0.020999999716877937,2.237299919128418,0.13220000267028809,DWARF,0.033160001039505005,0.008969999849796295,126.69100189208984,1.6414999961853027,0.013899999670684338,0.01269999984651804,109,0.011800000444054604,,0,0.0,0.00570000009611249,0.01979999989271164,panstarrs,,,,,,,,,,,1.6200000047683716,1.6629999876022339,bj2018,,,cdwrf,17.02429962158203,0.041871000081300735,13.711600303649902,0.03369100019335747,1,ucac4,apassdr9,cooldwarfs_v8,3.31420320556,1.76713540618,69.89020547897,23.98913719499,0.09296523017,0.05767406813,1,0,64916863
0.246249,J045304.78-670800.5,73.2699414,-67.1334723,29991286,73.26986607488,-67.13341047635,73.2699966430664,-67.13300323486328,90.0,0,,115-004867,04530475-6708003,0,J045304.78-670800.5,4661744828664089984,32431480,0,STAR,tmgaia2,tmgaia2,1.8170000314712524,0.057999998331069946,-0.01899999938905239,0.06800000369548798,gaia2,-0.1298999935388565,0.031300000846385956,gaia2,13.552000045776367,0.010999999940395355,13.748000144958496,0.14900000393390656,,,,,,,,,,,13.970999717712402,0.026000000536441803,13.97700023651123,0.03999999910593033,14.138999938964844,0.07100000232458115,AAA-222-111-000-0-0,13.994999885559082,0.026000000536441803,13.947999954223633,0.029999999329447746,11.729999542236328,0.17299999296665192,7.5920000076293945,0.08799999952316284,13.674400329589844,0.00038499999209307134,13.965999603271484,0.006000000052154064,rered,gaia2,,,,,,,,,,,,,,,,10321.7998046875,1487.0999755859375,0.34869998693466187,0.0,0,,,0,,0.0,-0.0,schlegel,,,,,,,,,,,1365.0999755859375,1609.0999755859375,bj2018,,,,13.53339958190918,0.004358999896794558,13.776900291442871,0.0016720000421628356,1,ucac4,apassdr9,,1.07502213941,1.05820661425,73.26988621129,-67.13341055628,0.02992664291,0.03188297798,0,0,529909379
2.136202,J045304.78-670800.5,73.2699414,-67.1334723,682985592,73.270123073,-67.1340614751,73.2699966430664,-67.13400268554688,90.0,0,,,,0,,4661744824397032448,0,0,STAR,gaia2,gaia2,2.753000020980835,1.996999979019165,5.797999858856201,2.315999984741211,gaia2,-1.1430000066757202,0.7039999961853027,gaia2,,,19.611000061035156,0.04699999839067459,,,,,,,,,,,,,,,,,,,,,,,,,,19.59040069580078,0.00797600019723177,19.715999603271484,0.07900000363588333,gbprp,gaia2,,,,,,,,,,,,,,,,1833.3299560546875,784.9500122070312,0.3474999964237213,0.00039999998989515007,0,,,0,,0.000699999975040555,0.0,schlegel,,,,,,,,,,,627.239990234375,942.6599731445312,bj2018,,,,18.095699310302734,0.03137600049376488,18.239900588989258,0.15044300258159637,0,gaia2,,,37.16355100819,35.90918852802,73.27015357783,-67.13403651076,1.04248874507,0.78372657092,0,1,529433438
0.144033,J050639.16-682209.1,76.6631674,-68.3692017,31180759,76.66317070969,-68.36924169044,76.66300201416016,-68.36900329589844,90.0,0,,109-006202,05063916-6822092,0,J050639.16-682209.1,4661385494539546368,33098196,0,STAR,tmgaia2,tmgaia2,1.6979999542236328,0.06599999964237213,-0.03200000151991844,0.09300000220537186,gaia2,0.00019999999494757503,0.04470000043511391,gaia2,12.949999809265137,0.01899999938905239,13.218000411987305,0.09200000017881393,,,,,,,,,,,13.090999603271484,0.023000000044703484,13.036999702453613,0.02800000086426735,13.131999969482422,0.03700000047683716,AAA-222-111-000-0-0,13.048999786376953,0.026000000536441803,13.149999618530273,0.027000000700354576,10.583000183105469,0.057999998331069946,6.392000198364258,0.03999999910593033,13.01159954071045,0.000965000013820827,13.241000175476074,0.006000000052154064,rered,gaia2,,,,,,,,,,,,,,,,6239.830078125,1075.81005859375,0.5142999887466431,0.0,0,,,0,,-0.0,0.0,schlegel,,,,,,,,,,,955.4500122070312,1196.1600341796875,bj2018,,,,12.93589973449707,0.004993000067770481,13.023799896240234,0.001816999982111156,1,ucac4,apassdr9,,1.22915064979,1.4499584054,76.66319054808,-68.36924182754,0.03544170454,0.05127219447,0,0,533897490
0.458905,J052432.18-695038.1,81.1341015,-69.8439321,373681570,81.1341209083,-69.84380480199,81.13400268554688,-69.84400177001953,90.0,0,,101-010286,05243219-6950377,0,J052432.18-695038.1,4657961851510319232,0,0,STAR,tmgaia2,tmgaia2,2.007999897003174,0.052000001072883606,0.4059999883174896,0.0560000017285347,gaia2,-0.02070000022649765,0.02850000001490116,gaia2,,,13.555999755859375,0.04699999839067459,,,,,,,,,,,13.777999877929688,0.035999998450279236,13.873000144958496,0.04699999839067459,13.845999717712402,0.06300000101327896,AAA-222-111-000-0-0,13.854000091552734,0.04699999839067459,14.46500015258789,0.0430000014603138,12.687999725341797,,7.633999824523926,0.07400000095367432,13.509499549865723,0.0005310000269673765,12.628000259399414,0.6000000238418579,rered,gaia2,,,,,,,,,,,,,,,,8844.6201171875,1335.3399658203125,0.6841999888420105,0.0,0,,,0,,-0.0,0.0,schlegel,,,,,,,,,,,1206.1099853515625,1464.5799560546875,bj2018,,,,13.360899925231934,0.005698000080883503,13.616600036621094,0.0025080000050365925,1,ucac4,,,0.97642122422,0.87006057791,81.13414599713,-69.84380305366,0.02765144484,0.02774158367,0,0,542837594
0.115363,J052738.15+321232.6,81.9089839,32.2090683,239711856,81.90896138853,32.20909407036,81.90899658203125,32.20899963378906,90.0,0,,612-021040,05273815+3212327,0,J052738.15+321232.6,3447428106560855168,49246852,0,STAR,tmgaia2,tmgaia2,0.18000000715255737,0.0729999989271164,-3.9240000247955322,0.04800000041723251,gaia2,0.9107999801635742,0.033399999141693115,gaia2,15.38700008392334,0.2770000100135803,14.364999771118164,0.12600000202655792,,,,,,,,,,,12.114999771118164,0.02199999988079071,11.371000289916992,0.02199999988079071,10.840999603271484,0.01899999938905239,AAA-222-111-000-0-0,9.954000473022461,0.023000000044703484,9.442000389099121,0.019999999552965164,7.270999908447266,0.017000000923871994,5.664000034332275,0.041999999433755875,13.905799865722656,0.003272000001743436,13.223999977111816,0.017000000923871994,rered,spect,5826.2998046875,31.5,3.8815999031066895,,0.1274999976158142,0.029400000348687172,1.9450000524520874,,1.0499999523162842,,0.1428000032901764,,DWARF,3.925640106201172,,1065.56005859375,38.244998931884766,0.21160000562667847,,0,,,0,,,,panstarrs,,,,,,,,,,,,,bj2018,,,spect,14.493800163269043,0.012768999673426151,13.163200378417969,0.008170000277459621,1,ucac4,apassdr9,,1.17834885372,0.74221676837,81.90896230302,32.20907717407,0.04120475458,0.03150306732,1,0,82552253
0.380438,J053641.71-692248.8,84.1737922,-69.3802447,277172963,84.17368539879,-69.38034345754,84.17400360107422,-69.37999725341797,90.0,0,,104-014900,05364168-6922494,0,J053641.71-692248.8,4657658420650847488,33105077,0,STAR,tmgaia2,tmgaia2,1.4299999475479126,0.0689999982714653,0.28700000047683716,0.0729999989271164,gaia2,0.05829999968409538,0.03629999980330467,gaia2,,,12.267000198364258,0.05700000002980232,,,,,,,,,,,12.15999984741211,,12.192000389099121,,12.164999961853027,0.03500000014901161,UUA-662-002-00c-0-0,11.911999702453613,0.024000000208616257,11.913000106811523,0.023000000044703484,11.142999649047852,0.09099999815225601,7.630000114440918,0.08799999952316284,12.182600021362305,0.0013210000470280647,11.107000350952148,0.6000000238418579,rered,gaia2,,,,,,,,,,,,,,,,6148.41015625,1010.9500122070312,0.9785000085830688,0.0,0,,,0,,0.0,-0.0,schlegel,,,,,,,,,,,892.0999755859375,1129.800048828125,bj2018,,,,12.097599983215332,0.007015999872237444,12.14050006866455,0.004184000194072723,1,ucac4,,,1.29507913133,1.12623858985,84.17370288667,-69.38034222013,0.03566626173,0.03576869118,0,0,548140858
1.27228,J053641.71-692248.8,84.1737922,-69.3802447,728213090,84.17371215729,-69.38059698527,84.17400360107422,-69.38099670410156,90.0,0,,,,0,,4657658424967287424,0,0,STAR,gaia2,gaia2,-1.1690000295639038,1.2450000047683716,3.368000030517578,0.6110000014305115,gaia2,-0.3379000127315521,0.3896999955177307,gaia2,,,,,,,,,,,,,,,,,,,,,,,,,,,,,,15.76159954071045,0.011083999648690224,15.331999778747559,0.6000000238418579,goffs,gaia2,,,,,,,,,,,,,,,,2271.449951171875,882.0650024414062,0.9754999876022339,0.0005000000237487257,0,,,0,,0.0008999999845400453,0.0,schlegel,,,,,,,,,,,706.989990234375,1057.1400146484375,bj2018,,,,,0.0,,0.0,0,,,,23.4663961025,9.47685381099,84.17369786599,-69.38058248321,0.42229892628,0.22667607862,0,0,549282762
0.013729,J053805.25-011521.6,84.5218802,-1.2560239,11199521,84.52188262923,-1.2560268402,84.52200317382812,-1.25600004196167,90.0,0,4767-00953-1,444-010933,05380526-0115216,0,J053805.25-011521.6,3217489022251372160,87769,0,STAR,tmgaia2,tmgaia2,-0.27799999713897705,0.09600000083446503,-0.6809999942779541,0.08799999952316284,gaia2,2.5100998878479004,0.06340000033378601,gaia2,10.11400032043457,0.057999998331069946,9.8149995803833,0.004000000189989805,,,,,,,,,,,8.878000259399414,0.03200000151991844,8.20300006866455,0.05299999937415123,7.4079999923706055,0.028999999165534973,AAA-111-111-000-0-0,6.343999862670898,0.07999999821186066,5.690999984741211,0.041999999433755875,4.2769999504089355,0.014999999664723873,0.8970000147819519,0.017000000923871994,9.760120391845703,0.0010349999647587538,9.508999824523926,0.014999999664723873,rered,gaia2,7630.0,169.10000610351562,3.8615000247955322,0.08510000258684158,,,2.5910000801086426,0.10300000011920929,1.7799999713897705,0.30300000309944153,0.1023000031709671,0.022600000724196434,DWARF,20.499900817871094,1.7329800128936768,394.1700134277344,9.93850040435791,0.13750000298023224,0.01889999955892563,168,0.021299999207258224,,0,0.0006670000148005784,0.015200000256299973,0.02250000089406967,panstarrs,0.21199999749660492,0.39399999380111694,0.1120000034570694,0.0949999988079071,0.014499999582767487,0.030700000002980232,0.06120000034570694,0.10899999737739563,1.8412599563598633,1.624690055847168,9.692999839782715,10.184000015258789,bj2018,190.6999969482422,147.5,dered,9.955809593200684,0.003601999953389168,9.458419799804688,0.003541999962180853,1,tycho2v3,tycho2b3,,1.48896488554,1.36501843747,84.5218814308,-1.2560297735,0.05032477614,0.04953517518,1,0,547696711
0.050529,J054202.60+274614.5,85.5108556,27.770709,75590050,85.51086964411,27.77070247387,85.51100158691406,27.770999908447266,90.0,26852,1869-01609-1,589-020596,05420260+2746145,0,J054202.60+274614.5,3441808365190897920,47709898,0,STAR,tmgaia2,tmgaia2,-0.06800000369548798,0.09399999678134918,-1.0069999694824219,0.07500000298023224,gaia2,0.9462000131607056,0.05220000073313713,gaia2,8.404999732971191,0.03500000014901161,8.260000228881836,0.029999999329447746,,,,,,,,,,,7.763000011444092,0.023000000044703484,7.771999835968018,0.020999999716877937,7.757999897003174,0.026000000536441803,AAA-111-111-000-0-0,7.739999771118164,0.02800000086426735,7.7789998054504395,0.01899999938905239,7.763000011444092,0.019999999552965164,7.033999919891357,0.10400000214576721,8.187219619750977,0.000813000020571053,8.104000091552734,0.03400000184774399,rered,gaia2,14006.0,182.0,,,,,,,,,,,,,,1028.9300537109375,56.78499984741211,0.35740000009536743,0.03819999843835831,0,,,0,,0.04450000077486038,0.03180000185966492,panstarrs,,,,,,,,,,,53.720001220703125,59.849998474121094,bj2018,,,dered,8.294139862060547,0.0021689999848604202,8.0104398727417,0.0030269999988377094,1,hipvmag,tycho2b3,,1.49491995299,1.15662650226,85.51086931122,27.77069813874,0.04638284104,0.04120365211,0,0,88405947
0.0088,J054741.41+255831.2,86.9225627,25.9753469,76456299,86.92256221985,25.97534449409,86.9229965209961,25.975000381469727,90.0,0,1866-00596-1,580-018606,05474141+2558312,0,J054741.41+255831.2,3429259776422694784,46711260,0,STAR,tmgaia2,tmgaia2,-0.17900000512599945,0.10700000077486038,-2.8540000915527344,0.07999999821186066,gaia2,0.5733000040054321,0.06210000067949295,gaia2,9.743000030517578,0.057999998331069946,9.63599967956543,0.004999999888241291,,,,,,,,,,,9.055000305175781,0.020999999716877937,9.026000022888184,0.020999999716877937,8.960000038146973,0.017000000923871994,AAA-222-111-000-0-0,8.961999893188477,0.023000000044703484,8.968000411987305,0.019999999552965164,8.881999969482422,0.032999999821186066,7.10099983215332,0.10899999737739563,9.521160125732422,0.0014690000098198652,9.434000015258789,0.2290000021457672,rered,gaia2,,,,,,,,,,,,,,,,1672.1199951171875,182.06500244140625,0.47850000858306885,0.2542000114917755,0,,,0,,0.16089999675750732,0.3474999964237213,panstarrs,,,,,,,,,,,162.94000244140625,201.19000244140625,bj2018,,,,9.64402961730957,0.004327000118792057,9.313289642333984,0.005783999804407358,1,tycho2v3,tycho2b3,,1.69490778718,1.23401826818,86.92256136103,25.97533220763,0.05169705742,0.04801230846,0,0,90513146
0.038782,J061348.00+183142.5,93.4500242,18.5284766,46053064,93.45001299221,18.52847836676,93.44999694824219,18.527999877929688,90.0,0,1318-01071-1,543-024575,06134800+1831425,0,J061348.00+183142.5,3373463134725456256,43181240,0,STAR,tmgaia2,tmgaia2,0.35499998927116394,0.08900000154972076,-1.3930000066757202,0.0729999989271164,gaia2,0.3531999886035919,0.050200000405311584,gaia2,9.843000411987305,0.050999999046325684,9.616000175476074,0.004000000189989805,,,,,,,,,,,8.907999992370605,0.019999999552965164,8.875,0.01600000075995922,8.838000297546387,0.017999999225139618,AAA-222-111-000-0-0,8.795999526977539,0.023000000044703484,8.814000129699707,0.01899999938905239,8.699000358581543,0.03500000014901161,6.982999801635742,0.10499999672174454,9.51159954071045,0.0004189999890513718,9.423999786376953,0.029999999329447746,rered,gaia2,,,,,,,,,,,,,,,,2601.469970703125,356.7449951171875,0.7810999751091003,0.029899999499320984,0,,,0,,0.033900000154972076,0.02590000070631504,panstarrs,,,,,,,,,,,310.760009765625,402.7300109863281,bj2018,,,,9.681070327758789,0.002580000087618828,9.233320236206055,0.0031139999628067017,1,tycho2v3,tycho2b3,,1.39401111786,1.13611106066,93.4500146063,18.52847237037,0.04734493434,0.04403898273,0,0,100627108
0.030407,J062851.66+020820.5,97.215259,2.1390285,234735877,97.21526227737,2.13903628569,97.21499633789062,2.1389999389648438,90.0,30872,0137-01918-1,461-019263,06285166+0208204,0,J062851.66+020820.5,3123930684492563456,36615778,0,STAR,tmgaia2,tmgaia2,1.9140000343322754,0.12200000137090683,-0.32199999690055847,0.10700000077486038,gaia2,1.2383999824523926,0.06069999933242798,gaia2,9.177000045776367,0.03999999910593033,9.149999618530273,0.029999999329447746,,,,,,,,,,,8.934000015258789,0.020999999716877937,8.946000099182129,0.04399999976158142,8.95300006866455,0.01899999938905239,AAA-112-111-000-0-0,8.942000389099121,0.023000000044703484,8.958000183105469,0.019999999552965164,8.605999946594238,0.02500000037252903,6.9019999504089355,0.07199999690055847,9.098569869995117,0.00072900002123788,9.074999809265137,0.07199999690055847,rered,gaia2,11113.0,,3.59689998626709,,,,4.493000030517578,,2.9100000858306885,,0.032099999487400055,,DWARF,277.4111328125,,791.5590209960938,39.079498291015625,0.1712999939918518,0.07980000227689743,421,0.006899999920278788,,0,3.600000127335079e-05,0.05460000038146973,0.10499999672174454,panstarrs,,,,,,,,,,,37.1879997253418,40.97100067138672,bj2018,,,dered,9.153579711914062,0.0014700000174343586,9.01867961883545,0.001972000114619732,1,hipvmag,tycho2b3,,1.88727589228,1.66173955316,97.21527052417,2.13903490025,0.05999270172,0.05785816042,1,0,107578438
0.051714,J071803.81-134138.0,109.5158775,-13.6938939,409130128,109.51588929776,-13.69390255852,109.51599884033203,-13.694000244140625,90.0,0,5407-03410-1,382-028220,07180381-1341381,0,J071803.81-134138.0,3032734548689385088,5524728,0,STAR,tmgaia2,tmgaia2,-5.089000225067139,0.08900000154972076,3.822000026702881,0.0820000022649765,gaia2,1.4635000228881836,0.06019999831914902,gaia2,8.718000411987305,0.028999999165534973,8.737000465393066,0.003000000026077032,,,,,,,,,,,8.567999839782715,0.026000000536441803,8.48799991607666,0.03099999949336052,8.390999794006348,0.020999999716877937,AAA-112-111-000-0-0,8.189000129699707,0.024000000208616257,7.968999862670898,0.019999999552965164,7.190999984741211,0.01600000075995922,6.2129998207092285,0.05299999937415123,8.697010040283203,0.003220000071451068,8.741000175476074,0.014999999664723873,rered,gaia2,12258.0,431.0,,,,,,,,,,,,,,671.6079711914062,27.42300033569336,0.10809999704360962,0.015300000086426735,0,,,0,,0.011699999682605267,0.01889999955892563,panstarrs,,,,,,,,,,,26.323999404907227,28.52199935913086,bj2018,,,dered,8.697310447692871,0.011326000094413757,8.684459686279297,0.008496999740600586,1,tycho2v3,tycho2b3,,1.39253726154,1.27382559898,109.51586674741,-13.69388610475,0.04292143133,0.04288958893,0,0,590272678
1.203404,J073822.57-571443.6,114.5940803,-57.2454559,262574269,114.59468951775,-57.24551156494,114.59500122070312,-57.24599838256836,90.0,0,,164-011762,07382273-5714438,0,J073822.57-571443.6,5487638173177544448,27382190,0,STAR,tmgaia2,tmgaia2,0.3160000145435333,0.02800000086426735,-0.7910000085830688,0.03500000014901161,gaia2,0.48980000615119934,0.014299999922513962,gaia2,14.130999565124512,0.04399999976158142,13.732999801635742,0.10300000011920929,,,,,,,,,,,12.769000053405762,0.026000000536441803,12.63700008392334,0.029999999329447746,12.574999809265137,0.028999999165534973,AAA-222-111-000-0-0,12.210000038146973,0.02199999988079071,11.848999977111816,0.019999999552965164,10.121000289916992,0.04100000113248825,7.461999893188477,0.08900000154972076,13.621999740600586,0.0002479999966453761,13.291000366210938,0.006000000052154064,rered,spect,6933.39990234375,91.5,3.796799898147583,,-0.1446000039577484,0.08020000159740448,2.571000099182129,,1.5099999904632568,,0.08889999985694885,,DWARF,13.762069702148438,,1926.72998046875,53.595001220703125,0.14139999449253082,,0,,,0,,,,schlegel,,,,,,,,,,,,,bj2018,,,spect,13.86989974975586,0.0016469999682158232,13.230400085449219,0.0010689999908208847,1,ucac4,apassdr9,,0.5000468206,0.53678501132,114.59469203093,-57.2455149709,0.01249843559,0.01730027133,1,0,604777522
0.23025,J075023.45-561932.0,117.5977334,-56.3255818,264865297,117.59778736985,-56.32563832584,117.5979995727539,-56.32600021362305,90.0,0,8561-01717-1,169-012639,07502346-5619323,0,J075023.45-561932.0,5295599194554272768,27399442,0,STAR,tmgaia2,tmgaia2,-6.5370001792907715,0.05900000035762787,18.833999633789062,0.0560000017285347,gaia2,8.032400131225586,0.02969999983906746,gaia2,9.09000015258789,0.032999999821186066,8.734000205993652,0.0020000000949949026,,,,,,,,,,,7.9670000076293945,0.027000000700354576,7.826000213623047,0.050999999046325684,7.764999866485596,0.03099999949336052,AAA-111-111-000-0-0,7.711999893188477,0.029999999329447746,7.760000228881836,0.019999999552965164,7.6519999504089355,0.017000000923871994,7.329999923706055,0.07000000029802322,8.632060050964355,0.00026500000967644155,8.354000091552734,0.006000000052154064,rered,gaia2,6955.0,135.1999969482422,4.300899982452393,0.08879999816417694,,,1.444000005722046,0.05900000035762787,1.5199999809265137,0.2669999897480011,0.5049999952316284,0.11640000343322754,DWARF,4.394670009613037,0.1999099999666214,124.05000305175781,0.460999995470047,0.04100000113248825,0.009999999776482582,318,0.002099999925121665,,0,0.005710000172257423,0.010400000028312206,0.009600000455975533,schlegel,0.23399999737739563,0.30000001192092896,0.04399999976158142,0.07400000095367432,0.08290000259876251,0.15000000596046448,0.09319999814033508,0.08449999988079071,0.18975000083446503,0.2100600004196167,0.45899999141693115,0.46299999952316284,bj2018,133.0,137.39999389648438,dered,8.852919578552246,0.0017059999518096447,8.320019721984863,0.0026390000712126493,1,tycho2v3,tycho2b3,,1.02969886123,0.86133199995,117.59773661291,-56.32555723587,0.02736977822,0.02941159185,1,0,614006720
0.125536,J075051.44-262624.7,117.7143685,-26.4402044,128127342,117.71439477533,-26.44023013879,117.71399688720703,-26.440000534057617,90.0,0,6561-03913-1,318-034625,07505145-2626249,0,J075051.44-262624.7,5602017004871094656,0,0,STAR,tmgaia2,tmgaia2,-3.4739999771118164,0.057999998331069946,2.569999933242798,0.057999998331069946,gaia2,0.07900000363588333,0.04390000179409981,gaia2,11.993000030517578,0.27900001406669617,12.4399995803833,0.19599999487400055,,,,,,,,,,,11.850000381469727,0.024000000208616257,11.875,0.024000000208616257,11.87600040435791,0.020999999716877937,AAA-222-111-000-0-0,11.911999702453613,0.02199999988079071,11.982999801635742,0.02199999988079071,11.708000183105469,0.19099999964237213,7.355000019073486,0.09700000286102295,11.877300262451172,0.0007830000249668956,12.053000450134277,0.14399999380111694,rered,gaia2,,,,,,,,,,,,,,,,6687.68017578125,1636.18994140625,0.5533999800682068,0.14229999482631683,0,,,0,,0.20309999585151672,0.08160000294446945,panstarrs,,,,,,,,,,,1342.9100341796875,1929.4599609375,bj2018,,,,11.844300270080566,0.0035059999208897352,11.844099998474121,0.001917000045068562,1,tycho2v,tycho2b,,0.92065840388,0.90707626352,117.71437806924,-26.44021907248,0.02445919523,0.03093808323,0,0,613703025
0.043532,J082322.90-454510.9,125.8454183,-45.7530318,52929072,125.84542882374,-45.75304140738,125.84500122070312,-45.75299835205078,90.0,0,8149-03411-1,222-025004,08232290-4545109,0,J082322.90-454510.9,5516874432182644480,22559167,0,STAR,tmgaia2,tmgaia2,-7.184000015258789,0.4000000059604645,2.7119998931884766,0.4659999907016754,gaia2,1.042099952697754,0.21379999816417694,gaia2,9.467000007629395,0.035999998450279236,9.4350004196167,0.003000000026077032,,,,,,,,,,,9.13700008392334,0.023000000044703484,9.11400032043457,0.024000000208616257,9.104000091552734,0.023000000044703484,AAA-122-111-000-0-0,8.619999885559082,0.023000000044703484,8.423999786376953,0.019999999552965164,7.827000141143799,0.017999999225139618,7.202000141143799,0.0860000029206276,9.394630432128906,0.0017320000333711505,9.357999801635742,0.07999999821186066,rered,gaia2,,,,,,,,,,,,,,,,995.7919921875,280.21600341796875,0.4620000123977661,0.08739999681711197,0,,,0,,0.07249999791383743,0.1023000031709671,schlegel,,,,,,,,,,,207.375,353.0580139160156,bj2018,,,,9.47311019897461,0.00570000009611249,9.222550392150879,0.0050929998978972435,1,tycho2v3,tycho2b3,,6.72999405544,7.22577077104,125.84538449454,-45.75302973189,0.17025969536,0.24578105917,0,0,637636340
0.302888,J084226.53-631033.2,130.6105628,-63.1759096,355238126,130.61071591206,-63.17595761127,130.61000061035156,-63.17599868774414,90.0,0,8930-00536-1,135-016571,08422656-6310334,0,J084226.53-631033.2,5297745200732585472,30016796,0,STAR,tmgaia2,tmgaia2,-25.996000289916992,0.07000000029802322,16.156999588012695,0.08900000154972076,gaia2,4.906400203704834,0.044199999421834946,gaia2,10.449000358581543,0.06199999898672104,9.946999549865723,0.004000000189989805,,,,,,,,,,,9.241000175476074,0.023000000044703484,9.015000343322754,0.02199999988079071,8.965999603271484,0.01899999938905239,AAA-222-111-000-0-0,8.90999984741211,0.02199999988079071,8.920999526977539,0.01899999938905239,8.607999801635742,0.020999999716877937,7.728000164031982,0.10000000149011612,9.895600318908691,0.00056900002527982,9.598999977111816,0.006000000052154064,rered,spect,6540.2001953125,109.80000305175781,4.208399772644043,0.08619999885559082,-0.1551000028848648,0.04639999940991402,1.5140000581741333,0.061000000685453415,1.350000023841858,0.2329999953508377,0.38940000534057617,0.08969999849796295,DWARF,3.776020050048828,0.18578000366687775,202.64599609375,1.8300000429153442,0.05420000106096268,0.009600000455975533,423,0.04919999837875366,,0,0.0027970001101493835,0.008100000210106373,0.010999999940395355,schlegel,0.16599999368190765,0.30000001192092896,0.05400000140070915,0.06700000166893005,0.07800000160932541,0.1014999970793724,0.07959999889135361,0.09279999881982803,0.15532000362873077,0.21624000370502472,1.8140000104904175,1.8459999561309814,bj2018,115.5999984741211,104.0,spect,10.120599746704102,0.0014929999597370625,9.552619934082031,0.0011249999515712261,1,tycho2v3,tycho2b3,,1.26883881419,1.3855335772,130.61046787406,-63.17588804835,0.03475709461,0.05116213286,1,0,651383365
1.602408,J084226.53-631033.2,130.6105628,-63.1759096,807144708,130.60989144103,-63.17558349477,130.61000061035156,-63.17599868774414,90.0,0,,,,0,,5297745200732585344,0,0,STAR,gaia2,gaia2,,,,,,,,,,,,,,,,,,,,,,,,,,,,,,,,,,,,,,14.599699974060059,0.02367600053548813,14.170000076293945,0.6000000238418579,goffs,,,,,,,,,,,,,,,,,,,,,0,,,0,,,,,,,,,,,,,,,,,,,,,,0.0,,0.0,0,,,,20.39346183776,35.55074753155,130.60989144103,-63.17558349477,20.39346183776,35.55074753155,0,0,651553303
0.040843,J084350.70-450605.0,130.9612643,-45.1014041,260124686,130.96127062968,-45.10139367139,130.96099853515625,-45.10100173950195,90.0,0,8151-00909-1,225-030512,08435070-4506050,0,J084350.70-450605.0,5522191567336661504,22620529,0,STAR,tmgaia2,tmgaia2,-4.670000076293945,0.04899999871850014,3.5789999961853027,0.05000000074505806,gaia2,0.4821000099182129,0.02930000051856041,gaia2,10.434000015258789,0.0729999989271164,10.236000061035156,0.006000000052154064,,,,,,,,,,,9.369999885559082,0.024000000208616257,9.265999794006348,0.027000000700354576,9.244999885559082,0.023000000044703484,AAA-222-111-000-0-0,9.161999702453613,0.02199999988079071,9.208999633789062,0.019999999552965164,8.961000442504883,0.024000000208616257,7.447999954223633,0.0949999988079071,10.056099891662598,0.00042799999937415123,9.878000259399414,0.027000000700354576,rered,gaia2,,,,,,,,,,,,,,,,1958.9200439453125,115.17500305175781,0.6114000082015991,0.02879999950528145,0,,,0,,0.027499999850988388,0.03009999915957451,schlegel,,,,,,,,,,,108.55999755859375,121.79000091552734,bj2018,,,,10.249600410461426,0.0014550000196322799,9.740960121154785,0.0012509999796748161,1,tycho2v3,tycho2b3,,0.82413557379,0.76855292614,130.96124214268,-45.10137826315,0.02454771592,0.02737325727,0,0,651332968
0.049568,J095652.62-504649.4,149.2192689,-50.7803936,132958640,149.21926282969,-50.78040682296,149.218994140625,-50.779998779296875,90.0,0,8194-00095-1,197-037914,09565261-5046494,0,J095652.62-504649.4,5405293690104829184,24768940,0,STAR,tmgaia2,tmgaia2,-2.937999963760376,0.05000000074505806,3.996999979019165,0.05299999937415123,gaia2,1.4246000051498413,0.030799999833106995,gaia2,10.036999702453613,0.04899999871850014,9.770999908447266,0.004000000189989805,,,,,,,,,,,9.253999710083008,0.01899999938905239,9.116999626159668,0.024000000208616257,9.079000473022461,0.020999999716877937,AAA-122-111-000-0-0,9.032999992370605,0.023000000044703484,9.076000213623047,0.019999999552965164,8.784000396728516,0.027000000700354576,7.263999938964844,0.09600000083446503,9.716050148010254,0.00030300000798888505,9.539999961853027,0.006000000052154064,rered,gaia2,8301.0,150.6999969482422,3.5278000831604004,0.07569999992847443,,,4.072999954223633,0.14900000393390656,2.0399999618530273,0.32499998807907104,0.03020000085234642,0.006000000052154064,DWARF,70.9700927734375,5.3176798820495605,688.3679809570312,14.696000099182129,0.14659999310970306,0.011099999770522118,1590,0.09780000150203705,,0,4.5000000682193786e-05,0.011500000022351742,0.01080000028014183,schlegel,0.24699999392032623,0.4020000100135803,0.16599999368190765,0.13300000131130219,0.003599999938160181,0.008299999870359898,0.0885000005364418,0.06279999762773514,6.968009948730469,3.667340040206909,14.387999534606934,15.003999710083008,bj2018,144.60000610351562,156.8000030517578,dered,9.863570213317871,0.0009069999796338379,9.490289688110352,0.0013729999773204327,1,tycho2v3,tycho2b3,,0.86302580963,0.81852640676,149.21924282036,-50.7803896149,0.02388466638,0.02595481818,1,0,696208908
0.219812,J100028.78-595932.5,150.1199583,-59.9923663,374422715,150.1200776473,-59.99237916847,150.1199951171875,-59.992000579833984,90.0,0,8611-01018-1,151-037323,10002881-5959326,0,J100028.78-595932.5,5256710018065976192,0,0,STAR,tmgaia2,tmgaia2,-22.895000457763672,0.0820000022649765,2.7200000286102295,0.07800000160932541,gaia2,3.338399887084961,0.04439999908208847,gaia2,8.371999740600586,0.03099999949336052,8.321000099182129,0.003000000026077032,,,,,,,,,,,8.270000457763672,0.027000000700354576,8.317999839782715,0.03999999910593033,8.28600025177002,0.019999999552965164,AAA-111-111-000-0-0,8.277000427246094,0.023000000044703484,8.255000114440918,0.019999999552965164,7.585000038146973,0.017999999225139618,4.73199987411499,0.026000000536441803,8.354000091552734,0.00045200000749900937,8.38599967956543,0.006000000052154064,rered,gaia2,12137.0,138.0,,,,,,,,,,,,,,297.0570068359375,3.952500104904175,0.12280000001192093,0.001500000013038516,0,,,0,,0.001500000013038516,0.001500000013038516,schlegel,,,,,,,,,,,3.9010000228881836,4.004000186920166,bj2018,,,dered,8.376250267028809,0.0011399999493733048,8.33998966217041,0.0018649999983608723,1,tycho2v3,tycho2b3,,1.47454184077,1.20604825236,150.11988054562,-59.99236745892,0.03929340136,0.04062927209,0,0,698875713
1.126912,J101623.03-603638.7,154.095998,-60.6107585,377480554,154.09578852338,-60.61046282985,154.0959930419922,-60.61000061035156,90.0,0,,147-042391,10162302-6036383,0,J101623.03-603638.7,5254888780140408064,30264689,0,STAR,gaia2,gaia2,-6.14300012588501,0.03200000151991844,5.961999893188477,0.028999999165534973,gaia2,0.6503999829292297,0.01730000041425228,gaia2,14.095999717712402,0.04699999839067459,13.496999740600586,0.4000000059604645,,,,,,,,,,,12.598999977111816,0.035999998450279236,12.470999717712402,0.05700000002980232,12.420999526977539,0.041999999433755875,EEE-222-111-000-0-0,11.96399974822998,0.024000000208616257,12.074000358581543,0.024000000208616257,10.244000434875488,0.07400000095367432,7.681000232696533,0.10499999672174454,13.987600326538086,0.0002640000020619482,13.604999542236328,0.008999999612569809,rered,gaia2,7872.0,126.0,,,,,,,,,,,,,,1473.02001953125,37.810001373291016,0.383899986743927,0.006899999920278788,0,,SPLIT,0,,0.006800000090152025,0.007000000216066837,schlegel,,,,,,,,,,,36.86000061035156,38.7599983215332,bj2018,,,dered,14.2677001953125,0.003396000014618039,13.499300003051758,0.0056039998307824135,1,ucac4,apassdr9,,0.5699888624,0.45241303722,154.09573463189,-60.61043716195,0.01558124373,0.01541043794,1,0,708874763
1.126912,J101623.03-603638.7,154.095998,-60.6107585,851769573,154.09578852338,-60.61046282985,154.0959930419922,-60.61000061035156,90.0,0,,,,0,,5254888780140408064,0,0,STAR,gaia2,gaia2,-6.14300012588501,0.03200000151991844,5.961999893188477,0.028999999165534973,gaia2,0.6503999829292297,0.01730000041425228,gaia2,,,14.11299991607666,0.04600000008940697,,,,,,,,,,,,,,,,,,,,,,,,,,13.987600326538086,0.0002640000020619482,13.604999542236328,0.008999999612569809,rered,gaia2,7872.0,126.0,,,,,,,,,,,,,,1473.02001953125,37.810001373291016,0.383899986743927,0.006899999920278788,0,,DUPLICATE,377480554,,0.006800000090152025,0.007000000216066837,schlegel,,,,,,,,,,,36.86000061035156,38.7599983215332,bj2018,,,dered,14.2677001953125,0.003396000014618039,13.499300003051758,0.0056039998307824135,1,gaia2,,,0.5699888624,0.45241303722,154.09573463189,-60.61043716195,0.01558124373,0.01541043794,1,0,709425425
1.388127,J101623.03-603638.7,154.095998,-60.6107585,851769572,154.0962600399,-60.61112201637,154.0959930419922,-60.611000061035156,90.0,0,,,,0,,5254888780140407552,0,0,STAR,gaia2,gaia2,-6.099999904632568,0.03200000151991844,6.38700008392334,0.029999999329447746,gaia2,0.661300003528595,0.01730000041425228,gaia2,,,14.211999893188477,0.04600000008940697,,,,,,,,,,,,,,,,,,,,,,,,,,14.089799880981445,0.0002899999963119626,13.711999893188477,0.008999999612569809,rered,gaia2,7892.0,124.0,4.274700164794922,,,,1.659000039100647,,1.8899999856948853,,0.4138000011444092,,DWARF,9.621580123901367,,1449.800048828125,36.59000015258789,0.37959998846054077,0.006800000090152025,0,,,377480554,,0.0066999997943639755,0.006899999920278788,schlegel,,,,,,,,,,,35.68000030517578,37.5,bj2018,,,dered,14.36709976196289,0.003633999964222312,13.608499526977539,0.0021879998967051506,1,gaia2,,,0.57343644732,0.45852569545,154.09620652186,-60.61109451512,0.01551152596,0.01503290498,1,0,709425424
0.242294,J102049.84-673114.1,155.2077028,-67.5206,303026212,155.20787460279,-67.52061465556,155.20799255371094,-67.52100372314453,90.0,50670,9210-03430-1,113-030550,10204987-6731142,0,J102049.84-673114.1,5245029180160106240,32600809,0,STAR,tmgaia2,tmgaia2,-19.674999237060547,0.0689999982714653,5.422999858856201,0.06700000166893005,gaia2,2.868299961090088,0.041999999433755875,gaia2,8.9399995803833,0.03200000151991844,8.869999885559082,0.029999999329447746,,,,,,,,,,,8.484999656677246,0.027000000700354576,8.418999671936035,0.035999998450279236,8.413999557495117,0.023000000044703484,AAA-112-111-000-0-0,8.357000350952148,0.023000000044703484,8.371999740600586,0.019999999552965164,8.32699966430664,0.020999999716877937,7.486999988555908,0.0729999989271164,8.817279815673828,0.0003440000000409782,8.72599983215332,0.006000000052154064,rered,gaia2,8701.0,154.89999389648438,3.93530011177063,0.07150000333786011,,,2.634000062942505,0.07900000363588333,2.180000066757202,0.3140000104904175,0.1193000003695488,0.021800000220537186,DWARF,35.822689056396484,2.3506500720977783,345.2829895019531,5.051499843597412,0.0737999975681305,0.010499999858438969,1075,1.3668999671936035,,0,0.0001140000022132881,0.010700000450015068,0.010400000028312206,schlegel,0.3190000057220459,0.3089999854564667,0.08699999749660492,0.07100000232458115,0.015799999237060547,0.027799999341368675,0.0737999975681305,0.06920000165700912,3.085249900817871,1.6160500049591064,4.979000091552734,5.124000072479248,bj2018,163.89999389648438,145.89999389648438,dered,8.90330982208252,0.001167000038549304,8.687000274658203,0.002104999963194132,1,hipvmag,tycho2b3,,1.28821917533,1.03196493288,155.20765304546,-67.52059130535,0.03519799355,0.03668570084,1,0,711491244
0.178251,J103738.07-560836.7,159.4086316,-56.1435541,458195065,159.40867877176,-56.14359606448,159.40899658203125,-56.14400100708008,90.0,0,8605-00124-1,170-049442,10373809-5608369,0,J103738.07-560836.7,5352131787510382848,27969706,0,STAR,tmgaia2,tmgaia2,-12.354000091552734,0.054999999701976776,7.25,0.04899999871850014,gaia2,1.1538000106811523,0.03139999881386757,gaia2,11.859000205993652,0.23999999463558197,12.041000366210938,0.03099999949336052,,,,,,,,,,,11.46399974822998,0.023000000044703484,11.404000282287598,0.02500000037252903,11.366000175476074,0.020999999716877937,AAA-222-111-000-0-0,11.331999778747559,0.02199999988079071,11.404000282287598,0.019999999552965164,10.138999938964844,0.054999999701976776,7.486000061035156,0.10700000077486038,11.897299766540527,0.00021699999342672527,11.77400016784668,0.00800000037997961,rered,gaia2,9845.0,210.5,4.406300067901611,0.06319999694824219,,,1.6469999551773071,0.05299999937415123,2.5199999809265137,0.328000009059906,0.5644999742507935,0.09030000120401382,DWARF,22.945600509643555,2.39382004737854,846.2219848632812,22.697500228881836,0.24140000343322754,0.01140000019222498,1960,0.3767000138759613,,0,3.9999998989515007e-05,0.01119999960064888,0.011699999682605267,schlegel,0.31299999356269836,0.34299999475479126,0.06199999898672104,0.04399999976158142,0.09700000286102295,0.08349999785423279,0.06319999694824219,0.06319999694824219,2.34867000579834,2.4389700889587402,22.100000381469727,23.295000076293945,bj2018,203.3000030517578,217.8000030517578,dered,12.00879955291748,0.0014540000120177865,11.699000358581543,0.0009980000322684646,1,tycho2v3,tycho2b3,,0.96454393551,0.75483864154,159.40858329367,-56.14356484713,0.02678995024,0.02440853376,1,0,722188968
0.044086,J105335.05-533924.1,163.3960597,-53.6566967,120372122,163.39607993027,-53.65669420348,163.39599609375,-53.65700149536133,90.0,0,,182-062951,10533505-5339241,0,J105335.05-533924.1,5353558090287469696,25238765,0,STAR,tmgaia2,tmgaia2,-9.395999908447266,0.05299999937415123,3.490999937057495,0.04899999871850014,gaia2,0.8277999758720398,0.03220000118017197,gaia2,13.050000190734863,0.014000000432133675,12.569999694824219,0.28600001335144043,,,,,,,,,,,11.70300006866455,0.023000000044703484,11.529999732971191,0.02199999988079071,11.5,0.01899999938905239,AAA-222-111-000-0-0,11.406999588012695,0.023000000044703484,11.42199993133545,0.020999999716877937,10.411999702453613,0.06300000101327896,7.40500020980835,0.10000000149011612,12.530400276184082,0.00017899999511428177,12.232000350952148,0.008999999612569809,rered,gaia2,8214.0,154.1999969482422,3.987799882888794,0.07559999823570251,,,2.38100004196167,0.11400000005960464,2.009999990463257,0.296999990940094,0.14890000224113464,0.02969999983906746,DWARF,23.24959945678711,2.7520298957824707,1168.9200439453125,44.380001068115234,0.31709998846054077,0.013199999928474426,1213,4.000100135803223,,0,1.2000000424450263e-05,0.014600000344216824,0.011800000444054604,schlegel,0.23399999737739563,0.3610000014305115,0.14499999582767487,0.0820000022649765,0.03020000085234642,0.02930000051856041,0.06520000100135803,0.08590000122785568,2.4462499618530273,3.0578200817108154,42.72999954223633,46.029998779296875,bj2018,142.89999389648438,165.39999389648438,dered,12.763199806213379,0.0010920000495389104,12.150500297546387,0.000699999975040555,1,ucac4,apassdr9,,0.91367593139,0.7665041485,163.3960116676,-53.65667917371,0.02465499497,0.02536339377,1,0,733082124
0.089285,J112238.89-592027.5,170.6620748,-59.3409997,451126962,170.66210418424,-59.34097993651,170.66200256347656,-59.340999603271484,90.0,0,,154-072218,11223889-5920275,0,J112238.89-592027.5,5339178269248016256,28146532,0,STAR,tmgaia2,tmgaia2,-6.8420000076293945,0.026000000536441803,2.1730000972747803,0.023000000044703484,gaia2,0.44670000672340393,0.016300000250339508,gaia2,13.53499984741211,0.035999998450279236,13.175999641418457,0.09200000017881393,,,,,,,,,,,12.109000205993652,0.026000000536441803,11.901000022888184,0.026000000536441803,11.788999557495117,0.028999999165534973,AAA-222-111-000-0-0,11.39900016784668,0.02199999988079071,11.265999794006348,0.020999999716877937,9.053999900817871,0.03099999949336052,7.480000019073486,0.08399999886751175,13.062100410461426,0.0005159999709576368,12.748000144958496,0.00800000037997961,rered,gaia2,7705.0,149.5,3.6294000148773193,0.08410000056028366,,,3.4130001068115234,0.15700000524520874,1.809999942779541,0.2879999876022339,0.045499999076128006,0.010200000368058681,DWARF,36.996761322021484,3.6135001182556152,2103.469970703125,72.83000183105469,0.2485000044107437,0.012600000016391277,4066,0.5827999711036682,,0,7.999999979801942e-06,0.01119999960064888,0.014000000432133675,schlegel,0.19200000166893005,0.3840000033378601,0.16200000047683716,0.1509999930858612,0.009499999694526196,0.010999999940395355,0.08640000224113464,0.08179999887943268,2.9359500408172607,4.291059970855713,70.36000061035156,75.30000305175781,bj2018,171.3000030517578,127.5999984741211,dered,13.294300079345703,0.0029909999575465918,12.667799949645996,0.0014390000142157078,1,ucac4,apassdr9,,0.45585866195,0.35658927344,170.66204641011,-59.34097058167,0.01266272117,0.01281439368,1,0,754285088
0.041044,J112306.29-613629.3,170.776216,-61.608164,280379193,170.77621802314,-61.60815263968,170.7760009765625,-61.608001708984375,90.0,0,,142-072778,11230628-6136294,0,J112306.29-613629.3,5334360926504806400,30518506,0,STAR,tmgaia2,tmgaia2,-6.815000057220459,0.04899999871850014,0.6729999780654907,0.04500000178813934,gaia2,0.5113000273704529,0.032499998807907104,gaia2,12.553999900817871,0.013000000268220901,12.324000358581543,0.05700000002980232,,,,,,,,,,,11.48799991607666,0.027000000700354576,11.416000366210938,0.024000000208616257,11.336999893188477,0.026000000536441803,AAA-222-111-000-0-0,11.225000381469727,0.02500000037252903,11.291000366210938,0.026000000536441803,10.050000190734863,0.061000000685453415,7.624000072479248,0.10100000351667404,12.212499618530273,0.000155999994603917,11.989999771118164,0.017000000923871994,rered,gaia2,9187.0,280.20001220703125,3.6466000080108643,0.07429999858140945,,,3.796999931335449,0.23499999940395355,2.3299999237060547,0.33000001311302185,0.04259999841451645,0.008899999782443047,DWARF,92.51817321777344,19.814149856567383,1856.18994140625,114.97000122070312,0.329800009727478,0.021199999377131462,2480,1.7483999729156494,,0,9.000000318337698e-06,0.017799999564886093,0.024700000882148743,schlegel,0.3009999990463257,0.35899999737739563,0.23899999260902405,0.23199999332427979,0.009399999864399433,0.00839999970048666,0.08780000358819962,0.06069999933242798,16.983600616455078,22.644699096679688,108.01000213623047,121.93000030517578,bj2018,196.3000030517578,364.20001220703125,dered,12.385899543762207,0.0010400000028312206,11.894200325012207,0.0010499999625608325,1,ucac4,apassdr9,,0.89036275163,0.69313361278,170.77615631739,-61.60814974309,0.02599467432,0.02592798911,1,0,754115788
0.014815,J112316.23-615156.4,170.8176468,-61.8656804,280381796,170.81765139894,-61.86567690245,170.8179931640625,-61.86600112915039,90.0,0,8959-02037-1,141-072580,11231623-6151565,0,J112316.23-615156.4,5334327430083726848,30518957,0,STAR,tmgaia2,tmgaia2,-6.052999973297119,0.03999999910593033,1.9470000267028809,0.039000000804662704,gaia2,0.3472999930381775,0.026599999517202377,gaia2,11.347999572753906,0.16899999976158142,11.234000205993652,0.014999999664723873,,,,,,,,,,,10.190999984741211,0.020999999716877937,10.123000144958496,0.020999999716877937,10.041999816894531,0.020999999716877937,AAA-222-111-000-0-0,9.86299991607666,0.02199999988079071,9.916999816894531,0.019999999552965164,9.07800006866455,0.06700000166893005,6.743000030517578,0.07699999958276749,10.97819995880127,0.0006980000180192292,10.756999969482422,0.04500000178813934,rered,gaia2,,,,,,,,,,,,,,,,2662.080078125,193.0050048828125,0.7638000249862671,0.0478999987244606,0,,,0,,0.04500000178813934,0.05079999938607216,schlegel,,,,,,,,,,,179.38999938964844,206.6199951171875,bj2018,,,,11.210700035095215,0.002032000105828047,10.585200309753418,0.0010489999549463391,1,tycho2v3,tycho2b3,,0.72982783299,0.60081503323,170.81759613192,-61.86566852105,0.0204726858,0.02190048652,0,0,754118391
0.013443,J115305.06-602317.4,178.2711097,-60.3881737,304944127,178.27111471407,-60.3881764937,178.27099609375,-60.38800048828125,90.0,0,8973-01406-1,149-093856,11530506-6023174,0,J115305.06-602317.4,5335314409248286720,30623755,0,STAR,tmgaia2,tmgaia2,-7.4710001945495605,0.07699999958276749,-0.11400000005960464,0.06400000303983688,gaia2,0.28859999775886536,0.05290000140666962,gaia2,10.317999839782715,0.06300000101327896,10.288000106811523,0.006000000052154064,,,,,,,,,,,9.842000007629395,0.026000000536441803,9.74899959564209,0.027000000700354576,9.592000007629395,0.026000000536441803,AAA-222-111-000-0-0,9.432999610900879,0.02199999988079071,9.194999694824219,0.01899999938905239,8.298999786376953,0.026000000536441803,7.2820000648498535,0.09200000017881393,10.20009994506836,0.0027179999742656946,10.279999732971191,0.0689999982714653,rered,gaia2,,,,,,,,,,,,,,,,3121.669921875,557.0449829101562,0.5857999920845032,0.0697999969124794,0,,,0,,0.06279999762773514,0.07670000195503235,schlegel,,,,,,,,,,,466.010009765625,648.0800170898438,bj2018,,,,10.235199928283691,0.006130000110715628,10.095600128173828,0.01165200024843216,1,tycho2v3,tycho2b3,,1.37679521164,0.9973097331,178.27104961384,-60.38817698364,0.04356530368,0.03690291213,0,0,775106934
0.089925,J115604.24-635423.3,179.01768,-63.9064881,306129373,179.0177317885,-63.9064778481,179.01800537109375,-63.90599822998047,90.0,0,,131-059271,11560424-6354232,0,J115604.24-635423.3,5332987640822995200,30636077,0,STAR,tmgaia2,tmgaia2,-7.257999897003174,0.04699999839067459,2.385999917984009,0.0430000014603138,gaia2,0.9591000080108643,0.029400000348687172,gaia2,12.34000015258789,0.013000000268220901,12.192000389099121,0.04600000008940697,,,,,,,,,,,11.598999977111816,0.02199999988079071,11.593999862670898,0.02500000037252903,11.53600025177002,0.02500000037252903,AAA-222-111-000-0-0,11.440999984741211,0.023000000044703484,11.508000373840332,0.02199999988079071,9.479000091552734,0.0860000029206276,7.34499979019165,0.1080000028014183,12.089599609375,0.00021899999410379678,12.038000106811523,0.014999999664723873,rered,gaia2,,,,,,,,,,,,,,,,1013.3499755859375,30.474000930786133,0.5461000204086304,0.014499999582767487,0,,,0,,0.0142000000923872,0.01489999983459711,schlegel,,,,,,,,,,,29.577999114990234,31.3700008392334,bj2018,,,,12.191499710083008,0.0012019999558106065,11.88700008392334,0.0007980000227689743,1,ucac4,apassdr9,,0.85426249577,0.67376015996,179.01766073833,-63.90646757381,0.02396059878,0.02361029636,0,0,778042688
0.063502,J121405.22-611831.0,183.5217587,-61.3086331,382744380,183.52172293738,-61.30863714573,183.52200317382812,-61.308998107910156,90.0,0,8974-01340-1,144-102905,12140521-6118310,0,J121405.22-611831.0,6057817626048164352,30702192,0,STAR,tmgaia2,tmgaia2,1.6380000114440918,0.0430000014603138,3.88100004196167,0.04100000113248825,gaia2,1.1881999969482422,0.028999999165534973,gaia2,11.607000350952148,0.17299999296665192,11.449999809265137,0.014999999664723873,,,,,,,,,,,10.541999816894531,0.020999999716877937,10.468000411987305,0.027000000700354576,10.380999565124512,0.023000000044703484,AAA-222-111-000-0-0,10.338000297546387,0.023000000044703484,10.36400032043457,0.020999999716877937,9.732999801635742,0.04500000178813934,7.650000095367432,0.10700000077486038,11.209699630737305,0.0004250000056345016,10.996000289916992,0.007000000216066837,rered,gaia2,8302.0,150.3000030517578,3.9094998836517334,0.07590000331401825,,,2.625,0.09799999743700027,2.0399999618530273,0.30799999833106995,0.1128000020980835,0.022099999710917473,DWARF,29.4897403717041,2.402790069580078,822.22802734375,19.78350067138672,0.20329999923706055,0.011300000362098217,2321,0.37869998812675476,,0,3.199999991920777e-05,0.012900000438094139,0.009800000116229057,schlegel,0.2150000035762787,0.4009999930858612,0.12800000607967377,0.0689999982714653,0.017999999225139618,0.026200000196695328,0.06030000001192093,0.09149999916553497,2.7667999267578125,2.0387799739837646,19.31599998474121,20.250999450683594,bj2018,137.89999389648438,162.60000610351562,dered,11.376399993896484,0.0011340000201016665,10.928899765014648,0.000813000020571053,1,tycho2v3,tycho2b3,,0.77710407657,0.6323708976,183.52173762541,-61.3086204351,0.02209248814,0.02266905542,1,0,791427971
0.45265,J122201.42-573756.6,185.5059171,-57.6324162,411614400,185.50615179604,-57.63241139309,185.50599670410156,-57.63199996948242,90.0,0,,162-087608,12220147-5737565,0,J122201.42-573756.6,6071734350857944704,28363368,0,STAR,tmgaia2,tmgaia2,-36.090999603271484,0.06400000303983688,-11.25,0.05700000002980232,gaia2,9.394499778747559,0.05040000006556511,gaia2,14.597000122070312,0.17100000381469727,12.741000175476074,0.04600000008940697,,,,,,,,,,,9.321000099182129,0.019999999552965164,8.62399959564209,0.026000000536441803,8.397000312805176,0.023000000044703484,AAA-212-111-000-0-0,8.187999725341797,0.020999999716877937,8.034000396728516,0.01899999938905239,7.732999801635742,0.017000000923871994,7.099999904632568,0.0729999989271164,11.860099792480469,0.002471999963745475,10.871000289916992,0.007000000216066837,rered,gaia2,3787.0,122.0,,,,,1.3489999771118164,,,,,,GIANT,,,106.1240005493164,0.5709999799728394,0.05739999935030937,0.0003000000142492354,0,,,0,,0.0003000000142492354,0.0003000000142492354,schlegel,,,,,,,,,,,0.5680000185966492,0.5740000009536743,bj2018,,,dered,12.946800231933594,0.00817199982702732,10.77929973602295,0.005563999991863966,1,ucac4,bpbj,,1.1357699993,0.88625739314,185.50586153587,-57.63245982877,0.03377364191,0.0320910526,0,0,797760566
0.831491,J122201.42-573756.6,185.5059171,-57.6324162,988784158,185.50565988045,-57.63223076818,185.50599670410156,-57.63199996948242,90.0,0,,,,0,,6071734350840742400,0,0,STAR,gaia2,gaia2,,,,,,,,,,,,,,,,,,,,,,,,,,,,,,,,,,,,,,14.808899879455566,0.011025000363588333,14.378999710083008,0.6000000238418579,goffs,,,,,,,,,,,,,,,,,,,,,0,,,0,,,,,,,,,,,,,,,,,,,,,,0.0,,0.0,0,,,,0.62542619464,0.46455965652,185.50565988045,-57.63223076818,0.62542619464,0.46455965652,0,0,798706456
0.109519,J123646.27-625411.4,189.1927975,-62.9031903,415238649,189.192859183,-62.90317863411,189.1929931640625,-62.90299987792969,90.0,0,8992-01086-1,136-083799,12364628-6254115,0,J123646.27-625411.4,6053679304782876800,30787323,0,STAR,tmgaia2,tmgaia2,-10.026000022888184,0.05000000074505806,-5.074999809265137,0.04699999839067459,gaia2,2.04010009765625,0.03849999979138374,gaia2,8.866000175476074,0.02800000086426735,8.729000091552734,0.0020000000949949026,,,,,,,,,,,8.173999786376953,0.029999999329447746,8.140000343322754,0.07100000232458115,8.026000022888184,0.020999999716877937,AAA-111-111-000-0-0,7.954999923706055,0.02199999988079071,7.979000091552734,0.01899999938905239,7.986999988555908,0.02800000086426735,7.172999858856201,0.09200000017881393,8.637089729309082,0.00029600001289509237,8.477999687194824,0.006000000052154064,rered,gaia2,7787.0,131.89999389648438,3.3980000019073486,0.0843999981880188,,,4.492000102996826,0.1509999930858612,1.840000033378601,0.3109999895095825,0.0203000009059906,0.00430000014603138,DWARF,66.84190368652344,3.6747000217437744,483.57501220703125,9.071000099182129,0.02879999950528145,0.010499999858438969,2236,0.06639999896287918,,0,5.900000178371556e-05,0.009600000455975533,0.01140000019222498,schlegel,0.2329999953508377,0.3889999985694885,0.16300000250339508,0.13899999856948853,0.00419999985024333,0.0044999998062849045,0.07569999992847443,0.09300000220537186,3.3190999031066895,4.030290126800537,8.904000282287598,9.23799991607666,bj2018,146.3000030517578,117.5,dered,8.76117992401123,0.0010560000082477927,8.440099716186523,0.0009619999909773469,1,tycho2v3,tycho2b3,,0.91376910893,0.72711075856,189.19276441542,-62.90320048389,0.02712610944,0.02519538847,1,0,808537168
0.411775,J134635.35-620410.0,206.6473192,-62.0694625,380486560,206.64747888856,-62.06937596422,206.64700317382812,-62.069000244140625,90.0,67230,9008-00936-1,140-117061,13463539-6204096,0,J134635.35-620410.0,5865593822062087168,0,0,STAR,tmgaia2,tmgaia2,-29.910999298095703,0.03999999910593033,-20.621999740600586,0.05000000074505806,gaia2,8.571900367736816,0.03889999911189079,gaia2,8.487000465393066,0.024000000208616257,8.029999732971191,0.029999999329447746,,,,,,,,,,,7.136000156402588,0.027000000700354576,6.931000232696533,0.027000000700354576,6.888000011444092,0.020999999716877937,AAA-111-111-00d-0-0,6.836999893188477,0.06800000369548798,6.867000102996826,0.019999999552965164,6.835000038146973,0.03400000184774399,5.806000232696533,0.10700000077486038,7.921130180358887,0.0003279999946244061,7.590000152587891,0.006000000052154064,rered,gaia2,6506.0,137.39999389648438,3.9237000942230225,0.0868000015616417,,,2.0850000381469727,0.09099999815225601,1.3300000429153442,0.21400000154972076,0.14669999480247498,0.03420000150799751,DWARF,7.017910003662109,0.32370999455451965,116.27100372314453,0.5295000076293945,0.019200000911951065,0.010099999606609344,1935,0.09160000085830688,,0,0.00023299999884329736,0.011599999852478504,0.00860000029206276,schlegel,0.1589999943971634,0.27000001072883606,0.10300000011920929,0.07999999821186066,0.030799999833106995,0.03759999945759773,0.08150000125169754,0.09200000017881393,0.2951200008392334,0.3522999882698059,0.5270000100135803,0.5320000052452087,bj2018,131.39999389648438,143.39999389648438,dered,8.179750442504883,0.00076299998909235,7.552529811859131,0.0007099999929778278,1,hipvmag,tycho2b3,,0.71760562531,0.77834944316,206.64720394275,-62.06946475366,0.02412747279,0.02589265635,1,0,868677290
0.276854,J134813.04-521010.7,207.0543522,-52.169651,241585982,207.05445528916,-52.16960722175,207.0540008544922,-52.16999816894531,90.0,0,,190-084909,13481306-5210105,0,J134813.04-521010.7,6066287438960606336,26651831,0,STAR,tmgaia2,tmgaia2,-25.62700080871582,0.07100000232458115,-19.947999954223633,0.06499999761581421,gaia2,7.650400161743164,0.04039999842643738,gaia2,14.770999908447266,0.08299999684095383,13.440999984741211,0.10300000011920929,,,,,,,,,,,10.376999855041504,0.023000000044703484,9.609000205993652,0.02199999988079071,9.260000228881836,0.020999999716877937,AAA-222-111-000-0-0,8.777000427246094,0.023000000044703484,8.418000221252441,0.01899999938905239,7.1620001792907715,0.01600000075995922,5.5229997634887695,0.032999999821186066,12.691900253295898,0.003926999866962433,11.78600025177002,0.007000000216066837,rered,gaia2,3958.0,126.0999984741211,4.258999824523926,0.12229999899864197,,,0.9679999947547913,0.10199999809265137,0.6200000047683716,0.08100000023841858,0.6843000054359436,0.24969999492168427,DWARF,0.20701999962329865,0.01868000067770481,130.2259979248047,0.6899999976158142,0.05130000039935112,0.010200000368058681,999,0.10100000351667404,,0,7.100000220816582e-05,0.011500000022351742,0.008899999782443047,schlegel,0.07100000232458115,0.09099999815225601,0.09399999678134918,0.10899999737739563,0.2312999963760376,0.26820001006126404,0.1185000017285347,0.12610000371932983,0.014550000429153442,0.02280000038444996,0.6869999766349792,0.6930000185966492,bj2018,132.10000610351562,120.19999694824219,dered,13.649399757385254,0.01146399974822998,11.722599983215332,0.012102000415325165,1,ucac4,apassdr9,,1.23256501584,1.01122548922,207.05427538596,-52.16969311041,0.03227571649,0.02944007618,1,0,870323442
0.115013,J145157.59-404821.0,222.9899872,-40.8058372,160401972,222.99002930299,-40.80583495153,222.99000549316406,-40.805999755859375,90.0,72710,7824-01432-1,246-070941,14515759-4048210,0,J145157.59-404821.0,6101958379298653568,21007216,0,STAR,tmgaia2,tmgaia2,-9.416000366210938,0.17000000178813934,-4.090000152587891,0.1420000046491623,gaia2,1.4467999935150146,0.20669999718666077,gaia2,7.828000068664551,0.0,7.940000057220459,0.029999999329447746,,,,,,,,,,,7.984000205993652,0.017999999225139618,8.029999732971191,0.04399999976158142,7.945000171661377,0.019999999552965164,AAA-111-111-000-0-0,7.767000198364258,0.02800000086426735,7.622000217437744,0.019999999552965164,6.965000152587891,0.017000000923871994,6.10099983215332,0.0560000017285347,7.968520164489746,0.0015650000423192978,8.067000389099121,0.007000000216066837,rered,gaia2,13729.0,286.0,,,,,,,,,,,,,,698.9320068359375,114.0250015258789,0.0738999992609024,0.004699999932199717,0,,,0,,0.004600000102072954,0.004800000227987766,schlegel,,,,,,,,,,,96.11199951171875,131.93800354003906,bj2018,,,dered,7.947579860687256,0.005472999997437,8.027440071105957,0.005040000192821026,1,hipvmag,apassdr9,,2.8185776397,2.21052687628,222.98997574416,-40.80585256183,0.08773387982,0.14297931443,0,0,930520542
0.158051,J153046.05+342756.4,232.6919065,34.4656719,16878120,232.69195651453,34.46565682896,232.69200134277344,34.465999603271484,90.0,75953,2567-00151-1,623-051486,15304608+3427562,0,J153046.05+342756.4,1373992615319022720,0,0,STAR,tmgaia2,tmgaia2,-25.125999450683594,0.05400000140070915,-10.111000061035156,0.09099999815225601,gaia2,9.01509952545166,0.042399998754262924,gaia2,6.828000068664551,0.024000000208616257,6.811999797821045,0.023000000044703484,,,,,,,,,,,6.718999862670898,0.020999999716877937,6.7129998207092285,0.019999999552965164,6.703999996185303,0.017999999225139618,AAA-111-111-000-0-0,6.666999816894531,0.07500000298023224,6.645999908447266,0.023000000044703484,6.697999954223633,0.014999999664723873,6.078000068664551,0.039000000804662704,6.801340103149414,0.00038499999209307134,6.822000026702881,0.006000000052154064,rered,gaia2,9677.0,137.3000030517578,4.362199783325195,0.06350000202655792,,,1.7139999866485596,0.0430000014603138,2.4679999351501465,0.3310000002384186,0.48980000615119934,0.07909999787807465,DWARF,23.21954917907715,1.1807600259780884,110.572998046875,0.5220000147819519,0.008700000122189522,0.00419999985024333,53,0.007600000128149986,,0,0.0038610000628978014,0.003599999938160181,0.004800000227987766,panstarrs,0.2770000100135803,0.38499999046325684,0.03799999877810478,0.04699999839067459,0.08320000022649765,0.07500000298023224,0.06599999964237213,0.06109999865293503,0.9660900235176086,1.395419955253601,0.5189999938011169,0.5249999761581421,bj2018,162.8000030517578,111.80000305175781,dered,6.828660011291504,0.0013810000382363796,6.808199882507324,0.0022950000129640102,1,sirful,tycho2b3,,0.87860240153,1.41380950498,232.69182530057,34.4656132947,0.02459419195,0.04514651186,1,0,155551249
2.39239,J153046.05+342756.4,232.6919065,34.4656719,1101699795,232.69244031919,34.46616982568,232.69200134277344,34.465999603271484,90.0,0,,,,0,,1373992615318016640,0,0,STAR,gaia2,gaia2,,,,,,,,,,,,,,,,,,,,,,,,,,,,,,,,,,,,,,12.568300247192383,0.019391000270843506,12.137999534606934,0.6000000238418579,goffs,,,,,,,,,,,,,,,,,,,,,0,,,0,,,,,,,,,,,,,,,,,,,,,,0.0,,0.0,0,,,,0.47331801249,0.68237681696,232.69244031919,34.46616982568,0.47331801249,0.68237681696,0,0,155600745
0.1731,J153537.33-582002.7,233.9055796,-58.3340859,285487246,233.90560403658,-58.33403955946,233.906005859375,-58.33399963378906,90.0,0,8708-00306-1,159-146177,15353733-5820025,0,J153537.33-582002.7,5882163702817182464,29007583,0,STAR,tmgaia2,tmgaia2,-2.2009999752044678,0.07100000232458115,-3.0360000133514404,0.08500000089406967,gaia2,0.4645000100135803,0.057500001043081284,gaia2,11.664999961853027,0.23499999940395355,11.526000022888184,0.020999999716877937,,,,,,,,,,,10.187000274658203,0.024000000208616257,10.118000030517578,0.023000000044703484,10.027000427246094,0.01899999938905239,AAA-222-111-000-0-0,10.029999732971191,0.024000000208616257,10.083999633789062,0.020999999716877937,10.135000228881836,0.09700000286102295,7.3470001220703125,0.10499999672174454,11.056300163269043,0.0005000000237487257,10.845999717712402,0.06499999761581421,rered,gaia2,,,,,,,,,,,,,,,,2046.06005859375,256.9849853515625,0.7627000212669373,0.06989999860525131,0,,,0,,0.06400000303983688,0.07580000162124634,schlegel,,,,,,,,,,,225.99000549316406,287.9800109863281,bj2018,,,,11.288000106811523,0.0016840000171214342,10.678299903869629,0.0009210000280290842,1,tycho2v3,tycho2b3,,1.25315357741,1.3128775486,233.90558598127,-58.33405263268,0.04224465128,0.03810161514,0,0,983958738
0.002511,J174054.53-392556.0,265.227249,-39.4322383,408867810,265.22724864627,-39.43223894185,265.22698974609375,-39.43199920654297,90.0,0,7889-01021-1,253-129406,17405454-3925560,0,J174054.53-392556.0,5961170210394333696,19213788,0,STAR,tmgaia2,tmgaia2,3.315999984741211,0.10499999672174454,-2.9760000705718994,0.07800000160932541,gaia2,0.8234999775886536,0.05730000138282776,gaia2,10.553999900817871,0.13199999928474426,10.593999862670898,0.014000000432133675,,,,,,,,,,,10.230999946594238,0.023000000044703484,10.237000465393066,0.023000000044703484,10.244000434875488,0.024000000208616257,AAA-222-111-000-0-0,10.17199993133545,0.023000000044703484,10.258000373840332,0.019999999552965164,9.786999702453613,0.05000000074505806,7.146999835968018,0.09099999815225601,10.436599731445312,0.0005680000176653266,10.444999694824219,0.014999999664723873,rered,gaia2,,,,,,,,,,,,,,,,1180.510009765625,82.26499938964844,0.32440000772476196,0.014999999664723873,0,,,0,,0.014299999922513962,0.015599999576807022,schlegel,,,,,,,,,,,76.66000366210938,87.87000274658203,bj2018,,,,10.480600357055664,0.0014270000392571092,10.343899726867676,0.0015559999737888575,1,tycho2v3,tycho2b3,,1.72574308101,1.20940558222,265.22726712912,-39.43225175523,0.05283081158,0.04476449427,0,0,1304727921
0.080204,J174205.10-420026.2,265.5212903,-42.0072996,31419868,265.52127102304,-42.00728253616,265.52099609375,-42.00699996948242,90.0,0,7893-00722-1,240-132937,17420510-4200262,0,J174205.10-420026.2,5957458396569594368,21593591,0,STAR,tmgaia2,tmgaia2,1.6360000371932983,0.13199999928474426,-2.5889999866485596,0.10300000011920929,gaia2,1.3743000030517578,0.08309999853372574,gaia2,9.869000434875488,0.07100000232458115,9.642999649047852,0.006000000052154064,,,,,,,,,,,9.17300033569336,0.02199999988079071,9.100000381469727,0.024000000208616257,9.039999961853027,0.019999999552965164,AAA-222-111-000-0-0,8.99899959564209,0.024000000208616257,9.005999565124512,0.019999999552965164,8.347000122070312,0.024000000208616257,6.170000076293945,0.054999999701976776,9.575779914855957,0.0003600000054575503,9.454000473022461,0.008999999612569809,rered,gaia2,9354.0,210.5,3.594899892807007,0.07829999923706055,,,4.072000026702881,0.26600000262260437,2.380000114440918,0.328000009059906,0.03519999980926514,0.007799999788403511,DWARF,114.39063262939453,19.98390007019043,716.7849731445312,43.95349884033203,0.19439999759197235,0.013700000010430813,4231,0.08980000019073486,,0,3.300000025774352e-05,0.01590000092983246,0.01140000019222498,schlegel,0.24699999392032623,0.4090000092983246,0.21799999475479126,0.3149999976158142,0.007899999618530273,0.007799999788403511,0.09030000120401382,0.06629999727010727,20.628599166870117,19.33919906616211,41.3120002746582,46.595001220703125,bj2018,176.89999389648438,244.1999969482422,dered,9.685759544372559,0.0014100000262260437,9.389650344848633,0.0015950000379234552,1,tycho2v3,tycho2b3,,2.19655278705,1.59749596998,265.52128050238,-42.00729368432,0.07410954534,0.06184232362,1,0,1310234784
0.06513,J185610.37+280703.9,284.0432443,28.1177533,358977972,284.0432390859,28.11777079735,284.0429992675781,28.118000030517578,90.0,0,2117-00159-1,591-071278,18561037+2807039,0,J185610.37+280703.9,2040241273862433920,48078985,0,STAR,tmgaia2,tmgaia2,0.25,0.035999998450279236,-4.916999816894531,0.04699999839067459,gaia2,2.617300033569336,0.025100000202655792,gaia2,11.621000289916992,0.13899999856948853,11.156999588012695,0.009999999776482582,,,,,,,,,,,10.281000137329102,0.027000000700354576,10.116000175476074,0.027000000700354576,10.043999671936035,0.019999999552965164,AAA-222-111-000-0-0,9.963000297546387,0.023000000044703484,9.868000030517578,0.019999999552965164,7.704999923706055,0.017999999225139618,7.1539998054504395,0.09399999678134918,11.097299575805664,0.00048099999548867345,10.770000457763672,0.006000000052154064,rered,gaia2,6694.0,140.39999389648438,4.207399845123291,0.08980000019073486,,,1.5540000200271606,0.06599999964237213,1.4190000295639038,0.25099998712539673,0.3785000145435333,0.08910000324249268,DWARF,4.3660101890563965,0.24646000564098358,377.9469909667969,3.609999895095825,0.05640000104904175,0.015300000086426735,774,0.1445000022649765,,0,0.000818000000435859,0.0203000009059906,0.010400000028312206,panstarrs,0.20800000429153442,0.2939999997615814,0.07699999958276749,0.054999999701976776,0.08420000225305557,0.09399999678134918,0.08049999922513962,0.09920000284910202,0.23855000734329224,0.2543700039386749,3.5759999752044678,3.6440000534057617,bj2018,128.89999389648438,152.0,dered,11.343099594116211,0.0009549999958835542,10.720199584960938,0.0008379999781027436,1,tycho2v3,tycho2b3,,0.57719469572,0.72964951192,284.04324030502,28.11774962586,0.01626919889,0.02161608993,1,0,228343976
0.009844,J192634.35+095452.3,291.6431368,9.9145525,375094503,291.64313949259,9.91455183454,291.64300537109375,9.914999961853027,90.0,95591,1059-01676-1,500-108456,19263435+0954524,0,J192634.35+095452.3,4308523557159737472,38657454,0,STAR,tmgaia2,tmgaia2,1.4819999933242798,0.12600000202655792,0.49000000953674316,0.1120000034570694,gaia2,0.8783000111579895,0.07429999858140945,gaia2,9.885000228881836,0.20000000298023224,9.430000305175781,0.029999999329447746,,,,,,,,,,,8.61299991607666,0.028999999165534973,8.506999969482422,0.04899999871850014,8.449999809265137,0.020999999716877937,AAA-112-111-000-0-0,8.187000274658203,0.023000000044703484,8.092000007629395,0.020999999716877937,7.718999862670898,0.019999999552965164,6.874000072479248,0.09799999743700027,9.293180465698242,0.0006040000007487833,9.03499984741211,0.020999999716877937,rered,gaia2,10224.0,130.0,,,,,9.23799991607666,,,,,,GIANT,,,1111.31005859375,94.69499969482422,0.4771000146865845,0.02370000071823597,0,,,0,,0.025499999523162842,0.021900000050663948,panstarrs,,,,,,,,,,,86.81999969482422,102.56999969482422,bj2018,,,dered,9.52338981628418,0.0017160000279545784,8.937029838562012,0.003326999954879284,1,hipvmag,apassdr9,,1.95685452626,1.73766817777,291.6431459685,9.91455394328,0.05861324706,0.05713854486,0,0,285364559
0.174545,J192959.53+491944.5,292.4980498,49.3290294,424867419,292.49801379245,49.3289869725,292.49798583984375,49.32899856567383,90.0,0,3551-02207-1,697-066696,19295951+4919443,0,J192959.53+491944.5,2129804600536996480,54445802,11456382,STAR,tmgaia2,tmgaia2,5.732999801635742,0.04399999976158142,9.697999954223633,0.04800000041723251,gaia2,3.2035000324249268,0.02419999986886978,gaia2,12.142000198364258,0.26499998569488525,11.748000144958496,0.01899999938905239,,,,,,,,,,,10.717000007629395,0.027000000700354576,10.498000144958496,0.03200000151991844,10.461999893188477,0.019999999552965164,AAA-222-111-000-0-0,10.413000106811523,0.023000000044703484,10.416999816894531,0.019999999552965164,9.869999885559082,0.03200000151991844,7.744999885559082,0.09300000220537186,11.611200332641602,0.00035600000410340726,11.248000144958496,0.006000000052154064,rered,spect,6146.0,133.3000030517578,4.394100189208984,0.08649999648332596,-0.05609999969601631,0.012799999676644802,1.1360000371932983,0.0560000017285347,1.1660000085830688,0.16899999976158142,0.7955999970436096,0.19099999964237213,DWARF,1.6586600542068481,0.06125999987125397,309.3869934082031,2.3304998874664307,0.016599999740719795,0.003700000001117587,321,0.12880000472068787,,0,0.0013539999490603805,0.004900000058114529,0.0024999999441206455,panstarrs,0.1379999965429306,0.20100000500679016,0.04600000008940697,0.06499999761581421,0.15690000355243683,0.22509999573230743,0.07500000298023224,0.09809999912977219,0.06036999821662903,0.062150001525878906,2.312999963760376,2.3480000495910645,bj2018,123.69999694824219,142.89999389648438,spect,11.885100364685059,0.0019069999689236283,11.197199821472168,0.0012839999981224537,1,tycho2v3,tycho2b3,,0.74468510246,0.74315250295,292.4980516682,49.32902872748,0.02200942563,0.0284807748,1,0,292847355
0.163183,J201223.18+290736.9,303.0966185,29.1269386,363184094,303.096668,29.126925,303.09698486328125,29.12700080871582,90.0,0,2166-01539-1,596-111068,20122320+2907369,0,J201223.18+290736.9,0,48083458,0,STAR,tmgaia,tmgaia,-1.2999999523162842,1.399999976158142,-3.700000047683716,1.2999999523162842,tic7,,,,9.875,0.03400000184774399,9.401000022888184,0.0020000000949949026,,,,,,,,,,,8.163999557495117,0.020999999716877937,8.064000129699707,0.026000000536441803,8.038000106811523,0.017000000923871994,AAA-111-111-000-0-0,7.980999946594238,0.023000000044703484,8.017999649047852,0.01899999938905239,8.029999732971191,0.017000000923871994,7.413000106811523,0.0820000022649765,,,8.718999862670898,0.017999999225139618,gaiaj,,,,,,,,,,,,,,DWARF,,,268.7430114746094,,,,0,,,0,,,,,,,,,,,,,,,,,,,,,,,,,0,tycho2v3,tycho2b3,,2.07860544398,3.71332777034,303.09661621876,29.12692815368,2.07860544398,3.71332777034,0,0,387645644
2.222462,J201223.18+290736.9,303.0966185,29.1269386,1950704635,303.09706264432,29.12741880259,303.09698486328125,29.12700080871582,90.0,0,,,,0,,1837322520305260672,0,0,STAR,gaia2,gaia2,-2.322000026702881,0.12999999523162842,-5.195000171661377,0.16300000250339508,gaia2,0.7289999723434448,0.10320000350475311,gaia2,,,,,,,,,,,,,,,,,,,,,,,,,,,,,,13.641500473022461,0.007859000004827976,13.211999893188477,0.6000000238418579,goffs,gaia2,,,,,,,,,,,,,,,,1339.739990234375,202.16000366210938,0.5993000268936157,0.06889999657869339,0,,,0,,0.061500001698732376,0.07620000094175339,schlegel,,,,,,,,,,,173.0800018310547,231.24000549316406,bj2018,,,,,0.0,,0.0,0,,,,2.08843720104,2.52181974544,303.09705120152,29.1273964339,0.06204855967,0.07504141719,0,0,388154479
0.269825,J202516.07+435517.0,306.3169683,43.9213922,1969399470,306.31689569454,43.92144589084,306.3169860839844,43.92100143432617,90.0,0,,,,0,,2069280161923805824,0,0,STAR,gaia2,gaia2,6.36899995803833,0.7799999713897705,0.3269999921321869,0.8299999833106995,gaia2,2.379499912261963,0.38679999113082886,gaia2,,,9.58899974822998,0.04600000008940697,,,,,,,,,,,,,,,,,,,,,,,,,,9.536840438842773,0.003903999924659729,9.312999725341797,0.00800000037997961,gbprp,gaia2,,,,,,,,,,,,,,,,434.1809997558594,86.45899963378906,0.4251999855041504,0.07540000230073929,0,,,0,,0.06260000169277191,0.08820000290870667,schlegel,,,,,,,,,,,69.99299621582031,102.92500305175781,bj2018,,,,9.478960037231445,0.007216999772936106,9.049260139465332,0.0019099999917671084,0,gaia2,,,13.03829623674,12.86276412963,306.3169337632,43.92144729994,0.35448656129,0.37553474062,0,0,402962501
0.621329,J202516.07+435517.0,306.3169683,43.9213922,193762761,306.31706972484,43.92123583286,306.3169860839844,43.92100143432617,90.0,0,3164-00785-1,670-087558,20251606+4355168,0,J202516.07+435517.0,2069280166223398016,52516636,0,STAR,tmgaia2,tmgaia2,4.800000190734863,1.2000000476837158,7.5,1.2000000476837158,tycho2,,,,9.802000045776367,0.04100000113248825,9.439000129699707,0.003000000026077032,,,,,,,,,,,8.720999717712402,0.03400000184774399,8.63599967956543,0.023000000044703484,8.597999572753906,0.01600000075995922,AAA-112-111-000-0-0,8.493000030517578,0.023000000044703484,8.54699993133545,0.019999999552965164,8.26200008392334,0.035999998450279236,7.076000213623047,0.1080000028014183,10.638999938964844,0.010382000356912613,10.432000160217285,0.012000000104308128,gbprp,,,,,,,,,,,,,,DWARF,,,,,,,0,,,0,,,,,,,,,,,,,,,,,,,,,9.467960357666016,0.0033259999472647905,9.068090438842773,0.005167999770492315,0,tycho2v3,tycho2b3,,20.32915770244,18.82913908287,306.31709841683,43.92126812453,3.32521952108,2.92856254875,0,0,402236581
0.164193,J203357.78+371935.6,308.4907635,37.3265803,63555629,308.49071291348,37.32655880462,308.4909973144531,37.32699966430664,90.0,0,2698-00358-1,637-094471,20335776+3719356,0,J203357.78+371935.6,2063017927803672320,50550444,0,STAR,tmgaia2,tmgaia2,9.54699993133545,0.03999999910593033,2.5769999027252197,0.04800000041723251,gaia2,2.4925999641418457,0.02539999969303608,gaia2,10.079000473022461,0.04100000113248825,9.54699993133545,0.003000000026077032,,,,,,,,,,,8.506999969482422,0.024000000208616257,8.348999977111816,0.026000000536441803,8.286999702453613,0.014000000432133675,AAA-112-111-000-0-0,8.246999740600586,0.023000000044703484,8.277999877929688,0.01899999938905239,8.060999870300293,0.03799999877810478,6.818999767303467,0.10400000214576721,9.425970077514648,0.0002010000025620684,9.064000129699707,0.006000000052154064,rered,gaia2,6519.0,213.5,3.411099910736084,0.09700000286102295,,,3.7760000228881836,0.16500000655651093,1.340000033378601,0.2370000034570694,0.024900000542402267,0.006300000008195639,DWARF,23.202470779418945,2.338059902191162,396.6400146484375,4.0320000648498535,0.07020000368356705,0.03620000183582306,661,0.015300000086426735,,0,6.399999983841553e-05,0.02969999983906746,0.04270000010728836,panstarrs,0.17499999701976776,0.2980000078678131,0.16200000047683716,0.1679999977350235,0.006399999838322401,0.006200000178068876,0.10909999907016754,0.08489999920129776,1.7712899446487427,2.904829978942871,3.992000102996826,4.072000026702881,bj2018,226.10000610351562,200.8000030517578,dered,9.709110260009766,0.000965000013820827,9.018839836120605,0.0008800000068731606,1,tycho2v3,tycho2b3,,0.65895258496,0.74395268174,308.4907646031,37.32656989996,0.01830437633,0.02515593731,1,0,409652448
0.08005,J203719.87+460042.6,309.3328314,46.0118422,188985004,309.3328613555,46.0118500497,309.3330078125,46.012001037597656,90.0,0,3573-01954-1,681-084482,20371988+4600426,0,J203719.87+460042.6,2071158372606199040,53794058,0,STAR,tmgaia2,tmgaia2,-3.259000062942505,0.04399999976158142,-4.447000026702881,0.04800000041723251,gaia2,0.4025000035762787,0.02539999969303608,gaia2,11.069000244140625,0.08699999749660492,10.47700023651123,0.006000000052154064,,,,,,,,,,,8.998000144958496,0.01899999938905239,8.859999656677246,0.024000000208616257,8.758000373840332,0.017999999225139618,AAA-112-111-000-0-0,8.71399974822998,0.02199999988079071,8.718999862670898,0.01899999938905239,8.807000160217285,0.03799999877810478,7.551000118255615,0.1080000028014183,10.278499603271484,0.0005729999975301325,9.904999732971191,0.22599999606609344,rered,gaia2,,,,,,,,,,,,,,,,2317.699951171875,139.6649932861328,1.2197999954223633,0.2321999967098236,0,,,0,,0.22509999573230743,0.23929999768733978,panstarrs,,,,,,,,,,,131.4600067138672,147.8699951171875,bj2018,,,,10.712900161743164,0.0011159999994561076,9.694780349731445,0.0011129999766126275,1,tycho2v3,tycho2b3,,0.74602928541,0.73872021277,309.33284114961,46.01183090135,0.02011352564,0.02498560437,0,0,413119254
0.401621,J203911.01+464328.1,309.7958798,46.7244744,189333082,309.79584206794,46.72458292141,309.7959899902344,46.724998474121094,90.0,0,,684-081922,20391100+4643284,0,J203911.01+464328.1,2071300690641325696,0,0,STAR,tmgaia2,tmgaia2,-3.5980000495910645,0.041999999433755875,-4.420000076293945,0.04399999976158142,gaia2,0.426800012588501,0.024800000712275505,gaia2,16.125,0.06300000101327896,14.861000061035156,0.09200000017881393,,,,,,,,,,,12.152000427246094,0.026000000536441803,11.442999839782715,0.027000000700354576,11.232999801635742,0.026000000536441803,AAA-222-111-000-0-0,11.00100040435791,0.023000000044703484,11.105999946594238,0.020999999716877937,10.284000396728516,0.09399999678134918,7.4770002365112305,0.10300000011920929,14.599200248718262,0.0003800000122282654,13.64799976348877,0.028999999165534973,rered,gaia2,4638.0,123.0,,,,,6.927999973297119,,,,,,GIANT,,,2195.669921875,122.44999694824219,0.4593999981880188,0.049800001084804535,0,,,0,,0.045499999076128006,0.05400000140070915,panstarrs,,,,,,,,,,,115.77999877929688,129.1199951171875,bj2018,,,dered,15.52280044555664,0.006105999927967787,13.632200241088867,0.0021180000621825457,1,ucac4,bpbj,,0.71565747374,0.67884989802,309.79581946646,46.72456389185,0.02104081071,0.02364166903,0,0,414712899
2.355452,J203911.01+464328.1,309.7958798,46.7244744,1969759921,309.79537423019,46.72391943611,309.7950134277344,46.7239990234375,90.0,0,,,,0,,2071300690636184192,0,0,STAR,gaia2,gaia2,-2.8480000495910645,0.125,-6.318999767303467,0.13199999928474426,gaia2,0.5972999930381775,0.07540000230073929,gaia2,,,16.666000366210938,0.04600000008940697,,,,,,,,,,,,,,,,,,,,,,,,,,16.261499404907227,0.0016540000215172768,15.505000114440918,0.014000000432133675,rered,gaia2,5248.0,125.0,4.030300140380859,,,,1.5169999599456787,,0.8999999761581421,,0.25780001282691956,,DWARF,1.572890043258667,,1613.530029296875,209.6999969482422,0.35899999737739563,0.020899999886751175,0,,,0,,0.010900000110268593,0.030899999663233757,panstarrs,,,,,,,,,,,183.57000732421875,235.8300018310547,bj2018,,,dered,16.872900009155273,0.005677000153809786,15.398200035095215,0.00800700020045042,1,gaia2,,,2.11399105059,2.04630277933,309.7953563432,46.72389222861,0.05931266148,0.0644682272,1,0,415281356
0.083674,J205223.73+443615.1,313.0989119,44.6042186,356774628,313.09894382532,44.60421374523,313.0989990234375,44.604000091552734,90.0,0,,674-087929,20522374+4436151,0,J205223.73+443615.1,2163147157513351680,52531737,0,STAR,tmgaia2,tmgaia2,-1.0410000085830688,0.052000001072883606,-3.128000020980835,0.04899999871850014,gaia2,1.1785999536514282,0.03200000151991844,gaia2,13.677000045776367,0.39899998903274536,11.956000328063965,0.03400000184774399,,,,,,,,,,,9.539999961853027,0.01899999938905239,9.20300006866455,0.027000000700354576,9.057000160217285,0.020999999716877937,AAA-222-111-000-0-0,8.817999839782715,0.02199999988079071,8.807000160217285,0.01899999938905239,8.866999626159668,0.035999998450279236,6.313000202178955,0.10599999874830246,11.417699813842773,0.0005189999938011169,10.621000289916992,0.04600000008940697,rered,gaia2,,,,,,,,,,,,,,,,828.7150268554688,22.14299964904785,1.5003000497817993,0.050999999046325684,0,,,0,,0.03779999911785126,0.0640999972820282,panstarrs,,,,,,,,,,,21.562999725341797,22.722999572753906,bj2018,,,,12.248700141906738,0.0021649999544024467,10.52929973602295,0.0010849999962374568,1,ucac4,apassdr9,,0.87116430439,0.76399632072,313.09893752791,44.60420027914,0.02553455859,0.02470898983,0,0,425564369
0.087159,J211445.48+594539.7,318.6895375,59.7610508,313986452,318.6895120404,59.76103026291,318.69000244140625,59.76100158691406,90.0,104883,3965-00088-1,749-065974,21144548+5945398,0,J211445.48+594539.7,2191518680679294720,0,0,STAR,tmgaia2,tmgaia2,-1.3359999656677246,0.05900000035762787,-0.5180000066757202,0.054999999701976776,gaia2,0.7684999704360962,0.030899999663233757,gaia2,9.043000221252441,0.028999999165534973,8.670000076293945,0.029999999329447746,,,,,,,,,,,7.583000183105469,0.019999999552965164,7.436999797821045,0.020999999716877937,7.241000175476074,0.017000000923871994,AAA-111-111-000-0-0,6.995999813079834,0.05299999937415123,6.853000164031982,0.019999999552965164,6.432000160217285,0.01600000075995922,5.829999923706055,0.03500000014901161,8.615570068359375,0.00120900000911206,8.321000099182129,0.010999999940395355,rered,gaia2,10297.0,135.0,,,,,15.28499984741211,,,,,,GIANT,,,1256.239990234375,49.21500015258789,0.5382999777793884,0.011300000362098217,0,,,0,,0.009399999864399433,0.013100000098347664,panstarrs,,,,,,,,,,,47.31999969482422,51.11000061035156,bj2018,,,dered,8.877880096435547,0.00228899996727705,8.217220306396484,0.004089000169187784,1,hipvmag,tycho2b3,,1.04728389351,0.84746332969,318.68950061777,59.76102803059,0.02777324313,0.02762377613,0,0,441641056
0.084588,J215431.13+535418.2,328.6297164,53.9050764,469571651,328.6297307457,53.90509832419,328.6300048828125,53.904998779296875,90.0,0,3968-00911-1,720-083943,21543113+5354183,0,J215431.13+535418.2,2173710097008901248,56395065,0,STAR,tmgaia2,tmgaia2,-4.7270002365112305,0.04500000178813934,-4.295000076293945,0.04399999976158142,gaia2,0.6919000148773193,0.02810000069439411,gaia2,11.800999641418457,0.24500000476837158,11.758000373840332,0.024000000208616257,,,,,,,,,,,10.640000343322754,0.024000000208616257,10.550000190734863,0.02800000086426735,10.470999717712402,0.020999999716877937,AAA-222-111-000-0-0,10.416999816894531,0.023000000044703484,10.416999816894531,0.020999999716877937,9.168000221252441,0.02800000086426735,7.02400016784668,0.07000000029802322,11.50730037689209,0.00044100001105107367,11.210000038146973,0.04399999976158142,rered,gaia2,8432.0,486.5,3.444999933242798,0.07209999859333038,,,4.534999847412109,0.19200000166893005,2.0899999141693115,0.3529999852180481,0.02239999920129776,0.00430000014603138,DWARF,93.67257690429688,26.828100204467773,1388.8199462890625,54.619998931884766,0.34929999709129333,0.057100001722574234,1007,0.6086999773979187,,0,1.2999999853491317e-05,0.060499999672174454,0.053700000047683716,panstarrs,0.2919999957084656,0.4129999876022339,0.20200000703334808,0.18199999630451202,0.0038999998942017555,0.004699999932199717,0.06440000236034393,0.07980000227689743,23.556400299072266,30.09980010986328,52.5099983215332,56.72999954223633,bj2018,389.3999938964844,583.5999755859375,dered,11.736900329589844,0.0012540000025182962,11.11989974975586,0.0005499999970197678,1,tycho2v3,tycho2b3,,0.77419799186,0.67651816116,328.62969619942,53.90507983252,0.02393959031,0.02340722948,1,0,464846032
0.094916,J221023.53+561257.4,332.598059,56.2159585,329282432,332.59810616218,56.21595578243,332.5979919433594,56.215999603271484,90.0,0,3973-00160-1,732-080093,22102353+5612574,0,J221023.53+561257.4,2198340463141016192,58044417,0,STAR,tmgaia2,tmgaia2,-6.199999809265137,2.5999999046325684,-0.8999999761581421,2.5999999046325684,tycho2,,,,10.178999900817871,0.0560000017285347,9.888999938964844,0.004000000189989805,,,,,,,,,,,9.079000473022461,0.024000000208616257,9.0,0.027000000700354576,8.960000038146973,0.02199999988079071,AAA-222-111-000-0-0,8.89900016784668,0.023000000044703484,8.928000450134277,0.019999999552965164,8.890000343322754,0.026000000536441803,7.436999797821045,0.09600000083446503,9.791350364685059,0.001766999950632453,9.503000259399414,0.006000000052154064,gbprp,splin,8717.0,,,,,,2.2320001125335693,,,,,,DWARF,,,377.90899658203125,,,,1086,0.5480999946594238,,0,0.00010599999950500205,,,,,,,,,,,,,,,,,,,dered,10.004199981689453,0.0055959997698664665,9.4581298828125,0.004569000098854303,0,tycho2v3,tycho2b3,,45.6925007319,40.30102010044,332.59805815613,56.21595190744,0.25482753623,0.28674228168,1,0,473350664
0.032668,J221951.57+612459.8,334.964895,61.4166201,336741546,334.96489445895,61.41662917072,334.9649963378906,61.41699981689453,90.0,0,,758-070409,22195158+6124598,0,J221951.57+612459.8,2204656779478214784,0,0,STAR,tmgaia2,tmgaia2,-3.121000051498413,0.0689999982714653,2.938999891281128,0.06199999898672104,gaia2,1.0095000267028809,0.04089999943971634,gaia2,18.60300064086914,0.16599999368190765,16.41900062561035,0.12600000202655792,,,,,,,,,,,13.27299976348877,0.03200000151991844,12.638999938964844,0.03200000151991844,12.414999961853027,0.024000000208616257,AAA-222-111-000-0-0,12.260000228881836,0.023000000044703484,12.22700023651123,0.023000000044703484,9.902000427246094,0.06499999761581421,7.499000072479248,0.09600000083446503,15.857600212097168,0.0008420000085607171,14.814000129699707,0.024000000208616257,rered,gaia2,4875.0,123.0,,,,,1.9709999561309814,,,,,,GIANT,,,965.0640258789062,38.42599868774414,0.6822999715805054,0.039400000125169754,0,,,0,,0.02419999986886978,0.05469999834895134,panstarrs,,,,,,,,,,,36.92599868774414,39.92599868774414,bj2018,,,dered,16.864900588989258,0.005450999829918146,14.806099891662598,0.005313999950885773,1,ucac4,bpbj,,1.24123490226,0.95916360291,334.96486637016,61.41664182458,0.03190253692,0.03440511667,0,0,475679328
1.098177,J221951.57+612459.8,334.964895,61.4166201,2021403724,334.96551831877,61.41668429324,334.96600341796875,61.41699981689453,90.0,0,,,,0,,2204656779471138048,0,0,STAR,gaia2,gaia2,-1.090999960899353,1.0850000381469727,-4.2789998054504395,1.1009999513626099,gaia2,1.375599980354309,0.48829999566078186,gaia2,,,,,,,,,,,,,,,,,,,,,,,,,,,,,,19.28689956665039,0.008526000194251537,18.85700035095215,0.6000000238418579,goffs,gaia2,,,,,,,,,,,,,,,,916.6510009765625,916.6510009765625,0.6776000261306763,0.2605000138282776,0,,,0,,0.375900000333786,0.14499999582767487,panstarrs,,,,,,,,,,,396.0880126953125,2250.18994140625,bj2018,,,,,0.0,,0.0,0,,,,19.56055308529,17.0717900985,334.96550850422,61.41666586813,0.39154912628,0.53738857299,0,0,476819565
0.066748,J230638.24+623204.1,346.6593525,62.5344812,435271924,346.65937187656,62.53449744508,346.65899658203125,62.534000396728516,90.0,0,,,23063825+6232041,0,J230638.24+623204.1,2207356389758053760,0,0,STAR,tmgaia2,tmgaia2,-0.8080000281333923,0.10400000214576721,-2.315999984741211,0.08399999886751175,gaia2,1.3503999710083008,0.05900000035762787,gaia2,19.260000228881836,0.16300000250339508,,,,,,,,,,,,,12.25,0.02500000037252903,10.932999610900879,0.02800000086426735,9.991000175476074,0.023000000044703484,AAA-222-111-000-0-0,8.694000244140625,0.024000000208616257,7.861999988555908,0.019999999552965164,5.697999954223633,0.017000000923871994,3.4719998836517334,0.02199999988079071,16.404300689697266,0.008728000335395336,15.119999885559082,0.013000000268220901,rered,gaia2,3406.0,127.0,,,,,2.052000045776367,,,,,,GIANT,,,726.8629760742188,31.469499588012695,0.24390000104904175,0.019099999219179153,0,,,0,,0.01940000057220459,0.018799999728798866,panstarrs,,,,,,,,,,,30.132999420166016,32.805999755859375,bj2018,,,dered,18.054399490356445,0.04055599868297577,15.068599700927734,0.031129999086260796,1,,bpbj,,1.89025979869,1.29915112714,346.65936432922,62.53448747432,0.0506084864,0.04455310558,0,0,493045360
0.098542,J234016.64+702713.7,355.0693558,70.4538305,422663034,355.06928446815,70.45384390613,355.0690002441406,70.4540023803711,90.0,0,4483-00875-1,803-038735,23401661+7027138,0,J234016.64+702713.7,2215332723847728640,60145325,0,STAR,tmgaia2,tmgaia2,1.899999976158142,1.399999976158142,-0.20000000298023224,1.399999976158142,tycho2,,,,10.25100040435791,0.054999999701976776,9.909000396728516,0.004000000189989805,,,,,,,,,,,9.147000312805176,0.019999999552965164,9.065999984741211,0.04899999871850014,9.003999710083008,0.023000000044703484,AAA-112-111-000-0-0,8.833000183105469,0.02199999988079071,8.78499984741211,0.01899999938905239,8.673999786376953,0.026000000536441803,7.215000152587891,0.09000000357627869,9.828200340270996,0.0003349999897181988,9.574999809265137,0.006000000052154064,gbprp,splin,8566.0,,,,,,2.1989998817443848,,,,,,DWARF,,,404.93499755859375,,,,486,2.1839001178741455,,0,8.099999831756577e-05,,,,,,,,,,,,,,,,,,,dered,10.009900093078613,0.0019759999122470617,9.528440475463867,0.0017719999887049198,0,tycho2v3,tycho2b3,,26.57391774066,21.70997214535,355.06930891939,70.45384304502,0.66185993118,0.65794418604,1,0,502681910
