# Time	Flux	Flux_Err	Sector
1.56959690e+03	9.92341978e-01	1.25503973e-03	10
1.56997190e+03	1.00764665e+00	1.24911584e-03	10
1.57007607e+03	1.00678824e+00	1.14675596e-03	10
1.57020108e+03	1.00442591e+00	1.04675889e-03	10
1.57022191e+03	1.00722908e+00	1.03352517e-03	10
1.57026358e+03	9.99819906e-01	1.00472082e-03	10
1.57030524e+03	1.00516418e+00	9.73337499e-04	10
1.57032608e+03	1.00392783e+00	9.56562403e-04	10
1.57034691e+03	1.00181882e+00	9.39571768e-04	10
1.57049275e+03	1.00409010e+00	8.68777019e-04	10
1.57055525e+03	1.00057439e+00	8.55650213e-04	10
1.57057608e+03	9.98041179e-01	8.51600101e-04	10
1.57059692e+03	9.98868315e-01	8.48207885e-04	10
1.57061775e+03	9.96890632e-01	8.44361067e-04	10
1.57063858e+03	9.97362955e-01	8.40287934e-04	10
1.57065942e+03	9.96798376e-01	8.35185595e-04	10
1.57068025e+03	9.96937811e-01	8.30090289e-04	10
1.57070109e+03	9.97433426e-01	8.24975436e-04	10
1.57072192e+03	9.99201004e-01	8.18363376e-04	10
1.57074275e+03	9.97093331e-01	8.10409560e-04	10
1.57076359e+03	9.96765625e-01	8.03080536e-04	10
1.57078442e+03	9.97396581e-01	7.96749646e-04	10
1.57080525e+03	9.98774595e-01	7.91874292e-04	10
1.57082609e+03	9.98638731e-01	7.86852747e-04	10
1.57084692e+03	9.97325246e-01	7.82273197e-04	10
1.57086776e+03	9.98381386e-01	7.79003743e-04	10
1.57088859e+03	9.96650817e-01	7.76404054e-04	10
1.57090942e+03	9.98682914e-01	7.73244943e-04	10
1.57093026e+03	9.97621955e-01	7.69311831e-04	10
1.57095109e+03	9.97083620e-01	7.64772661e-04	10
1.57097192e+03	9.98012110e-01	7.61056184e-04	10
1.57099276e+03	9.99155575e-01	7.56569151e-04	10
1.57101359e+03	9.97314737e-01	7.51232017e-04	10
1.57103443e+03	9.97741822e-01	7.45754154e-04	10
1.57105526e+03	1.00018765e+00	7.41633693e-04	10
1.57107609e+03	9.99779056e-01	7.35941733e-04	10
1.57109693e+03	9.99188242e-01	7.30400113e-04	10
1.57111776e+03	1.00095342e+00	7.26529290e-04	10
1.57113860e+03	9.97909039e-01	7.21778638e-04	10
1.57115943e+03	1.00024837e+00	7.18917746e-04	10
1.57118026e+03	9.99951006e-01	7.15214507e-04	10
1.57120110e+03	1.00097288e+00	7.12884350e-04	10
1.57122193e+03	9.98403011e-01	7.09948179e-04	10
1.57124276e+03	9.99621485e-01	7.07776777e-04	10
1.57126360e+03	1.00094010e+00	7.05440141e-04	10
1.57128443e+03	1.00145410e+00	7.02493985e-04	10
1.57130527e+03	9.99803044e-01	6.99371884e-04	10
1.57132610e+03	9.99840529e-01	6.95814161e-04	10
1.57134693e+03	9.99910627e-01	6.92663807e-04	10
1.57136777e+03	1.00136481e+00	6.89468536e-04	10
1.57138860e+03	9.99628832e-01	6.85858194e-04	10
1.57140943e+03	9.98957559e-01	6.82828246e-04	10
1.57143027e+03	9.99256811e-01	6.80699017e-04	10
1.57145110e+03	1.00039458e+00	6.78875038e-04	10
1.57147194e+03	1.00137196e+00	6.78001552e-04	10
1.57149277e+03	9.99454176e-01	6.77691616e-04	10
1.57151360e+03	9.99927970e-01	6.77374866e-04	10
1.57153444e+03	1.00099163e+00	6.77124758e-04	10
1.57155527e+03	1.00213320e+00	6.76245801e-04	10
1.57157610e+03	1.00001163e+00	6.75740350e-04	10
1.57159694e+03	9.99593069e-01	6.75056522e-04	10
1.57161777e+03	9.99677411e-01	6.74422063e-04	10
1.57163861e+03	1.00065265e+00	6.74314838e-04	10
1.57165944e+03	1.00207573e+00	6.73959096e-04	10
1.57168027e+03	9.99076775e-01	6.72354300e-04	10
1.57170111e+03	1.00013665e+00	6.71931627e-04	10
1.57172194e+03	1.00018473e+00	6.70323410e-04	10
1.57174277e+03	1.00039484e+00	6.69008378e-04	10
1.57176361e+03	9.98191856e-01	6.66745340e-04	10
1.57178444e+03	1.00033746e+00	6.65385150e-04	10
1.57180528e+03	1.00113057e+00	6.63748745e-04	10
1.57182611e+03	1.00141078e+00	6.62660629e-04	10
1.57184694e+03	9.98971681e-01	6.61320490e-04	10
1.57186778e+03	1.00094169e+00	6.60517637e-04	10
1.57188861e+03	9.99723143e-01	6.59594652e-04	10
1.57190945e+03	1.00169065e+00	6.59658038e-04	10
1.57193028e+03	1.00047812e+00	6.59325502e-04	10
1.57195111e+03	9.99889002e-01	6.58776716e-04	10
1.57197195e+03	1.00024685e+00	6.58576799e-04	10
1.57199278e+03	1.00237598e+00	6.58122568e-04	10
1.57201361e+03	1.00067053e+00	6.57580908e-04	10
1.57203445e+03	1.00029403e+00	6.56483177e-04	10
1.57205528e+03	1.00101903e+00	6.55865632e-04	10
1.57207612e+03	1.00056292e+00	6.54569659e-04	10
1.57209695e+03	1.00058263e+00	6.53759668e-04	10
1.57211778e+03	1.00002330e+00	6.53354262e-04	10
1.57213862e+03	1.00037846e+00	6.52775343e-04	10
1.57215945e+03	9.99063482e-01	6.51791434e-04	10
1.57218028e+03	9.99282779e-01	6.51429694e-04	10
1.57220112e+03	9.98093715e-01	6.50920130e-04	10
1.57222195e+03	9.98969308e-01	6.50825191e-04	10
1.57224279e+03	9.99925624e-01	6.50739634e-04	10
1.57226362e+03	9.99525628e-01	6.50038707e-04	10
1.57228445e+03	9.99696509e-01	6.50024166e-04	10
1.57230529e+03	1.00044182e+00	6.49012785e-04	10
1.57232612e+03	1.00054001e+00	6.48023300e-04	10
1.57234695e+03	9.99590875e-01	6.46913461e-04	10
1.57236779e+03	9.99178800e-01	6.45896729e-04	10
1.57238862e+03	9.99747981e-01	6.45440759e-04	10
1.57240946e+03	9.99558587e-01	6.44561535e-04	10
1.57243029e+03	1.00012852e+00	6.43696529e-04	10
1.57245112e+03	9.99999457e-01	6.43509324e-04	10
1.57247196e+03	9.99638249e-01	6.42762464e-04	10
1.57249279e+03	9.99051697e-01	6.42564736e-04	10
1.57251362e+03	9.99700719e-01	6.42177193e-04	10
1.57253446e+03	9.98021282e-01	6.41676784e-04	10
1.57255529e+03	9.96894320e-01	6.41388694e-04	10
1.57257613e+03	1.00020603e+00	6.41769948e-04	10
1.57259696e+03	9.96996770e-01	6.41870943e-04	10
1.57263863e+03	9.98052018e-01	6.41272215e-04	10
1.57265946e+03	9.98725976e-01	6.41241952e-04	10
1.57268029e+03	9.99247622e-01	6.41176722e-04	10
1.57270113e+03	9.98251212e-01	6.40821874e-04	10
1.57272196e+03	9.98378868e-01	6.40502686e-04	10
1.57274280e+03	1.00101906e+00	6.40613242e-04	10
1.57276363e+03	1.00048354e+00	6.39939743e-04	10
1.57278446e+03	1.00047317e+00	6.39619722e-04	10
1.57280530e+03	9.99126385e-01	6.39253105e-04	10
1.57282613e+03	9.99084641e-01	6.38259111e-04	10
1.57284696e+03	9.99776182e-01	6.38392867e-04	10
1.57286780e+03	1.00078646e+00	6.37986562e-04	10
1.57288863e+03	1.00014972e+00	6.37984849e-04	10
1.57290947e+03	9.99699330e-01	6.37504085e-04	10
1.57293030e+03	1.00087012e+00	6.37603996e-04	10
1.57295113e+03	9.96301494e-01	6.36405582e-04	10
1.57297197e+03	9.94307180e-01	6.35743470e-04	10
1.57299280e+03	9.92371791e-01	6.34616949e-04	10
1.57309697e+03	9.92833940e-01	6.33953481e-04	10
1.57311780e+03	9.94054689e-01	6.34028189e-04	10
1.57313864e+03	9.98555379e-01	6.34880732e-04	10
1.57315947e+03	1.00156120e+00	6.35510744e-04	10
1.57318031e+03	1.00092565e+00	6.35175169e-04	10
1.57320114e+03	1.00046160e+00	6.34946655e-04	10
1.57322197e+03	1.00103527e+00	6.34822271e-04	10
1.57324281e+03	1.00142731e+00	6.34807148e-04	10
1.57326364e+03	9.99240957e-01	6.34200983e-04	10
1.57328447e+03	1.00026630e+00	6.33949031e-04	10
1.57330531e+03	1.00061044e+00	6.34005826e-04	10
1.57332614e+03	9.99907791e-01	6.33747621e-04	10
1.57334698e+03	1.00120149e+00	6.33693110e-04	10
1.57336781e+03	9.98922738e-01	6.33929741e-04	10
1.57338864e+03	9.99016641e-01	6.33402811e-04	10
1.57340948e+03	1.00006373e+00	6.33026364e-04	10
1.57343031e+03	1.00036237e+00	6.32938121e-04	10
1.57345114e+03	9.98921959e-01	6.32462441e-04	10
1.57347198e+03	9.99321807e-01	6.32266747e-04	10
1.57349281e+03	9.99139515e-01	6.32238085e-04	10
1.57351365e+03	9.99537671e-01	6.32804076e-04	10
1.57353448e+03	9.97354225e-01	6.31811904e-04	10
1.57355531e+03	9.97963606e-01	6.32869935e-04	10
1.57357615e+03	1.00001304e+00	6.32223322e-04	10
1.57359698e+03	9.99884729e-01	6.31895583e-04	10
1.57361781e+03	1.00019842e+00	6.32235656e-04	10
1.57363865e+03	9.99090222e-01	6.32233273e-04	10
1.57365948e+03	9.98397739e-01	6.31903647e-04	10
1.57368032e+03	1.00114702e+00	6.32765332e-04	10
1.57370115e+03	9.99966578e-01	6.31893036e-04	10
1.57372198e+03	1.00108726e+00	6.32197672e-04	10
1.57374282e+03	9.99836474e-01	6.32369821e-04	10
1.57376365e+03	9.99399288e-01	6.31940551e-04	10
1.57378448e+03	9.99052737e-01	6.32122724e-04	10
1.57380532e+03	9.99703785e-01	6.32047907e-04	10
1.57382615e+03	9.97849425e-01	6.31805686e-04	10
1.57384699e+03	1.00030454e+00	6.32363235e-04	10
1.57386782e+03	9.97465032e-01	6.32235586e-04	10
1.57388865e+03	9.98153085e-01	6.32056927e-04	10
1.57390949e+03	9.98784047e-01	6.32043982e-04	10
1.57393032e+03	9.99620670e-01	6.32527308e-04	10
1.57395115e+03	9.98526485e-01	6.31910238e-04	10
1.57397199e+03	9.98099972e-01	6.32166997e-04	10
1.57399282e+03	1.00129106e+00	6.32570736e-04	10
1.57401366e+03	9.99279522e-01	6.32285201e-04	10
1.57403449e+03	1.00005840e+00	6.32008860e-04	10
1.57405532e+03	9.97621399e-01	6.31881817e-04	10
1.57407616e+03	9.99416458e-01	6.32164684e-04	10
1.57409699e+03	1.00029828e+00	6.33039126e-04	10
1.57411782e+03	1.00069126e+00	6.32399435e-04	10
1.57413866e+03	9.98837120e-01	6.32176015e-04	10
1.57415949e+03	9.98215615e-01	6.31626532e-04	10
1.57418033e+03	9.98777927e-01	6.31789720e-04	10
1.57420116e+03	9.98481360e-01	6.32402704e-04	10
1.57422199e+03	1.00032570e+00	6.32031994e-04	10
1.57424283e+03	9.98180452e-01	6.31470411e-04	10
1.57426366e+03	9.97651137e-01	6.31730669e-04	10
1.57428449e+03	9.99723744e-01	6.32069568e-04	10
1.57430533e+03	1.00052695e+00	6.32185640e-04	10
1.57432616e+03	1.00114412e+00	6.32028326e-04	10
1.57434700e+03	1.00021522e+00	6.32169193e-04	10
1.57436783e+03	9.99363369e-01	6.31684401e-04	10
1.57438866e+03	1.00070015e+00	6.32170198e-04	10
1.57440950e+03	1.00149900e+00	6.31906311e-04	10
1.57443033e+03	1.00112145e+00	6.32073424e-04	10
1.57445116e+03	9.99427342e-01	6.31273638e-04	10
1.57447200e+03	1.00248305e+00	6.32230914e-04	10
1.57449283e+03	1.00358284e+00	6.32520840e-04	10
1.57451367e+03	1.00226708e+00	6.32097397e-04	10
1.57453450e+03	9.99769101e-01	6.32048258e-04	10
1.57455533e+03	1.00131988e+00	6.32479651e-04	10
1.57457617e+03	1.00097450e+00	6.32041435e-04	10
1.57459700e+03	1.00040990e+00	6.31678509e-04	10
1.57461783e+03	1.00084382e+00	6.32063399e-04	10
1.57463867e+03	1.00109028e+00	6.31562507e-04	10
1.57465950e+03	1.00259842e+00	6.31770551e-04	10
1.57468034e+03	1.00148147e+00	6.31700416e-04	10
1.57470117e+03	1.00167472e+00	6.31696324e-04	10
1.57472200e+03	1.00126552e+00	6.31952259e-04	10
1.57474284e+03	1.00119718e+00	6.32221009e-04	10
1.57476367e+03	1.00094259e+00	6.31412031e-04	10
1.57478450e+03	1.00089980e+00	6.31635908e-04	10
1.57480534e+03	1.00201825e+00	6.31868517e-04	10
1.57482617e+03	1.00100902e+00	6.31962940e-04	10
1.57484701e+03	1.00137596e+00	6.31536923e-04	10
1.57486784e+03	1.00057285e+00	6.31448285e-04	10
1.57488867e+03	1.00063544e+00	6.31701351e-04	10
1.57490951e+03	9.99259515e-01	6.31391424e-04	10
1.57493034e+03	9.99554012e-01	6.31741236e-04	10
1.57495117e+03	1.00098005e+00	6.32319559e-04	10
1.57497201e+03	1.00028012e+00	6.31678392e-04	10
1.57499284e+03	9.99516571e-01	6.31673950e-04	10
1.57501368e+03	1.00086785e+00	6.32067255e-04	10
1.57503451e+03	9.99885860e-01	6.31738267e-04	10
1.57505534e+03	1.00091532e+00	6.31886608e-04	10
1.57507618e+03	9.98364030e-01	6.31205108e-04	10
1.57509701e+03	1.00011752e+00	6.31569803e-04	10
1.57511784e+03	9.98678160e-01	6.31407516e-04	10
1.57513868e+03	1.00081256e+00	6.31851010e-04	10
1.57515951e+03	1.00065950e+00	6.31668478e-04	10
1.57518035e+03	9.98701931e-01	6.31406441e-04	10
1.57520118e+03	9.98233841e-01	6.31927439e-04	10
1.57522201e+03	1.00029747e+00	6.31588440e-04	10
1.57524285e+03	9.99595440e-01	6.32081602e-04	10
1.57526368e+03	9.99045299e-01	6.32319139e-04	10
1.57528451e+03	9.99797937e-01	6.31593538e-04	10
1.57530535e+03	1.00133345e+00	6.31728775e-04	10
1.57532618e+03	9.99070381e-01	6.31584161e-04	10
1.57534702e+03	9.97096647e-01	6.30897770e-04	10
1.57536785e+03	9.97773539e-01	6.31062691e-04	10
1.57538868e+03	9.98572844e-01	6.31133600e-04	10
1.57540952e+03	9.96571329e-01	6.30880048e-04	10
1.57543035e+03	9.98227596e-01	6.30728964e-04	10
1.57545118e+03	9.96282123e-01	6.30501509e-04	10
1.57547202e+03	9.98719813e-01	6.31020915e-04	10
1.57549285e+03	1.00061467e+00	6.31605464e-04	10
1.57551369e+03	9.97824380e-01	6.30996761e-04	10
1.57553452e+03	9.95925365e-01	6.30972559e-04	10
1.57555535e+03	9.98863472e-01	6.32100247e-04	10
1.57557619e+03	1.00045520e+00	6.32222130e-04	10
1.57559702e+03	9.99367869e-01	6.31485239e-04	10
1.57561785e+03	9.98511326e-01	6.31219989e-04	10
1.57563869e+03	1.00054036e+00	6.31520483e-04	10
1.57565952e+03	9.99282429e-01	6.31351844e-04	10
1.57568035e+03	1.00031297e+00	6.31611333e-04	10
1.57570119e+03	1.00020077e+00	6.31634365e-04	10
1.57572202e+03	1.00067582e+00	6.31365552e-04	10
1.57576369e+03	9.98966253e-01	6.31612712e-04	10
1.57578452e+03	1.00127180e+00	6.31450413e-04	10
1.57580536e+03	9.98767479e-01	6.30975344e-04	10
1.57582619e+03	1.00025371e+00	6.31513958e-04	10
1.57584702e+03	1.00032735e+00	6.31728074e-04	10
1.57586786e+03	1.00116141e+00	6.32025895e-04	10
1.57588869e+03	1.00172669e+00	6.31433971e-04	10
1.57590953e+03	1.00036940e+00	6.31492068e-04	10
1.57593036e+03	1.00192850e+00	6.31479439e-04	10
1.57595119e+03	1.00287600e+00	6.31438719e-04	10
1.57597203e+03	1.00228676e+00	6.31578525e-04	10
1.57599286e+03	1.00129847e+00	6.31550277e-04	10
1.57601369e+03	1.00213482e+00	6.31527148e-04	10
1.57603453e+03	1.00108313e+00	6.31399376e-04	10
1.57605536e+03	1.00157409e+00	6.30986907e-04	10
1.57607620e+03	1.00173485e+00	6.31351143e-04	10
1.57609703e+03	1.00141873e+00	6.31373459e-04	10
1.57611786e+03	1.00156315e+00	6.31625456e-04	10
1.57613870e+03	1.00228350e+00	6.31603874e-04	10
1.57615953e+03	1.00273133e+00	6.32064171e-04	10
1.57618036e+03	1.00159023e+00	6.31299279e-04	10
1.57620120e+03	1.00233270e+00	6.31330370e-04	10
1.57622203e+03	1.00182093e+00	6.31356055e-04	10
1.57624287e+03	9.99243673e-01	6.30853688e-04	10
1.57626370e+03	1.00093192e+00	6.31211098e-04	10
1.57628453e+03	1.00010771e+00	6.31273217e-04	10
1.57630537e+03	1.00107137e+00	6.31010640e-04	10
1.57632620e+03	1.00136377e+00	6.31832685e-04	10
1.57634703e+03	1.00032649e+00	6.30882764e-04	10
1.57636787e+03	1.00318300e+00	6.31527078e-04	10
1.57638870e+03	1.00148360e+00	6.31496231e-04	10
1.57640953e+03	1.00078663e+00	6.31188308e-04	10
1.57643037e+03	1.00009706e+00	6.30866915e-04	10
1.57645120e+03	9.99825991e-01	6.31667707e-04	10
1.57647204e+03	1.00070790e+00	6.31032009e-04	10
1.57649287e+03	9.99332154e-01	6.31267227e-04	10
1.57651370e+03	9.99297640e-01	6.31161072e-04	10
1.57653454e+03	9.99654418e-01	6.31341996e-04	10
1.57655537e+03	9.98301441e-01	6.30543578e-04	10
1.57657620e+03	9.99575127e-01	6.30977942e-04	10
1.57659704e+03	9.98967870e-01	6.30919493e-04	10
1.57661787e+03	9.98209927e-01	6.30799278e-04	10
1.57663871e+03	9.98070628e-01	6.31234121e-04	10
1.57665954e+03	9.98910960e-01	6.30900930e-04	10
1.57668037e+03	9.98888708e-01	6.30949292e-04	10
1.57670121e+03	9.98408101e-01	6.31152531e-04	10
1.57672204e+03	9.98658807e-01	6.31346628e-04	10
1.57674287e+03	9.99276422e-01	6.31259460e-04	10
1.57676371e+03	9.99156396e-01	6.31152765e-04	10
1.57678454e+03	1.00052614e+00	6.31104278e-04	10
1.57680538e+03	9.99736863e-01	6.31237865e-04	10
1.57682621e+03	1.00051517e+00	6.31293220e-04	10
1.57684704e+03	9.98508960e-01	6.30657636e-04	10
1.57686788e+03	1.00021946e+00	6.31121431e-04	10
1.57688871e+03	9.98235222e-01	6.31098708e-04	10
1.57690954e+03	9.97426598e-01	6.30753457e-04	10
1.57693038e+03	1.00015066e+00	6.31183090e-04	10
1.57695121e+03	9.98965771e-01	6.30985900e-04	10
1.57697204e+03	9.96905383e-01	6.30811687e-04	10
1.57699288e+03	9.98632092e-01	6.30968041e-04	10
1.57701371e+03	9.97980733e-01	6.31328709e-04	10
1.57703455e+03	9.99540671e-01	6.31073363e-04	10
1.57705538e+03	9.97991116e-01	6.31127843e-04	10
1.57707621e+03	9.98788905e-01	6.31418791e-04	10
1.57709705e+03	9.98891449e-01	6.31014806e-04	10
1.57711788e+03	9.99228057e-01	6.31418370e-04	10
1.57713871e+03	1.00104846e+00	6.31267415e-04	10
1.57715955e+03	1.00053330e+00	6.31361038e-04	10
1.57718038e+03	9.98996315e-01	6.30887984e-04	10
1.57720122e+03	9.99031264e-01	6.30815948e-04	10
1.57722205e+03	9.98519638e-01	6.30802907e-04	10
1.57724288e+03	1.00052920e+00	6.31302952e-04	10
1.57726372e+03	1.00043089e+00	6.31250148e-04	10
1.57728455e+03	9.99061645e-01	6.31143568e-04	10
1.57730538e+03	1.00063746e+00	6.31236017e-04	10
1.57732622e+03	1.00019682e+00	6.31253751e-04	10
1.57734705e+03	1.00000314e+00	6.30793097e-04	10
1.57736788e+03	1.00015308e+00	6.30645950e-04	10
1.57738872e+03	1.00028598e+00	6.30763619e-04	10
1.57740955e+03	1.00053865e+00	6.31181125e-04	10
1.57743039e+03	1.00139363e+00	6.30989224e-04	10
1.57745122e+03	1.00180662e+00	6.30962704e-04	10
1.57747205e+03	1.00178153e+00	6.31008815e-04	10
1.57749289e+03	9.99188975e-01	6.30817962e-04	10
1.57751372e+03	1.00127478e+00	6.30794291e-04	10
1.57753455e+03	1.00125879e+00	6.30783615e-04	10
1.57755539e+03	1.00004989e+00	6.30771978e-04	10
1.57757622e+03	1.00035302e+00	6.30977404e-04	10
1.57759706e+03	1.00195728e+00	6.30709014e-04	10
1.57761789e+03	1.00274014e+00	6.30951609e-04	10
1.57763872e+03	1.00279044e+00	6.31083520e-04	10
1.57765956e+03	1.00202625e+00	6.30651102e-04	10
1.57768039e+03	1.00115221e+00	6.30777082e-04	10
1.57770122e+03	1.00007263e+00	6.30539315e-04	10
1.57772206e+03	1.00190803e+00	6.30542992e-04	10
1.57774289e+03	9.97278970e-01	6.29672895e-04	10
1.57776372e+03	9.95370124e-01	6.28797742e-04	10
1.57778456e+03	9.92821140e-01	6.28034093e-04	10
1.57784706e+03	9.91302289e-01	6.27445464e-04	10
1.57786789e+03	9.91448883e-01	6.28532440e-04	10
1.57788873e+03	9.92514234e-01	6.28254731e-04	10
1.57790956e+03	9.93531171e-01	6.28506615e-04	10
1.57793039e+03	9.97377384e-01	6.29558307e-04	10
1.57795123e+03	1.00011747e+00	6.30420574e-04	10
1.57797206e+03	1.00073980e+00	6.30911441e-04	10
1.57799290e+03	1.00089268e+00	6.31103623e-04	10
1.57801373e+03	9.99622018e-01	6.30503173e-04	10
1.57803456e+03	1.00024396e+00	6.31337785e-04	10
1.57805540e+03	9.98227016e-01	6.30132236e-04	10
1.57807623e+03	1.00073261e+00	6.30539362e-04	10
1.57809706e+03	1.00096845e+00	6.30537113e-04	10
1.57811790e+03	1.00072836e+00	6.30214310e-04	10
1.57813873e+03	9.99045473e-01	6.29968758e-04	10
1.57815956e+03	9.99084353e-01	6.30296256e-04	10
1.57818040e+03	9.97943108e-01	6.30012011e-04	10
1.57820123e+03	9.98109631e-01	6.30088335e-04	10
1.57822207e+03	9.98508152e-01	6.30317860e-04	10
1.57824290e+03	9.98733998e-01	6.30108680e-04	10
1.57826373e+03	9.98732144e-01	6.30012245e-04	10
1.57828457e+03	9.99621000e-01	6.30341408e-04	10
1.57830540e+03	9.98052645e-01	6.29899337e-04	10
1.57832623e+03	9.97836296e-01	6.29831385e-04	10
1.57834707e+03	9.98487631e-01	6.29878328e-04	10
1.57836790e+03	9.97195371e-01	6.29828946e-04	10
1.57838873e+03	9.97919250e-01	6.29838091e-04	10
1.57840957e+03	9.97651656e-01	6.29939499e-04	10
1.57843040e+03	9.99221451e-01	6.30211756e-04	10
1.57845124e+03	1.00085793e+00	6.30357083e-04	10
1.57847207e+03	9.98769568e-01	6.30102328e-04	10
1.57849290e+03	1.00088117e+00	6.29864259e-04	10
1.57851374e+03	1.00076035e+00	6.30091710e-04	10
1.57853457e+03	1.00025576e+00	6.30167673e-04	10
1.57855540e+03	9.99068325e-01	6.30015457e-04	10
1.57857624e+03	1.00221554e+00	6.30995918e-04	10
1.57859707e+03	1.00109479e+00	6.30160782e-04	10
1.57861791e+03	9.99961487e-01	6.30224387e-04	10
1.57863874e+03	9.98823609e-01	6.29704465e-04	10
1.57865957e+03	1.00171977e+00	6.30559669e-04	10
1.57868041e+03	1.00081454e+00	6.30199827e-04	10
1.57870124e+03	1.00073692e+00	6.30221903e-04	10
1.57872207e+03	1.00020800e+00	6.29996468e-04	10
1.57874291e+03	1.00037181e+00	6.29890005e-04	10
1.57876374e+03	1.00115926e+00	6.30008284e-04	10
1.57878457e+03	1.00024369e+00	6.29639659e-04	10
1.57880541e+03	1.00082058e+00	6.30339159e-04	10
1.57882624e+03	1.00030424e+00	6.30002704e-04	10
1.57884708e+03	1.00167606e+00	6.30426032e-04	10
1.57888874e+03	1.00310054e+00	6.30270809e-04	10
1.57890958e+03	1.00117512e+00	6.30082991e-04	10
1.57893041e+03	1.00289803e+00	6.30743740e-04	10
1.57895124e+03	1.00031140e+00	6.30336019e-04	10
1.57897208e+03	1.00324891e+00	6.30361230e-04	10
1.57899291e+03	1.00312188e+00	6.30252531e-04	10
1.57901374e+03	1.00200119e+00	6.31110105e-04	10
1.57903458e+03	1.00305510e+00	6.30428515e-04	10
1.57905541e+03	1.00436004e+00	6.30582037e-04	10
1.57907625e+03	1.00401873e+00	6.30564541e-04	10
1.57909708e+03	1.00309828e+00	6.31136969e-04	10
1.57911791e+03	1.00264937e+00	6.30745449e-04	10
1.57913875e+03	1.00232289e+00	6.30301482e-04	10
1.57915958e+03	1.00341951e+00	6.31074557e-04	10
1.57918041e+03	1.00224027e+00	6.30201303e-04	10
1.57920125e+03	1.00215101e+00	6.30306520e-04	10
1.57922208e+03	1.00232272e+00	6.30284915e-04	10
1.57924291e+03	1.00234773e+00	6.30220590e-04	10
1.57926375e+03	1.00297022e+00	6.31165986e-04	10
1.57928458e+03	1.00107713e+00	6.29944259e-04	10
1.57930542e+03	1.00196717e+00	6.30434349e-04	10
1.57932625e+03	1.00223257e+00	6.29970001e-04	10
1.57934708e+03	1.00351235e+00	6.30942761e-04	10
1.57936792e+03	1.00227356e+00	6.30337683e-04	10
1.57938875e+03	1.00185663e+00	6.30197460e-04	10
1.57940958e+03	9.99753574e-01	6.29776253e-04	10
1.57943042e+03	1.00191409e+00	6.30174188e-04	10
1.57945125e+03	1.00251533e+00	6.30449060e-04	10
1.57947208e+03	1.00160654e+00	6.29880696e-04	10
1.57949292e+03	9.99850200e-01	6.29749847e-04	10
1.57951375e+03	1.00044110e+00	6.29916898e-04	10
1.57953459e+03	1.00077611e+00	6.30419800e-04	10
1.57955542e+03	9.99256178e-01	6.30247188e-04	10
1.57957625e+03	9.99976901e-01	6.30309425e-04	10
1.57959709e+03	1.00076719e+00	6.30074201e-04	10
1.57961792e+03	1.00016558e+00	6.29972251e-04	10
1.57963875e+03	9.98850059e-01	6.29689970e-04	10
1.57965959e+03	9.98634399e-01	6.30166595e-04	10
1.57968042e+03	9.98236665e-01	6.29563890e-04	10
1.57970125e+03	1.00087947e+00	6.30203975e-04	10
1.57972209e+03	1.00030526e+00	6.30137345e-04	10
1.57974292e+03	9.97628803e-01	6.29594034e-04	10
1.57976376e+03	9.97871824e-01	6.29627133e-04	10
1.57978459e+03	9.99752754e-01	6.29998672e-04	10
1.57980542e+03	9.99538085e-01	6.29888762e-04	10
1.57982626e+03	9.96823649e-01	6.29502166e-04	10
1.57984709e+03	9.98968821e-01	6.29755897e-04	10
1.57986792e+03	9.99810980e-01	6.29689149e-04	10
1.57988876e+03	9.97867202e-01	6.29680119e-04	10
1.57990959e+03	9.97404498e-01	6.29377011e-04	10
1.57993042e+03	9.99504281e-01	6.29688141e-04	10
1.57995126e+03	9.99161063e-01	6.29850847e-04	10
1.57997209e+03	1.00019139e+00	6.29658658e-04	10
1.57999293e+03	1.00020345e+00	6.29543527e-04	10
1.58001376e+03	9.99014410e-01	6.29914694e-04	10
1.58003459e+03	9.99362880e-01	6.29513263e-04	10
1.58005543e+03	1.00002238e+00	6.29437668e-04	10
1.58007626e+03	9.99644215e-01	6.29503292e-04	10
1.58009709e+03	9.99646602e-01	6.29176039e-04	10
1.58011793e+03	1.00002885e+00	6.29514225e-04	10
1.58013876e+03	1.00039685e+00	6.29369126e-04	10
1.58015959e+03	1.00008334e+00	6.29448649e-04	10
1.58018043e+03	9.99512825e-01	6.28694270e-04	10
1.58020126e+03	9.98545669e-01	6.28660019e-04	10
1.58022209e+03	9.97934388e-01	6.29030368e-04	10
1.58024293e+03	9.97881237e-01	6.28429606e-04	10
1.58026376e+03	9.98953268e-01	6.28711161e-04	10
1.58028460e+03	9.99188456e-01	6.28893400e-04	10
1.58030543e+03	1.00099679e+00	6.29495175e-04	10
1.58032626e+03	9.98774477e-01	6.29783570e-04	10
1.58034710e+03	1.00048204e+00	6.29457189e-04	10
1.58036793e+03	1.00019454e+00	6.29425560e-04	10
1.58038876e+03	1.00023365e+00	6.29676930e-04	10
1.58040960e+03	1.00108937e+00	6.29446208e-04	10
1.58043043e+03	9.99768829e-01	6.29104299e-04	10
1.58045126e+03	9.98987142e-01	6.29186015e-04	10
1.58047210e+03	1.00128840e+00	6.29661496e-04	10
1.58049293e+03	9.97695340e-01	6.28737470e-04	10
1.58051377e+03	1.00067182e+00	6.29354835e-04	10
1.58053460e+03	1.00189098e+00	6.29538366e-04	10
1.58055543e+03	9.99866370e-01	6.29382126e-04	10
1.58057627e+03	1.00167405e+00	6.29202751e-04	10
1.58059710e+03	1.00021119e+00	6.29360702e-04	10
1.58061793e+03	1.00102765e+00	6.29543950e-04	10
1.58063877e+03	1.00165430e+00	6.29475232e-04	10
1.58065960e+03	1.00007880e+00	6.29179067e-04	10
1.58068043e+03	1.00007605e+00	6.29290204e-04	10
1.58070127e+03	1.00045870e+00	6.29395830e-04	10
1.58072210e+03	9.98998883e-01	6.29185123e-04	10
1.58074293e+03	1.00086179e+00	6.29568160e-04	10
1.58076377e+03	1.00091585e+00	6.29444542e-04	10
1.58078460e+03	1.00025403e+00	6.29451136e-04	10
1.58080544e+03	1.00005169e+00	6.29276732e-04	10
1.58082627e+03	1.00086832e+00	6.29323858e-04	10
1.58084710e+03	1.00110442e+00	6.30286157e-04	10
1.58086794e+03	9.99420917e-01	6.29102163e-04	10
1.58088877e+03	9.98981542e-01	6.28977961e-04	10
1.58090960e+03	1.00017401e+00	6.29261195e-04	10
1.58093044e+03	1.00039239e+00	6.29223101e-04	10
1.58095127e+03	9.99645589e-01	6.29658541e-04	10
1.58097210e+03	1.00127468e+00	6.29365207e-04	10
1.58099294e+03	1.00110919e+00	6.29149043e-04	10
1.58101377e+03	1.00168048e+00	6.29628212e-04	10
1.58103460e+03	9.99733758e-01	6.29210168e-04	10
1.58105544e+03	9.99935791e-01	6.29156743e-04	10
1.58107627e+03	1.00157869e+00	6.29505381e-04	10
1.58109711e+03	1.00048546e+00	6.29197352e-04	10
1.58111794e+03	1.00064616e+00	6.29423378e-04	10
1.58113877e+03	1.00057177e+00	6.29484547e-04	10
1.58115961e+03	9.98986719e-01	6.29281731e-04	10
1.58118044e+03	9.99724127e-01	6.29785399e-04	10
1.58120127e+03	1.00046074e+00	6.29194066e-04	10
1.58122211e+03	9.99033108e-01	6.28849366e-04	10
1.58124294e+03	9.98961262e-01	6.29110403e-04	10
1.58126377e+03	9.99203378e-01	6.29795905e-04	10
1.58128461e+03	9.98122519e-01	6.28757577e-04	10
1.58130544e+03	9.99767180e-01	6.28939028e-04	10
1.58132627e+03	1.00109296e+00	6.29574681e-04	10
1.58134711e+03	1.00087054e+00	6.29035581e-04	10
1.58136794e+03	9.99861208e-01	6.29067088e-04	10
1.58138877e+03	9.99260941e-01	6.28758704e-04	10
1.58140961e+03	1.00051835e+00	6.29265701e-04	10
1.58143044e+03	1.00039599e+00	6.28943490e-04	10
1.58145128e+03	1.00066715e+00	6.29693840e-04	10
1.58147211e+03	9.99916696e-01	6.28822310e-04	10
1.58149294e+03	1.00066075e+00	6.29592604e-04	10
1.58151378e+03	1.00187920e+00	6.29311396e-04	10
1.58153461e+03	1.00169961e+00	6.29238334e-04	10
1.58155544e+03	1.00001424e+00	6.28973687e-04	10
1.58157628e+03	1.00098777e+00	6.28630182e-04	10
1.58159711e+03	1.00053444e+00	6.28932571e-04	10
1.58161794e+03	1.00073944e+00	6.28658586e-04	10
1.58163878e+03	9.99378208e-01	6.28425681e-04	10
1.58165961e+03	1.00032214e+00	6.29240001e-04	10
1.58168044e+03	9.99819875e-01	6.29138057e-04	10
1.58170128e+03	1.00106227e+00	6.29015882e-04	10
1.58172211e+03	1.00033128e+00	6.28931490e-04	10
1.58174294e+03	1.00175028e+00	6.28618294e-04	10
1.58176378e+03	1.00085477e+00	6.28734675e-04	10
1.58278462e+03	9.92465045e-01	8.48940162e-04	10
1.58280545e+03	9.91433103e-01	8.72294325e-04	10
1.58315962e+03	9.93918397e-01	1.14163447e-03	10
1.58318045e+03	9.92094788e-01	1.15740638e-03	10
1.58320129e+03	9.97211069e-01	1.16906309e-03	10
1.58324295e+03	9.98151805e-01	1.17417925e-03	10
1.58336796e+03	1.00607048e+00	1.15587994e-03	10
1.58338879e+03	1.00826025e+00	1.15732507e-03	10
1.58345129e+03	1.00830235e+00	1.16056767e-03	10
1.58368046e+03	1.00707745e+00	1.12711710e-03	10
1.58372212e+03	1.00587629e+00	1.10459543e-03	10
1.58374296e+03	1.00425912e+00	1.09522305e-03	10
1.58376379e+03	1.00599056e+00	1.08664350e-03	10
1.58378463e+03	1.00708429e+00	1.08041339e-03	10
1.58380546e+03	1.00447601e+00	1.07572416e-03	10
1.58386796e+03	1.00557115e+00	1.05779383e-03	10
1.58388879e+03	1.00443166e+00	1.04985964e-03	10
1.58390963e+03	1.00529813e+00	1.04021181e-03	10
1.58393046e+03	1.00659908e+00	1.02959689e-03	10
1.58395129e+03	1.00203965e+00	1.01724294e-03	10
1.58397213e+03	1.00073321e+00	1.00434509e-03	10
1.58399296e+03	1.00361725e+00	9.91534582e-04	10
1.58401379e+03	1.00265663e+00	9.78408136e-04	10
1.58403463e+03	1.00175002e+00	9.65616024e-04	10
1.58420130e+03	9.99356359e-01	8.83731926e-04	10
1.58422213e+03	9.99770377e-01	8.76340206e-04	10
1.58424296e+03	1.00083774e+00	8.69163915e-04	10
1.58426380e+03	9.97044489e-01	8.61903752e-04	10
1.58428463e+03	9.99326989e-01	8.54672257e-04	10
1.58430546e+03	9.99001377e-01	8.46315596e-04	10
1.58432630e+03	1.00299106e+00	8.37257265e-04	10
1.58434713e+03	9.98762865e-01	8.27149748e-04	10
1.58436796e+03	9.99474980e-01	8.17921647e-04	10
1.58438880e+03	9.99843604e-01	8.08030078e-04	10
1.58440963e+03	1.00173074e+00	8.00998319e-04	10
1.58443047e+03	9.99566697e-01	7.94495152e-04	10
1.58445130e+03	9.99489743e-01	7.89794919e-04	10
1.58447213e+03	9.99668372e-01	7.85749026e-04	10
1.58449297e+03	9.98191694e-01	7.82180040e-04	10
1.58451380e+03	1.00083050e+00	7.79382979e-04	10
1.58453463e+03	9.99950249e-01	7.76356230e-04	10
1.58455547e+03	9.99188855e-01	7.73429351e-04	10
1.58457630e+03	1.00124763e+00	7.71092812e-04	10
1.58459713e+03	9.98383726e-01	7.67996740e-04	10
1.58461797e+03	9.99710688e-01	7.65827546e-04	10
1.58463880e+03	1.00151237e+00	7.63890267e-04	10
1.58465963e+03	1.00037797e+00	7.61349119e-04	10
1.58468047e+03	9.99375789e-01	7.58721368e-04	10
1.58470130e+03	9.99653080e-01	7.54669987e-04	10
1.58472213e+03	9.99756961e-01	7.50558999e-04	10
1.58474297e+03	1.00224468e+00	7.47204505e-04	10
1.58476380e+03	1.00454999e+00	7.43346085e-04	10
1.58478464e+03	1.00298813e+00	7.39857294e-04	10
1.58480547e+03	1.00264454e+00	7.37245811e-04	10
1.58482630e+03	1.00270096e+00	7.34748877e-04	10
1.58484714e+03	1.00341410e+00	7.33506041e-04	10
1.58486797e+03	1.00319685e+00	7.33227403e-04	10
1.58488880e+03	1.00284056e+00	7.32671784e-04	10
1.58490964e+03	1.00268738e+00	7.31062518e-04	10
1.58493047e+03	9.98986452e-01	7.29327643e-04	10
1.58495130e+03	1.00299455e+00	7.28164842e-04	10
1.58497214e+03	1.00211883e+00	7.25518888e-04	10
1.58499297e+03	9.99849278e-01	7.23603543e-04	10
1.58501380e+03	1.00032782e+00	7.20267413e-04	10
1.58503464e+03	1.00166463e+00	7.18252531e-04	10
1.58505547e+03	1.00005643e+00	7.15473532e-04	10
1.58507630e+03	1.00049221e+00	7.12668983e-04	10
1.58509714e+03	1.00275547e+00	7.10454717e-04	10
1.58511797e+03	1.00311303e+00	7.08613081e-04	10
1.58513881e+03	9.99120170e-01	7.04331553e-04	10
1.58515964e+03	1.00220991e+00	7.02591170e-04	10
1.58518047e+03	1.00113633e+00	7.00418636e-04	10
1.58520131e+03	1.00181223e+00	6.97479347e-04	10
1.58522214e+03	1.00336657e+00	6.96510221e-04	10
1.58524297e+03	1.00073318e+00	6.93259588e-04	10
1.58526381e+03	1.00013932e+00	6.91441893e-04	10
1.58528464e+03	1.00213133e+00	6.90396142e-04	10
1.58530547e+03	1.00187200e+00	6.88379239e-04	10
1.58532631e+03	1.00118316e+00	6.85929467e-04	10
1.58534714e+03	1.00139985e+00	6.83747948e-04	10
1.58536797e+03	1.00143275e+00	6.81090901e-04	10
1.58538881e+03	1.00031354e+00	6.78340435e-04	10
1.58540964e+03	1.00227191e+00	6.75941396e-04	10
1.58543048e+03	9.99461015e-01	6.73786941e-04	10
1.58545131e+03	9.99315541e-01	6.72004926e-04	10
1.58547214e+03	9.99872263e-01	6.70766076e-04	10
1.58549298e+03	9.99586939e-01	6.69445009e-04	10
1.58551381e+03	1.00088469e+00	6.68455500e-04	10
1.58553464e+03	1.00104480e+00	6.67059122e-04	10
1.58555548e+03	1.00026576e+00	6.66172826e-04	10
1.58557631e+03	1.00189903e+00	6.65171478e-04	10
1.58559714e+03	9.99294058e-01	6.64252181e-04	10
1.58561798e+03	1.00117193e+00	6.64186187e-04	10
1.58563881e+03	1.00115736e+00	6.63884150e-04	10
1.58565964e+03	9.99749065e-01	6.62856574e-04	10
1.58568048e+03	1.00024831e+00	6.62730229e-04	10
1.58570131e+03	1.00250700e+00	6.62630184e-04	10
1.58572214e+03	1.00080465e+00	6.61201111e-04	10
1.58574298e+03	1.00160248e+00	6.60201461e-04	10
1.58576381e+03	1.00012556e+00	6.59303482e-04	10
1.58578465e+03	1.00055512e+00	6.58276496e-04	10
1.58580548e+03	1.00151472e+00	6.57954462e-04	10
1.58582631e+03	1.00150573e+00	6.57103513e-04	10
1.58584715e+03	1.00073260e+00	6.56816073e-04	10
1.58586798e+03	1.00022440e+00	6.56431432e-04	10
1.58588881e+03	1.00147012e+00	6.56941936e-04	10
1.58590965e+03	1.00225390e+00	6.56478138e-04	10
1.58595131e+03	1.00021518e+00	6.56262263e-04	10
1.58597215e+03	1.00231701e+00	6.56285172e-04	10
1.58599298e+03	1.00009547e+00	6.55657349e-04	10
1.58601381e+03	1.00040610e+00	6.55451254e-04	10
1.58603465e+03	1.00077528e+00	6.54579158e-04	10
1.58605548e+03	9.99792112e-01	6.53207630e-04	10
1.58607631e+03	1.00239225e+00	6.52675287e-04	10
1.58609715e+03	1.00101668e+00	6.51843774e-04	10
1.58611798e+03	1.00105428e+00	6.50366613e-04	10
1.58613882e+03	1.00043977e+00	6.49898554e-04	10
1.58615965e+03	1.00218218e+00	6.49712750e-04	10
1.58618048e+03	1.00225688e+00	6.48686881e-04	10
1.58620132e+03	9.99829671e-01	6.47851571e-04	10
1.58622215e+03	1.00239411e+00	6.47694664e-04	10
1.58624298e+03	1.00239133e+00	6.47179946e-04	10
1.58626382e+03	1.00247507e+00	6.47637519e-04	10
1.58628465e+03	1.00081034e+00	6.46266844e-04	10
1.58630548e+03	1.00075301e+00	6.45572866e-04	10
1.58632632e+03	1.00077551e+00	6.45432865e-04	10
1.58634715e+03	1.00224902e+00	6.44896509e-04	10
1.58636798e+03	1.00130161e+00	6.43966226e-04	10
1.58638882e+03	9.97457602e-01	6.43035194e-04	10
1.58640965e+03	9.99909004e-01	6.42848578e-04	10
1.58643048e+03	1.00133236e+00	6.42299073e-04	10
1.58645132e+03	1.00068968e+00	6.41371908e-04	10
1.58647215e+03	1.00269591e+00	6.42458286e-04	10
1.58649299e+03	1.00303656e+00	6.41268415e-04	10
1.58651382e+03	1.00242522e+00	6.40961270e-04	10
1.58653465e+03	1.00201415e+00	6.40833328e-04	10
1.58655549e+03	1.00331987e+00	6.40596988e-04	10
1.58657632e+03	1.00297140e+00	6.40071532e-04	10
1.58659715e+03	1.00178367e+00	6.40216605e-04	10
1.58661799e+03	9.99940279e-01	6.39776671e-04	10
1.58663882e+03	1.00189413e+00	6.39819330e-04	10
1.58665965e+03	1.00170248e+00	6.39398132e-04	10
1.58668049e+03	1.00155193e+00	6.39542388e-04	10
1.58670132e+03	1.00035702e+00	6.39182982e-04	10
1.58672215e+03	1.00117398e+00	6.38825801e-04	10
1.58674299e+03	1.00087444e+00	6.38567810e-04	10
1.58676382e+03	1.00111090e+00	6.38420211e-04	10
1.58678465e+03	1.00209547e+00	6.38084013e-04	10
1.58680549e+03	1.00081104e+00	6.37656227e-04	10
1.58682632e+03	1.00013057e+00	6.37555050e-04	10
1.58684716e+03	1.00027669e+00	6.37027688e-04	10
1.58686799e+03	1.00077305e+00	6.37038862e-04	10
1.58688882e+03	1.00076671e+00	6.36684004e-04	10
1.58690966e+03	9.99725502e-01	6.36379404e-04	10
1.58693049e+03	1.00115058e+00	6.36613436e-04	10
1.58695132e+03	1.00151347e+00	6.36660018e-04	10
1.58697216e+03	1.00185693e+00	6.36873656e-04	10
1.58699299e+03	1.00041160e+00	6.35931939e-04	10
1.58701382e+03	1.00160244e+00	6.35815621e-04	10
1.58703466e+03	1.00104405e+00	6.36020997e-04	10
1.58705549e+03	1.00132258e+00	6.35769395e-04	10
1.58707632e+03	1.00025239e+00	6.34733928e-04	10
1.58709716e+03	1.00007524e+00	6.34810219e-04	10
1.58711799e+03	9.98737774e-01	6.34202240e-04	10
1.58713882e+03	1.00029765e+00	6.34051738e-04	10
1.58715966e+03	1.00127702e+00	6.33991639e-04	10
1.58718049e+03	9.98685985e-01	6.33888153e-04	10
1.58720133e+03	1.00198569e+00	6.33606172e-04	10
1.58722216e+03	1.00142109e+00	6.33225018e-04	10
1.58724299e+03	1.00067903e+00	6.33619994e-04	10
1.58726383e+03	1.00059383e+00	6.32864311e-04	10
1.58728466e+03	1.00136495e+00	6.32985534e-04	10
1.58730549e+03	9.99719474e-01	6.32401934e-04	10
1.58732633e+03	9.98418586e-01	6.31498897e-04	10
1.58734716e+03	9.96799610e-01	6.30735193e-04	10
1.58736799e+03	9.91841305e-01	6.29470070e-04	10
1.58738883e+03	9.91102533e-01	6.29217093e-04	10
1.58743049e+03	9.91029631e-01	6.29060256e-04	10
1.58745133e+03	9.91402609e-01	6.29761831e-04	10
1.58747216e+03	9.92762223e-01	6.30182086e-04	10
1.58749299e+03	9.95361449e-01	6.30749430e-04	10
1.58751383e+03	9.98185029e-01	6.31433620e-04	10
1.58753466e+03	1.00070155e+00	6.32244439e-04	10
1.58755550e+03	9.99578642e-01	6.31944173e-04	10
1.58757633e+03	1.00190317e+00	6.32229839e-04	10
1.58759716e+03	9.99804059e-01	6.32050151e-04	10
1.58761800e+03	9.99170485e-01	6.32119593e-04	10
1.58763883e+03	1.00099141e+00	6.32407492e-04	10
1.58765966e+03	1.00073472e+00	6.32056273e-04	10
1.58768050e+03	1.00122105e+00	6.31944781e-04	10
1.58770133e+03	1.00029227e+00	6.31959317e-04	10
1.58772216e+03	1.00131923e+00	6.32022694e-04	10
1.58774300e+03	1.00007207e+00	6.31959551e-04	10
1.58776383e+03	1.00076391e+00	6.32012949e-04	10
1.58778466e+03	9.99957204e-01	6.31745981e-04	10
1.58780550e+03	1.00327196e+00	6.32014445e-04	10
1.58782633e+03	1.00103995e+00	6.31685102e-04	10
1.58784716e+03	1.00095335e+00	6.32295361e-04	10
1.58786800e+03	1.00082167e+00	6.31857251e-04	10
1.58788883e+03	9.98225200e-01	6.31663498e-04	10
1.58790966e+03	1.00114221e+00	6.32130574e-04	10
1.58793050e+03	1.00061363e+00	6.31930758e-04	10
1.58795133e+03	9.99420678e-01	6.31661487e-04	10
1.58797217e+03	9.97541496e-01	6.31403540e-04	10
1.58799300e+03	9.99916215e-01	6.31516928e-04	10
1.58801383e+03	1.00168441e+00	6.32069264e-04	10
1.58803467e+03	9.99149381e-01	6.31995400e-04	10
1.58805550e+03	9.99433395e-01	6.31563466e-04	10
1.58807633e+03	9.99554052e-01	6.31759634e-04	10
1.58809717e+03	9.99593608e-01	6.31254360e-04	10
1.58811800e+03	1.00026969e+00	6.31459021e-04	10
1.58813883e+03	9.99858676e-01	6.31435748e-04	10
1.58815967e+03	9.98955149e-01	6.31315234e-04	10
1.58818050e+03	9.99040578e-01	6.31206887e-04	10
1.58820133e+03	9.99495009e-01	6.31091594e-04	10
1.58822217e+03	9.99490278e-01	6.31025666e-04	10
1.58824300e+03	9.99643556e-01	6.31334393e-04	10
1.58826383e+03	9.97839340e-01	6.31028802e-04	10
1.58828467e+03	9.98908449e-01	6.31284985e-04	10
1.58830550e+03	9.99130208e-01	6.31257612e-04	10
1.58832633e+03	9.99153299e-01	6.31094309e-04	10
1.58834717e+03	9.97673061e-01	6.30907157e-04	10
1.58836800e+03	9.98139540e-01	6.30658058e-04	10
1.58838884e+03	1.00052260e+00	6.31455512e-04	10
1.58840967e+03	9.98856747e-01	6.30891379e-04	10
1.58843050e+03	9.99351667e-01	6.31189619e-04	10
1.58845134e+03	9.99255719e-01	6.31181242e-04	10
1.58847217e+03	9.98889264e-01	6.30853805e-04	10
1.58849300e+03	9.97351070e-01	6.30451192e-04	10
1.58851384e+03	9.99269005e-01	6.30762074e-04	10
1.58853467e+03	1.00151914e+00	6.30955167e-04	10
1.58855550e+03	1.00007538e+00	6.30874219e-04	10
1.58857634e+03	9.99861967e-01	6.30817259e-04	10
1.58859717e+03	9.99456279e-01	6.30610399e-04	10
1.58861800e+03	9.98904194e-01	6.30783966e-04	10
1.58863884e+03	1.00052158e+00	6.31057473e-04	10
1.58865967e+03	1.00058382e+00	6.31008323e-04	10
1.58868050e+03	1.00209118e+00	6.31050334e-04	10
1.58870134e+03	9.99436046e-01	6.30518656e-04	10
1.58872217e+03	1.00000054e+00	6.30819343e-04	10
1.58874300e+03	1.00056145e+00	6.30849427e-04	10
1.58876384e+03	9.99417467e-01	6.30769777e-04	10
1.58878467e+03	1.00022039e+00	6.30663327e-04	10
1.58880551e+03	9.98981771e-01	6.30516103e-04	10
1.58882634e+03	9.97913358e-01	6.30720418e-04	10
1.58884717e+03	9.99476336e-01	6.30704518e-04	10
1.58886801e+03	9.99086225e-01	6.30482395e-04	10
1.58888884e+03	1.00074779e+00	6.30705642e-04	10
1.58890967e+03	9.98363593e-01	6.30232167e-04	10
1.58893051e+03	1.00026872e+00	6.30543929e-04	10
1.58895134e+03	1.00007118e+00	6.30183867e-04	10
1.58897217e+03	1.00131800e+00	6.30569623e-04	10
1.58899301e+03	1.00126560e+00	6.30517719e-04	10
1.58901384e+03	9.99918853e-01	6.30218036e-04	10
1.58903467e+03	1.00084580e+00	6.30886627e-04	10
1.58907634e+03	1.00001650e+00	6.30416310e-04	10
1.58909717e+03	9.99489001e-01	6.30470237e-04	10
1.58911801e+03	9.98977327e-01	6.30362237e-04	10
1.58913884e+03	9.97711849e-01	6.30103570e-04	10
1.58915967e+03	9.99354026e-01	6.30279643e-04	10
1.58918051e+03	9.97543044e-01	6.30280112e-04	10
1.58920134e+03	9.98600591e-01	6.30287118e-04	10
1.58922218e+03	9.96944167e-01	6.29945314e-04	10
1.58924301e+03	9.98368853e-01	6.30323976e-04	10
1.58926384e+03	1.00025276e+00	6.30733296e-04	10
1.58928468e+03	9.97242086e-01	6.29851808e-04	10
1.58930551e+03	9.98511663e-01	6.30522333e-04	10
1.58932634e+03	1.00006026e+00	6.30193710e-04	10
1.58934718e+03	9.98740272e-01	6.30323484e-04	10
1.58936801e+03	9.98965009e-01	6.30196265e-04	10
1.58938884e+03	9.98985951e-01	6.29989646e-04	10
1.58940968e+03	9.97983226e-01	6.30202264e-04	10
1.58943051e+03	9.98011794e-01	6.29944306e-04	10
1.58945134e+03	9.98878160e-01	6.30217567e-04	10
1.58947218e+03	9.98612778e-01	6.30145829e-04	10
1.58949301e+03	9.98353560e-01	6.30095578e-04	10
1.58951384e+03	9.99649160e-01	6.30348179e-04	10
1.58953468e+03	9.98231566e-01	6.30545311e-04	10
1.58955551e+03	9.99157923e-01	6.30198163e-04	10
1.58957634e+03	9.98164459e-01	6.29674607e-04	10
1.58959718e+03	9.97644977e-01	6.29622324e-04	10
1.58961801e+03	9.99236757e-01	6.30087725e-04	10
1.58963884e+03	9.97930005e-01	6.29859523e-04	10
1.58965968e+03	9.97975287e-01	6.30265982e-04	10
1.58968051e+03	9.98640617e-01	6.30559482e-04	10
1.58970135e+03	9.97936724e-01	6.29765583e-04	10
1.58972218e+03	9.97792349e-01	6.29868246e-04	10
1.58974301e+03	9.96727732e-01	6.29106600e-04	10
1.58976385e+03	9.97827686e-01	6.29055866e-04	10
1.58978468e+03	9.97298122e-01	6.29083123e-04	10
1.58980551e+03	9.96455999e-01	6.29057885e-04	10
1.58982635e+03	9.96902525e-01	6.29393272e-04	10
1.58984718e+03	9.97640414e-01	6.29066619e-04	10
1.58986801e+03	9.96853993e-01	6.28979980e-04	10
1.58988885e+03	9.97330176e-01	6.29115098e-04	10
1.58990968e+03	9.98855871e-01	6.29770039e-04	10
1.58993051e+03	1.00004625e+00	6.29972368e-04	10
1.58995135e+03	9.98796483e-01	6.29258942e-04	10
1.58997218e+03	9.98934863e-01	6.29387758e-04	10
1.58999301e+03	9.98711198e-01	6.29400453e-04	10
1.59001385e+03	9.99450067e-01	6.29837505e-04	10
1.59003468e+03	9.99351912e-01	6.29594034e-04	10
1.59005551e+03	9.98653604e-01	6.29295672e-04	10
1.59007635e+03	9.98018931e-01	6.29479573e-04	10
1.59009718e+03	1.00114498e+00	6.29903182e-04	10
1.59011801e+03	9.99102449e-01	6.29481825e-04	10
1.59013885e+03	9.99697628e-01	6.29439685e-04	10
1.59015968e+03	9.98299721e-01	6.29270865e-04	10
1.59018051e+03	1.00037069e+00	6.29432506e-04	10
1.59020135e+03	1.00096254e+00	6.29647423e-04	10
1.59022218e+03	9.98917302e-01	6.29373937e-04	10
1.59024302e+03	9.98931427e-01	6.29867519e-04	10
1.59026385e+03	9.99466200e-01	6.29434289e-04	10
1.59028468e+03	9.99870592e-01	6.29468052e-04	10
1.59030552e+03	1.00089540e+00	6.29611065e-04	10
1.59032635e+03	9.97623464e-01	6.28669040e-04	10
1.59034718e+03	1.00021923e+00	6.29603582e-04	10
1.59036802e+03	9.98658566e-01	6.29617234e-04	10
1.59038885e+03	1.00062681e+00	6.30001509e-04	10
1.59040968e+03	1.00056214e+00	6.29659948e-04	10
1.59043052e+03	9.99972556e-01	6.29580264e-04	10
1.59045135e+03	1.00061339e+00	6.29326463e-04	10
1.59047218e+03	9.99928367e-01	6.29648502e-04	10
1.59049302e+03	1.00082753e+00	6.30441986e-04	10
1.59051385e+03	9.98973821e-01	6.29200545e-04	10
1.59053468e+03	9.98793642e-01	6.29286167e-04	10
1.59055552e+03	9.99022175e-01	6.29799985e-04	10
1.59057635e+03	9.99382543e-01	6.29422956e-04	10
1.59059718e+03	9.98871729e-01	6.29196273e-04	10
1.59061802e+03	1.00019384e+00	6.30439854e-04	10
1.59063885e+03	9.99482280e-01	6.29306655e-04	10
1.59065968e+03	9.99357641e-01	6.29295484e-04	10
1.59068052e+03	9.98631345e-01	6.29033984e-04	10
1.59070135e+03	1.00082906e+00	6.29550237e-04	10
1.59072218e+03	9.99200097e-01	6.29534096e-04	10
1.59074302e+03	9.99654362e-01	6.29515398e-04	10
1.59076385e+03	1.00070588e+00	6.29643763e-04	10
1.59078469e+03	9.99726951e-01	6.29245892e-04	10
1.59080552e+03	9.99272812e-01	6.29886042e-04	10
1.59082635e+03	1.00006710e+00	6.29705591e-04	10
1.59084719e+03	9.97523253e-01	6.29058190e-04	10
1.59086802e+03	9.99132869e-01	6.29386866e-04	10
1.59088885e+03	9.98063588e-01	6.29458151e-04	10
1.59090969e+03	9.97835238e-01	6.29373397e-04	10
1.59093052e+03	9.99039807e-01	6.29659784e-04	10
1.59095135e+03	9.98673516e-01	6.29292410e-04	10
1.59097219e+03	9.99075274e-01	6.29753411e-04	10
1.59099302e+03	9.98877779e-01	6.29399162e-04	10
1.59101385e+03	9.99811082e-01	6.29501697e-04	10
1.59103469e+03	9.99577833e-01	6.29336249e-04	10
1.59105552e+03	9.99105509e-01	6.29196930e-04	10
1.59107635e+03	9.97572048e-01	6.29168269e-04	10
1.59109719e+03	9.98328100e-01	6.29300295e-04	10
1.59111802e+03	9.99804133e-01	6.29304379e-04	10
1.59113885e+03	1.00084312e+00	6.29460521e-04	10
1.59115969e+03	9.99826901e-01	6.29564359e-04	10
1.59118052e+03	1.00050103e+00	6.29217632e-04	10
1.59120135e+03	9.98294825e-01	6.28923905e-04	10
1.59122219e+03	9.99163249e-01	6.29130170e-04	10
1.59124302e+03	9.99796279e-01	6.29194676e-04	10
1.59126385e+03	1.00012196e+00	6.29111060e-04	10
1.59128469e+03	9.98603626e-01	6.29651879e-04	10
1.59130552e+03	9.99440637e-01	6.28991791e-04	10
1.59132635e+03	9.98942011e-01	6.29090659e-04	10
1.59134719e+03	9.99791044e-01	6.29027269e-04	10
1.59136802e+03	9.99430730e-01	6.29632833e-04	10
1.59138885e+03	9.96795977e-01	6.28482881e-04	10
1.59140969e+03	9.99318754e-01	6.29154865e-04	10
1.59143052e+03	1.00158364e+00	6.29188034e-04	10
1.59145136e+03	1.00090407e+00	6.29071009e-04	10
1.59147219e+03	1.00090840e+00	6.29423073e-04	10
1.59149302e+03	1.00107355e+00	6.29567691e-04	10
1.59151386e+03	1.00098758e+00	6.28727956e-04	10
1.59153469e+03	1.00112376e+00	6.28834171e-04	10
1.59155552e+03	1.00037314e+00	6.28658586e-04	10
1.59157636e+03	1.00091162e+00	6.28955184e-04	10
1.59159719e+03	1.00041499e+00	6.28875951e-04	10
1.59161802e+03	1.00015268e+00	6.28725349e-04	10
1.59163886e+03	1.00179116e+00	6.29224228e-04	10
1.59165969e+03	9.99819186e-01	6.28764389e-04	10
1.59168052e+03	1.00067752e+00	6.28826584e-04	10
1.59170136e+03	1.00192138e+00	6.28785763e-04	10
1.59172219e+03	1.00115988e+00	6.28831986e-04	10
1.59174302e+03	1.00170174e+00	6.29162213e-04	10
1.59176386e+03	9.99970535e-01	6.29061102e-04	10
1.59178469e+03	9.99242668e-01	6.28518365e-04	10
1.59180552e+03	1.00095292e+00	6.28757037e-04	10
1.59182636e+03	1.00134194e+00	6.28707144e-04	10
1.59184719e+03	1.00140428e+00	6.28945791e-04	10
1.59186802e+03	1.00070208e+00	6.28777402e-04	10
1.59188886e+03	1.00001972e+00	6.28626564e-04	10
1.59190969e+03	1.00310579e+00	6.29010599e-04	10
1.59193052e+03	9.99180018e-01	6.28619798e-04	10
1.59195136e+03	1.00153555e+00	6.28974274e-04	10
1.59197219e+03	1.00181224e+00	6.29085612e-04	10
1.59199302e+03	1.00033171e+00	6.29199887e-04	10
1.59201386e+03	1.00176446e+00	6.29018605e-04	10
1.59203469e+03	1.00125849e+00	6.28947341e-04	10
1.59205552e+03	1.00131707e+00	6.28495124e-04	10
1.59207636e+03	1.00044133e+00	6.28862541e-04	10
1.59209719e+03	9.98635830e-01	6.28430898e-04	10
1.59211802e+03	9.97812687e-01	6.27832997e-04	10
1.59213886e+03	9.93402952e-01	6.26733261e-04	10
1.59215969e+03	9.93295750e-01	6.26330334e-04	10
1.59226386e+03	9.91737350e-01	6.26616768e-04	10
1.59228469e+03	9.95892032e-01	6.27573335e-04	10
1.59230553e+03	9.98906722e-01	6.28396256e-04	10
1.59232636e+03	9.99207512e-01	6.28507038e-04	10
1.59234719e+03	9.99924082e-01	6.29051358e-04	10
1.59236803e+03	9.98909126e-01	6.28514581e-04	10
1.59238886e+03	9.99777232e-01	6.28496182e-04	10
1.59240969e+03	9.98833898e-01	6.28305294e-04	10
1.59243053e+03	1.00071789e+00	6.29005973e-04	10
1.59245136e+03	9.98852617e-01	6.28498015e-04	10
1.59247219e+03	9.99610423e-01	6.28739349e-04	10
1.59249303e+03	9.99998152e-01	6.28958565e-04	10
1.59251386e+03	9.98507875e-01	6.28542826e-04	10
1.59253469e+03	9.99116039e-01	6.28594799e-04	10
1.59255553e+03	9.98433406e-01	6.28904273e-04	10
1.59257636e+03	1.00045012e+00	6.28995524e-04	10
1.59259719e+03	9.98345463e-01	6.28978149e-04	10
1.59261803e+03	9.97511445e-01	6.28665587e-04	10
1.59263886e+03	9.99953018e-01	6.28605020e-04	10
1.59265969e+03	9.99386571e-01	6.28681914e-04	10
1.59268053e+03	1.00011123e+00	6.29428939e-04	10
1.59270136e+03	9.98969107e-01	6.28609695e-04	10
1.59272219e+03	9.98824930e-01	6.28408360e-04	10
1.59274303e+03	9.99577571e-01	6.28839291e-04	10
1.59276386e+03	1.00187923e+00	6.29181977e-04	10
1.59278469e+03	9.99838512e-01	6.28906810e-04	10
1.59280553e+03	1.00110438e+00	6.28868601e-04	10
1.59282636e+03	9.99441080e-01	6.28410616e-04	10
1.59284719e+03	1.00089974e+00	6.29179301e-04	10
1.59286803e+03	9.99764772e-01	6.28456068e-04	10
1.59288886e+03	9.99790694e-01	6.28698240e-04	10
1.59290969e+03	1.00019322e+00	6.28759949e-04	10
1.59293053e+03	1.00057932e+00	6.28959974e-04	10
1.59295136e+03	1.00245998e+00	6.29138644e-04	10
1.59297219e+03	1.00255684e+00	6.29200357e-04	10
1.59299303e+03	1.00121499e+00	6.28554104e-04	10
1.59301386e+03	1.00079934e+00	6.29503058e-04	10
1.59303469e+03	9.99375207e-01	6.28296621e-04	10
1.59305553e+03	9.99677655e-01	6.28439993e-04	10
1.59307636e+03	1.00033552e+00	6.28508354e-04	10
1.59309719e+03	9.99119032e-01	6.28265474e-04	10
1.59311803e+03	1.00187021e+00	6.28592732e-04	10
1.59313886e+03	1.00079537e+00	6.28725114e-04	10
1.59315969e+03	1.00061924e+00	6.28554222e-04	10
1.59318053e+03	1.00116142e+00	6.29424856e-04	10
1.59320136e+03	1.00150656e+00	6.28749990e-04	10
1.59322220e+03	9.99578824e-01	6.28245892e-04	10
1.59324303e+03	9.98969759e-01	6.28045263e-04	10
1.59326386e+03	9.99970351e-01	6.28450545e-04	10
1.59328470e+03	1.00043008e+00	6.28605959e-04	10
1.59330553e+03	9.99308149e-01	6.28509247e-04	10
1.59332636e+03	9.98501913e-01	6.28197463e-04	10
1.59334720e+03	9.98755241e-01	6.28352587e-04	10
1.59336803e+03	1.00075675e+00	6.29076409e-04	10
1.59338886e+03	1.00002548e+00	6.28846336e-04	10
1.59340970e+03	9.99807437e-01	6.28250100e-04	10
1.59343053e+03	9.98511604e-01	6.28637230e-04	10
1.59345136e+03	9.99942973e-01	6.28421662e-04	10
1.59347220e+03	1.00154806e+00	6.28763520e-04	10
1.59349303e+03	1.00017875e+00	6.28225721e-04	10
1.59351386e+03	1.00037552e+00	6.28378041e-04	10
1.59353470e+03	9.99873456e-01	6.28165841e-04	10
1.59355553e+03	1.00160734e+00	6.28659126e-04	10
1.59357636e+03	1.00181778e+00	6.28711231e-04	10
1.59359720e+03	1.00027637e+00	6.28556712e-04	10
1.59361803e+03	1.00028850e+00	6.28475643e-04	10
1.59363886e+03	1.00068284e+00	6.29014050e-04	10
1.59365970e+03	9.99704400e-01	6.28679118e-04	10
1.59368053e+03	9.98535077e-01	6.28364221e-04	10
1.59370136e+03	9.99423891e-01	6.28855003e-04	10
1.59372220e+03	9.99607955e-01	6.29305529e-04	10
1.59374303e+03	9.98955621e-01	6.29284876e-04	10
1.59376386e+03	9.99875561e-01	6.28914465e-04	10
1.59378470e+03	9.99312728e-01	6.28229859e-04	10
1.59380553e+03	9.99680537e-01	6.28316154e-04	10
1.59382636e+03	1.00058885e+00	6.28507626e-04	10
1.59384720e+03	1.00042712e+00	6.28539090e-04	10
1.59386803e+03	1.00032578e+00	6.28561811e-04	10
1.59388886e+03	1.00031690e+00	6.28447655e-04	10
1.59390970e+03	9.99411704e-01	6.28202212e-04	10
1.59393053e+03	9.99642805e-01	6.28320902e-04	10
1.59395136e+03	9.98706449e-01	6.27931201e-04	10
1.59397220e+03	1.00014036e+00	6.28720299e-04	10
1.59399303e+03	9.97215346e-01	6.28956781e-04	10
1.59401386e+03	9.96781006e-01	6.27934588e-04	10
1.59403470e+03	9.96838014e-01	6.28171178e-04	10
1.59405553e+03	9.99180984e-01	6.28303696e-04	10
1.59407636e+03	9.98307210e-01	6.28169273e-04	10
1.59409720e+03	9.98767904e-01	6.27860942e-04	10
1.59411803e+03	9.98381646e-01	6.28117782e-04	10
1.59413886e+03	9.99167174e-01	6.28189869e-04	10
1.59415970e+03	9.97861600e-01	6.28182275e-04	10
1.59418053e+03	9.97760154e-01	6.28125423e-04	10
1.59420136e+03	9.98979830e-01	6.28431204e-04	10
1.59422220e+03	9.98736338e-01	6.28402908e-04	10
1.59424303e+03	9.98249841e-01	6.28124013e-04	10
1.59426386e+03	9.97646298e-01	6.27708450e-04	10
1.59428470e+03	1.00045748e+00	6.28747195e-04	10
1.59430553e+03	1.00123586e+00	6.28157941e-04	10
1.59432636e+03	9.99507837e-01	6.28398818e-04	10
1.59434720e+03	1.00171105e+00	6.28016126e-04	10
1.59436803e+03	9.99732008e-01	6.28086273e-04	10
1.59438886e+03	9.99204427e-01	6.27884512e-04	10
1.59440970e+03	1.00021740e+00	6.28003662e-04	10
1.59443053e+03	9.98387246e-01	6.27920828e-04	10
1.59445136e+03	9.99983541e-01	6.27702285e-04	10
1.59447220e+03	9.98923302e-01	6.27738236e-04	10
1.59449303e+03	1.00330332e+00	6.28218715e-04	10
1.59451386e+03	9.99270385e-01	6.27900295e-04	10
1.59453470e+03	9.97257824e-01	6.27935787e-04	10
1.59455553e+03	9.99415437e-01	6.27876726e-04	10
1.59457636e+03	9.95817549e-01	6.27214558e-04	10
1.59459720e+03	9.98910788e-01	6.27408837e-04	10
1.59461803e+03	9.97302878e-01	6.26976617e-04	10
1.59463886e+03	9.99234757e-01	6.27255811e-04	10
1.59465970e+03	9.98832190e-01	6.27300899e-04	10
1.59468053e+03	1.00017025e+00	6.27739836e-04	10
1.59470136e+03	1.00166165e+00	6.28121802e-04	10
1.59472220e+03	1.00191624e+00	6.28019630e-04	10
1.59474303e+03	1.00119619e+00	6.27668215e-04	10
1.59476386e+03	1.00150595e+00	6.27631248e-04	10
1.59478470e+03	1.00105331e+00	6.28094456e-04	10
1.59480553e+03	1.00093696e+00	6.27778890e-04	10
1.59482636e+03	1.00081522e+00	6.28264275e-04	10
1.59484720e+03	1.00351087e+00	6.28062359e-04	10
1.59486803e+03	1.00052176e+00	6.28617660e-04	10
1.59488886e+03	9.99139791e-01	6.27592208e-04	10
1.59490970e+03	1.00051534e+00	6.27842665e-04	10
1.59493053e+03	1.00240173e+00	6.28175621e-04	10
1.59495136e+03	9.99774347e-01	6.27803215e-04	10
1.59497220e+03	1.00042855e+00	6.27918453e-04	10
1.59499303e+03	9.99008259e-01	6.27831162e-04	10
1.59501386e+03	1.00080501e+00	6.27752823e-04	10
1.59503470e+03	9.99507931e-01	6.27585313e-04	10
1.59505553e+03	9.97874225e-01	6.27315731e-04	10
1.59507636e+03	1.00057803e+00	6.27880066e-04	10
1.59509720e+03	9.99672762e-01	6.27696403e-04	10
1.59511803e+03	9.99241823e-01	6.27902788e-04	10
1.59513886e+03	9.99287425e-01	6.27597432e-04	10
1.59515970e+03	1.00118799e+00	6.28297044e-04	10
1.59518053e+03	1.00134279e+00	6.28182745e-04	10
1.59520136e+03	9.99670864e-01	6.27550836e-04	10
1.59522220e+03	9.98684895e-01	6.27782866e-04	10
1.59524303e+03	9.99048478e-01	6.27352999e-04	10
1.59526386e+03	1.00037803e+00	6.27686732e-04	10
1.59528470e+03	9.99969523e-01	6.28046204e-04	10
1.59530553e+03	9.98708789e-01	6.28165135e-04	10
1.59532636e+03	1.00019897e+00	6.28194688e-04	10
1.59534720e+03	9.98070177e-01	6.27558861e-04	10
1.59536803e+03	9.99658994e-01	6.27734448e-04	10
1.59538886e+03	9.98096393e-01	6.27594279e-04	10
1.59540970e+03	9.99572580e-01	6.27980285e-04	10
1.59543053e+03	9.99994292e-01	6.27826292e-04	10
1.59545136e+03	9.98670963e-01	6.28081641e-04	10
1.59547219e+03	1.00067931e+00	6.27971631e-04	10
1.59549303e+03	9.98603275e-01	6.28186013e-04	10
1.59551386e+03	9.99553031e-01	6.27633436e-04	10
1.59553469e+03	9.99469974e-01	6.27575053e-04	10
1.59555553e+03	1.00151155e+00	6.28014221e-04	10
1.59557636e+03	1.00024638e+00	6.27845582e-04	10
1.59559719e+03	9.99819978e-01	6.27630424e-04	10
1.59561803e+03	9.99952627e-01	6.27775620e-04	10
1.59563886e+03	9.99293928e-01	6.27741436e-04	10
1.59565969e+03	1.00092392e+00	6.28312229e-04	10
1.59680552e+03	9.97755442e-01	8.45922988e-04	11
1.59682635e+03	9.95817985e-01	8.60209483e-04	11
1.59684718e+03	9.97349509e-01	8.73485675e-04	11
1.59686802e+03	9.96247687e-01	8.84080462e-04	11
1.59688885e+03	9.95252095e-01	8.92696689e-04	11
1.59690968e+03	9.92093820e-01	8.98171440e-04	11
1.59715968e+03	9.95887895e-01	9.14769554e-04	11
1.59718052e+03	9.96652207e-01	9.10510250e-04	11
1.59728468e+03	9.97296403e-01	8.76690172e-04	11
1.59738885e+03	1.00082239e+00	8.46277183e-04	11
1.59743052e+03	1.00020569e+00	8.36994262e-04	11
1.59745135e+03	9.99490515e-01	8.32131481e-04	11
1.59747218e+03	1.00108042e+00	8.27879224e-04	11
1.59755552e+03	1.00067313e+00	8.18156126e-04	11
1.59757635e+03	1.00132992e+00	8.17627235e-04	11
1.59759718e+03	1.00122392e+00	8.15842402e-04	11
1.59765968e+03	1.00162788e+00	8.07231363e-04	11
1.59768052e+03	1.00078422e+00	8.03294145e-04	11
1.59770135e+03	1.00121802e+00	7.99009099e-04	11
1.59772218e+03	1.00092871e+00	7.96115332e-04	11
1.59774302e+03	1.00051968e+00	7.93141422e-04	11
1.59776385e+03	1.00237269e+00	7.91306257e-04	11
1.59778468e+03	1.00248993e+00	7.87663542e-04	11
1.59780552e+03	9.99726343e-01	7.85742234e-04	11
1.59782635e+03	1.00283329e+00	7.83837937e-04	11
1.59790968e+03	1.00186646e+00	7.69475875e-04	11
1.59793052e+03	1.00045143e+00	7.64537616e-04	11
1.59797218e+03	9.98624616e-01	7.54303165e-04	11
1.59799302e+03	1.00208474e+00	7.50062389e-04	11
1.59801385e+03	9.99470940e-01	7.44572043e-04	11
1.59803468e+03	9.98343426e-01	7.39838835e-04	11
1.59805552e+03	9.96370861e-01	7.34870773e-04	11
1.59807635e+03	9.99196825e-01	7.31151695e-04	11
1.59809718e+03	1.00148215e+00	7.26619556e-04	11
1.59811802e+03	1.00000826e+00	7.22480894e-04	11
1.59813885e+03	9.97306563e-01	7.18638859e-04	11
1.59815968e+03	9.96837991e-01	7.15194804e-04	11
1.59824302e+03	1.00128260e+00	7.04736523e-04	11
1.59826385e+03	9.99520444e-01	7.02202742e-04	11
1.59828468e+03	9.99823689e-01	6.99400186e-04	11
1.59830552e+03	1.00102355e+00	6.96473284e-04	11
1.59832635e+03	9.99061080e-01	6.93066432e-04	11
1.59834718e+03	9.99316094e-01	6.89829196e-04	11
1.59836802e+03	9.99696944e-01	6.86861618e-04	11
1.59838885e+03	1.00164725e+00	6.84299474e-04	11
1.59840968e+03	1.00107858e+00	6.81898328e-04	11
1.59843052e+03	1.00031515e+00	6.79548755e-04	11
1.59845135e+03	1.00140072e+00	6.77650429e-04	11
1.59847218e+03	1.00255958e+00	6.76393105e-04	11
1.59849302e+03	1.00069538e+00	6.74338166e-04	11
1.59851385e+03	1.00151593e+00	6.73451979e-04	11
1.59853468e+03	1.00160990e+00	6.72705886e-04	11
1.59855552e+03	1.00238194e+00	6.71724841e-04	11
1.59857635e+03	1.00098485e+00	6.71345113e-04	11
1.59859718e+03	1.00031868e+00	6.70423062e-04	11
1.59861802e+03	1.00041579e+00	6.69721232e-04	11
1.59863885e+03	1.00014782e+00	6.69928212e-04	11
1.59865968e+03	1.00102666e+00	6.68797975e-04	11
1.59868052e+03	1.00147725e+00	6.68339025e-04	11
1.59870135e+03	1.00179208e+00	6.67806461e-04	11
1.59872218e+03	1.00129188e+00	6.65960175e-04	11
1.59874302e+03	1.00098175e+00	6.65003055e-04	11
1.59876385e+03	1.00007358e+00	6.64541855e-04	11
1.59878468e+03	1.00208074e+00	6.64060866e-04	11
1.59880552e+03	1.00155519e+00	6.63031493e-04	11
1.59882635e+03	1.00173508e+00	6.61912144e-04	11
1.59884718e+03	1.00127265e+00	6.62193891e-04	11
1.59886802e+03	1.00247816e+00	6.61380224e-04	11
1.59888885e+03	1.00146328e+00	6.61236804e-04	11
1.59890968e+03	9.99333735e-01	6.59397942e-04	11
1.59893052e+03	1.00268319e+00	6.58505475e-04	11
1.59895135e+03	1.00143863e+00	6.57389641e-04	11
1.59897218e+03	1.00223235e+00	6.56182049e-04	11
1.59899302e+03	1.00089226e+00	6.54534233e-04	11
1.59901385e+03	1.00179807e+00	6.53501747e-04	11
1.59903468e+03	1.00221589e+00	6.52225979e-04	11
1.59905552e+03	1.00065848e+00	6.50727830e-04	11
1.59907635e+03	9.99095413e-01	6.49298276e-04	11
1.59909718e+03	9.99481678e-01	6.48173102e-04	11
1.59911802e+03	1.00039752e+00	6.47577815e-04	11
1.59913885e+03	1.00170907e+00	6.46466974e-04	11
1.59915968e+03	9.99465889e-01	6.45333193e-04	11
1.59918052e+03	9.97949714e-01	6.44016686e-04	11
1.59920135e+03	1.00003011e+00	6.43330998e-04	11
1.59922218e+03	9.99693078e-01	6.42963340e-04	11
1.59924302e+03	9.99445049e-01	6.41915433e-04	11
1.59926385e+03	1.00041737e+00	6.41721545e-04	11
1.59928468e+03	9.99113402e-01	6.40522607e-04	11
1.59930552e+03	9.99850744e-01	6.39723089e-04	11
1.59932635e+03	9.99373962e-01	6.38391979e-04	11
1.59934718e+03	9.98759796e-01	6.36625845e-04	11
1.59936802e+03	9.95720242e-01	6.35061681e-04	11
1.59938885e+03	9.97887383e-01	6.34411702e-04	11
1.59940968e+03	9.98640684e-01	6.33371170e-04	11
1.59943052e+03	9.99482162e-01	6.33105475e-04	11
1.59945135e+03	9.97179029e-01	6.32256442e-04	11
1.59947218e+03	9.97871147e-01	6.32295719e-04	11
1.59949302e+03	1.00089024e+00	6.32615210e-04	11
1.59951385e+03	1.00007150e+00	6.32418120e-04	11
1.59953468e+03	9.98849623e-01	6.31851589e-04	11
1.59955552e+03	9.98448606e-01	6.32402436e-04	11
1.59957635e+03	9.99527780e-01	6.32120798e-04	11
1.59959718e+03	9.99522924e-01	6.32177530e-04	11
1.59961802e+03	9.99622526e-01	6.32022369e-04	11
1.59963885e+03	1.00082581e+00	6.32571604e-04	11
1.59965968e+03	9.99801918e-01	6.33162859e-04	11
1.59968052e+03	1.00001125e+00	6.33003788e-04	11
1.59970135e+03	9.97903002e-01	6.32681257e-04	11
1.59972218e+03	1.00044546e+00	6.32934422e-04	11
1.59974302e+03	9.99619842e-01	6.32157683e-04	11
1.59976385e+03	1.00085138e+00	6.32002459e-04	11
1.59978468e+03	9.98662257e-01	6.31615667e-04	11
1.59980552e+03	1.00087848e+00	6.31124909e-04	11
1.59982635e+03	9.99172116e-01	6.30625084e-04	11
1.59984718e+03	1.00040427e+00	6.30538806e-04	11
1.59986802e+03	1.00070285e+00	6.29808104e-04	11
1.59988885e+03	9.98022475e-01	6.29955957e-04	11
1.59990968e+03	1.00055337e+00	6.29705826e-04	11
1.59993052e+03	9.98433249e-01	6.29227421e-04	11
1.60007635e+03	9.99151099e-01	6.26406237e-04	11
1.60011802e+03	9.99890567e-01	6.26069725e-04	11
1.60013885e+03	1.00053741e+00	6.25626953e-04	11
1.60020135e+03	9.98460036e-01	6.24141334e-04	11
1.60024302e+03	9.99242410e-01	6.24148647e-04	11
1.60028468e+03	1.00078454e+00	6.23720790e-04	11
1.60030552e+03	1.00208533e+00	6.23233455e-04	11
1.60032635e+03	1.00018007e+00	6.22633742e-04	11
1.60034718e+03	1.00165584e+00	6.22134452e-04	11
1.60036802e+03	9.99045653e-01	6.21268024e-04	11
1.60038885e+03	9.98545797e-01	6.20843805e-04	11
1.60043052e+03	9.99867188e-01	6.20418561e-04	11
1.60045135e+03	1.00198844e+00	6.20601054e-04	11
1.60047218e+03	9.99196349e-01	6.19861145e-04	11
1.60049302e+03	1.00032700e+00	6.19806032e-04	11
1.60051385e+03	1.00012572e+00	6.19710744e-04	11
1.60053468e+03	9.96956758e-01	6.19474499e-04	11
1.60057635e+03	9.98508411e-01	6.19583125e-04	11
1.60059718e+03	1.00145214e+00	6.19876052e-04	11
1.60061802e+03	1.00070483e+00	6.20179224e-04	11
1.60063885e+03	1.00083232e+00	6.20040977e-04	11
1.60065968e+03	1.00032428e+00	6.19904033e-04	11
1.60068052e+03	1.00040098e+00	6.20311175e-04	11
1.60070135e+03	1.00150484e+00	6.20371313e-04	11
1.60072218e+03	1.00056056e+00	6.20522250e-04	11
1.60074302e+03	9.99510800e-01	6.20308132e-04	11
1.60078468e+03	1.00175491e+00	6.20123463e-04	11
1.60080552e+03	1.00111042e+00	6.19928013e-04	11
1.60082635e+03	1.00031095e+00	6.19713829e-04	11
1.60084718e+03	9.99186958e-01	6.19427219e-04	11
1.60086802e+03	9.97514414e-01	6.19301773e-04	11
1.60088885e+03	9.99141497e-01	6.19213141e-04	11
1.60090968e+03	9.98830332e-01	6.18872339e-04	11
1.60093052e+03	9.99215548e-01	6.19020612e-04	11
1.60095135e+03	1.00012009e+00	6.18919681e-04	11
1.60097218e+03	9.98532579e-01	6.18531111e-04	11
1.60099302e+03	1.00067208e+00	6.18294754e-04	11
1.60101385e+03	9.97381758e-01	6.18015291e-04	11
1.60103468e+03	9.99619982e-01	6.18100982e-04	11
1.60105552e+03	9.99016421e-01	6.17671652e-04	11
1.60107635e+03	9.96845958e-01	6.16974861e-04	11
1.60109718e+03	9.98585570e-01	6.17081168e-04	11
1.60111802e+03	9.98564130e-01	6.17063814e-04	11
1.60113885e+03	9.99130859e-01	6.17059036e-04	11
1.60115968e+03	9.97987618e-01	6.16627500e-04	11
1.60118052e+03	9.97447613e-01	6.16356228e-04	11
1.60120135e+03	9.96614423e-01	6.16547388e-04	11
1.60122218e+03	9.95943882e-01	6.16377705e-04	11
1.60124302e+03	9.95914398e-01	6.16567397e-04	11
1.60126385e+03	9.97077940e-01	6.16753050e-04	11
1.60128468e+03	1.00028270e+00	6.16480793e-04	11
1.60130552e+03	9.98164461e-01	6.16585204e-04	11
1.60132635e+03	9.99726279e-01	6.16039600e-04	11
1.60134718e+03	9.96825615e-01	6.15943768e-04	11
1.60136802e+03	9.97570301e-01	6.15296972e-04	11
1.60138885e+03	9.99540707e-01	6.15303649e-04	11
1.60140968e+03	1.00096466e+00	6.15037089e-04	11
1.60143052e+03	9.99232884e-01	6.14743422e-04	11
1.60145135e+03	1.00119458e+00	6.14583538e-04	11
1.60147218e+03	1.00084529e+00	6.14354398e-04	11
1.60149302e+03	9.98955624e-01	6.13959080e-04	11
1.60151385e+03	9.99708223e-01	6.15120988e-04	11
1.60153468e+03	9.98863440e-01	6.13993098e-04	11
1.60155552e+03	9.98775527e-01	6.13698489e-04	11
1.60157635e+03	9.97295983e-01	6.14436443e-04	11
1.60159718e+03	1.00055195e+00	6.14324176e-04	11
1.60161802e+03	9.98351259e-01	6.13829301e-04	11
1.60163885e+03	9.95110346e-01	6.13670446e-04	11
1.60165968e+03	1.00017597e+00	6.14683154e-04	11
1.60168052e+03	9.96725621e-01	6.13741768e-04	11
1.60170135e+03	9.94792995e-01	6.13260988e-04	11
1.60186802e+03	9.93120283e-01	6.11366877e-04	11
1.60188885e+03	9.96768116e-01	6.12412545e-04	11
1.60190968e+03	9.98801842e-01	6.12913616e-04	11
1.60193052e+03	1.00267868e+00	6.13643004e-04	11
1.60195135e+03	1.00124806e+00	6.13781848e-04	11
1.60197218e+03	1.00036567e+00	6.13278187e-04	11
1.60199302e+03	1.00109630e+00	6.13287400e-04	11
1.60201385e+03	9.98693899e-01	6.12788769e-04	11
1.60203468e+03	9.98141767e-01	6.13056408e-04	11
1.60205552e+03	9.99624385e-01	6.12905544e-04	11
1.60207635e+03	1.00063998e+00	6.13040208e-04	11
1.60209718e+03	9.98541247e-01	6.12816973e-04	11
1.60211802e+03	9.99261939e-01	6.12596779e-04	11
1.60213885e+03	1.00022068e+00	6.12648633e-04	11
1.60215968e+03	1.00011796e+00	6.12556279e-04	11
1.60218052e+03	9.99823610e-01	6.12483329e-04	11
1.60220135e+03	9.99053649e-01	6.12423987e-04	11
1.60222218e+03	1.00131476e+00	6.12415365e-04	11
1.60224302e+03	1.00049011e+00	6.12458493e-04	11
1.60226385e+03	9.99448162e-01	6.12073379e-04	11
1.60228468e+03	9.99252087e-01	6.12608922e-04	11
1.60230552e+03	1.00125216e+00	6.12466087e-04	11
1.60232635e+03	1.00126738e+00	6.12483047e-04	11
1.60234718e+03	9.99035662e-01	6.11825091e-04	11
1.60236801e+03	9.98981950e-01	6.12298496e-04	11
1.60238885e+03	1.00071806e+00	6.12260798e-04	11
1.60240968e+03	1.00068906e+00	6.12026777e-04	11
1.60243051e+03	9.97907055e-01	6.11818538e-04	11
1.60245135e+03	1.00083485e+00	6.11817227e-04	11
1.60247218e+03	1.00116650e+00	6.12332062e-04	11
1.60249301e+03	1.00229129e+00	6.12225394e-04	11
1.60251385e+03	9.99761706e-01	6.11922918e-04	11
1.60253468e+03	9.99523836e-01	6.11906487e-04	11
1.60255551e+03	1.00190178e+00	6.12252295e-04	11
1.60257635e+03	9.99371584e-01	6.11806318e-04	11
1.60259718e+03	9.99419752e-01	6.11683484e-04	11
1.60261801e+03	9.99913506e-01	6.11478215e-04	11
1.60263885e+03	1.00100558e+00	6.12135737e-04	11
1.60265968e+03	1.00198182e+00	6.12092244e-04	11
1.60268051e+03	1.00140808e+00	6.12114858e-04	11
1.60270135e+03	1.00082279e+00	6.11639394e-04	11
1.60272218e+03	1.00004583e+00	6.12276595e-04	11
1.60274301e+03	9.98526213e-01	6.11845093e-04	11
1.60276385e+03	1.00172323e+00	6.12073379e-04	11
1.60278468e+03	9.99884728e-01	6.11536680e-04	11
1.60280551e+03	1.00141700e+00	6.12022766e-04	11
1.60282635e+03	9.99649816e-01	6.12238411e-04	11
1.60284718e+03	1.00060954e+00	6.11475128e-04	11
1.60286801e+03	1.00160340e+00	6.11628664e-04	11
1.60288885e+03	9.98602580e-01	6.11114790e-04	11
1.60290968e+03	1.00054841e+00	6.11594111e-04	11
1.60293051e+03	1.00058879e+00	6.11246740e-04	11
1.60295135e+03	9.99176161e-01	6.11752678e-04	11
1.60297218e+03	1.00021208e+00	6.11230896e-04	11
1.60299301e+03	1.00129141e+00	6.11851122e-04	11
1.60301385e+03	1.00177340e+00	6.11262140e-04	11
1.60303468e+03	1.00118061e+00	6.10905069e-04	11
1.60305551e+03	1.00116934e+00	6.10695841e-04	11
1.60311801e+03	1.00012426e+00	6.10636710e-04	11
1.60313885e+03	1.00055187e+00	6.10703477e-04	11
1.60315968e+03	1.00031891e+00	6.10606465e-04	11
1.60318051e+03	9.99663597e-01	6.10850461e-04	11
1.60320135e+03	1.00187068e+00	6.10766985e-04	11
1.60322218e+03	1.00219422e+00	6.10672286e-04	11
1.60324301e+03	1.00133186e+00	6.10734929e-04	11
1.60326385e+03	1.00082202e+00	6.10603859e-04	11
1.60328468e+03	1.00025465e+00	6.10514044e-04	11
1.60330551e+03	1.00049997e+00	6.10672630e-04	11
1.60332635e+03	1.00117208e+00	6.11126660e-04	11
1.60334718e+03	1.00075830e+00	6.10643760e-04	11
1.60338885e+03	9.99102187e-01	6.10359966e-04	11
1.60340968e+03	1.00102366e+00	6.10711073e-04	11
1.60343051e+03	1.00073727e+00	6.10598807e-04	11
1.60345135e+03	1.00140627e+00	6.10467344e-04	11
1.60347218e+03	9.99470692e-01	6.10255661e-04	11
1.60349301e+03	9.99818421e-01	6.10291038e-04	11
1.60351385e+03	9.99987563e-01	6.10618708e-04	11
1.60353468e+03	9.99586728e-01	6.10569086e-04	11
1.60355551e+03	9.98255676e-01	6.10119008e-04	11
1.60359718e+03	9.98659641e-01	6.10217271e-04	11
1.60361801e+03	9.99687706e-01	6.10329586e-04	11
1.60363885e+03	1.00092804e+00	6.10482096e-04	11
1.60365968e+03	9.98723290e-01	6.10221011e-04	11
1.60368051e+03	1.00119788e+00	6.10452490e-04	11
1.60370134e+03	1.00101372e+00	6.10784397e-04	11
1.60372218e+03	9.99667312e-01	6.10338864e-04	11
1.60374301e+03	9.98169283e-01	6.10355580e-04	11
1.60376384e+03	9.98913302e-01	6.10037374e-04	11
1.60378468e+03	1.00094950e+00	6.10753109e-04	11
1.60380551e+03	1.00103370e+00	6.10428077e-04	11
1.60382634e+03	9.98284249e-01	6.09897718e-04	11
1.60384718e+03	1.00083410e+00	6.10598100e-04	11
1.60386801e+03	1.00137389e+00	6.10783467e-04	11
1.60388884e+03	1.00030216e+00	6.10479873e-04	11
1.60390968e+03	9.99284205e-01	6.10606344e-04	11
1.60393051e+03	1.00000493e+00	6.10279536e-04	11
1.60395134e+03	1.00037882e+00	6.10603151e-04	11
1.60397218e+03	1.00006442e+00	6.10234192e-04	11
1.60399301e+03	1.00032618e+00	6.10406978e-04	11
1.60401384e+03	9.99912584e-01	6.10531240e-04	11
1.60403468e+03	9.99139121e-01	6.10801646e-04	11
1.60405551e+03	9.98728728e-01	6.10404168e-04	11
1.60407634e+03	9.99133692e-01	6.10297547e-04	11
1.60409718e+03	9.98052956e-01	6.09891589e-04	11
1.60411801e+03	9.97774202e-01	6.10023662e-04	11
1.60413884e+03	9.97836433e-01	6.09723858e-04	11
1.60415968e+03	9.96439915e-01	6.09365967e-04	11
1.60418051e+03	9.97490186e-01	6.09598904e-04	11
1.60420134e+03	9.98736670e-01	6.09895069e-04	11
1.60422218e+03	9.97546773e-01	6.09761268e-04	11
1.60424301e+03	9.99769962e-01	6.10060367e-04	11
1.60426384e+03	9.98431732e-01	6.10001477e-04	11
1.60428468e+03	9.98908921e-01	6.10227359e-04	11
1.60430551e+03	1.00085394e+00	6.10499172e-04	11
1.60432634e+03	9.99713774e-01	6.10639053e-04	11
1.60434718e+03	1.00037463e+00	6.10338217e-04	11
1.60436801e+03	9.99303697e-01	6.10420761e-04	11
1.60438884e+03	1.00028975e+00	6.10265385e-04	11
1.60440968e+03	9.98971301e-01	6.10252589e-04	11
1.60443051e+03	1.00169805e+00	6.11350169e-04	11
1.60445134e+03	1.00215889e+00	6.10549022e-04	11
1.60447218e+03	9.99275192e-01	6.10129422e-04	11
1.60449301e+03	1.00105633e+00	6.10622244e-04	11
1.60451384e+03	1.00273331e+00	6.10696265e-04	11
1.60453468e+03	1.00131982e+00	6.10339996e-04	11
1.60455551e+03	1.00044570e+00	6.10782821e-04	11
1.60457634e+03	9.99828878e-01	6.10255399e-04	11
1.60459718e+03	1.00242529e+00	6.11017662e-04	11
1.60461801e+03	1.00098365e+00	6.09992578e-04	11
1.60463884e+03	1.00127411e+00	6.10491755e-04	11
1.60465967e+03	1.00128128e+00	6.10436707e-04	11
1.60468051e+03	1.00202187e+00	6.10252953e-04	11
1.60470134e+03	1.00117352e+00	6.10432806e-04	11
1.60472217e+03	9.98945183e-01	6.09783300e-04	11
1.60474301e+03	1.00009892e+00	6.10488017e-04	11
1.60476384e+03	1.00172519e+00	6.10233161e-04	11
1.60478467e+03	1.00214547e+00	6.10690144e-04	11
1.60480551e+03	9.99512765e-01	6.10295809e-04	11
1.60482634e+03	1.00030616e+00	6.10300903e-04	11
1.60484717e+03	9.99324585e-01	6.09815346e-04	11
1.60486801e+03	1.00158910e+00	6.10678973e-04	11
1.60488884e+03	1.00108071e+00	6.10549507e-04	11
1.60490967e+03	1.00018829e+00	6.10417346e-04	11
1.60493051e+03	1.00032994e+00	6.10460412e-04	11
1.60495134e+03	1.00015603e+00	6.10914823e-04	11
1.60497217e+03	9.99998565e-01	6.10864659e-04	11
1.60499301e+03	1.00150481e+00	6.10697558e-04	11
1.60501384e+03	1.00090333e+00	6.10257036e-04	11
1.60503467e+03	9.99554655e-01	6.10234354e-04	11
1.60505551e+03	1.00169585e+00	6.10548315e-04	11
1.60507634e+03	1.00175975e+00	6.11079098e-04	11
1.60509717e+03	9.99177056e-01	6.09908904e-04	11
1.60511801e+03	1.00118099e+00	6.10483834e-04	11
1.60513884e+03	1.00208867e+00	6.11404994e-04	11
1.60515967e+03	1.00056452e+00	6.10496201e-04	11
1.60518051e+03	1.00001300e+00	6.10130170e-04	11
1.60520134e+03	9.99776778e-01	6.10246827e-04	11
1.60522217e+03	9.99397201e-01	6.10676246e-04	11
1.60524301e+03	1.00178990e+00	6.10686730e-04	11
1.60526384e+03	9.99907134e-01	6.10319944e-04	11
1.60528467e+03	1.00054615e+00	6.10871122e-04	11
1.60530551e+03	1.00045684e+00	6.10327908e-04	11
1.60532634e+03	1.00032453e+00	6.10918256e-04	11
1.60534717e+03	1.00018872e+00	6.10340925e-04	11
1.60536800e+03	9.99393875e-01	6.10060165e-04	11
1.60538884e+03	9.99898020e-01	6.10482904e-04	11
1.60540967e+03	1.00185267e+00	6.10874474e-04	11
1.60543050e+03	9.98843446e-01	6.10114560e-04	11
1.60545134e+03	1.00134955e+00	6.10209891e-04	11
1.60547217e+03	1.00272243e+00	6.10509801e-04	11
1.60549300e+03	1.00058233e+00	6.10095512e-04	11
1.60551384e+03	1.00005064e+00	6.10829841e-04	11
1.60553467e+03	1.00088270e+00	6.10606829e-04	11
1.60555550e+03	1.00227325e+00	6.10348364e-04	11
1.60557634e+03	1.00112493e+00	6.10506184e-04	11
1.60559717e+03	1.00214343e+00	6.10256531e-04	11
1.60561800e+03	1.00200126e+00	6.10469567e-04	11
1.60563884e+03	1.00115966e+00	6.10218463e-04	11
1.60565967e+03	1.00191168e+00	6.10344948e-04	11
1.60568050e+03	1.00169105e+00	6.10177907e-04	11
1.60570134e+03	1.00170022e+00	6.10856359e-04	11
1.60572217e+03	1.00148553e+00	6.10108635e-04	11
1.60574300e+03	1.00013808e+00	6.10181162e-04	11
1.60576384e+03	1.00091586e+00	6.10545607e-04	11
1.60578467e+03	1.00201694e+00	6.10377206e-04	11
1.60580550e+03	1.00022656e+00	6.10044533e-04	11
1.60582634e+03	1.00012038e+00	6.10717577e-04	11
1.60584717e+03	1.00228035e+00	6.10544354e-04	11
1.60586800e+03	1.00062091e+00	6.10522329e-04	11
1.60588884e+03	1.00052646e+00	6.09826250e-04	11
1.60590967e+03	1.00192064e+00	6.10154858e-04	11
1.60593050e+03	1.00029589e+00	6.09964809e-04	11
1.60595134e+03	9.99692477e-01	6.10163046e-04	11
1.60597217e+03	1.00055489e+00	6.09686000e-04	11
1.60599300e+03	1.00066539e+00	6.09651337e-04	11
1.60601383e+03	1.00047414e+00	6.10053754e-04	11
1.60603467e+03	1.00101111e+00	6.10486279e-04	11
1.60605550e+03	1.00049970e+00	6.09621246e-04	11
1.60607633e+03	1.00033316e+00	6.10256976e-04	11
1.60609717e+03	9.99685050e-01	6.09591679e-04	11
1.60611800e+03	1.00005950e+00	6.10080710e-04	11
1.60613883e+03	9.98557226e-01	6.09728511e-04	11
1.60615967e+03	1.00074910e+00	6.10041438e-04	11
1.60618050e+03	9.98777864e-01	6.09928585e-04	11
1.60622217e+03	9.99685097e-01	6.09705789e-04	11
1.60624300e+03	9.98959485e-01	6.09565005e-04	11
1.60626383e+03	9.99326016e-01	6.09685353e-04	11
1.60628467e+03	1.00013423e+00	6.09713660e-04	11
1.60630550e+03	1.00011168e+00	6.09772335e-04	11
1.60632633e+03	9.99088969e-01	6.09816155e-04	11
1.60634717e+03	9.99944803e-01	6.09997634e-04	11
1.60636800e+03	9.99259768e-01	6.09470038e-04	11
1.60638883e+03	9.99006757e-01	6.09637516e-04	11
1.60640967e+03	9.99303628e-01	6.09809924e-04	11
1.60643050e+03	9.99238492e-01	6.09774783e-04	11
1.60645133e+03	9.99622091e-01	6.10001093e-04	11
1.60647217e+03	9.98444524e-01	6.09312537e-04	11
1.60649300e+03	9.94117260e-01	6.08814561e-04	11
1.60668050e+03	9.95563376e-01	6.08922273e-04	11
1.60670133e+03	9.97667012e-01	6.10032601e-04	11
1.60672216e+03	9.96999065e-01	6.10118725e-04	11
1.60674300e+03	9.97767115e-01	6.10152998e-04	11
1.60676383e+03	9.98544622e-01	6.10046656e-04	11
1.60678466e+03	9.97164078e-01	6.09736645e-04	11
1.60680550e+03	9.97607958e-01	6.09810895e-04	11
1.60682633e+03	9.99046464e-01	6.09992154e-04	11
1.60684716e+03	1.00017769e+00	6.10269226e-04	11
1.60686800e+03	1.00087506e+00	6.10128754e-04	11
1.60688883e+03	9.99271320e-01	6.09896100e-04	11
1.60690966e+03	9.99704483e-01	6.09930870e-04	11
1.60693050e+03	9.97820250e-01	6.09628288e-04	11
1.60695133e+03	1.00101181e+00	6.10041014e-04	11
1.60697216e+03	9.98351653e-01	6.09739255e-04	11
1.60699300e+03	9.98525856e-01	6.09653563e-04	11
1.60701383e+03	1.00004909e+00	6.10345817e-04	11
1.60703466e+03	1.00022742e+00	6.10053592e-04	11
1.60705550e+03	9.99452168e-01	6.09843000e-04	11
1.60707633e+03	9.99943462e-01	6.09852387e-04	11
1.60709716e+03	9.96620801e-01	6.09394977e-04	11
1.60711799e+03	9.98788376e-01	6.10028374e-04	11
1.60713883e+03	9.99096019e-01	6.10134456e-04	11
1.60715966e+03	9.98220470e-01	6.09632639e-04	11
1.60718049e+03	9.98041437e-01	6.10078263e-04	11
1.60720133e+03	1.00016263e+00	6.09955324e-04	11
1.60722216e+03	1.00038691e+00	6.09941651e-04	11
1.60724299e+03	9.99179314e-01	6.10164340e-04	11
1.60726383e+03	9.99042954e-01	6.09496393e-04	11
1.60728466e+03	1.00207924e+00	6.10199277e-04	11
1.60730549e+03	9.97897513e-01	6.09571623e-04	11
1.60732633e+03	1.00059410e+00	6.09610014e-04	11
1.60734716e+03	1.00061580e+00	6.09838833e-04	11
1.60736799e+03	1.00025518e+00	6.10107341e-04	11
1.60738883e+03	1.00132375e+00	6.09794529e-04	11
1.60740966e+03	9.99629386e-01	6.09713215e-04	11
1.60743049e+03	1.00085594e+00	6.09784818e-04	11
1.60745133e+03	9.99397937e-01	6.10007504e-04	11
1.60747216e+03	9.99669066e-01	6.09969744e-04	11
1.60749299e+03	9.98987110e-01	6.10182881e-04	11
1.60751382e+03	9.98358448e-01	6.09766104e-04	11
1.60753466e+03	9.97411565e-01	6.09521511e-04	11
1.60755549e+03	1.00071137e+00	6.10457906e-04	11
1.60757632e+03	1.00085621e+00	6.10220910e-04	11
1.60759716e+03	1.00006186e+00	6.09566786e-04	11
1.60761799e+03	1.00171262e+00	6.09936170e-04	11
1.60763882e+03	1.00220162e+00	6.10339571e-04	11
1.60765966e+03	1.00169272e+00	6.09928261e-04	11
1.60768049e+03	9.99564636e-01	6.09477305e-04	11
1.60770132e+03	9.99459320e-01	6.09524446e-04	11
1.60772216e+03	1.00177926e+00	6.10002124e-04	11
1.60774299e+03	1.00009824e+00	6.09694559e-04	11
1.60776382e+03	1.00082025e+00	6.09664470e-04	11
1.60778466e+03	1.00027770e+00	6.09858900e-04	11
1.60780549e+03	1.00042004e+00	6.09573951e-04	11
1.60782632e+03	1.00195313e+00	6.09922133e-04	11
1.60784716e+03	9.99673568e-01	6.09122287e-04	11
1.60786799e+03	9.99348116e-01	6.09386799e-04	11
1.60788882e+03	1.00039260e+00	6.09708237e-04	11
1.60790966e+03	1.00231757e+00	6.09971322e-04	11
1.60793049e+03	1.00043119e+00	6.09784494e-04	11
1.60795132e+03	1.00014784e+00	6.09643809e-04	11
1.60797215e+03	9.99130140e-01	6.09877329e-04	11
1.60799299e+03	1.00279492e+00	6.10069649e-04	11
1.60801382e+03	1.00289841e+00	6.09679120e-04	11
1.60803465e+03	1.00135872e+00	6.09335699e-04	11
1.60805549e+03	1.00003517e+00	6.09777211e-04	11
1.60807632e+03	1.00061819e+00	6.09688489e-04	11
1.60809715e+03	1.00092999e+00	6.09835030e-04	11
1.60811799e+03	1.00128572e+00	6.09867356e-04	11
1.60813882e+03	1.00035422e+00	6.09859973e-04	11
1.60815965e+03	1.00198636e+00	6.09937161e-04	11
1.60818049e+03	1.00142467e+00	6.09762684e-04	11
1.60820132e+03	1.00224521e+00	6.09598520e-04	11
1.60822215e+03	1.00211738e+00	6.10102569e-04	11
1.60824299e+03	1.00195136e+00	6.09973971e-04	11
1.60826382e+03	1.00004880e+00	6.09573850e-04	11
1.60828465e+03	1.00066548e+00	6.09892843e-04	11
1.60830549e+03	9.97353409e-01	6.09115846e-04	11
1.60832632e+03	1.00093184e+00	6.09893005e-04	11
1.60834715e+03	9.99860052e-01	6.09954616e-04	11
1.60836798e+03	1.00161394e+00	6.10215330e-04	11
1.60838882e+03	9.98506562e-01	6.09524547e-04	11
1.60840965e+03	9.99033023e-01	6.09319441e-04	11
1.60843048e+03	1.00162224e+00	6.09962746e-04	11
1.60845132e+03	1.00092668e+00	6.09783179e-04	11
1.60847215e+03	9.99216888e-01	6.09591254e-04	11
1.60849298e+03	9.98998899e-01	6.09509407e-04	11
1.60851382e+03	1.00074482e+00	6.10020083e-04	11
1.60853465e+03	1.00090325e+00	6.09804725e-04	11
1.60855548e+03	1.00110969e+00	6.10005926e-04	11
1.60857632e+03	9.99271842e-01	6.09629158e-04	11
1.60859715e+03	1.00093569e+00	6.09862481e-04	11
1.60861798e+03	1.00190055e+00	6.09723575e-04	11
1.60863882e+03	1.00125645e+00	6.09667404e-04	11
1.60865965e+03	1.00098561e+00	6.09713013e-04	11
1.60868048e+03	1.00072820e+00	6.09508659e-04	11
1.60870131e+03	1.00089392e+00	6.09669407e-04	11
1.60872215e+03	9.98559382e-01	6.09284231e-04	11
1.60874298e+03	9.99345580e-01	6.09658885e-04	11
1.60876381e+03	1.00100426e+00	6.09725092e-04	11
1.60878465e+03	9.99739832e-01	6.09693871e-04	11
1.60880548e+03	1.00170183e+00	6.09814314e-04	11
1.60882631e+03	9.99762669e-01	6.09419594e-04	11
1.60884715e+03	9.99372466e-01	6.09391030e-04	11
1.60886798e+03	9.99165350e-01	6.09465221e-04	11
1.60888881e+03	9.99782864e-01	6.09233366e-04	11
1.60890965e+03	1.00042077e+00	6.09632902e-04	11
1.60893048e+03	9.97500937e-01	6.08729205e-04	11
1.60895131e+03	9.96481131e-01	6.09003956e-04	11
1.60897215e+03	9.96760050e-01	6.08871519e-04	11
1.60899298e+03	9.97708923e-01	6.08481459e-04	11
1.60901381e+03	9.98317859e-01	6.08656323e-04	11
1.60903464e+03	9.98364524e-01	6.08788968e-04	11
1.60905548e+03	9.96722508e-01	6.08598331e-04	11
1.60907631e+03	9.98450684e-01	6.09031019e-04	11
1.60909714e+03	9.97881923e-01	6.09776685e-04	11
1.60911798e+03	1.00150985e+00	6.10054846e-04	11
1.60913881e+03	9.98654293e-01	6.09454857e-04	11
1.60915964e+03	1.00069077e+00	6.09836001e-04	11
1.60918048e+03	9.99667436e-01	6.09507626e-04	11
1.60920131e+03	9.98329967e-01	6.09073272e-04	11
1.60922214e+03	9.99635514e-01	6.09515864e-04	11
1.60924298e+03	1.00033422e+00	6.09774297e-04	11
1.60926381e+03	9.99253970e-01	6.09008615e-04	11
1.60928464e+03	9.97589187e-01	6.09233468e-04	11
1.60930547e+03	9.97209975e-01	6.08965769e-04	11
1.60932631e+03	1.00107688e+00	6.10507760e-04	11
1.60934714e+03	1.00227751e+00	6.09789309e-04	11
1.60936797e+03	9.99784863e-01	6.09849777e-04	11
1.60938881e+03	9.99564136e-01	6.09207001e-04	11
1.60940964e+03	9.97963209e-01	6.09035840e-04	11
1.60943047e+03	9.99593385e-01	6.09989059e-04	11
1.60945131e+03	9.98209674e-01	6.09792465e-04	11
1.60947214e+03	1.00057854e+00	6.09784009e-04	11
1.60949297e+03	1.00107402e+00	6.09771303e-04	11
1.60951381e+03	9.98622657e-01	6.09430930e-04	11
1.60953464e+03	9.98803783e-01	6.09694033e-04	11
1.60955547e+03	9.98315612e-01	6.09183469e-04	11
1.60957630e+03	1.00046947e+00	6.09582633e-04	11
1.60959714e+03	1.00272302e+00	6.09915417e-04	11
1.60961797e+03	1.00060307e+00	6.09692940e-04	11
1.60963880e+03	1.00098656e+00	6.09487932e-04	11
1.60965964e+03	9.98887712e-01	6.09141446e-04	11
1.60968047e+03	9.99550324e-01	6.09836709e-04	11
1.61080545e+03	1.00039828e+00	6.84746466e-04	11
1.61082629e+03	1.00054148e+00	6.94814738e-04	11
1.61084712e+03	1.00172407e+00	7.03749117e-04	11
1.61086795e+03	1.00077601e+00	7.11891140e-04	11
1.61088878e+03	9.98690388e-01	7.19391917e-04	11
1.61090962e+03	9.98233702e-01	7.26353730e-04	11
1.61093045e+03	9.97676926e-01	7.33160404e-04	11
1.61095128e+03	9.99851599e-01	7.40759385e-04	11
1.61097212e+03	9.98517134e-01	7.48667780e-04	11
1.61099295e+03	9.95388062e-01	7.58126796e-04	11
1.61101378e+03	1.00040359e+00	7.69390095e-04	11
1.61103462e+03	9.99816692e-01	7.80000780e-04	11
1.61105545e+03	1.00106663e+00	7.90287083e-04	11
1.61107628e+03	9.98206723e-01	7.98379267e-04	11
1.61109711e+03	9.97371493e-01	8.05153285e-04	11
1.61111795e+03	1.00092863e+00	8.11705290e-04	11
1.61113878e+03	9.96462565e-01	8.16587733e-04	11
1.61115961e+03	9.97980064e-01	8.20804218e-04	11
1.61120128e+03	1.00074805e+00	8.28327046e-04	11
1.61122211e+03	1.00021465e+00	8.32057409e-04	11
1.61124295e+03	9.98653003e-01	8.32402920e-04	11
1.61126378e+03	9.99835231e-01	8.32743963e-04	11
1.61128461e+03	9.91831002e-01	8.32093675e-04	11
1.61145128e+03	9.95876746e-01	8.39993592e-04	11
1.61149294e+03	1.00065174e+00	8.43549241e-04	11
1.61151378e+03	1.00060887e+00	8.44351615e-04	11
1.61153461e+03	1.00120580e+00	8.44259327e-04	11
1.61155544e+03	1.00168548e+00	8.42845230e-04	11
1.61157627e+03	1.00140353e+00	8.39754047e-04	11
1.61159711e+03	1.00149459e+00	8.35847374e-04	11
1.61161794e+03	9.99994940e-01	8.30313670e-04	11
1.61163877e+03	1.00170880e+00	8.25276647e-04	11
1.61165961e+03	1.00051219e+00	8.20495352e-04	11
1.61168044e+03	1.00238851e+00	8.16328081e-04	11
1.61170127e+03	1.00034558e+00	8.12952346e-04	11
1.61172211e+03	1.00088207e+00	8.10331393e-04	11
1.61174294e+03	1.00210341e+00	8.07962069e-04	11
1.61186794e+03	1.00125266e+00	7.99577245e-04	11
1.61188877e+03	1.00163357e+00	7.96872859e-04	11
1.61197210e+03	1.00157327e+00	7.79732869e-04	11
1.61199294e+03	1.00037800e+00	7.74368273e-04	11
1.61201377e+03	9.99413339e-01	7.70093782e-04	11
1.61203460e+03	1.00143353e+00	7.65207040e-04	11
1.61205544e+03	1.00193237e+00	7.60798747e-04	11
1.61207627e+03	9.99482688e-01	7.56800031e-04	11
1.61209710e+03	9.98261909e-01	7.53308868e-04	11
1.61211793e+03	1.00040285e+00	7.50502924e-04	11
1.61220127e+03	1.00212108e+00	7.39318061e-04	11
1.61222210e+03	9.99986733e-01	7.35922505e-04	11
1.61226377e+03	9.97783647e-01	7.28168396e-04	11
1.61228460e+03	1.00156209e+00	7.25010543e-04	11
1.61230543e+03	1.00116272e+00	7.20540214e-04	11
1.61232627e+03	9.98186378e-01	7.15683867e-04	11
1.61234710e+03	9.99740270e-01	7.12403944e-04	11
1.61236793e+03	1.00228471e+00	7.08933115e-04	11
1.61238876e+03	9.99942714e-01	7.06269141e-04	11
1.61240960e+03	1.00012909e+00	7.03545143e-04	11
1.61243043e+03	9.98242796e-01	7.01821047e-04	11
1.61249293e+03	9.96688742e-01	6.98394037e-04	11
1.61251376e+03	9.99093746e-01	6.97925807e-04	11
1.61253460e+03	9.99532031e-01	6.97137636e-04	11
1.61255543e+03	1.00056249e+00	6.97402286e-04	11
1.61257626e+03	1.00033636e+00	6.96753627e-04	11
1.61259710e+03	1.00055481e+00	6.96341343e-04	11
1.61261793e+03	9.99743342e-01	6.96061224e-04	11
1.61263876e+03	1.00181800e+00	6.95589899e-04	11
1.61265959e+03	9.99771887e-01	6.94764630e-04	11
1.61268043e+03	1.00070132e+00	6.93383026e-04	11
1.61270126e+03	1.00180855e+00	6.92772238e-04	11
1.61272209e+03	1.00338091e+00	6.91847039e-04	11
1.61274293e+03	9.99615984e-01	6.90692156e-04	11
1.61276376e+03	1.00031719e+00	6.89100118e-04	11
1.61278459e+03	1.00178357e+00	6.88982237e-04	11
1.61280543e+03	1.00203658e+00	6.87671722e-04	11
1.61282626e+03	1.00084264e+00	6.86395334e-04	11
1.61284709e+03	9.98725134e-01	6.85141238e-04	11
1.61286793e+03	9.99715877e-01	6.84122558e-04	11
1.61288876e+03	1.00097456e+00	6.82787972e-04	11
1.61290959e+03	9.99807205e-01	6.81080850e-04	11
1.61293043e+03	9.99786302e-01	6.79350844e-04	11
1.61295126e+03	1.00163452e+00	6.77700673e-04	11
1.61297209e+03	1.00122084e+00	6.75986727e-04	11
1.61299292e+03	1.00107379e+00	6.74094292e-04	11
1.61301376e+03	1.00028082e+00	6.71778651e-04	11
1.61303459e+03	1.00032562e+00	6.70259196e-04	11
1.61305542e+03	1.00164335e+00	6.68569204e-04	11
1.61307626e+03	1.00114542e+00	6.66870970e-04	11
1.61309709e+03	1.00043623e+00	6.65669310e-04	11
1.61311792e+03	1.00040748e+00	6.63366103e-04	11
1.61313876e+03	9.98900938e-01	6.62301192e-04	11
1.61315959e+03	1.00013811e+00	6.61960750e-04	11
1.61318042e+03	9.98305593e-01	6.60875690e-04	11
1.61320126e+03	9.99281436e-01	6.60745007e-04	11
1.61322209e+03	1.00088093e+00	6.59910485e-04	11
1.61324292e+03	9.99263601e-01	6.57957226e-04	11
1.61326375e+03	9.99348489e-01	6.56919867e-04	11
1.61328459e+03	9.98976906e-01	6.55733534e-04	11
1.61330542e+03	1.00002440e+00	6.54283429e-04	11
1.61332625e+03	9.98244859e-01	6.52473829e-04	11
1.61334709e+03	9.98985209e-01	6.50704586e-04	11
1.61336792e+03	9.98597951e-01	6.49201482e-04	11
1.61338875e+03	9.97652562e-01	6.47581968e-04	11
1.61340959e+03	9.99516726e-01	6.46489912e-04	11
1.61343042e+03	1.00002482e+00	6.45583231e-04	11
1.61345125e+03	9.98290038e-01	6.43974733e-04	11
1.61347209e+03	1.00114590e+00	6.43346837e-04	11
1.61349292e+03	9.98654385e-01	6.42822220e-04	11
1.61351375e+03	9.99962650e-01	6.42460435e-04	11
1.61353458e+03	9.99845971e-01	6.42272724e-04	11
1.61355542e+03	9.99133910e-01	6.41850202e-04	11
1.61357625e+03	1.00002868e+00	6.41873362e-04	11
1.61359708e+03	9.98559837e-01	6.41499734e-04	11
1.61361792e+03	9.99034657e-01	6.41250854e-04	11
1.61363875e+03	1.00150661e+00	6.41444576e-04	11
1.61365958e+03	9.98188727e-01	6.40925293e-04	11
1.61368042e+03	9.97814128e-01	6.40339029e-04	11
1.61370125e+03	9.99557373e-01	6.40122250e-04	11
1.61372208e+03	9.98591358e-01	6.39396866e-04	11
1.61374292e+03	9.95755676e-01	6.38390239e-04	11
1.61376375e+03	9.94964283e-01	6.37950507e-04	11
1.61378458e+03	9.95718323e-01	6.37718872e-04	11
1.61380541e+03	9.96018869e-01	6.37678904e-04	11
1.61382625e+03	9.99194768e-01	6.37944010e-04	11
1.61384708e+03	9.97914369e-01	6.38131486e-04	11
1.61386791e+03	1.00078571e+00	6.38460423e-04	11
1.61388875e+03	9.99316327e-01	6.38036208e-04	11
1.61390958e+03	9.98912707e-01	6.37808859e-04	11
1.61393041e+03	9.97018515e-01	6.37101483e-04	11
1.61397208e+03	1.00108140e+00	6.36456863e-04	11
1.61399291e+03	1.00169717e+00	6.35972227e-04	11
1.61403458e+03	9.98379890e-01	6.33903590e-04	11
1.61405541e+03	9.99816145e-01	6.33656107e-04	11
1.61407624e+03	1.00024018e+00	6.33408099e-04	11
1.61409708e+03	9.98274256e-01	6.32518613e-04	11
1.61411791e+03	9.98869080e-01	6.32117871e-04	11
1.61413874e+03	9.98058210e-01	6.31634281e-04	11
1.61415958e+03	9.99848513e-01	6.31449115e-04	11
1.61418041e+03	1.00033207e+00	6.31579336e-04	11
1.61420124e+03	9.98572118e-01	6.30992463e-04	11
1.61422208e+03	9.98960656e-01	6.30931733e-04	11
1.61424291e+03	9.99597195e-01	6.31222306e-04	11
1.61426374e+03	9.96687538e-01	6.30207164e-04	11
1.61428458e+03	9.97819262e-01	6.29496439e-04	11
1.61430541e+03	9.99759348e-01	6.29744381e-04	11
1.61432624e+03	9.97853493e-01	6.28379490e-04	11
1.61434707e+03	9.99353019e-01	6.28363705e-04	11
1.61436791e+03	9.98834248e-01	6.26988824e-04	11
1.61438874e+03	9.99533574e-01	6.26622248e-04	11
1.61440957e+03	9.98911919e-01	6.25813310e-04	11
1.61443041e+03	9.97923195e-01	6.24979026e-04	11
1.61445124e+03	9.98157615e-01	6.24658394e-04	11
1.61447207e+03	9.99382307e-01	6.24543362e-04	11
1.61449291e+03	9.99752116e-01	6.24384190e-04	11
1.61451374e+03	9.99303505e-01	6.24292268e-04	11
1.61453457e+03	1.00083357e+00	6.24283138e-04	11
1.61455541e+03	1.00104109e+00	6.24057757e-04	11
1.61457624e+03	1.00124996e+00	6.24511519e-04	11
1.61459707e+03	9.99397595e-01	6.23470551e-04	11
1.61461790e+03	1.00019201e+00	6.23730066e-04	11
1.61463874e+03	1.00153232e+00	6.24364175e-04	11
1.61465957e+03	9.99566383e-01	6.23397829e-04	11
1.61468040e+03	9.99838877e-01	6.23491486e-04	11
1.61470124e+03	9.98664307e-01	6.23664713e-04	11
1.61472207e+03	1.00043740e+00	6.23361712e-04	11
1.61474290e+03	1.00066071e+00	6.23230744e-04	11
1.61476374e+03	9.99706642e-01	6.23002408e-04	11
1.61478457e+03	1.00044490e+00	6.22677450e-04	11
1.61480540e+03	1.00119258e+00	6.22837593e-04	11
1.61482624e+03	9.99182395e-01	6.22225563e-04	11
1.61484707e+03	1.00023044e+00	6.22686128e-04	11
1.61486790e+03	1.00049656e+00	6.22942642e-04	11
1.61488873e+03	9.99925897e-01	6.23103390e-04	11
1.61490957e+03	9.99526322e-01	6.23706964e-04	11
1.61493040e+03	1.00084976e+00	6.22714538e-04	11
1.61495123e+03	1.00120920e+00	6.23047377e-04	11
1.61497207e+03	1.00081251e+00	6.23408416e-04	11
1.61499290e+03	1.00068672e+00	6.22227625e-04	11
1.61501373e+03	9.99974993e-01	6.22327266e-04	11
1.61503457e+03	1.00162313e+00	6.22597997e-04	11
1.61505540e+03	1.00052609e+00	6.21708999e-04	11
1.61507623e+03	1.00054575e+00	6.22020183e-04	11
1.61509707e+03	1.00001523e+00	6.21387177e-04	11
1.61511790e+03	1.00048601e+00	6.21731600e-04	11
1.61513873e+03	9.99913235e-01	6.21160308e-04	11
1.61515956e+03	9.98929551e-01	6.21004600e-04	11
1.61518040e+03	1.00036104e+00	6.20635264e-04	11
1.61520123e+03	1.00233093e+00	6.21707967e-04	11
1.61522206e+03	9.98746797e-01	6.20736036e-04	11
1.61524290e+03	1.00005883e+00	6.21104874e-04	11
1.61526373e+03	1.00070224e+00	6.20567418e-04	11
1.61528456e+03	1.00038039e+00	6.20131540e-04	11
1.61530540e+03	1.00036508e+00	6.19522552e-04	11
1.61532623e+03	1.00144399e+00	6.19398519e-04	11
1.61534706e+03	1.00046122e+00	6.19118299e-04	11
1.61536790e+03	1.00003202e+00	6.18762033e-04	11
1.61538873e+03	1.00090301e+00	6.18583764e-04	11
1.61540956e+03	9.99958565e-01	6.18200869e-04	11
1.61543039e+03	1.00095718e+00	6.18253151e-04	11
1.61545123e+03	9.99751195e-01	6.17621597e-04	11
1.61547206e+03	9.99800206e-01	6.18126190e-04	11
1.61549289e+03	9.98562465e-01	6.17383514e-04	11
1.61551373e+03	1.00137507e+00	6.17695199e-04	11
1.61553456e+03	9.99843767e-01	6.17285733e-04	11
1.61555539e+03	1.00020076e+00	6.16933928e-04	11
1.61557623e+03	9.99565126e-01	6.16999315e-04	11
1.61559706e+03	1.00211425e+00	6.17236107e-04	11
1.61561789e+03	1.00000990e+00	6.17229811e-04	11
1.61563873e+03	1.00010396e+00	6.16930929e-04	11
1.61565956e+03	1.00092708e+00	6.17296305e-04	11
1.61568039e+03	1.00037620e+00	6.16502325e-04	11
1.61570122e+03	1.00172890e+00	6.16821816e-04	11
1.61572206e+03	1.00127199e+00	6.16104200e-04	11
1.61574289e+03	1.00081102e+00	6.16087220e-04	11
1.61576372e+03	1.00026439e+00	6.15757751e-04	11
1.61578456e+03	1.00169071e+00	6.15961674e-04	11
1.61580539e+03	1.00053213e+00	6.16166571e-04	11
1.61582622e+03	9.99906500e-01	6.15511631e-04	11
1.61584706e+03	9.99254566e-01	6.15351045e-04	11
1.61586789e+03	9.97744012e-01	6.15949957e-04	11
1.61588872e+03	1.00037143e+00	6.15677325e-04	11
1.61590955e+03	1.00040021e+00	6.16034133e-04	11
1.61593039e+03	9.98870865e-01	6.15417221e-04	11
1.61595122e+03	1.00017380e+00	6.15387933e-04	11
1.61597205e+03	9.99233169e-01	6.15475091e-04	11
1.61599289e+03	1.00132439e+00	6.15837806e-04	11
1.61601372e+03	1.00017629e+00	6.15211232e-04	11
1.61603455e+03	9.97835284e-01	6.15146378e-04	11
1.61605539e+03	9.98607664e-01	6.14628159e-04	11
1.61607622e+03	9.94905316e-01	6.13919213e-04	11
1.61624288e+03	9.91214468e-01	6.12897352e-04	11
1.61626372e+03	9.93916969e-01	6.12508647e-04	11
1.61628455e+03	9.98546763e-01	6.13734009e-04	11
1.61630538e+03	9.98416688e-01	6.13794490e-04	11
1.61632622e+03	1.00004658e+00	6.13815252e-04	11
1.61634705e+03	9.99287978e-01	6.13140477e-04	11
1.61636788e+03	1.00098769e+00	6.13811996e-04	11
1.61638871e+03	1.00013508e+00	6.13440603e-04	11
1.61640955e+03	1.00094849e+00	6.13781466e-04	11
1.61643038e+03	9.98121000e-01	6.13303935e-04	11
1.61645121e+03	9.99457811e-01	6.13586871e-04	11
1.61647205e+03	9.97845998e-01	6.12955923e-04	11
1.61649288e+03	9.99515066e-01	6.13394246e-04	11
1.61651371e+03	9.98628798e-01	6.12833682e-04	11
1.61653455e+03	9.99972321e-01	6.12880041e-04	11
1.61655538e+03	1.00015097e+00	6.13126654e-04	11
1.61657621e+03	9.99434732e-01	6.13235982e-04	11
1.61659705e+03	1.00089007e+00	6.13092588e-04	11
1.61661788e+03	1.00045937e+00	6.12723960e-04	11
1.61663871e+03	1.00023516e+00	6.12860475e-04	11
1.61665954e+03	9.99832139e-01	6.12641424e-04	11
1.61668038e+03	9.99856525e-01	6.12800868e-04	11
1.61670121e+03	9.99793877e-01	6.12471888e-04	11
1.61672204e+03	1.00041911e+00	6.12511144e-04	11
1.61674288e+03	9.99096844e-01	6.12477528e-04	11
1.61676371e+03	1.00215013e+00	6.13049203e-04	11
1.61678454e+03	9.98033883e-01	6.12217797e-04	11
1.61680538e+03	1.00054615e+00	6.12731007e-04	11
1.61682621e+03	1.00061022e+00	6.12577587e-04	11
1.61684704e+03	1.00124856e+00	6.12528506e-04	11
1.61686787e+03	9.99172372e-01	6.12458916e-04	11
1.61688871e+03	9.99436644e-01	6.12775864e-04	11
1.61690954e+03	1.00035033e+00	6.12121307e-04	11
1.61693037e+03	1.00043095e+00	6.12488425e-04	11
1.61695121e+03	9.99516442e-01	6.12163286e-04	11
1.61697204e+03	1.00036291e+00	6.12270187e-04	11
1.61699287e+03	1.00090861e+00	6.12389560e-04	11
1.61701371e+03	1.00147897e+00	6.12660514e-04	11
1.61703454e+03	9.98985842e-01	6.12088838e-04	11
1.61705537e+03	1.00081919e+00	6.12197565e-04	11
1.61709704e+03	1.00094582e+00	6.12197142e-04	11
1.61711787e+03	9.98604871e-01	6.11955416e-04	11
1.61713870e+03	9.99621221e-01	6.12198432e-04	11
1.61715954e+03	1.00008482e+00	6.11723457e-04	11
1.61718037e+03	9.99206625e-01	6.11779217e-04	11
1.61720120e+03	1.00011405e+00	6.12030687e-04	11
1.61722204e+03	9.99000159e-01	6.11303149e-04	11
1.61724287e+03	9.99136296e-01	6.11601433e-04	11
1.61726370e+03	9.99168089e-01	6.11225043e-04	11
1.61728454e+03	1.00096586e+00	6.11651052e-04	11
1.61730537e+03	9.99220312e-01	6.10966456e-04	11
1.61732620e+03	9.99694343e-01	6.11009464e-04	11
1.61734703e+03	1.00114816e+00	6.11126943e-04	11
1.61736787e+03	1.00137358e+00	6.11335519e-04	11
1.61738870e+03	9.99822975e-01	6.11171191e-04	11
1.61740953e+03	1.00020106e+00	6.10693983e-04	11
1.61743037e+03	1.00213396e+00	6.11385260e-04	11
1.61745120e+03	1.00021875e+00	6.10901858e-04	11
1.61747203e+03	9.99623085e-01	6.11368330e-04	11
1.61749287e+03	9.98258246e-01	6.10430199e-04	11
1.61751370e+03	1.00187920e+00	6.10564257e-04	11
1.61753453e+03	9.98800507e-01	6.10542071e-04	11
1.61755537e+03	9.98857964e-01	6.10356550e-04	11
1.61757620e+03	9.98594269e-01	6.10542900e-04	11
1.61759703e+03	9.98746223e-01	6.09908580e-04	11
1.61761786e+03	1.00208444e+00	6.10636609e-04	11
1.61763870e+03	9.99365670e-01	6.10180495e-04	11
1.61765953e+03	1.00025341e+00	6.10041560e-04	11
1.61768036e+03	9.99557790e-01	6.10054785e-04	11
1.61770120e+03	1.00101310e+00	6.10363644e-04	11
1.61772203e+03	9.99796738e-01	6.09744131e-04	11
1.61774286e+03	9.98914199e-01	6.10274280e-04	11
1.61776370e+03	9.99682899e-01	6.09866223e-04	11
1.61778453e+03	9.99639662e-01	6.10103600e-04	11
1.61780536e+03	9.98312560e-01	6.09751192e-04	11
1.61782619e+03	9.99654542e-01	6.10160863e-04	11
1.61784703e+03	9.98061363e-01	6.09939386e-04	11
1.61786786e+03	9.99043691e-01	6.10654508e-04	11
1.61788869e+03	9.98806805e-01	6.10008576e-04	11
1.61790953e+03	9.99641999e-01	6.10140583e-04	11
1.61793036e+03	9.98927205e-01	6.10159629e-04	11
1.61795119e+03	9.98710434e-01	6.10095997e-04	11
1.61797203e+03	9.98480627e-01	6.10275473e-04	11
1.61799286e+03	9.98788507e-01	6.10174753e-04	11
1.61801369e+03	9.99807592e-01	6.10131524e-04	11
1.61803452e+03	1.00066190e+00	6.10276867e-04	11
1.61805536e+03	9.99761799e-01	6.11349564e-04	11
1.61807619e+03	9.99231219e-01	6.10020184e-04	11
1.61809702e+03	9.99166744e-01	6.10111183e-04	11
1.61811786e+03	9.97760781e-01	6.09734763e-04	11
1.61813869e+03	9.99704101e-01	6.10114823e-04	11
1.61815952e+03	9.99225898e-01	6.10101699e-04	11
1.61818036e+03	9.99151745e-01	6.10240156e-04	11
1.61820119e+03	9.99050923e-01	6.09798636e-04	11
1.61822202e+03	9.98709227e-01	6.09937545e-04	11
1.61824285e+03	9.99274973e-01	6.10021539e-04	11
1.61826369e+03	9.97910231e-01	6.10402369e-04	11
1.61828452e+03	1.00123286e+00	6.10234900e-04	11
1.61830535e+03	9.98720640e-01	6.10137449e-04	11
1.61832619e+03	9.98117641e-01	6.10061681e-04	11
1.61834702e+03	9.99463182e-01	6.09829123e-04	11
1.61836785e+03	9.98151584e-01	6.09701398e-04	11
1.61838869e+03	1.00056554e+00	6.09912747e-04	11
1.61840952e+03	1.00041165e+00	6.09892580e-04	11
1.61843035e+03	9.99595303e-01	6.09863937e-04	11
1.61845118e+03	1.00088256e+00	6.09967419e-04	11
1.61847202e+03	9.98261367e-01	6.09669731e-04	11
1.61849285e+03	9.99080957e-01	6.09347624e-04	11
1.61851368e+03	9.97026810e-01	6.09273115e-04	11
1.61853452e+03	9.97364191e-01	6.09110965e-04	11
1.61855535e+03	9.96776309e-01	6.09079166e-04	11
1.61857618e+03	9.97963934e-01	6.08907584e-04	11
1.61859702e+03	9.96913997e-01	6.09101243e-04	11
1.61861785e+03	9.98079684e-01	6.09427894e-04	11
1.61863868e+03	9.98615572e-01	6.09589838e-04	11
1.61865951e+03	9.99483361e-01	6.09809156e-04	11
1.61868035e+03	9.99530329e-01	6.09990960e-04	11
1.61870118e+03	9.99684621e-01	6.09760944e-04	11
1.61872201e+03	1.00040452e+00	6.09795378e-04	11
1.61874285e+03	9.99580731e-01	6.10000890e-04	11
1.61876368e+03	9.98545995e-01	6.09662730e-04	11
1.61878451e+03	9.98675153e-01	6.09546082e-04	11
1.61880535e+03	9.98583826e-01	6.09547155e-04	11
1.61882618e+03	9.99841501e-01	6.10192262e-04	11
1.61884701e+03	9.99668966e-01	6.09516471e-04	11
1.61886784e+03	9.99701056e-01	6.09627641e-04	11
1.61888868e+03	9.99824366e-01	6.09634906e-04	11
1.61890951e+03	9.99119874e-01	6.09524932e-04	11
1.61893034e+03	9.99079125e-01	6.09750424e-04	11
1.61895118e+03	9.99677755e-01	6.09623472e-04	11
1.61897201e+03	1.00000000e+00	6.10760158e-04	11
1.61899284e+03	1.00053294e+00	6.10139612e-04	11
1.61901368e+03	9.99955060e-01	6.09636383e-04	11
1.61903451e+03	9.99426032e-01	6.09721571e-04	11
1.61905534e+03	9.99872661e-01	6.09934936e-04	11
1.61907617e+03	1.00016174e+00	6.10125782e-04	11
1.61909701e+03	1.00099944e+00	6.10043663e-04	11
1.61911784e+03	9.99934382e-01	6.09648747e-04	11
1.61913867e+03	1.00131295e+00	6.10318630e-04	11
1.61915951e+03	9.98393683e-01	6.09896909e-04	11
1.61918034e+03	9.98797020e-01	6.09831510e-04	11
1.61920117e+03	1.00141777e+00	6.09947072e-04	11
1.61922201e+03	1.00083433e+00	6.10040589e-04	11
1.61924284e+03	1.00033399e+00	6.09867093e-04	11
1.61926367e+03	9.98172747e-01	6.09823762e-04	11
1.61928450e+03	1.00006088e+00	6.09936554e-04	11
1.61930534e+03	1.00185957e+00	6.10205565e-04	11
1.61932617e+03	9.98950822e-01	6.09344061e-04	11
1.61934700e+03	1.00009646e+00	6.09960360e-04	11
1.61936784e+03	1.00029410e+00	6.09816540e-04	11
1.61938867e+03	9.99118580e-01	6.09520863e-04	11
1.61940950e+03	1.00082108e+00	6.09923387e-04	11
1.61943034e+03	1.00177080e+00	6.10174530e-04	11
1.61945117e+03	9.99595917e-01	6.09702208e-04	11
1.61947200e+03	9.99734644e-01	6.09632416e-04	11
1.61949283e+03	9.99254807e-01	6.09712567e-04	11
1.61951367e+03	9.98453835e-01	6.09385807e-04	11
1.61953450e+03	9.99361162e-01	6.09787529e-04	11
1.61955533e+03	9.97929788e-01	6.10055433e-04	11
1.61957617e+03	9.99301880e-01	6.10055918e-04	11
1.61959700e+03	9.99134080e-01	6.09817794e-04	11
1.61961783e+03	9.97294001e-01	6.09474046e-04	11
1.61963867e+03	9.98795497e-01	6.09730798e-04	11
1.61965950e+03	9.98649864e-01	6.09506756e-04	11
1.61968033e+03	9.97869016e-01	6.09543471e-04	11
1.61970116e+03	9.97470729e-01	6.09484086e-04	11
1.61972200e+03	9.98369475e-01	6.09599653e-04	11
1.61974283e+03	9.98408542e-01	6.09617016e-04	11
1.61976366e+03	1.00024906e+00	6.09574497e-04	11
1.61978450e+03	9.99782459e-01	6.10054523e-04	11
1.61980533e+03	9.99026332e-01	6.09409998e-04	11
1.61982616e+03	9.99221979e-01	6.09702107e-04	11
1.61984700e+03	1.00133005e+00	6.09991223e-04	11
1.61986783e+03	9.99481222e-01	6.09498943e-04	11
1.61988866e+03	1.00032368e+00	6.09372749e-04	11
1.61990949e+03	9.98986325e-01	6.09747551e-04	11
1.61993033e+03	9.99383286e-01	6.09502262e-04	11
1.61995116e+03	1.00065982e+00	6.09736767e-04	11
1.61997199e+03	9.98356584e-01	6.09126743e-04	11
1.61999283e+03	9.98117662e-01	6.09121740e-04	11
1.62001366e+03	9.99698782e-01	6.09551992e-04	11
1.62003449e+03	9.97616433e-01	6.09147785e-04	11
1.62005533e+03	9.98725393e-01	6.09376919e-04	11
1.62007616e+03	9.96618153e-01	6.09061220e-04	11
1.62009699e+03	9.98801250e-01	6.09564904e-04	11
1.62011782e+03	9.99177227e-01	6.09507566e-04	11
1.62013866e+03	9.98704141e-01	6.09347422e-04	11
1.62015949e+03	9.97104074e-01	6.09072725e-04	11
1.62018032e+03	9.98920849e-01	6.09491778e-04	11
1.62022199e+03	9.99649648e-01	6.09658076e-04	11
1.62024282e+03	1.00009667e+00	6.09249525e-04	11
1.62026365e+03	9.99506390e-01	6.09714793e-04	11
1.62028449e+03	1.00081236e+00	6.09629381e-04	11
1.62030532e+03	9.99349662e-01	6.09436254e-04	11
1.62032615e+03	9.99719793e-01	6.09496069e-04	11
1.62034699e+03	1.00029185e+00	6.09468298e-04	11
1.62036782e+03	1.00147564e+00	6.09850445e-04	11
1.62038865e+03	9.98806179e-01	6.09583281e-04	11
1.62040949e+03	9.97813953e-01	6.09178325e-04	11
1.62043032e+03	9.98664023e-01	6.09863937e-04	11
1.62045115e+03	9.97757484e-01	6.09426659e-04	11
1.62047198e+03	1.00043837e+00	6.09853358e-04	11
1.62049282e+03	9.99541477e-01	6.09632578e-04	11
1.62051365e+03	9.98895000e-01	6.09690452e-04	11
1.62053448e+03	9.99380940e-01	6.10127622e-04	11
1.62055532e+03	1.00140237e+00	6.10035210e-04	11
1.62057615e+03	1.00044761e+00	6.09335051e-04	11
1.62059698e+03	9.98338374e-01	6.09480564e-04	11
1.62061782e+03	9.97920125e-01	6.09346814e-04	11
1.62063865e+03	1.00046843e+00	6.09789431e-04	11
1.62065948e+03	9.99902887e-01	6.09637617e-04	11
1.62068031e+03	9.99634619e-01	6.09674183e-04	11
1.62070115e+03	9.99465568e-01	6.09746842e-04	11
1.62072198e+03	9.98187038e-01	6.10485350e-04	11
1.62074281e+03	9.99128799e-01	6.09622703e-04	11
1.62076365e+03	9.98082441e-01	6.09170771e-04	11
1.62078448e+03	9.98088513e-01	6.09381535e-04	11
1.62080531e+03	9.98186577e-01	6.09492000e-04	11
1.62082614e+03	9.99058290e-01	6.09572433e-04	11
1.62084698e+03	9.95487351e-01	6.09008777e-04	11
1.62086781e+03	9.92505654e-01	6.07974868e-04	11
1.62105531e+03	9.93642092e-01	6.08033325e-04	11
1.62107614e+03	9.99155780e-01	6.09813222e-04	11
1.62109697e+03	9.99085060e-01	6.09577918e-04	11
1.62111781e+03	9.99423551e-01	6.09902330e-04	11
1.62113864e+03	1.00008008e+00	6.09712891e-04	11
1.62115947e+03	9.99843389e-01	6.09652693e-04	11
1.62118031e+03	1.00055461e+00	6.09810895e-04	11
1.62120114e+03	9.98768671e-01	6.09442489e-04	11
1.62122197e+03	9.99564659e-01	6.09834383e-04	11
1.62124280e+03	9.99152255e-01	6.09902168e-04	11
1.62126364e+03	9.99230234e-01	6.09500238e-04	11
1.62128447e+03	1.00149521e+00	6.09777656e-04	11
1.62130530e+03	1.00042312e+00	6.09728896e-04	11
1.62132614e+03	1.00007996e+00	6.09557254e-04	11
1.62134697e+03	1.00055922e+00	6.09747288e-04	11
1.62136780e+03	1.00062829e+00	6.10512529e-04	11
1.62138863e+03	1.00120905e+00	6.09995834e-04	11
1.62140947e+03	9.99704551e-01	6.09800982e-04	11
1.62143030e+03	9.99597939e-01	6.09680476e-04	11
1.62145113e+03	1.00169381e+00	6.09729867e-04	11
1.62147197e+03	1.00154101e+00	6.09602648e-04	11
1.62149280e+03	1.00155285e+00	6.09822346e-04	11
1.62151363e+03	1.00097306e+00	6.09845610e-04	11
1.62153447e+03	1.00176008e+00	6.09626062e-04	11
1.62155530e+03	1.00244695e+00	6.10236476e-04	11
1.62157613e+03	1.00148681e+00	6.09684482e-04	11
1.62159696e+03	1.00034741e+00	6.09843607e-04	11
1.62161780e+03	1.00073413e+00	6.09465322e-04	11
1.62163863e+03	1.00136310e+00	6.09679282e-04	11
1.62165946e+03	1.00181214e+00	6.09901845e-04	11
1.62168030e+03	1.00041737e+00	6.09634966e-04	11
1.62170113e+03	1.00144623e+00	6.09467326e-04	11
1.62172196e+03	1.00316750e+00	6.09891326e-04	11
1.62174279e+03	1.00108731e+00	6.10027828e-04	11
1.62176363e+03	1.00079536e+00	6.09770109e-04	11
1.62178446e+03	1.00020476e+00	6.09660828e-04	11
1.62180529e+03	1.00037251e+00	6.09679282e-04	11
1.62182613e+03	1.00260640e+00	6.10047202e-04	11
1.62184696e+03	1.00119250e+00	6.09507566e-04	11
1.62186779e+03	1.00113690e+00	6.09694033e-04	11
1.62188863e+03	1.00315166e+00	6.09866769e-04	11
1.62190946e+03	1.00141960e+00	6.09698970e-04	11
1.62193029e+03	1.00136366e+00	6.10136680e-04	11
1.62195112e+03	1.00130664e+00	6.09562718e-04	11
1.62197196e+03	1.00090864e+00	6.09738770e-04	11
1.62199279e+03	1.00217624e+00	6.09977673e-04	11
1.62201362e+03	1.00053597e+00	6.09882810e-04	11
1.62203446e+03	9.99651263e-01	6.09358051e-04	11
1.62205529e+03	1.00054706e+00	6.09683127e-04	11
1.62207612e+03	1.00067104e+00	6.09761106e-04	11
1.62209695e+03	1.00027224e+00	6.09879129e-04	11
1.62211779e+03	1.00098819e+00	6.09825926e-04	11
1.62213862e+03	1.00068209e+00	6.10056585e-04	11
1.62215945e+03	1.00153199e+00	6.09689845e-04	11
1.62218029e+03	1.00076997e+00	6.09753297e-04	11
1.62220112e+03	1.00027464e+00	6.09572534e-04	11
1.62222195e+03	9.99882826e-01	6.09489187e-04	11
1.62224278e+03	1.00149469e+00	6.09659533e-04	11
1.62226362e+03	1.00287825e+00	6.10781892e-04	11
1.62228445e+03	1.00179847e+00	6.09855482e-04	11
1.62230528e+03	1.00085851e+00	6.09562516e-04	11
1.62232612e+03	1.00084086e+00	6.09701237e-04	11
1.62234695e+03	1.00058976e+00	6.10041944e-04	11
1.62236778e+03	1.00125923e+00	6.10146548e-04	11
1.62238862e+03	1.00041696e+00	6.10008859e-04	11
1.62240945e+03	1.00038156e+00	6.09447205e-04	11
1.62243028e+03	1.00017944e+00	6.10133749e-04	11
1.62245111e+03	1.00105668e+00	6.09988958e-04	11
1.62247195e+03	9.98929146e-01	6.09760520e-04	11
1.62249278e+03	1.00002721e+00	6.09694620e-04	11
1.62251361e+03	9.99888997e-01	6.09922294e-04	11
1.62253445e+03	1.00195596e+00	6.10159953e-04	11
1.62255528e+03	1.00143983e+00	6.09923265e-04	11
1.62257611e+03	1.00212121e+00	6.10051489e-04	11
1.62259694e+03	1.00257872e+00	6.10503900e-04	11
1.62261778e+03	1.00145816e+00	6.10395053e-04	11
1.62263861e+03	1.00001988e+00	6.09805534e-04	11
1.62265944e+03	9.99485777e-01	6.09575145e-04	11
1.62268028e+03	1.00100093e+00	6.10042854e-04	11
1.62270111e+03	9.99857988e-01	6.09851577e-04	11
1.62272194e+03	9.98764422e-01	6.09768653e-04	11
1.62274277e+03	1.00012380e+00	6.10114661e-04	11
1.62276361e+03	1.00005193e+00	6.09942359e-04	11
1.62278444e+03	1.00180282e+00	6.10291038e-04	11
1.62280527e+03	1.00102276e+00	6.10043623e-04	11
1.62282611e+03	9.98783827e-01	6.09696198e-04	11
1.62284694e+03	9.99286750e-01	6.09726630e-04	11
1.62286777e+03	1.00068769e+00	6.10398145e-04	11
1.62288860e+03	9.98601816e-01	6.09684098e-04	11
1.62290944e+03	9.99256216e-01	6.09460930e-04	11
1.62293027e+03	1.00072864e+00	6.09782855e-04	11
1.62295110e+03	1.00067218e+00	6.09707954e-04	11
1.62297194e+03	1.00044212e+00	6.09625698e-04	11
1.62299277e+03	9.99819701e-01	6.09703523e-04	11
1.62301360e+03	1.00009019e+00	6.09569296e-04	11
1.62303443e+03	1.00197566e+00	6.10069487e-04	11
1.62305527e+03	1.00257025e+00	6.09868489e-04	11
1.62307610e+03	1.00290572e+00	6.10019537e-04	11
1.62309693e+03	1.00044546e+00	6.09669407e-04	11
1.62311777e+03	1.00213493e+00	6.10454390e-04	11
1.62313860e+03	1.00040517e+00	6.09757040e-04	11
1.62315943e+03	1.00116035e+00	6.09630190e-04	11
1.62318026e+03	1.00163292e+00	6.09857262e-04	11
1.62320110e+03	1.00093471e+00	6.09722118e-04	11
1.62322193e+03	1.00123668e+00	6.09703624e-04	11
1.62324276e+03	1.00231537e+00	6.09779659e-04	11
1.62326360e+03	1.00080801e+00	6.09775430e-04	11
1.62328443e+03	9.98485912e-01	6.09588381e-04	11
1.62330526e+03	9.98255021e-01	6.09905910e-04	11
1.62332609e+03	9.99495440e-01	6.09119046e-04	11
1.62334693e+03	9.98393458e-01	6.08902641e-04	11
1.62336776e+03	9.98245231e-01	6.09059053e-04	11
1.62338859e+03	9.99240290e-01	6.08991214e-04	11
1.62340943e+03	9.99593313e-01	6.09268944e-04	11
1.62343026e+03	9.98327023e-01	6.09107056e-04	11
1.62345109e+03	1.00068420e+00	6.09514953e-04	11
1.62347192e+03	1.00024707e+00	6.09569944e-04	11
1.62349276e+03	1.00149202e+00	6.09988190e-04	11
1.62351359e+03	1.00015493e+00	6.09665502e-04	11
1.62353442e+03	9.99191848e-01	6.09765132e-04	11
1.62355526e+03	1.00166176e+00	6.09985581e-04	11
1.62357609e+03	9.99331443e-01	6.09606594e-04	11
1.62359692e+03	1.00005682e+00	6.09756008e-04	11
1.62361775e+03	1.00168576e+00	6.09750039e-04	11
1.62363859e+03	1.00048291e+00	6.09837356e-04	11
1.62365942e+03	9.99222453e-01	6.09648261e-04	11
1.62368025e+03	1.00095161e+00	6.09774560e-04	11
1.62370109e+03	1.00064094e+00	6.09896909e-04	11
1.62372192e+03	9.99469065e-01	6.09443683e-04	11
1.62374275e+03	9.99860467e-01	6.09979614e-04	11
1.62376358e+03	9.99312440e-01	6.09805150e-04	11
1.62378442e+03	9.99664193e-01	6.09764971e-04	11
1.62380525e+03	1.00022079e+00	6.09919361e-04	11
1.62382608e+03	9.98476135e-01	6.09955870e-04	11
1.62384692e+03	9.99776144e-01	6.09892742e-04	11
1.62386775e+03	1.00024701e+00	6.09930264e-04	11
2.30729105e+03	1.00032882e+00	1.29149873e-03	37
2.30729800e+03	1.00051404e+00	1.29095541e-03	37
2.30730494e+03	1.00059428e+00	1.29012748e-03	37
2.30731189e+03	1.00098522e+00	1.28647036e-03	37
2.30731883e+03	1.00174047e+00	1.28613395e-03	37
2.30732577e+03	9.99544012e-01	1.28332398e-03	37
2.30733272e+03	1.00001137e+00	1.28193850e-03	37
2.30733966e+03	9.99416736e-01	1.28019693e-03	37
2.30734661e+03	9.97850685e-01	1.27796989e-03	37
2.30735355e+03	9.97161338e-01	1.27764918e-03	37
2.30736050e+03	1.00120913e+00	1.27622294e-03	37
2.30736744e+03	1.00323469e+00	1.27596886e-03	37
2.30737439e+03	1.00015336e+00	1.27539308e-03	37
2.30738133e+03	1.00116245e+00	1.27427415e-03	37
2.30738828e+03	1.00195916e+00	1.27269493e-03	37
2.30739522e+03	1.00216841e+00	1.27192090e-03	37
2.30740216e+03	9.98090701e-01	1.27031415e-03	37
2.30740911e+03	1.00008874e+00	1.27039296e-03	37
2.30741605e+03	9.98467392e-01	1.26897560e-03	37
2.30742300e+03	9.98984168e-01	1.26896887e-03	37
2.30742994e+03	1.00068117e+00	1.26921047e-03	37
2.30743689e+03	9.99630885e-01	1.26841126e-03	37
2.30744383e+03	1.00380078e+00	1.26980285e-03	37
2.30745078e+03	1.00130159e+00	1.26847220e-03	37
2.30745772e+03	9.98865259e-01	1.26738611e-03	37
2.30746467e+03	1.00086842e+00	1.26854873e-03	37
2.30747161e+03	1.00188261e+00	1.26777175e-03	37
2.30747856e+03	9.99962943e-01	1.26742095e-03	37
2.30748550e+03	1.00151951e+00	1.26788299e-03	37
2.30749244e+03	9.98103851e-01	1.26671493e-03	37
2.30749939e+03	9.99709636e-01	1.26657597e-03	37
2.30750633e+03	9.99009649e-01	1.26707594e-03	37
2.30751328e+03	1.00163098e+00	1.26676899e-03	37
2.30752022e+03	9.97002606e-01	1.26602516e-03	37
2.30752717e+03	9.97427592e-01	1.26681960e-03	37
2.30753411e+03	9.98877401e-01	1.26679157e-03	37
2.30754106e+03	9.97099186e-01	1.26619603e-03	37
2.30754800e+03	1.00129818e+00	1.26725213e-03	37
2.30755495e+03	9.98534662e-01	1.26701430e-03	37
2.30756189e+03	9.98182922e-01	1.26616682e-03	37
2.30757578e+03	1.00006590e+00	1.26723942e-03	37
2.30758272e+03	9.96877355e-01	1.26746603e-03	37
2.30758967e+03	9.99235751e-01	1.26616981e-03	37
2.30759661e+03	9.97763927e-01	1.26607059e-03	37
2.30760356e+03	9.97637670e-01	1.26665181e-03	37
2.30761050e+03	9.97298233e-01	1.26581353e-03	37
2.30761745e+03	9.97050962e-01	1.26644737e-03	37
2.30762439e+03	9.98137995e-01	1.26486470e-03	37
2.30763134e+03	1.00134783e+00	1.26521685e-03	37
2.30763828e+03	1.00165931e+00	1.26520189e-03	37
2.30764523e+03	9.98611837e-01	1.26320713e-03	37
2.30765217e+03	9.98615096e-01	1.26299640e-03	37
2.30765911e+03	9.99082077e-01	1.26123779e-03	37
2.30766606e+03	1.00140976e+00	1.26183880e-03	37
2.30767300e+03	9.98554921e-01	1.26013796e-03	37
2.30767995e+03	9.99332428e-01	1.25893686e-03	37
2.30768689e+03	9.99014505e-01	1.25769533e-03	37
2.30769384e+03	9.98585259e-01	1.25530334e-03	37
2.30770078e+03	1.00064486e+00	1.25461290e-03	37
2.30770773e+03	1.00059181e+00	1.25337282e-03	37
2.30771467e+03	9.97841711e-01	1.25221998e-03	37
2.30772162e+03	9.97098283e-01	1.25080217e-03	37
2.30772856e+03	9.96877409e-01	1.24737707e-03	37
2.30773551e+03	9.98910546e-01	1.24631675e-03	37
2.30774245e+03	9.98190850e-01	1.24449318e-03	37
2.30774939e+03	1.00199314e+00	1.24353560e-03	37
2.30775634e+03	9.98972928e-01	1.24345796e-03	37
2.30776328e+03	1.00367803e+00	1.24232054e-03	37
2.30777023e+03	1.00091370e+00	1.23977131e-03	37
2.30777717e+03	1.00169437e+00	1.23900935e-03	37
2.30778412e+03	9.99379001e-01	1.23706101e-03	37
2.30779106e+03	1.00134532e+00	1.23588158e-03	37
2.30779801e+03	1.00055119e+00	1.23428293e-03	37
2.30780495e+03	9.99413525e-01	1.23362415e-03	37
2.30781190e+03	1.00033313e+00	1.23313064e-03	37
2.30781884e+03	1.00168307e+00	1.23244484e-03	37
2.30782578e+03	9.98958166e-01	1.23112159e-03	37
2.30783273e+03	9.99621384e-01	1.22934637e-03	37
2.30783967e+03	9.99877117e-01	1.22849821e-03	37
2.30784662e+03	1.00229058e+00	1.22912679e-03	37
2.30785356e+03	9.97273855e-01	1.22752212e-03	37
2.30786051e+03	1.00005850e+00	1.22755915e-03	37
2.30786745e+03	1.00133080e+00	1.22767584e-03	37
2.30787440e+03	9.99811673e-01	1.22672972e-03	37
2.30788134e+03	9.99557058e-01	1.22407423e-03	37
2.30788829e+03	9.98918704e-01	1.22200672e-03	37
2.30789523e+03	9.97827024e-01	1.22109738e-03	37
2.30790218e+03	1.00032096e+00	1.22066550e-03	37
2.30790912e+03	9.99361712e-01	1.21937996e-03	37
2.30791606e+03	9.98888806e-01	1.21817044e-03	37
2.30792301e+03	9.99003107e-01	1.21734261e-03	37
2.30792995e+03	1.00036324e+00	1.21700464e-03	37
2.30793690e+03	9.98953561e-01	1.21541496e-03	37
2.30794384e+03	9.99968497e-01	1.21445145e-03	37
2.30795079e+03	9.99466031e-01	1.21314136e-03	37
2.30795773e+03	9.98402501e-01	1.21167631e-03	37
2.30796468e+03	1.00119876e+00	1.21302457e-03	37
2.30797162e+03	1.00102874e+00	1.21061066e-03	37
2.30797857e+03	9.99487039e-01	1.20898861e-03	37
2.30798551e+03	9.97522954e-01	1.20720399e-03	37
2.30799246e+03	9.98459360e-01	1.20636876e-03	37
2.30799940e+03	1.00014606e+00	1.20629702e-03	37
2.30800634e+03	1.00001318e+00	1.20411688e-03	37
2.30801329e+03	9.99432807e-01	1.20479350e-03	37
2.30802023e+03	1.00158932e+00	1.20316531e-03	37
2.30802718e+03	9.98787893e-01	1.20165021e-03	37
2.30803412e+03	1.00037943e+00	1.20040289e-03	37
2.30804107e+03	1.00079606e+00	1.19894509e-03	37
2.30804801e+03	9.97941590e-01	1.19711267e-03	37
2.30805496e+03	1.00103194e+00	1.19719386e-03	37
2.30806190e+03	1.00006259e+00	1.19583611e-03	37
2.30806885e+03	9.99043938e-01	1.19316995e-03	37
2.30807579e+03	9.99964006e-01	1.19266714e-03	37
2.30808273e+03	1.00116079e+00	1.19165108e-03	37
2.30808968e+03	9.98381982e-01	1.18974260e-03	37
2.30809662e+03	1.00006379e+00	1.18846008e-03	37
2.30810357e+03	1.00054173e+00	1.18828277e-03	37
2.30811051e+03	1.00065153e+00	1.18611399e-03	37
2.30811746e+03	1.00292144e+00	1.18511905e-03	37
2.30812440e+03	1.00060406e+00	1.18357939e-03	37
2.30813135e+03	1.00241187e+00	1.18230135e-03	37
2.30813829e+03	1.00030046e+00	1.18085388e-03	37
2.30814524e+03	9.99263141e-01	1.17924283e-03	37
2.30815218e+03	9.98683850e-01	1.17712238e-03	37
2.30815913e+03	1.00166451e+00	1.17717473e-03	37
2.30816607e+03	1.00249350e+00	1.17526979e-03	37
2.30817301e+03	1.00105108e+00	1.17361469e-03	37
2.30817996e+03	1.00076174e+00	1.17281956e-03	37
2.30818690e+03	1.00172837e+00	1.17262827e-03	37
2.30819385e+03	1.00038706e+00	1.17099746e-03	37
2.30820079e+03	9.99359527e-01	1.17093934e-03	37
2.30820774e+03	1.00316669e+00	1.16981509e-03	37
2.30821468e+03	1.00189542e+00	1.16848470e-03	37
2.30822163e+03	1.00094961e+00	1.16830973e-03	37
2.30822857e+03	9.99731673e-01	1.16743459e-03	37
2.30823552e+03	9.99627003e-01	1.16581775e-03	37
2.30824246e+03	9.99994551e-01	1.16419272e-03	37
2.30824940e+03	1.00135490e+00	1.16471984e-03	37
2.30825635e+03	1.00080851e+00	1.16368710e-03	37
2.30826329e+03	1.00158588e+00	1.16256389e-03	37
2.30827024e+03	1.00201800e+00	1.16181550e-03	37
2.30827718e+03	1.00059790e+00	1.16000365e-03	37
2.30828413e+03	1.00078753e+00	1.16049578e-03	37
2.30829107e+03	1.00361201e+00	1.15932635e-03	37
2.30829802e+03	9.99942892e-01	1.15805202e-03	37
2.30830496e+03	1.00124058e+00	1.15658378e-03	37
2.30831191e+03	9.98944424e-01	1.15498091e-03	37
2.30831885e+03	9.97784433e-01	1.15345708e-03	37
2.30832580e+03	9.99068104e-01	1.15344855e-03	37
2.30833274e+03	1.00203877e+00	1.15400583e-03	37
2.30833968e+03	1.00138878e+00	1.15059552e-03	37
2.30834663e+03	1.00271966e+00	1.15035101e-03	37
2.30835357e+03	1.00074159e+00	1.14843889e-03	37
2.30836052e+03	1.00114020e+00	1.14822682e-03	37
2.30836746e+03	9.99445461e-01	1.14562063e-03	37
2.30837441e+03	1.00152386e+00	1.14516369e-03	37
2.30838135e+03	9.99033819e-01	1.14413049e-03	37
2.30838830e+03	1.00166656e+00	1.14378832e-03	37
2.30839524e+03	1.00457676e+00	1.14437000e-03	37
2.30840219e+03	1.00010271e+00	1.14182105e-03	37
2.30840913e+03	1.00178658e+00	1.14194342e-03	37
2.30841608e+03	1.00021911e+00	1.14000734e-03	37
2.30842302e+03	1.00055848e+00	1.13954312e-03	37
2.30842996e+03	9.99026763e-01	1.13805243e-03	37
2.30843691e+03	1.00054765e+00	1.13853468e-03	37
2.30844385e+03	1.00099052e+00	1.13751770e-03	37
2.30845080e+03	1.00107631e+00	1.13657377e-03	37
2.30845774e+03	1.00079110e+00	1.13599362e-03	37
2.30846469e+03	9.98465020e-01	1.13554818e-03	37
2.30847163e+03	1.00205406e+00	1.13635374e-03	37
2.30847858e+03	9.97622968e-01	1.13450542e-03	37
2.30848552e+03	1.00191822e+00	1.13560321e-03	37
2.30849247e+03	9.99523618e-01	1.13523233e-03	37
2.30849941e+03	1.00194362e+00	1.13392497e-03	37
2.30850635e+03	9.97377699e-01	1.13293911e-03	37
2.30851330e+03	9.99151105e-01	1.13401444e-03	37
2.30852024e+03	9.97935710e-01	1.13232153e-03	37
2.30852719e+03	9.97646719e-01	1.13224786e-03	37
2.30853413e+03	9.99027570e-01	1.13395857e-03	37
2.30854108e+03	9.97168243e-01	1.13228066e-03	37
2.30854802e+03	9.99558281e-01	1.13110218e-03	37
2.30855497e+03	9.99547056e-01	1.13145907e-03	37
2.30856191e+03	9.99438049e-01	1.13148449e-03	37
2.30856886e+03	9.98849253e-01	1.13124678e-03	37
2.30857580e+03	9.98316323e-01	1.13062785e-03	37
2.30858275e+03	9.99015663e-01	1.13152753e-03	37
2.30858969e+03	9.96430141e-01	1.12979945e-03	37
2.30859663e+03	9.96961989e-01	1.12912070e-03	37
2.30860358e+03	9.96609681e-01	1.12923727e-03	37
2.30861052e+03	9.99285081e-01	1.13021607e-03	37
2.30861747e+03	1.00151794e+00	1.13041167e-03	37
2.30862441e+03	1.00027484e+00	1.12925407e-03	37
2.30863136e+03	1.00134297e+00	1.12939838e-03	37
2.30863830e+03	9.99803061e-01	1.12962767e-03	37
2.30864525e+03	1.00206828e+00	1.12968615e-03	37
2.30865219e+03	1.00145447e+00	1.13118705e-03	37
2.30865914e+03	9.97952944e-01	1.12946807e-03	37
2.30866608e+03	1.00258550e+00	1.12972476e-03	37
2.30867302e+03	1.00151250e+00	1.12848469e-03	37
2.30867997e+03	1.00022666e+00	1.12760568e-03	37
2.30868691e+03	1.00356679e+00	1.12856397e-03	37
2.30869386e+03	9.97715460e-01	1.12669677e-03	37
2.30870080e+03	9.99230340e-01	1.12697990e-03	37
2.30870775e+03	1.00206124e+00	1.12675991e-03	37
2.30871469e+03	1.00323992e+00	1.12709118e-03	37
2.30872164e+03	1.00158741e+00	1.12852148e-03	37
2.30872858e+03	1.00211290e+00	1.12616558e-03	37
2.30873553e+03	9.99471484e-01	1.12498665e-03	37
2.30874247e+03	1.00196427e+00	1.12568855e-03	37
2.30874942e+03	1.00208245e+00	1.12440518e-03	37
2.30875636e+03	9.99900686e-01	1.12356917e-03	37
2.30876330e+03	1.00335468e+00	1.12347506e-03	37
2.30877025e+03	1.00195540e+00	1.12235509e-03	37
2.30877719e+03	1.00023897e+00	1.12233125e-03	37
2.30878414e+03	1.00483223e+00	1.12266527e-03	37
2.30879108e+03	1.00333965e+00	1.12252202e-03	37
2.30879803e+03	9.98843123e-01	1.12062580e-03	37
2.30880497e+03	1.00345799e+00	1.12286484e-03	37
2.30881192e+03	9.98395230e-01	1.11929992e-03	37
2.30881886e+03	1.00131209e+00	1.11991807e-03	37
2.30882581e+03	1.00195932e+00	1.11928244e-03	37
2.30883275e+03	1.00100571e+00	1.11971407e-03	37
2.30883970e+03	1.00023713e+00	1.11950699e-03	37
2.30884664e+03	9.99561979e-01	1.11778446e-03	37
2.30885358e+03	9.99281468e-01	1.11759928e-03	37
2.30886053e+03	9.99807067e-01	1.11764174e-03	37
2.30886747e+03	9.98077987e-01	1.11804104e-03	37
2.30887442e+03	9.99896817e-01	1.11982052e-03	37
2.30888136e+03	9.98931292e-01	1.11667680e-03	37
2.30888831e+03	1.00156254e+00	1.11777436e-03	37
2.30889525e+03	9.99528684e-01	1.11739243e-03	37
2.30890220e+03	1.00209824e+00	1.11882286e-03	37
2.30890914e+03	1.00204346e+00	1.11814184e-03	37
2.30891609e+03	1.00128979e+00	1.11730279e-03	37
2.30892303e+03	9.98298238e-01	1.11562405e-03	37
2.30892997e+03	1.00212864e+00	1.11722262e-03	37
2.30893692e+03	1.00128655e+00	1.11710658e-03	37
2.30894386e+03	9.98995262e-01	1.11564062e-03	37
2.30895081e+03	1.00049740e+00	1.11501477e-03	37
2.30895775e+03	1.00080722e+00	1.11603085e-03	37
2.30896470e+03	1.00178044e+00	1.11689578e-03	37
2.30897164e+03	1.00172684e+00	1.11535035e-03	37
2.30897859e+03	9.99272522e-01	1.11420635e-03	37
2.30898553e+03	1.00353287e+00	1.11617968e-03	37
2.30899248e+03	1.00093700e+00	1.11460256e-03	37
2.30899942e+03	1.00068049e+00	1.11492895e-03	37
2.30900637e+03	9.99844301e-01	1.11453034e-03	37
2.30901331e+03	1.00162874e+00	1.11530983e-03	37
2.30902025e+03	1.00108363e+00	1.11496571e-03	37
2.30902720e+03	1.00264193e+00	1.11384432e-03	37
2.30903414e+03	1.00106384e+00	1.11455978e-03	37
2.30904109e+03	1.00171322e+00	1.11384718e-03	37
2.30904803e+03	1.00012577e+00	1.11275731e-03	37
2.30905498e+03	1.00141104e+00	1.11288696e-03	37
2.30906192e+03	1.00227904e+00	1.11353076e-03	37
2.30906887e+03	1.00046141e+00	1.11231992e-03	37
2.30907581e+03	1.00322452e+00	1.11265379e-03	37
2.30908276e+03	1.00135707e+00	1.11200258e-03	37
2.30908970e+03	1.00254238e+00	1.11306929e-03	37
2.30909664e+03	9.98328444e-01	1.11100685e-03	37
2.30910359e+03	1.00109051e+00	1.11147560e-03	37
2.30911053e+03	1.00086455e+00	1.11069590e-03	37
2.30911748e+03	1.00081579e+00	1.11044649e-03	37
2.30912442e+03	9.98662817e-01	1.11008708e-03	37
2.30913137e+03	9.98030749e-01	1.10925188e-03	37
2.30913831e+03	1.00177100e+00	1.11026349e-03	37
2.30914526e+03	1.00078089e+00	1.11120676e-03	37
2.30915220e+03	1.00071307e+00	1.10926650e-03	37
2.30915915e+03	1.00274478e+00	1.10894048e-03	37
2.30916609e+03	9.99579767e-01	1.10846447e-03	37
2.30917304e+03	1.00346900e+00	1.10931679e-03	37
2.30917998e+03	9.99249669e-01	1.10915061e-03	37
2.30918692e+03	1.00065649e+00	1.10849159e-03	37
2.30919387e+03	9.99673314e-01	1.10806939e-03	37
2.30920081e+03	1.00374588e+00	1.10907248e-03	37
2.30920776e+03	1.00348074e+00	1.10823763e-03	37
2.30921470e+03	1.00129321e+00	1.10828792e-03	37
2.30922165e+03	1.00383721e+00	1.10772711e-03	37
2.30922859e+03	1.00084098e+00	1.10933326e-03	37
2.30923554e+03	1.00105101e+00	1.10703087e-03	37
2.30924248e+03	9.99311732e-01	1.10708375e-03	37
2.30924943e+03	9.99072424e-01	1.10697862e-03	37
2.30925637e+03	9.99128581e-01	1.10629646e-03	37
2.30926331e+03	1.00084580e+00	1.10707037e-03	37
2.30927026e+03	9.99013002e-01	1.10586428e-03	37
2.30927720e+03	9.96583826e-01	1.10589391e-03	37
2.30928415e+03	9.99253582e-01	1.10651192e-03	37
2.30929109e+03	9.98781454e-01	1.10663591e-03	37
2.30929804e+03	1.00110714e+00	1.10659697e-03	37
2.30930498e+03	1.00032186e+00	1.10540392e-03	37
2.30931193e+03	9.98936072e-01	1.10576857e-03	37
2.30931887e+03	1.00155414e+00	1.10564038e-03	37
2.30932582e+03	1.00039342e+00	1.10508572e-03	37
2.30933276e+03	1.00159839e+00	1.10547248e-03	37
2.30933971e+03	1.00020133e+00	1.10414471e-03	37
2.30934665e+03	9.99249368e-01	1.10465952e-03	37
2.30935359e+03	1.00304314e+00	1.10698965e-03	37
2.30936054e+03	1.00187045e+00	1.10474207e-03	37
2.30936748e+03	9.97940426e-01	1.10343934e-03	37
2.30937443e+03	1.00178211e+00	1.10406441e-03	37
2.30938137e+03	1.00091109e+00	1.10352144e-03	37
2.30938832e+03	9.98664698e-01	1.10198066e-03	37
2.30939526e+03	1.00152038e+00	1.10255272e-03	37
2.30940221e+03	1.00055725e+00	1.10217877e-03	37
2.30940915e+03	1.00010424e+00	1.10235595e-03	37
2.30941610e+03	1.00183712e+00	1.10343140e-03	37
2.30942304e+03	1.00332182e+00	1.10250070e-03	37
2.30942998e+03	9.97996976e-01	1.10104181e-03	37
2.30943693e+03	1.00112141e+00	1.10183329e-03	37
2.30944387e+03	9.97295899e-01	1.10094381e-03	37
2.30945082e+03	9.99886502e-01	1.10033986e-03	37
2.30945776e+03	1.00106562e+00	1.10114588e-03	37
2.30946471e+03	9.98144713e-01	1.10044125e-03	37
2.30947165e+03	9.98477040e-01	1.10084938e-03	37
2.30947860e+03	9.99652039e-01	1.10087786e-03	37
2.30948554e+03	9.98285106e-01	1.10028218e-03	37
2.30949249e+03	1.00203256e+00	1.10271426e-03	37
2.30949943e+03	1.00032792e+00	1.10107382e-03	37
2.30950638e+03	1.00182952e+00	1.10107985e-03	37
2.30951332e+03	9.99701030e-01	1.09976271e-03	37
2.30952026e+03	9.99032259e-01	1.10005154e-03	37
2.30952721e+03	1.00169398e+00	1.10075721e-03	37
2.30953415e+03	1.00016719e+00	1.09990190e-03	37
2.30954110e+03	1.00216001e+00	1.10090104e-03	37
2.30954804e+03	1.00016586e+00	1.10050299e-03	37
2.30955499e+03	9.99441115e-01	1.10017458e-03	37
2.30956193e+03	1.00165609e+00	1.10019875e-03	37
2.30956888e+03	1.00054937e+00	1.10090919e-03	37
2.30957582e+03	1.00189717e+00	1.10122187e-03	37
2.30958277e+03	1.00317556e+00	1.10044194e-03	37
2.30958971e+03	1.00002828e+00	1.09936740e-03	37
2.30959665e+03	9.99833748e-01	1.09975317e-03	37
2.30960360e+03	1.00048143e+00	1.10018003e-03	37
2.30961054e+03	9.99561563e-01	1.09952463e-03	37
2.30961749e+03	1.00033059e+00	1.10055761e-03	37
2.30962443e+03	9.99940376e-01	1.09950010e-03	37
2.30963138e+03	1.00199881e+00	1.10040161e-03	37
2.30963832e+03	9.99387256e-01	1.09924889e-03	37
2.30964527e+03	9.98921844e-01	1.09907858e-03	37
2.30965221e+03	9.99646254e-01	1.09868342e-03	37
2.30965916e+03	9.98308557e-01	1.09861335e-03	37
2.30966610e+03	9.98817887e-01	1.09740955e-03	37
2.30967305e+03	1.00049312e+00	1.09889811e-03	37
2.30967999e+03	1.00189185e+00	1.09934163e-03	37
2.30968693e+03	1.00375794e+00	1.09984808e-03	37
2.30969388e+03	1.00050924e+00	1.09926389e-03	37
2.30970082e+03	1.00148722e+00	1.09864051e-03	37
2.30970777e+03	1.00067964e+00	1.09868844e-03	37
2.30971471e+03	1.00192217e+00	1.09795810e-03	37
2.30972166e+03	1.00172952e+00	1.09843231e-03	37
2.30972860e+03	1.00091389e+00	1.09782915e-03	37
2.30973555e+03	1.00198980e+00	1.09871156e-03	37
2.30974249e+03	1.00080036e+00	1.10007807e-03	37
2.30974944e+03	9.98922783e-01	1.09762626e-03	37
2.30975638e+03	9.99084480e-01	1.09746393e-03	37
2.30976333e+03	9.98219987e-01	1.09658081e-03	37
2.30977027e+03	9.99474213e-01	1.09726797e-03	37
2.30977721e+03	1.00120685e+00	1.09789769e-03	37
2.30978416e+03	9.98117624e-01	1.09784525e-03	37
2.30979110e+03	9.98547102e-01	1.09631335e-03	37
2.30979805e+03	1.00207158e+00	1.09766714e-03	37
2.30980499e+03	9.97113802e-01	1.09573516e-03	37
2.30981194e+03	1.00082084e+00	1.09681878e-03	37
2.30981888e+03	9.97869567e-01	1.09638997e-03	37
2.30982583e+03	9.99580141e-01	1.09602545e-03	37
2.30983277e+03	1.00055725e+00	1.09650065e-03	37
2.30983972e+03	1.00037741e+00	1.09644573e-03	37
2.30984666e+03	1.00126585e+00	1.09668221e-03	37
2.30985360e+03	1.00128407e+00	1.09641166e-03	37
2.30986055e+03	1.00279068e+00	1.09675939e-03	37
2.30986749e+03	9.99207800e-01	1.09614761e-03	37
2.30987444e+03	9.98820912e-01	1.09559066e-03	37
2.30988138e+03	9.99252697e-01	1.09555261e-03	37
2.30988833e+03	1.00018262e+00	1.09552775e-03	37
2.30989527e+03	1.00143706e+00	1.09608118e-03	37
2.30990222e+03	1.00065762e+00	1.09570951e-03	37
2.30990916e+03	1.00085766e+00	1.09614396e-03	37
2.30991611e+03	1.00214915e+00	1.09666140e-03	37
2.30992305e+03	9.99643960e-01	1.09591739e-03	37
2.30993000e+03	1.00102716e+00	1.09493957e-03	37
2.30993694e+03	1.00192360e+00	1.09531555e-03	37
2.30994388e+03	9.99999433e-01	1.09561868e-03	37
2.30995083e+03	1.00225133e+00	1.09570882e-03	37
2.30995777e+03	1.00008167e+00	1.09549084e-03	37
2.30996472e+03	9.99212456e-01	1.09488324e-03	37
2.30997166e+03	1.00087818e+00	1.09500291e-03	37
2.30997861e+03	9.99493548e-01	1.09456356e-03	37
2.30998555e+03	1.00084274e+00	1.09534018e-03	37
2.30999250e+03	1.00138143e+00	1.09547164e-03	37
2.30999944e+03	1.00086551e+00	1.09472978e-03	37
2.31000639e+03	1.00091284e+00	1.09416884e-03	37
2.31001333e+03	1.00117531e+00	1.09543157e-03	37
2.31002027e+03	1.00278431e+00	1.09441623e-03	37
2.31002722e+03	1.00071909e+00	1.09376118e-03	37
2.31003416e+03	9.99011814e-01	1.09453244e-03	37
2.31004111e+03	1.00119249e+00	1.09387558e-03	37
2.31004805e+03	1.00192748e+00	1.09429486e-03	37
2.31005500e+03	1.00300855e+00	1.09471753e-03	37
2.31006194e+03	1.00173613e+00	1.09399571e-03	37
2.31006889e+03	1.00028573e+00	1.09352946e-03	37
2.31007583e+03	1.00125204e+00	1.09566259e-03	37
2.31008278e+03	9.99654224e-01	1.09344137e-03	37
2.31008972e+03	1.00042327e+00	1.09389071e-03	37
2.31009667e+03	1.00035635e+00	1.09335544e-03	37
2.31010361e+03	1.00148906e+00	1.09407314e-03	37
2.31011055e+03	9.98919352e-01	1.09314891e-03	37
2.31011750e+03	1.00309023e+00	1.09438555e-03	37
2.31012444e+03	1.00116936e+00	1.09307231e-03	37
2.31013139e+03	1.00049727e+00	1.09279632e-03	37
2.31013833e+03	9.99937278e-01	1.09224854e-03	37
2.31014528e+03	1.00079802e+00	1.09263910e-03	37
2.31015222e+03	1.00185837e+00	1.09266077e-03	37
2.31015917e+03	1.00048140e+00	1.09314470e-03	37
2.31016611e+03	9.98644564e-01	1.09184952e-03	37
2.31017306e+03	1.00093742e+00	1.09176550e-03	37
2.31018000e+03	1.00047144e+00	1.09321443e-03	37
2.31018694e+03	1.00294418e+00	1.09256440e-03	37
2.31019389e+03	9.99844823e-01	1.09164607e-03	37
2.31020083e+03	1.00180361e+00	1.09267472e-03	37
2.31020778e+03	9.99089383e-01	1.09159511e-03	37
2.31021472e+03	1.00065825e+00	1.09221429e-03	37
2.31022167e+03	1.00108376e+00	1.09271128e-03	37
2.31022861e+03	1.00277996e+00	1.09308477e-03	37
2.31023556e+03	1.00033275e+00	1.09128665e-03	37
2.31024250e+03	9.99570040e-01	1.09235257e-03	37
2.31024945e+03	1.00087379e+00	1.09166300e-03	37
2.31025639e+03	1.00161020e+00	1.09144104e-03	37
2.31026333e+03	1.00211185e+00	1.09231317e-03	37
2.31027028e+03	1.00224391e+00	1.09247063e-03	37
2.31027722e+03	1.00148981e+00	1.09310148e-03	37
2.31028417e+03	9.99666027e-01	1.09101012e-03	37
2.31029111e+03	1.00077666e+00	1.09144139e-03	37
2.31029806e+03	1.00185915e+00	1.09159690e-03	37
2.31030500e+03	9.99608690e-01	1.09072038e-03	37
2.31031195e+03	1.00300506e+00	1.09178149e-03	37
2.31031889e+03	1.00179637e+00	1.09124985e-03	37
2.31032584e+03	1.00267149e+00	1.09172089e-03	37
2.31033278e+03	1.00191059e+00	1.09089036e-03	37
2.31033973e+03	1.00274169e+00	1.09107388e-03	37
2.31034667e+03	1.00275374e+00	1.09187527e-03	37
2.31035361e+03	1.00063570e+00	1.09105426e-03	37
2.31036056e+03	1.00415468e+00	1.09136977e-03	37
2.31036750e+03	1.00399820e+00	1.09130424e-03	37
2.31037445e+03	1.00272343e+00	1.09116187e-03	37
2.31038139e+03	1.00356754e+00	1.09105961e-03	37
2.31038834e+03	1.00304404e+00	1.09162473e-03	37
2.31039528e+03	1.00153501e+00	1.09040547e-03	37
2.31040223e+03	1.00101912e+00	1.09143426e-03	37
2.31040917e+03	9.99381865e-01	1.09058675e-03	37
2.31041612e+03	1.00249830e+00	1.09193101e-03	37
2.31042306e+03	1.00079119e+00	1.09122067e-03	37
2.31043000e+03	1.00193925e+00	1.09145729e-03	37
2.31043695e+03	1.00285683e+00	1.09130345e-03	37
2.31044389e+03	9.99488817e-01	1.08981037e-03	37
2.31045084e+03	1.00116198e+00	1.09061560e-03	37
2.31045778e+03	9.99247670e-01	1.09031148e-03	37
2.31046473e+03	9.98788239e-01	1.08975258e-03	37
2.31047167e+03	1.00170388e+00	1.09067121e-03	37
2.31047862e+03	9.98829322e-01	1.09034395e-03	37
2.31048556e+03	1.00417056e+00	1.09112343e-03	37
2.31049251e+03	1.00259794e+00	1.09080086e-03	37
2.31049945e+03	9.98923932e-01	1.09031316e-03	37
2.31050640e+03	1.00069266e+00	1.09062095e-03	37
2.31051334e+03	9.98315462e-01	1.09000077e-03	37
2.31052028e+03	1.00156810e+00	1.09025867e-03	37
2.31052723e+03	1.00223006e+00	1.09022838e-03	37
2.31053417e+03	1.00115433e+00	1.09154074e-03	37
2.31054112e+03	1.00327330e+00	1.09089818e-03	37
2.31054806e+03	1.00257742e+00	1.09068588e-03	37
2.31055501e+03	9.98887653e-01	1.09012073e-03	37
2.31056195e+03	9.99513818e-01	1.08982435e-03	37
2.31056890e+03	9.98863496e-01	1.09012212e-03	37
2.31057584e+03	9.98863658e-01	1.08999804e-03	37
2.31058279e+03	1.00021946e+00	1.09031272e-03	37
2.31058973e+03	9.99545148e-01	1.09026730e-03	37
2.31059667e+03	9.98806455e-01	1.08993297e-03	37
2.31060362e+03	1.00001580e+00	1.08971557e-03	37
2.31061056e+03	9.99310428e-01	1.09029759e-03	37
2.31061751e+03	9.97754925e-01	1.09072642e-03	37
2.31062445e+03	9.99117756e-01	1.08951738e-03	37
2.31063140e+03	1.00081768e+00	1.09021737e-03	37
2.31063834e+03	1.00042992e+00	1.09277144e-03	37
2.31064529e+03	9.98581186e-01	1.09017874e-03	37
2.31065223e+03	9.99275959e-01	1.08963689e-03	37
2.31065918e+03	1.00144168e+00	1.09137839e-03	37
2.31066612e+03	9.98569578e-01	1.08925558e-03	37
2.31067307e+03	9.98994960e-01	1.08933671e-03	37
2.31068001e+03	9.99720034e-01	1.08967628e-03	37
2.31068695e+03	1.00006881e+00	1.08992787e-03	37
2.31069390e+03	9.99480598e-01	1.08930451e-03	37
2.31070084e+03	1.00104571e+00	1.09075378e-03	37
2.31070779e+03	1.00231402e+00	1.09077920e-03	37
2.31071473e+03	1.00322192e+00	1.09093565e-03	37
2.31072168e+03	1.00125063e+00	1.09017364e-03	37
2.31072862e+03	9.99477182e-01	1.09024072e-03	37
2.31073557e+03	9.98779093e-01	1.09010724e-03	37
2.31074251e+03	9.99575540e-01	1.08986631e-03	37
2.31074946e+03	9.98754229e-01	1.08952814e-03	37
2.31075640e+03	1.00121768e+00	1.09107017e-03	37
2.31076334e+03	1.00007403e+00	1.09152222e-03	37
2.31077029e+03	9.99360919e-01	1.09036745e-03	37
2.31077723e+03	9.98700647e-01	1.09019774e-03	37
2.31078418e+03	1.00059509e+00	1.09077340e-03	37
2.31079112e+03	1.00050180e+00	1.09065228e-03	37
2.31079807e+03	1.00069862e+00	1.09059211e-03	37
2.31080501e+03	9.98505600e-01	1.09004307e-03	37
2.31081196e+03	9.99796997e-01	1.08989449e-03	37
2.31081890e+03	9.98232660e-01	1.09061778e-03	37
2.31082585e+03	9.99355440e-01	1.09037801e-03	37
2.31083279e+03	1.00009690e+00	1.08987847e-03	37
2.31083974e+03	1.00192364e+00	1.09101329e-03	37
2.31084668e+03	9.97824318e-01	1.08964721e-03	37
2.31085362e+03	9.97502654e-01	1.08914545e-03	37
2.31086057e+03	9.93099137e-01	1.08720484e-03	37
2.31086751e+03	9.96692475e-01	1.08872290e-03	37
2.31087446e+03	9.95890085e-01	1.08745267e-03	37
2.31088140e+03	9.92929148e-01	1.08663798e-03	37
2.31088835e+03	9.91592168e-01	1.08634523e-03	37
2.31103418e+03	9.91256396e-01	1.08601124e-03	37
2.31104113e+03	9.92007085e-01	1.08648644e-03	37
2.31104807e+03	9.96299399e-01	1.08839550e-03	37
2.31105502e+03	9.94427410e-01	1.08748697e-03	37
2.31106196e+03	9.97379119e-01	1.08863526e-03	37
2.31106891e+03	9.99632262e-01	1.08944628e-03	37
2.31107585e+03	1.00005056e+00	1.08918927e-03	37
2.31108280e+03	9.99654114e-01	1.08980684e-03	37
2.31108974e+03	9.99794715e-01	1.09055156e-03	37
2.31109668e+03	9.98593865e-01	1.08938579e-03	37
2.31110363e+03	9.96986951e-01	1.08949068e-03	37
2.31111057e+03	1.00011877e+00	1.08905948e-03	37
2.31111752e+03	9.97967688e-01	1.08828002e-03	37
2.31112446e+03	9.99105202e-01	1.08868928e-03	37
2.31113141e+03	1.00121186e+00	1.09007476e-03	37
2.31113835e+03	1.00117327e+00	1.09039809e-03	37
2.31114530e+03	1.00148689e+00	1.09031103e-03	37
2.31115224e+03	9.99521802e-01	1.08979811e-03	37
2.31115919e+03	1.00032211e+00	1.09058358e-03	37
2.31116613e+03	9.98280609e-01	1.08907348e-03	37
2.31117307e+03	9.99195580e-01	1.08938589e-03	37
2.31118002e+03	1.00041543e+00	1.08930064e-03	37
2.31118696e+03	9.99138332e-01	1.08908867e-03	37
2.31119391e+03	9.99517342e-01	1.08940747e-03	37
2.31120085e+03	1.00064778e+00	1.08914272e-03	37
2.31120780e+03	1.00152420e+00	1.09022064e-03	37
2.31121474e+03	1.00130717e+00	1.09056385e-03	37
2.31122169e+03	9.98505083e-01	1.08951658e-03	37
2.31122863e+03	9.99301853e-01	1.08941596e-03	37
2.31123558e+03	1.00089815e+00	1.08981661e-03	37
2.31124252e+03	1.00307678e+00	1.09134203e-03	37
2.31124947e+03	9.99488028e-01	1.09006648e-03	37
2.31125641e+03	1.00458751e+00	1.09126179e-03	37
2.31126335e+03	1.00339730e+00	1.09027970e-03	37
2.31127030e+03	9.97870169e-01	1.08910937e-03	37
2.31127724e+03	9.98165744e-01	1.08886380e-03	37
2.31128419e+03	9.98776681e-01	1.08931538e-03	37
2.31129113e+03	9.98991932e-01	1.09057634e-03	37
2.31129808e+03	1.00070799e+00	1.09080145e-03	37
2.31130502e+03	9.98906979e-01	1.08964736e-03	37
2.31131197e+03	1.00044368e+00	1.08992107e-03	37
2.31131891e+03	9.99606669e-01	1.08970808e-03	37
2.31132586e+03	1.00002130e+00	1.08992266e-03	37
2.31133280e+03	9.98413985e-01	1.08966879e-03	37
2.31133974e+03	9.99745613e-01	1.08988313e-03	37
2.31134669e+03	9.99508658e-01	1.09037459e-03	37
2.31135363e+03	9.98784330e-01	1.08890044e-03	37
2.31136058e+03	9.99758453e-01	1.08975987e-03	37
2.31136752e+03	1.00133468e+00	1.08956709e-03	37
2.31137447e+03	9.95790044e-01	1.08818902e-03	37
2.31138141e+03	9.98796751e-01	1.08934421e-03	37
2.31138836e+03	9.98235936e-01	1.08902876e-03	37
2.31139530e+03	1.00046500e+00	1.08984409e-03	37
2.31140225e+03	9.99831835e-01	1.09182487e-03	37
2.31140919e+03	9.98287560e-01	1.08944935e-03	37
2.31141613e+03	9.99840042e-01	1.08933924e-03	37
2.31142308e+03	9.98735395e-01	1.09042213e-03	37
2.31143002e+03	9.99047211e-01	1.08908053e-03	37
2.31143697e+03	9.97340901e-01	1.08845986e-03	37
2.31144391e+03	1.00097836e+00	1.08914634e-03	37
2.31145086e+03	1.00079914e+00	1.08972123e-03	37
2.31145780e+03	9.98252452e-01	1.08974295e-03	37
2.31146475e+03	1.00214453e+00	1.09027345e-03	37
2.31147169e+03	1.00185243e+00	1.08981795e-03	37
2.31147864e+03	1.00084769e+00	1.08934024e-03	37
2.31148558e+03	9.99351383e-01	1.08897242e-03	37
2.31149253e+03	9.97814156e-01	1.08813164e-03	37
2.31149947e+03	1.00090915e+00	1.08978904e-03	37
2.31150641e+03	1.00087804e+00	1.08980550e-03	37
2.31151336e+03	1.00273201e+00	1.09049287e-03	37
2.31152030e+03	1.00131549e+00	1.08900945e-03	37
2.31152725e+03	9.99445459e-01	1.08960103e-03	37
2.31153419e+03	1.00177602e+00	1.08922560e-03	37
2.31154114e+03	1.00151855e+00	1.08951043e-03	37
2.31154808e+03	1.00215552e+00	1.08975426e-03	37
2.31155503e+03	1.00131305e+00	1.08923776e-03	37
2.31156197e+03	9.99388332e-01	1.08873824e-03	37
2.31156892e+03	1.00264307e+00	1.09245584e-03	37
2.31157586e+03	1.00144872e+00	1.08948736e-03	37
2.31158280e+03	1.00056192e+00	1.08962077e-03	37
2.31158975e+03	9.99050187e-01	1.08939656e-03	37
2.31159669e+03	9.99815529e-01	1.08860517e-03	37
2.31160364e+03	1.00217810e+00	1.09030543e-03	37
2.31161058e+03	1.00103335e+00	1.08942802e-03	37
2.31161753e+03	1.00252165e+00	1.09051592e-03	37
2.31162447e+03	1.00218514e+00	1.08921424e-03	37
2.31163142e+03	9.99850454e-01	1.08865378e-03	37
2.31163836e+03	1.00275629e+00	1.09029125e-03	37
2.31164531e+03	1.00029570e+00	1.08936014e-03	37
2.31165225e+03	1.00057219e+00	1.08975089e-03	37
2.31165920e+03	9.99882882e-01	1.08966969e-03	37
2.31166614e+03	9.98953575e-01	1.08963585e-03	37
2.31167308e+03	9.99766318e-01	1.08941789e-03	37
2.31168003e+03	9.98190942e-01	1.08878283e-03	37
2.31168697e+03	9.98526357e-01	1.08907517e-03	37
2.31169392e+03	1.00057762e+00	1.09016253e-03	37
2.31170086e+03	9.98476231e-01	1.08959919e-03	37
2.31170781e+03	9.97504808e-01	1.08906484e-03	37
2.31171475e+03	1.00129791e+00	1.09054626e-03	37
2.31172170e+03	1.00091174e+00	1.09026517e-03	37
2.31172864e+03	9.99365333e-01	1.08939566e-03	37
2.31173559e+03	9.97664338e-01	1.08962404e-03	37
2.31174253e+03	9.99055399e-01	1.09041613e-03	37
2.31174947e+03	9.99227697e-01	1.09083015e-03	37
2.31175642e+03	9.98671858e-01	1.09047730e-03	37
2.31176336e+03	9.98095222e-01	1.08862528e-03	37
2.31177031e+03	9.98786108e-01	1.08937443e-03	37
2.31177725e+03	1.00050827e+00	1.09029150e-03	37
2.31178420e+03	9.97985717e-01	1.09040919e-03	37
2.31179114e+03	9.98975459e-01	1.08951450e-03	37
2.31179809e+03	9.97863602e-01	1.08868814e-03	37
2.31180503e+03	9.98341107e-01	1.08910912e-03	37
2.31181198e+03	9.98800409e-01	1.08948637e-03	37
2.31181892e+03	1.00087120e+00	1.08946220e-03	37
2.31182586e+03	1.00079061e+00	1.08937944e-03	37
2.31183281e+03	1.00031288e+00	1.08937601e-03	37
2.31183975e+03	9.99321161e-01	1.08887571e-03	37
2.31184670e+03	9.99942836e-01	1.09014413e-03	37
2.31185364e+03	9.99637121e-01	1.08914168e-03	37
2.31186059e+03	9.98739151e-01	1.08928451e-03	37
2.31186753e+03	9.98599619e-01	1.08913488e-03	37
2.31187448e+03	1.00075776e+00	1.09081984e-03	37
2.31188142e+03	1.00022138e+00	1.08979856e-03	37
2.31188837e+03	1.00158559e+00	1.09007169e-03	37
2.31189531e+03	9.98600237e-01	1.08867637e-03	37
2.31190226e+03	1.00088081e+00	1.08949545e-03	37
2.31190920e+03	1.00034546e+00	1.08964607e-03	37
2.31191614e+03	1.00156598e+00	1.09016253e-03	37
2.31192309e+03	9.97571896e-01	1.08878000e-03	37
2.31193003e+03	1.00002584e+00	1.08972068e-03	37
2.31193698e+03	1.00153192e+00	1.09002527e-03	37
2.31194392e+03	1.00059764e+00	1.09009985e-03	37
2.31195087e+03	9.99613587e-01	1.08918768e-03	37
2.31195781e+03	1.00014884e+00	1.08947297e-03	37
2.31196476e+03	1.00143073e+00	1.09016570e-03	37
2.31197170e+03	1.00274263e+00	1.09057540e-03	37
2.31197865e+03	1.00078339e+00	1.08931394e-03	37
2.31198559e+03	1.00277295e+00	1.08975521e-03	37
2.31199253e+03	1.00045695e+00	1.09029987e-03	37
2.31199948e+03	1.00213134e+00	1.08996194e-03	37
2.31200642e+03	1.00320663e+00	1.09059880e-03	37
2.31201337e+03	9.99462626e-01	1.08994681e-03	37
2.31202031e+03	1.00057770e+00	1.08966527e-03	37
2.31202726e+03	1.00152480e+00	1.09098708e-03	37
2.31203420e+03	1.00128684e+00	1.08959934e-03	37
2.31204115e+03	1.00015673e+00	1.08938182e-03	37
2.31204809e+03	1.00000064e+00	1.08997999e-03	37
2.31205504e+03	1.00114887e+00	1.08990699e-03	37
2.31206198e+03	9.99103196e-01	1.08996838e-03	37
2.31206892e+03	9.97960118e-01	1.08879022e-03	37
2.31207587e+03	9.98684229e-01	1.08910698e-03	37
2.31208281e+03	9.96759411e-01	1.08874206e-03	37
2.31208976e+03	9.99146243e-01	1.08962191e-03	37
2.31209670e+03	9.97792397e-01	1.08997612e-03	37
2.31210365e+03	9.97692015e-01	1.08982614e-03	37
2.31211059e+03	9.99027891e-01	1.09004129e-03	37
2.31211754e+03	9.97477908e-01	1.08967911e-03	37
2.31212448e+03	9.95817301e-01	1.08857418e-03	37
2.31213143e+03	9.96075752e-01	1.08915215e-03	37
2.31213837e+03	9.98488132e-01	1.08939011e-03	37
2.31214532e+03	9.97250370e-01	1.08909358e-03	37
2.31215226e+03	9.98955406e-01	1.09043522e-03	37
2.31215920e+03	9.98001843e-01	1.09004887e-03	37
2.31216615e+03	9.99438932e-01	1.08982014e-03	37
2.31217309e+03	9.99307197e-01	1.08891920e-03	37
2.31218004e+03	9.96772159e-01	1.08879772e-03	37
2.31218698e+03	9.97524467e-01	1.08944107e-03	37
2.31219393e+03	9.97044730e-01	1.08931280e-03	37
2.31220087e+03	9.99307638e-01	1.09026948e-03	37
2.31220782e+03	9.98291907e-01	1.08929622e-03	37
2.31221476e+03	9.98474090e-01	1.09025471e-03	37
2.31222171e+03	9.97621689e-01	1.09001480e-03	37
2.31222865e+03	1.00008914e+00	1.08984613e-03	37
2.31223559e+03	9.97217196e-01	1.08901818e-03	37
2.31224254e+03	9.97422666e-01	1.08974236e-03	37
2.31224948e+03	9.97659576e-01	1.08929448e-03	37
2.31225643e+03	9.98692082e-01	1.09029854e-03	37
2.31226337e+03	9.99001731e-01	1.08938554e-03	37
2.31227032e+03	1.00079251e+00	1.09041921e-03	37
2.31227726e+03	9.97995893e-01	1.08908142e-03	37
2.31228421e+03	9.97913380e-01	1.08857215e-03	37
2.31229115e+03	9.97668811e-01	1.08925612e-03	37
2.31229810e+03	9.99277961e-01	1.08865855e-03	37
2.31230504e+03	9.99879044e-01	1.08882959e-03	37
2.31231198e+03	9.98906496e-01	1.08915657e-03	37
2.31231893e+03	9.99403950e-01	1.09099669e-03	37
2.31232587e+03	1.00109460e+00	1.08985099e-03	37
2.31233282e+03	1.00184488e+00	1.09046566e-03	37
2.31233976e+03	9.99301680e-01	1.08822409e-03	37
2.31234671e+03	9.99033412e-01	1.08866466e-03	37
2.31235365e+03	1.00126145e+00	1.09006375e-03	37
2.31236060e+03	1.00108950e+00	1.08920664e-03	37
2.31236754e+03	1.00090834e+00	1.08979960e-03	37
2.31237449e+03	1.00062125e+00	1.08950840e-03	37
2.31238143e+03	1.00000847e+00	1.08951802e-03	37
2.31238838e+03	1.00085145e+00	1.08949897e-03	37
2.31239532e+03	1.00109982e+00	1.08915136e-03	37
2.31240226e+03	1.00059323e+00	1.08924386e-03	37
2.31240921e+03	1.00131022e+00	1.08936693e-03	37
2.31241615e+03	1.00225563e+00	1.09279132e-03	37
2.31242310e+03	1.00164722e+00	1.09003811e-03	37
2.31243004e+03	1.00103614e+00	1.09044360e-03	37
2.31243699e+03	1.00072625e+00	1.08932912e-03	37
2.31244393e+03	9.99055288e-01	1.08873174e-03	37
2.31245088e+03	9.98906906e-01	1.08892273e-03	37
2.31245782e+03	9.99405562e-01	1.08979310e-03	37
2.31246477e+03	9.97514180e-01	1.08982182e-03	37
2.31247171e+03	9.98843561e-01	1.08945312e-03	37
2.31247865e+03	9.98169996e-01	1.08911810e-03	37
2.31248560e+03	9.96957385e-01	1.08893737e-03	37
2.31249254e+03	9.97869987e-01	1.08900354e-03	37
2.31249949e+03	9.95389101e-01	1.08787462e-03	37
2.31250643e+03	1.00063058e+00	1.08979434e-03	37
2.31251338e+03	1.00010029e+00	1.09025347e-03	37
2.31252032e+03	9.94462890e-01	1.08809363e-03	37
2.31252727e+03	9.96622127e-01	1.08908266e-03	37
2.31253421e+03	9.98971886e-01	1.08884459e-03	37
2.31254116e+03	9.98204298e-01	1.08953449e-03	37
2.31254810e+03	9.98604020e-01	1.09026492e-03	37
2.31255504e+03	9.99162833e-01	1.08923409e-03	37
2.31256199e+03	9.97704703e-01	1.08896969e-03	37
2.31256893e+03	9.97810933e-01	1.08832929e-03	37
2.31257588e+03	9.99211214e-01	1.08959750e-03	37
2.31258282e+03	9.99538497e-01	1.08992504e-03	37
2.31258977e+03	9.99679773e-01	1.08914535e-03	37
2.31259671e+03	9.96980330e-01	1.08926520e-03	37
2.31260366e+03	9.96075053e-01	1.08791880e-03	37
2.31261060e+03	9.97930217e-01	1.08880566e-03	37
2.31261755e+03	1.00058842e+00	1.08946116e-03	37
2.31262449e+03	9.98153157e-01	1.08857711e-03	37
2.31263143e+03	9.97974212e-01	1.08923662e-03	37
2.31263838e+03	9.98998278e-01	1.08864534e-03	37
2.31264532e+03	9.99768239e-01	1.09004887e-03	37
2.31265227e+03	9.97932284e-01	1.08861743e-03	37
2.31265921e+03	9.98070103e-01	1.08847918e-03	37
2.31266616e+03	1.00056849e+00	1.08901729e-03	37
2.31267310e+03	9.98177302e-01	1.08879271e-03	37
2.31268005e+03	9.99282184e-01	1.08878159e-03	37
2.31268699e+03	1.00118462e+00	1.09046189e-03	37
2.31269394e+03	9.98913488e-01	1.08875050e-03	37
2.31270088e+03	1.00035787e+00	1.09082361e-03	37
2.31270783e+03	9.98726218e-01	1.08889160e-03	37
2.31271477e+03	9.98632244e-01	1.08869792e-03	37
2.31272171e+03	9.99883211e-01	1.08884608e-03	37
2.31272866e+03	9.98827020e-01	1.08829388e-03	37
2.31273560e+03	9.98610774e-01	1.08845554e-03	37
2.31274255e+03	1.00100292e+00	1.08909016e-03	37
2.31274949e+03	1.00100919e+00	1.08982525e-03	37
2.31275644e+03	1.00146291e+00	1.08906380e-03	37
2.31276338e+03	1.00069006e+00	1.08880398e-03	37
2.31277033e+03	1.00250933e+00	1.08886926e-03	37
2.31277727e+03	1.00433969e+00	1.08868928e-03	37
2.31278422e+03	1.00020003e+00	1.08932322e-03	37
2.31279116e+03	1.00015198e+00	1.08848847e-03	37
2.31279810e+03	1.00129185e+00	1.08905303e-03	37
2.31280505e+03	1.00024834e+00	1.08932922e-03	37
2.31281199e+03	1.00020418e+00	1.08813189e-03	37
2.31281894e+03	1.00220367e+00	1.08933131e-03	37
2.31282588e+03	1.00003156e+00	1.09041410e-03	37
2.31283283e+03	9.97542791e-01	1.08796794e-03	37
2.31283977e+03	1.00116771e+00	1.08958421e-03	37
2.31284672e+03	1.00080979e+00	1.08939021e-03	37
2.31285366e+03	9.97283689e-01	1.08976518e-03	37
2.31286061e+03	1.00258244e+00	1.09062764e-03	37
2.31286755e+03	9.96949167e-01	1.08867851e-03	37
2.31287449e+03	1.00017194e+00	1.08842649e-03	37
2.31288144e+03	1.00031371e+00	1.08913478e-03	37
2.31288838e+03	9.98622785e-01	1.08851151e-03	37
2.31289533e+03	1.00054226e+00	1.09044236e-03	37
2.31290227e+03	9.98726973e-01	1.08862131e-03	37
2.31290922e+03	9.99571299e-01	1.08923900e-03	37
2.31291616e+03	9.97390092e-01	1.08886345e-03	37
2.31292311e+03	9.97785230e-01	1.08841765e-03	37
2.31293005e+03	1.00113655e+00	1.08964905e-03	37
2.31293700e+03	9.98759290e-01	1.08882612e-03	37
2.31294394e+03	9.98831395e-01	1.08902350e-03	37
2.31295089e+03	9.99036179e-01	1.08848326e-03	37
2.31295783e+03	9.99150139e-01	1.08887323e-03	37
2.31296477e+03	9.97363264e-01	1.08791119e-03	37
2.31297172e+03	9.98523020e-01	1.08890059e-03	37
2.31297866e+03	9.99582772e-01	1.08860552e-03	37
2.31298561e+03	1.00186535e+00	1.09005170e-03	37
2.31299255e+03	9.99887606e-01	1.08845793e-03	37
2.31299950e+03	9.98856827e-01	1.08925101e-03	37
2.31300644e+03	9.97594079e-01	1.08772897e-03	37
2.31304116e+03	9.97857651e-01	1.08837792e-03	37
2.31304811e+03	1.00070594e+00	1.08900980e-03	37
2.31305505e+03	1.00012027e+00	1.08898458e-03	37
2.31306200e+03	1.00005015e+00	1.08913115e-03	37
2.31306894e+03	9.98433831e-01	1.08811962e-03	37
2.31307589e+03	9.98362529e-01	1.08804256e-03	37
2.31308283e+03	9.97860626e-01	1.08893405e-03	37
2.31308978e+03	9.99748988e-01	1.08911741e-03	37
2.31309672e+03	9.98166935e-01	1.08792789e-03	37
2.31310367e+03	9.97552915e-01	1.08918927e-03	37
2.31311061e+03	9.99935924e-01	1.08941005e-03	37
2.31311755e+03	1.00033097e+00	1.08826710e-03	37
2.31312450e+03	1.00022060e+00	1.08880224e-03	37
2.31313144e+03	9.99791247e-01	1.08879032e-03	37
2.31313839e+03	1.00061930e+00	1.08966701e-03	37
2.31314533e+03	9.98673794e-01	1.08701062e-03	37
2.31315228e+03	9.99945843e-01	1.08903715e-03	37
2.31315922e+03	9.99524016e-01	1.08896572e-03	37
2.31316617e+03	9.99530365e-01	1.08802075e-03	37
2.31317311e+03	9.99336822e-01	1.08756446e-03	37
2.31318006e+03	1.00089844e+00	1.08834941e-03	37
2.31318700e+03	9.97447537e-01	1.08737661e-03	37
2.31319394e+03	9.99976100e-01	1.08838879e-03	37
2.31320089e+03	1.00085736e+00	1.08818186e-03	37
2.31320783e+03	9.99627400e-01	1.08779551e-03	37
2.31321478e+03	1.00149042e+00	1.08904578e-03	37
2.31322172e+03	1.00170578e+00	1.08978323e-03	37
2.31322867e+03	9.99840652e-01	1.08833689e-03	37
2.31323561e+03	9.98416339e-01	1.08853922e-03	37
2.31324256e+03	9.99966810e-01	1.08906802e-03	37
2.31324950e+03	9.97435622e-01	1.08796953e-03	37
2.31325645e+03	9.95655570e-01	1.08977019e-03	37
2.31326339e+03	9.97521490e-01	1.08774577e-03	37
2.31327034e+03	1.00052042e+00	1.09121493e-03	37
2.31327728e+03	9.96105885e-01	1.08712206e-03	37
2.31328422e+03	9.98910963e-01	1.08802572e-03	37
2.31329117e+03	9.98692492e-01	1.08818400e-03	37
2.31329811e+03	9.97043295e-01	1.08777360e-03	37
2.31330506e+03	9.98390225e-01	1.08768405e-03	37
2.31331200e+03	9.96653637e-01	1.08881589e-03	37
2.31331895e+03	9.96346330e-01	1.08774249e-03	37
2.31332589e+03	9.94120723e-01	1.08678174e-03	37
2.31333284e+03	9.97806961e-01	1.08759901e-03	37
2.31333978e+03	9.96142032e-01	1.08701773e-03	37
2.31334673e+03	9.96893169e-01	1.08761183e-03	37
2.31335367e+03	9.95016834e-01	1.08702593e-03	37
2.31336061e+03	9.95277687e-01	1.08630129e-03	37
2.31336756e+03	9.95429280e-01	1.08684779e-03	37
2.31337450e+03	9.95834484e-01	1.08714035e-03	37
2.31338145e+03	9.95741186e-01	1.08686008e-03	37
2.31338839e+03	9.95886191e-01	1.08877215e-03	37
2.31339534e+03	9.96864902e-01	1.08776043e-03	37
2.31340228e+03	9.97337156e-01	1.08775680e-03	37
2.31340923e+03	9.96243512e-01	1.08861391e-03	37
2.31341617e+03	9.97271303e-01	1.08754657e-03	37
2.31342312e+03	9.95445665e-01	1.08763375e-03	37
2.31343006e+03	9.94759947e-01	1.08706656e-03	37
2.31343700e+03	9.96954184e-01	1.08780083e-03	37
2.31344395e+03	9.97102742e-01	1.08808181e-03	37
2.31345089e+03	9.98515346e-01	1.08803923e-03	37
2.31345784e+03	9.94544643e-01	1.08737831e-03	37
2.31346478e+03	9.98440677e-01	1.08866853e-03	37
2.31347173e+03	9.98751794e-01	1.08836495e-03	37
2.31347867e+03	9.98280133e-01	1.08849234e-03	37
2.31348562e+03	9.99104417e-01	1.08998554e-03	37
2.31349256e+03	9.99100094e-01	1.08872379e-03	37
2.31349951e+03	9.99606060e-01	1.08813904e-03	37
2.31350645e+03	9.99050457e-01	1.08829244e-03	37
2.31351339e+03	1.00076755e+00	1.08822727e-03	37
2.31352034e+03	9.97724588e-01	1.08812722e-03	37
2.31352728e+03	1.00105010e+00	1.08861962e-03	37
2.31353423e+03	9.97329114e-01	1.08697247e-03	37
2.31354117e+03	9.99983715e-01	1.08850575e-03	37
2.31354812e+03	1.00036811e+00	1.08801245e-03	37
2.31355506e+03	9.99455918e-01	1.08784714e-03	37
2.31356201e+03	1.00098830e+00	1.08876038e-03	37
2.31356895e+03	9.99145601e-01	1.08932232e-03	37
2.31357590e+03	1.00207396e+00	1.08859792e-03	37
2.31358284e+03	9.99241318e-01	1.08784183e-03	37
2.31358978e+03	1.00070254e+00	1.08778801e-03	37
2.31359673e+03	9.96720262e-01	1.08749468e-03	37
2.31360367e+03	1.00029567e+00	1.08889195e-03	37
2.31361062e+03	9.99082215e-01	1.08923195e-03	37
2.31361756e+03	1.00051321e+00	1.08865423e-03	37
2.31362451e+03	9.99205943e-01	1.08762535e-03	37
2.31363145e+03	1.00015424e+00	1.08848018e-03	37
2.31363840e+03	9.99080874e-01	1.08774701e-03	37
2.31364534e+03	1.00002228e+00	1.09016352e-03	37
2.31365229e+03	1.00148437e+00	1.08859941e-03	37
2.31365923e+03	1.00091296e+00	1.08886549e-03	37
2.31366618e+03	9.99728490e-01	1.08874241e-03	37
2.31367312e+03	1.00105500e+00	1.08872210e-03	37
2.31368006e+03	1.00012543e+00	1.08847655e-03	37
2.31368701e+03	9.97432615e-01	1.08749980e-03	37
2.31369395e+03	9.98380055e-01	1.08871044e-03	37
2.31370090e+03	9.99611433e-01	1.08822076e-03	37
2.31370784e+03	1.00075876e+00	1.08921945e-03	37
2.31371479e+03	1.00209365e+00	1.08989315e-03	37
2.31372173e+03	9.99732899e-01	1.08865070e-03	37
2.31372868e+03	9.98307683e-01	1.08762306e-03	37
2.31373562e+03	9.98114459e-01	1.08776600e-03	37
2.31374257e+03	1.00109121e+00	1.08908232e-03	37
2.31374951e+03	1.00054300e+00	1.08880259e-03	37
2.31375645e+03	9.98004079e-01	1.08884846e-03	37
2.31376340e+03	9.99037437e-01	1.08816388e-03	37
2.31377034e+03	1.00093066e+00	1.08947853e-03	37
2.31377729e+03	1.00028021e+00	1.08836282e-03	37
2.31378423e+03	9.99375447e-01	1.08854737e-03	37
2.31379118e+03	9.97400954e-01	1.08766938e-03	37
2.31379812e+03	9.98799143e-01	1.08854692e-03	37
2.31380507e+03	1.00001513e+00	1.08885437e-03	37
2.31381201e+03	9.98014172e-01	1.08883108e-03	37
2.31381896e+03	9.98199980e-01	1.08816254e-03	37
2.31382590e+03	1.00035397e+00	1.08871947e-03	37
2.31383284e+03	1.00023413e+00	1.08965689e-03	37
2.31383979e+03	9.99989909e-01	1.08847268e-03	37
2.31384673e+03	9.99586231e-01	1.08816517e-03	37
2.31385368e+03	9.99253941e-01	1.08850958e-03	37
2.31386062e+03	9.96587512e-01	1.08775307e-03	37
2.31386757e+03	1.00098543e+00	1.08850074e-03	37
2.31387451e+03	9.97281501e-01	1.08787363e-03	37
2.31388146e+03	9.97811683e-01	1.08860845e-03	37
2.31388840e+03	1.00072257e+00	1.08919925e-03	37
2.31389535e+03	9.99550754e-01	1.08814426e-03	37
2.31390229e+03	1.00184246e+00	1.08889374e-03	37
2.31390923e+03	9.97732867e-01	1.08727967e-03	37
2.31391618e+03	1.00144612e+00	1.08949421e-03	37
2.31392312e+03	1.00060902e+00	1.08853525e-03	37
2.31393007e+03	9.99513634e-01	1.08755313e-03	37
2.31393701e+03	9.97140845e-01	1.08790777e-03	37
2.31394396e+03	9.98543449e-01	1.08788555e-03	37
2.31395090e+03	1.00113812e+00	1.08871937e-03	37
2.31395785e+03	1.00029414e+00	1.08801827e-03	37
2.31396479e+03	1.00061217e+00	1.08832105e-03	37
2.31397174e+03	9.99119195e-01	1.08793177e-03	37
2.31397868e+03	9.99315168e-01	1.08869519e-03	37
2.31398562e+03	9.99438824e-01	1.08915647e-03	37
2.31399257e+03	1.00257268e+00	1.08911299e-03	37
2.31399951e+03	9.97774665e-01	1.08813666e-03	37
2.31400646e+03	9.98397632e-01	1.08783060e-03	37
2.31401340e+03	9.97465352e-01	1.08797579e-03	37
2.31402035e+03	1.00026645e+00	1.08864708e-03	37
2.31402729e+03	1.00078796e+00	1.08822657e-03	37
2.31403424e+03	1.00039787e+00	1.09032838e-03	37
2.31404118e+03	1.00156492e+00	1.08885040e-03	37
2.31404813e+03	1.00059794e+00	1.08826437e-03	37
2.31405507e+03	9.99870225e-01	1.08811316e-03	37
2.31406201e+03	9.99612957e-01	1.08916669e-03	37
2.31406896e+03	1.00063710e+00	1.08896869e-03	37
2.31407590e+03	9.98863423e-01	1.08965108e-03	37
2.31408285e+03	1.00168916e+00	1.08939884e-03	37
2.31408979e+03	9.99525850e-01	1.08780893e-03	37
2.31409674e+03	9.98743873e-01	1.08811226e-03	37
2.31410368e+03	9.99475343e-01	1.08789142e-03	37
2.31411063e+03	1.00108871e+00	1.08828672e-03	37
2.31411757e+03	9.98260261e-01	1.08749885e-03	37
2.31412452e+03	9.97816708e-01	1.08727773e-03	37
2.31413146e+03	9.98245419e-01	1.08773648e-03	37
2.31413841e+03	9.99832888e-01	1.08858178e-03	37
2.31414535e+03	1.00172223e+00	1.08938986e-03	37
2.31415229e+03	9.99738200e-01	1.08898165e-03	37
2.31415924e+03	9.99441766e-01	1.08790165e-03	37
2.31416618e+03	9.99016819e-01	1.08930813e-03	37
2.31417313e+03	9.99778209e-01	1.08806899e-03	37
2.31418007e+03	1.00000572e+00	1.08810327e-03	37
2.31418702e+03	1.00023237e+00	1.08817312e-03	37
2.31419396e+03	1.00073174e+00	1.08891920e-03	37
2.31420091e+03	9.98774270e-01	1.08768310e-03	37
2.31420785e+03	9.98339391e-01	1.08833883e-03	37
2.31421480e+03	1.00115178e+00	1.08878332e-03	37
2.31422174e+03	1.00128349e+00	1.08925806e-03	37
2.31422868e+03	1.00092646e+00	1.08866332e-03	37
2.31423563e+03	9.99342702e-01	1.08798761e-03	37
2.31424257e+03	1.00034341e+00	1.08854444e-03	37
2.31424952e+03	1.00241623e+00	1.08917031e-03	37
2.31425646e+03	1.00009945e+00	1.08829661e-03	37
2.31426341e+03	1.00078060e+00	1.08955131e-03	37
2.31427035e+03	1.00076704e+00	1.08942846e-03	37
2.31427730e+03	1.00092136e+00	1.08912818e-03	37
2.31428424e+03	1.00069307e+00	1.08926704e-03	37
2.31429119e+03	1.00148613e+00	1.08857552e-03	37
2.31429813e+03	1.00171146e+00	1.08918868e-03	37
2.31430507e+03	1.00194885e+00	1.08853535e-03	37
2.31431202e+03	1.00277172e+00	1.08969265e-03	37
2.31431896e+03	1.00231940e+00	1.08920471e-03	37
2.31432591e+03	1.00042241e+00	1.08772321e-03	37
2.31433285e+03	1.00246625e+00	1.08888966e-03	37
2.31433980e+03	1.00120394e+00	1.08855740e-03	37
2.31434674e+03	9.99702560e-01	1.08815946e-03	37
2.31435369e+03	1.00168410e+00	1.08854558e-03	37
2.31436063e+03	1.00122508e+00	1.08824758e-03	37
2.31436758e+03	1.00034507e+00	1.08821728e-03	37
2.31437452e+03	1.00286536e+00	1.08961611e-03	37
2.31438146e+03	9.99702483e-01	1.08787646e-03	37
2.31438841e+03	1.00055825e+00	1.08963759e-03	37
2.31439535e+03	9.97967819e-01	1.08746923e-03	37
2.31440230e+03	1.00091358e+00	1.08924138e-03	37
2.31440924e+03	9.99880002e-01	1.08835010e-03	37
2.31441619e+03	9.99221311e-01	1.08822145e-03	37
2.31442313e+03	1.00320904e+00	1.08879216e-03	37
2.31443008e+03	1.00056734e+00	1.08871009e-03	37
2.31443702e+03	1.00011845e+00	1.08850029e-03	37
2.31444397e+03	9.99522002e-01	1.08786250e-03	37
2.31445091e+03	9.99557609e-01	1.08869847e-03	37
2.31445785e+03	9.99991719e-01	1.08862573e-03	37
2.31446480e+03	1.00056181e+00	1.08888137e-03	37
2.31447174e+03	1.00077790e+00	1.08858089e-03	37
2.31447869e+03	1.00017326e+00	1.08817059e-03	37
2.31448563e+03	1.00121881e+00	1.08882374e-03	37
2.31449258e+03	1.00198759e+00	1.08777395e-03	37
2.31449952e+03	1.00254390e+00	1.08848599e-03	37
2.31450647e+03	1.00016126e+00	1.08761650e-03	37
2.31451341e+03	1.00280459e+00	1.08786876e-03	37
2.31452036e+03	1.00229888e+00	1.08910445e-03	37
2.31452730e+03	1.00029364e+00	1.08788700e-03	37
2.31453424e+03	1.00210669e+00	1.09008681e-03	37
2.31454119e+03	1.00000310e+00	1.08765587e-03	37
2.31454813e+03	9.99906326e-01	1.08846950e-03	37
2.31455508e+03	1.00198511e+00	1.08863139e-03	37
2.31456202e+03	1.00128349e+00	1.08831071e-03	37
2.31456897e+03	1.00083936e+00	1.08818231e-03	37
2.31457591e+03	9.99559932e-01	1.08800609e-03	37
2.31458286e+03	9.98323198e-01	1.08777156e-03	37
2.31458980e+03	1.00266209e+00	1.09048608e-03	37
2.31459675e+03	1.00096858e+00	1.08933572e-03	37
2.31460369e+03	1.00093862e+00	1.08865175e-03	37
2.31461064e+03	1.00053567e+00	1.08803471e-03	37
2.31461758e+03	9.99076680e-01	1.08753802e-03	37
2.31462452e+03	9.98312260e-01	1.08794116e-03	37
2.31463147e+03	9.97409114e-01	1.08803710e-03	37
2.31463841e+03	9.99379893e-01	1.08782389e-03	37
2.31464536e+03	1.00481824e+00	1.08975927e-03	37
2.31465230e+03	1.00272163e+00	1.08958083e-03	37
2.31465925e+03	9.99639554e-01	1.08936192e-03	37
2.31466619e+03	9.99352707e-01	1.08795730e-03	37
2.31467314e+03	9.99780499e-01	1.08790881e-03	37
2.31468008e+03	1.00118975e+00	1.08865795e-03	37
2.31468703e+03	9.98975157e-01	1.08892997e-03	37
2.31469397e+03	9.98803144e-01	1.08806865e-03	37
2.31470091e+03	1.00100652e+00	1.08807958e-03	37
2.31470786e+03	1.00046596e+00	1.08806388e-03	37
2.31471480e+03	1.00007432e+00	1.08748523e-03	37
2.31472175e+03	9.98929948e-01	1.08697347e-03	37
2.31472869e+03	9.99859541e-01	1.08735424e-03	37
2.31473564e+03	1.00063687e+00	1.08823064e-03	37
2.31474258e+03	1.00109983e+00	1.08865741e-03	37
2.31474953e+03	1.00333327e+00	1.08890237e-03	37
2.31475647e+03	1.00250910e+00	1.09084422e-03	37
2.31476342e+03	1.00142136e+00	1.08855794e-03	37
2.31477036e+03	1.00236587e+00	1.08918451e-03	37
2.31477730e+03	9.99627850e-01	1.08786851e-03	37
2.31478425e+03	9.99387915e-01	1.08803516e-03	37
2.31479119e+03	1.00037150e+00	1.08725953e-03	37
2.31479814e+03	9.98209098e-01	1.08759682e-03	37
2.31480508e+03	9.98980634e-01	1.08750601e-03	37
2.31481203e+03	9.99661622e-01	1.08780973e-03	37
2.31481897e+03	9.99626125e-01	1.08806015e-03	37
2.31482592e+03	9.99383951e-01	1.08759071e-03	37
2.31483286e+03	9.98722506e-01	1.08755835e-03	37
2.31483981e+03	1.00024304e+00	1.08812006e-03	37
2.31484675e+03	1.00119244e+00	1.08886956e-03	37
2.31485369e+03	1.00028168e+00	1.08756471e-03	37
2.31486064e+03	1.00117712e+00	1.08899332e-03	37
2.31486758e+03	9.98726570e-01	1.08766178e-03	37
2.31487453e+03	9.99263773e-01	1.08765666e-03	37
2.31488147e+03	9.99937628e-01	1.08841139e-03	37
2.31488842e+03	1.00024707e+00	1.08857681e-03	37
2.31489536e+03	9.98251114e-01	1.08677433e-03	37
2.31490231e+03	1.00048847e+00	1.08817049e-03	37
2.31490925e+03	9.99867977e-01	1.08816597e-03	37
2.31491620e+03	1.00029219e+00	1.08809354e-03	37
2.31492314e+03	1.00212494e+00	1.08890873e-03	37
2.31493008e+03	9.99939658e-01	1.08803595e-03	37
2.31493703e+03	9.99609407e-01	1.08750884e-03	37
2.31494397e+03	9.98164931e-01	1.08728126e-03	37
2.31495092e+03	1.00167512e+00	1.08906122e-03	37
2.31495786e+03	9.98531804e-01	1.08782732e-03	37
2.31496481e+03	1.00100063e+00	1.09010055e-03	37
2.31497175e+03	1.00202803e+00	1.08775829e-03	37
2.31497870e+03	9.99472018e-01	1.08883540e-03	37
2.31498564e+03	9.98280799e-01	1.08738566e-03	37
2.31499259e+03	9.99746988e-01	1.08860869e-03	37
2.31499953e+03	9.99011386e-01	1.08730145e-03	37
2.31500647e+03	9.99178431e-01	1.08759707e-03	37
2.31501342e+03	1.00030523e+00	1.08834757e-03	37
2.31502036e+03	9.98952051e-01	1.08770810e-03	37
2.31502731e+03	1.00196860e+00	1.08828389e-03	37
2.31503425e+03	9.98214580e-01	1.08926565e-03	37
2.31504120e+03	9.99487057e-01	1.08788849e-03	37
2.31504814e+03	9.98294217e-01	1.08775089e-03	37
2.31505509e+03	9.97200660e-01	1.08639131e-03	37
2.31506203e+03	9.98473426e-01	1.08814451e-03	37
2.31506898e+03	1.00128654e+00	1.08820273e-03	37
2.31507592e+03	9.98382473e-01	1.08678388e-03	37
2.31508286e+03	9.97371169e-01	1.08787030e-03	37
2.31508981e+03	9.98260968e-01	1.08717292e-03	37
2.31509675e+03	1.00025604e+00	1.08761113e-03	37
2.31510370e+03	1.00017570e+00	1.08789281e-03	37
2.31511064e+03	9.97104077e-01	1.08669454e-03	37
2.31511759e+03	9.99065463e-01	1.08824326e-03	37
2.31512453e+03	9.97112210e-01	1.08703489e-03	37
2.31513148e+03	9.98688479e-01	1.08803745e-03	37
2.31513842e+03	9.97306124e-01	1.08630721e-03	37
2.31514537e+03	9.98185270e-01	1.08788193e-03	37
2.31515231e+03	9.98156874e-01	1.08723527e-03	37
2.31515925e+03	9.99532330e-01	1.08763713e-03	37
2.31516620e+03	9.96551778e-01	1.08791030e-03	37
2.31517314e+03	9.98672444e-01	1.08718192e-03	37
2.31518009e+03	9.98970413e-01	1.08729931e-03	37
2.31518703e+03	1.00150794e+00	1.08813815e-03	37
2.31519398e+03	1.00136154e+00	1.08803754e-03	37
2.31520092e+03	9.99103952e-01	1.08738855e-03	37
2.31520787e+03	1.00045117e+00	1.08760229e-03	37
2.31521481e+03	1.00060366e+00	1.08761218e-03	37
2.31522176e+03	9.99187195e-01	1.08724979e-03	37
2.31522870e+03	1.00034372e+00	1.08717874e-03	37
2.31523564e+03	1.00136517e+00	1.08838517e-03	37
2.31524259e+03	9.97304171e-01	1.08687813e-03	37
2.31524953e+03	9.97807542e-01	1.08657997e-03	37
2.31525648e+03	9.99169725e-01	1.08723492e-03	37
2.31526342e+03	9.99308504e-01	1.08708123e-03	37
2.31527037e+03	9.99706770e-01	1.08758603e-03	37
2.31527731e+03	9.98861858e-01	1.08682760e-03	37
2.31528426e+03	9.99242007e-01	1.08753554e-03	37
2.31529120e+03	9.99532559e-01	1.08751978e-03	37
2.31529815e+03	9.97487649e-01	1.08598785e-03	37
2.31530509e+03	1.00106882e+00	1.08844387e-03	37
2.31531203e+03	1.00191796e+00	1.08900682e-03	37
2.31531898e+03	9.99810806e-01	1.08800565e-03	37
2.31532592e+03	9.98047485e-01	1.08641037e-03	37
2.31533287e+03	9.98834960e-01	1.08790995e-03	37
2.31533981e+03	1.00008228e+00	1.08778826e-03	37
2.31534676e+03	9.99769106e-01	1.08742200e-03	37
2.31535370e+03	9.98381945e-01	1.08715124e-03	37
2.31536065e+03	9.98540563e-01	1.08799034e-03	37
2.31536759e+03	9.97975446e-01	1.08716069e-03	37
2.31537454e+03	9.97870567e-01	1.08723766e-03	37
2.31538148e+03	9.98611695e-01	1.08712096e-03	37
2.31538842e+03	9.97093583e-01	1.08711698e-03	37
2.31539537e+03	1.00011954e+00	1.08796590e-03	37
2.31540231e+03	9.98256376e-01	1.08667932e-03	37
2.31540926e+03	9.98654065e-01	1.08753181e-03	37
2.31541620e+03	9.98703378e-01	1.08651848e-03	37
2.31542315e+03	9.96782046e-01	1.08684555e-03	37
2.31543009e+03	1.00013583e+00	1.08751978e-03	37
2.31543704e+03	9.99003195e-01	1.08701027e-03	37
2.31544398e+03	1.00011626e+00	1.08763111e-03	37
2.31545093e+03	1.00191778e+00	1.08778731e-03	37
2.31545787e+03	9.99499422e-01	1.08757257e-03	37
2.31546481e+03	9.97816492e-01	1.08657410e-03	37
2.31547176e+03	1.00133027e+00	1.08769786e-03	37
2.31547870e+03	9.99940471e-01	1.08772544e-03	37
2.31548565e+03	9.98866232e-01	1.08710878e-03	37
2.31549259e+03	1.00018508e+00	1.08743811e-03	37
2.31549954e+03	9.97382727e-01	1.08632150e-03	37
2.31550648e+03	9.96124322e-01	1.08690026e-03	37
2.31551343e+03	9.99542446e-01	1.08713593e-03	37
2.31552037e+03	9.98096086e-01	1.08729647e-03	37
2.31552732e+03	9.98424746e-01	1.08634304e-03	37
2.31553426e+03	9.99812641e-01	1.08743587e-03	37
2.31554121e+03	9.98818287e-01	1.08695621e-03	37
2.31554815e+03	1.00072544e+00	1.08786066e-03	37
2.31555509e+03	9.99297606e-01	1.08743358e-03	37
2.31556204e+03	9.99089406e-01	1.08750864e-03	37
2.31556898e+03	9.98867088e-01	1.08675438e-03	37
2.31557593e+03	1.00129509e+00	1.08821306e-03	37
2.31558287e+03	9.97407679e-01	1.08671882e-03	37
2.31558982e+03	9.98091061e-01	1.08685177e-03	37
2.31559676e+03	9.99528470e-01	1.08702206e-03	37
2.31560371e+03	1.00122924e+00	1.08806219e-03	37
2.31561065e+03	1.00275053e+00	1.08828846e-03	37
2.31561760e+03	1.00020881e+00	1.08933071e-03	37
2.31562454e+03	9.98963189e-01	1.08772365e-03	37
2.31563148e+03	1.00202161e+00	1.08749920e-03	37
2.31563843e+03	9.99728256e-01	1.08715433e-03	37
2.31564537e+03	9.96682230e-01	1.08603986e-03	37
2.31565232e+03	9.95607493e-01	1.08585583e-03	37
2.31565926e+03	9.95570965e-01	1.08565534e-03	37
2.31566621e+03	9.93630212e-01	1.08429552e-03	37
2.31567315e+03	9.94091826e-01	1.08447728e-03	37
2.31568010e+03	9.94174900e-01	1.08431686e-03	37
2.31568704e+03	9.91138074e-01	1.08402364e-03	37
2.31569399e+03	9.89877874e-01	1.08222036e-03	37
2.31570093e+03	9.90955037e-01	1.08238443e-03	37
2.31580510e+03	9.90159593e-01	1.08183703e-03	37
2.31581204e+03	9.89706745e-01	1.08278824e-03	37
2.31582593e+03	9.90531459e-01	1.08347676e-03	37
2.31583288e+03	9.92834269e-01	1.08422184e-03	37
2.31583982e+03	9.93665990e-01	1.08395153e-03	37
2.31584677e+03	9.97620320e-01	1.08528104e-03	37
2.31585371e+03	9.97711464e-01	1.08640892e-03	37
2.31586065e+03	9.97337044e-01	1.08579226e-03	37
2.31586760e+03	9.99079430e-01	1.08641051e-03	37
2.31587454e+03	9.99844155e-01	1.08713956e-03	37
2.31588149e+03	9.98570688e-01	1.08727251e-03	37
2.31588843e+03	9.97658136e-01	1.08672349e-03	37
2.31589538e+03	1.00196458e+00	1.08751113e-03	37
2.31590232e+03	1.00039961e+00	1.08776495e-03	37
2.31590927e+03	9.98625672e-01	1.08771764e-03	37
2.31591621e+03	1.00138070e+00	1.08846329e-03	37
2.31592316e+03	1.00007054e+00	1.08835010e-03	37
2.31593010e+03	1.00041441e+00	1.08912852e-03	37
2.31593704e+03	1.00168408e+00	1.08789510e-03	37
2.31594399e+03	1.00069186e+00	1.08777678e-03	37
2.31595093e+03	9.98756669e-01	1.08787919e-03	37
2.31595788e+03	1.00107460e+00	1.08771357e-03	37
2.31596482e+03	9.97904410e-01	1.08679333e-03	37
2.31597177e+03	1.00107882e+00	1.08877662e-03	37
2.31597871e+03	9.99102930e-01	1.08630721e-03	37
2.31598566e+03	1.00195444e+00	1.08785579e-03	37
2.31599260e+03	1.00155887e+00	1.08806671e-03	37
2.31599955e+03	9.98319187e-01	1.08670524e-03	37
2.31600649e+03	9.99224164e-01	1.08767301e-03	37
2.31601343e+03	9.98413829e-01	1.08652037e-03	37
2.31602038e+03	1.00267346e+00	1.08806810e-03	37
2.31602732e+03	1.00266648e+00	1.08847541e-03	37
2.31603427e+03	1.00063249e+00	1.08746366e-03	37
2.31604121e+03	9.98988072e-01	1.08713488e-03	37
2.31604816e+03	1.00005618e+00	1.08694532e-03	37
2.31605510e+03	1.00132240e+00	1.08673180e-03	37
2.31606205e+03	1.00282896e+00	1.08754736e-03	37
2.31606899e+03	1.00005056e+00	1.08826551e-03	37
2.31607594e+03	1.00307366e+00	1.08821172e-03	37
2.31608288e+03	1.00250153e+00	1.08774328e-03	37
2.31608982e+03	1.00219860e+00	1.08846438e-03	37
2.31609677e+03	1.00194054e+00	1.08829924e-03	37
2.31610371e+03	1.00039880e+00	1.08712822e-03	37
2.31611066e+03	1.00030556e+00	1.08769244e-03	37
2.31611760e+03	9.99348597e-01	1.08744711e-03	37
2.31612455e+03	1.00129567e+00	1.08739227e-03	37
2.31613149e+03	1.00022181e+00	1.08714806e-03	37
2.31613844e+03	1.00320530e+00	1.08791437e-03	37
2.31614538e+03	1.00079914e+00	1.08736309e-03	37
2.31615233e+03	1.00198612e+00	1.08757232e-03	37
2.31615927e+03	1.00270105e+00	1.08793037e-03	37
2.31616621e+03	1.00261393e+00	1.08775546e-03	37
2.31617316e+03	9.97040201e-01	1.08603792e-03	37
2.31618010e+03	1.00000592e+00	1.08820740e-03	37
2.31618705e+03	1.00074566e+00	1.08657933e-03	37
2.31619399e+03	9.99624245e-01	1.08693204e-03	37
2.31620094e+03	1.00207653e+00	1.08803630e-03	37
2.31620788e+03	1.00140222e+00	1.08744303e-03	37
2.31621483e+03	1.00184451e+00	1.08735981e-03	37
2.31622177e+03	1.00098864e+00	1.08747445e-03	37
2.31622872e+03	9.98333212e-01	1.08717635e-03	37
2.31623566e+03	9.95737904e-01	1.08632796e-03	37
2.31624260e+03	1.00066681e+00	1.08751928e-03	37
2.31624955e+03	9.99772705e-01	1.08689514e-03	37
2.31625649e+03	9.96696768e-01	1.08643912e-03	37
2.31626344e+03	1.00079367e+00	1.08749840e-03	37
2.31627038e+03	9.99994413e-01	1.08801280e-03	37
2.31627733e+03	1.00102804e+00	1.08827629e-03	37
2.31628427e+03	9.98941405e-01	1.08710018e-03	37
2.31629122e+03	1.00011902e+00	1.08770015e-03	37
2.31629816e+03	1.00134167e+00	1.08799954e-03	37
2.31630511e+03	9.97703345e-01	1.08721867e-03	37
2.31631205e+03	9.97641687e-01	1.08724218e-03	37
2.31631899e+03	1.00178402e+00	1.08827301e-03	37
2.31632594e+03	1.00128220e+00	1.08728996e-03	37
2.31633288e+03	9.97729780e-01	1.08754826e-03	37
2.31633983e+03	9.98899734e-01	1.08707382e-03	37
2.31634677e+03	9.96859320e-01	1.08695000e-03	37
2.31635372e+03	9.98167273e-01	1.08706124e-03	37
2.31636066e+03	1.00077443e+00	1.08807500e-03	37
2.31636761e+03	1.00081648e+00	1.08707825e-03	37
2.31637455e+03	1.00030673e+00	1.08820998e-03	37
2.31638150e+03	1.00107057e+00	1.08987440e-03	37
2.31638844e+03	1.00109880e+00	1.08734699e-03	37
2.31639538e+03	9.99735575e-01	1.08732133e-03	37
2.31640233e+03	1.00051884e+00	1.08733754e-03	37
2.31640927e+03	9.99646301e-01	1.08689355e-03	37
2.31641622e+03	9.97747058e-01	1.08755065e-03	37
2.31642316e+03	1.00021330e+00	1.08713752e-03	37
2.31643011e+03	1.00000622e+00	1.08743801e-03	37
2.31643705e+03	1.00089955e+00	1.08676254e-03	37
2.31644400e+03	9.99068166e-01	1.08776033e-03	37
2.31645094e+03	1.00031889e+00	1.08721379e-03	37
2.31645789e+03	1.00012589e+00	1.08763022e-03	37
2.31646483e+03	1.00169237e+00	1.08774259e-03	37
2.31647177e+03	1.00109123e+00	1.08756178e-03	37
2.31647872e+03	1.00245409e+00	1.08798145e-03	37
2.31648566e+03	1.00061178e+00	1.08787621e-03	37
2.31649261e+03	1.00111823e+00	1.08755994e-03	37
2.31649955e+03	9.99207634e-01	1.08685495e-03	37
2.31650650e+03	9.99171498e-01	1.08656162e-03	37
2.31651344e+03	1.00003577e+00	1.08872677e-03	37
2.31652039e+03	9.98985224e-01	1.08705950e-03	37
2.31652733e+03	1.00074238e+00	1.08784466e-03	37
2.31653428e+03	1.00171642e+00	1.08842386e-03	37
2.31654122e+03	1.00126827e+00	1.08818902e-03	37
2.31654816e+03	9.99188037e-01	1.08666410e-03	37
2.31655511e+03	9.98670733e-01	1.08660306e-03	37
2.31656205e+03	9.99323043e-01	1.08792700e-03	37
2.31656900e+03	9.98256356e-01	1.08760502e-03	37
2.31657594e+03	1.00093588e+00	1.08803198e-03	37
2.31658289e+03	1.00195396e+00	1.08848981e-03	37
2.31658983e+03	9.96974001e-01	1.08667534e-03	37
2.31659678e+03	9.99363026e-01	1.08670305e-03	37
2.31660372e+03	9.97771111e-01	1.08667230e-03	37
2.31661067e+03	9.98842728e-01	1.08677751e-03	37
2.31661761e+03	1.00311199e+00	1.08836530e-03	37
2.31662455e+03	9.97856746e-01	1.08628890e-03	37
2.31663150e+03	1.00057901e+00	1.08714592e-03	37
2.31663844e+03	1.00008707e+00	1.08754846e-03	37
2.31664539e+03	9.98710118e-01	1.08712071e-03	37
2.31665233e+03	9.96627761e-01	1.08619947e-03	37
2.31665928e+03	9.98423954e-01	1.08674995e-03	37
2.31666622e+03	9.98132222e-01	1.08689524e-03	37
2.31667317e+03	9.96593590e-01	1.08603210e-03	37
2.31668011e+03	1.00025567e+00	1.08836267e-03	37
2.31668706e+03	1.00098030e+00	1.08858441e-03	37
2.31669400e+03	1.00007706e+00	1.08724139e-03	37
2.31670094e+03	9.97890696e-01	1.08707362e-03	37
2.31670789e+03	9.97961972e-01	1.08739034e-03	37
2.31671483e+03	9.98397288e-01	1.08725113e-03	37
2.31672178e+03	9.99061618e-01	1.08756754e-03	37
2.31672872e+03	9.98169513e-01	1.08690613e-03	37
2.31673567e+03	9.99027135e-01	1.08750069e-03	37
2.31674261e+03	9.99878242e-01	1.08756098e-03	37
2.31674956e+03	9.97790392e-01	1.08658997e-03	37
2.31675650e+03	1.00071504e+00	1.08813780e-03	37
2.31676344e+03	9.99849109e-01	1.08774840e-03	37
2.31677039e+03	9.99471846e-01	1.08709346e-03	37
2.31677733e+03	1.00163288e+00	1.08741370e-03	37
2.31678428e+03	1.00052611e+00	1.08720947e-03	37
2.31679122e+03	1.00112408e+00	1.08804207e-03	37
2.31679817e+03	9.97891205e-01	1.08709481e-03	37
2.31680511e+03	1.00118222e+00	1.08729225e-03	37
2.31681206e+03	9.99782055e-01	1.08735494e-03	37
2.31681900e+03	9.99409395e-01	1.08701833e-03	37
2.31682595e+03	1.00215363e+00	1.08792685e-03	37
2.31683289e+03	1.00135118e+00	1.08661415e-03	37
2.31683983e+03	1.00037946e+00	1.08755268e-03	37
2.31684678e+03	9.99415399e-01	1.08673926e-03	37
2.31685372e+03	1.00104631e+00	1.08760522e-03	37
2.31686067e+03	9.98910887e-01	1.08648281e-03	37
2.31686761e+03	9.99622299e-01	1.08650734e-03	37
2.31687456e+03	1.00087500e+00	1.08677686e-03	37
2.31688150e+03	1.00044637e+00	1.08821361e-03	37
2.31688845e+03	1.00286438e+00	1.08748672e-03	37
2.31689539e+03	9.99952268e-01	1.08756471e-03	37
2.31690234e+03	1.00310199e+00	1.08768598e-03	37
2.31690928e+03	9.99885954e-01	1.08694985e-03	37
2.31691622e+03	1.00077955e+00	1.08744790e-03	37
2.31692317e+03	9.99813567e-01	1.08680387e-03	37
2.31693011e+03	1.00009605e+00	1.08652868e-03	37
2.31693706e+03	1.00312416e+00	1.08714423e-03	37
2.31694400e+03	1.00067427e+00	1.08726058e-03	37
2.31695095e+03	1.00108542e+00	1.08817049e-03	37
2.31695789e+03	1.00411881e+00	1.08762977e-03	37
2.31696484e+03	1.00095060e+00	1.08693045e-03	37
2.31697178e+03	1.00059227e+00	1.08669454e-03	37
2.31697873e+03	9.99447127e-01	1.08725988e-03	37
2.31698567e+03	1.00254633e+00	1.08717193e-03	37
2.31699261e+03	9.99504358e-01	1.08709212e-03	37
2.31699956e+03	1.00201810e+00	1.08702524e-03	37
2.31700650e+03	1.00185986e+00	1.08774194e-03	37
2.31701345e+03	1.00190057e+00	1.08664320e-03	37
2.31702039e+03	9.99508190e-01	1.08728136e-03	37
2.31702734e+03	1.00038930e+00	1.08843399e-03	37
2.31703428e+03	1.00195106e+00	1.08727589e-03	37
2.31704123e+03	1.00129237e+00	1.08691707e-03	37
2.31704817e+03	1.00055780e+00	1.08805593e-03	37
2.31705512e+03	1.00176984e+00	1.08741236e-03	37
2.31706206e+03	9.98873088e-01	1.08755959e-03	37
2.31706900e+03	9.98864664e-01	1.08819205e-03	37
2.31707595e+03	9.98716092e-01	1.08665176e-03	37
2.31708289e+03	1.00137756e+00	1.08739794e-03	37
2.31708984e+03	1.00092544e+00	1.08674190e-03	37
2.31709678e+03	1.00154066e+00	1.08693736e-03	37
2.31710373e+03	1.00101239e+00	1.08766595e-03	37
2.31711067e+03	1.00061165e+00	1.08741738e-03	37
2.31711762e+03	9.99439086e-01	1.08736573e-03	37
2.31712456e+03	1.00072782e+00	1.08680989e-03	37
2.31713151e+03	1.00005659e+00	1.08780302e-03	37
2.31713845e+03	1.00095364e+00	1.08736707e-03	37
2.31714539e+03	1.00137206e+00	1.08879315e-03	37
2.31715234e+03	1.00088774e+00	1.08726093e-03	37
2.31715928e+03	1.00215726e+00	1.08838323e-03	37
2.31716623e+03	1.00080648e+00	1.08715080e-03	37
2.31717317e+03	9.99520677e-01	1.08714319e-03	37
2.31718012e+03	9.98435421e-01	1.08626800e-03	37
2.31718706e+03	1.00174224e+00	1.08765621e-03	37
2.31719401e+03	1.00174292e+00	1.08666047e-03	37
2.31720095e+03	9.99516509e-01	1.08681292e-03	37
2.31720790e+03	1.00043113e+00	1.08661042e-03	37
2.31721484e+03	1.00106525e+00	1.08711798e-03	37
2.31722178e+03	9.99309567e-01	1.08697824e-03	37
2.31722873e+03	1.00117596e+00	1.08721106e-03	37
2.31723567e+03	1.00182768e+00	1.08735345e-03	37
2.31724262e+03	1.00087724e+00	1.08690911e-03	37
2.31724956e+03	1.00173399e+00	1.08711708e-03	37
2.31725651e+03	1.00039570e+00	1.08664400e-03	37
2.31726345e+03	9.99339771e-01	1.08630766e-03	37
2.31727040e+03	1.00321184e+00	1.08769811e-03	37
2.31727734e+03	1.00035407e+00	1.08685550e-03	37
2.31728429e+03	1.00235354e+00	1.08701604e-03	37
2.31729123e+03	1.00197134e+00	1.08721787e-03	37
2.31729817e+03	1.00050736e+00	1.08702355e-03	37
2.31730512e+03	9.99417114e-01	1.08647430e-03	37
2.31731206e+03	1.00216053e+00	1.08683451e-03	37
2.31731901e+03	9.99880682e-01	1.08677174e-03	37
2.31732595e+03	1.00080035e+00	1.08670170e-03	37
2.31733290e+03	1.00342134e+00	1.08798294e-03	37
2.31733984e+03	1.00145565e+00	1.08682397e-03	37
2.31734679e+03	1.00184016e+00	1.08666002e-03	37
2.31735373e+03	1.00388885e+00	1.08754677e-03	37
2.31736068e+03	1.00263285e+00	1.08616484e-03	37
2.31736762e+03	1.00073018e+00	1.08706860e-03	37
2.31737456e+03	1.00074869e+00	1.08681874e-03	37
2.31738151e+03	1.00074445e+00	1.08639584e-03	37
2.31738845e+03	1.00078862e+00	1.08915453e-03	37
2.31739540e+03	1.00171171e+00	1.08763439e-03	37
2.31740234e+03	1.00115738e+00	1.08781256e-03	37
2.31740929e+03	1.00326960e+00	1.08747017e-03	37
2.31741623e+03	9.98847331e-01	1.08586181e-03	37
2.31742318e+03	1.00095878e+00	1.08630343e-03	37
2.31743012e+03	1.00179977e+00	1.08739918e-03	37
2.31743707e+03	9.99652100e-01	1.08631637e-03	37
2.31744401e+03	1.00116993e+00	1.08666106e-03	37
2.31745095e+03	9.98490928e-01	1.08789360e-03	37
2.31745790e+03	1.00072350e+00	1.08713628e-03	37
2.31746484e+03	9.99463109e-01	1.08648654e-03	37
2.31747179e+03	9.97480689e-01	1.08660191e-03	37
2.31747873e+03	1.00000996e+00	1.08679601e-03	37
2.31748568e+03	9.99238853e-01	1.08672031e-03	37
2.31749262e+03	1.00185247e+00	1.08695984e-03	37
2.31749957e+03	1.00227207e+00	1.08839321e-03	37
2.31750651e+03	1.00014563e+00	1.08739645e-03	37
2.31751346e+03	9.98632067e-01	1.08598571e-03	37
2.31752040e+03	9.99746485e-01	1.08637767e-03	37
2.31752734e+03	1.00164344e+00	1.08728589e-03	37
2.31753429e+03	1.00110730e+00	1.08631538e-03	37
2.31754123e+03	9.97591319e-01	1.08618335e-03	37
2.31754818e+03	9.98866912e-01	1.08611860e-03	37
2.31755512e+03	9.99498870e-01	1.08610352e-03	37
2.31756207e+03	1.00101848e+00	1.08759468e-03	37
2.31756901e+03	9.97804843e-01	1.08623147e-03	37
2.31757596e+03	1.00137138e+00	1.08774443e-03	37
2.31758290e+03	9.99317354e-01	1.08621863e-03	37
2.31758984e+03	1.00288067e+00	1.08758663e-03	37
2.31759679e+03	9.99723573e-01	1.08710957e-03	37
2.31760373e+03	1.00312393e+00	1.08800520e-03	37
2.31761068e+03	1.00201989e+00	1.08720688e-03	37
2.31761762e+03	9.98685199e-01	1.08671658e-03	37
2.31762457e+03	9.98534029e-01	1.08608675e-03	37
2.31763151e+03	9.99948175e-01	1.08610750e-03	37
2.31763846e+03	9.98105061e-01	1.08517260e-03	37
2.31764540e+03	9.97785369e-01	1.08584752e-03	37
2.31765235e+03	1.00126554e+00	1.08613736e-03	37
2.31765929e+03	9.99401840e-01	1.08624601e-03	37
2.31766623e+03	1.00036683e+00	1.08741996e-03	37
2.31767318e+03	1.00047125e+00	1.08709416e-03	37
2.31768012e+03	9.99679400e-01	1.08648067e-03	37
2.31768707e+03	1.00046952e+00	1.08624974e-03	37
2.31769401e+03	1.00174006e+00	1.08737140e-03	37
2.31770096e+03	9.99771485e-01	1.08626074e-03	37
2.31770790e+03	9.99950202e-01	1.08622839e-03	37
2.31771485e+03	9.99024693e-01	1.08609864e-03	37
2.31772179e+03	1.00271431e+00	1.08632264e-03	37
2.31772874e+03	1.00033194e+00	1.08658565e-03	37
2.31773568e+03	1.00152326e+00	1.08773126e-03	37
2.31774262e+03	9.98850272e-01	1.08581516e-03	37
2.31774957e+03	1.00126163e+00	1.08799795e-03	37
2.31775651e+03	1.00221208e+00	1.08615448e-03	37
2.31776346e+03	1.00257513e+00	1.08742871e-03	37
2.31777040e+03	1.00125044e+00	1.08596833e-03	37
2.31777735e+03	1.00171702e+00	1.08721519e-03	37
2.31778429e+03	1.00054124e+00	1.08597421e-03	37
2.31779124e+03	1.00229765e+00	1.08656490e-03	37
2.31779818e+03	9.98383330e-01	1.08547583e-03	37
2.31780513e+03	1.00362285e+00	1.08928213e-03	37
2.31781207e+03	9.98696398e-01	1.08632264e-03	37
2.31781901e+03	9.97703471e-01	1.08686982e-03	37
2.31782596e+03	9.99742071e-01	1.08669126e-03	37
2.31783290e+03	9.99007095e-01	1.08616698e-03	37
2.31783985e+03	1.00050855e+00	1.08631936e-03	37
2.31784679e+03	9.98527516e-01	1.08657092e-03	37
2.31785374e+03	9.96973389e-01	1.08567122e-03	37
2.31786068e+03	9.98280412e-01	1.08695268e-03	37
2.31786763e+03	9.97720017e-01	1.08724447e-03	37
2.31787457e+03	9.98702007e-01	1.08661450e-03	37
2.31788152e+03	9.99138624e-01	1.08623580e-03	37
2.31788846e+03	9.99833813e-01	1.08612044e-03	37
2.31789540e+03	9.99462576e-01	1.08644241e-03	37
2.31790235e+03	9.97985728e-01	1.08566938e-03	37
2.31790929e+03	9.97282243e-01	1.08562287e-03	37
2.31791624e+03	9.99804469e-01	1.08639111e-03	37
2.31792318e+03	9.98822596e-01	1.08625780e-03	37
2.31793013e+03	9.99351075e-01	1.08711390e-03	37
2.31793707e+03	1.00065873e+00	1.08700445e-03	37
2.31794402e+03	9.99106172e-01	1.08643062e-03	37
2.31795096e+03	1.00060689e+00	1.08689002e-03	37
2.31795791e+03	9.97862212e-01	1.08788883e-03	37
2.31796485e+03	9.99606353e-01	1.08580699e-03	37
2.31797179e+03	9.98740476e-01	1.08636588e-03	37
2.31797874e+03	1.00004987e+00	1.08698983e-03	37
2.31798568e+03	9.96312140e-01	1.08541283e-03	37
2.31799263e+03	9.99608786e-01	1.08612851e-03	37
2.31799957e+03	9.97324865e-01	1.08684530e-03	37
2.31800652e+03	9.99710253e-01	1.08711629e-03	37
2.31801346e+03	9.98146993e-01	1.08664052e-03	37
2.31802041e+03	9.97544314e-01	1.08607266e-03	37
2.31802735e+03	9.98111362e-01	1.08741156e-03	37
2.31803429e+03	9.97720375e-01	1.08684008e-03	37
2.31804124e+03	1.00055397e+00	1.08690533e-03	37
2.31804818e+03	9.97956958e-01	1.08515492e-03	37
2.31805513e+03	9.97983799e-01	1.08585991e-03	37
2.31806207e+03	1.00018116e+00	1.08592279e-03	37
2.31806902e+03	9.96216502e-01	1.08437349e-03	37
2.31807596e+03	9.97330627e-01	1.08493850e-03	37
2.31808291e+03	9.97834454e-01	1.08543668e-03	37
2.31808985e+03	9.98509507e-01	1.08598615e-03	37
2.31809680e+03	9.99041440e-01	1.08554201e-03	37
2.31810374e+03	9.97763536e-01	1.08555759e-03	37
2.31811068e+03	9.97230886e-01	1.08368474e-03	37
2.31811763e+03	9.99915956e-01	1.08569856e-03	37
2.31812457e+03	9.97594301e-01	1.08482704e-03	37
2.31813152e+03	9.98740505e-01	1.08505952e-03	37
2.31813846e+03	9.98683044e-01	1.08519860e-03	37
2.31814541e+03	9.96532949e-01	1.08450075e-03	37
2.31815235e+03	9.95395634e-01	1.08440620e-03	37
2.31815930e+03	9.98588634e-01	1.08479300e-03	37
2.31816624e+03	9.97875548e-01	1.08484099e-03	37
2.31817319e+03	9.99618720e-01	1.08500935e-03	37
2.31818013e+03	9.99820861e-01	1.08586181e-03	37
2.31818707e+03	9.98704014e-01	1.08581426e-03	37
2.31819402e+03	9.96904502e-01	1.08414216e-03	37
2.31820096e+03	9.97948753e-01	1.08571892e-03	37
2.31820791e+03	9.97513256e-01	1.08558697e-03	37
2.31821485e+03	9.96380120e-01	1.08435340e-03	37
2.31822180e+03	9.98948976e-01	1.08497702e-03	37
2.31822874e+03	9.98936513e-01	1.08526480e-03	37
2.31823569e+03	9.95527106e-01	1.08420459e-03	37
2.31824263e+03	1.00006486e+00	1.08668877e-03	37
2.31824958e+03	1.00020704e+00	1.08609297e-03	37
2.31825652e+03	9.99737782e-01	1.08718610e-03	37
2.31826346e+03	9.99911903e-01	1.08638041e-03	37
2.31827041e+03	1.00056320e+00	1.08650211e-03	37
2.31827735e+03	9.98661526e-01	1.08668434e-03	37
2.31828430e+03	9.99088514e-01	1.08578633e-03	37
2.31829124e+03	9.97326914e-01	1.08501652e-03	37
2.31829819e+03	9.98331878e-01	1.08574635e-03	37
2.31830513e+03	1.00028863e+00	1.08652390e-03	37
2.31831208e+03	1.00078258e+00	1.08647838e-03	37
2.31831902e+03	9.99917729e-01	1.08597047e-03	37
2.31832597e+03	9.99296929e-01	1.08641708e-03	37
2.31833291e+03	9.97534386e-01	1.08573187e-03	37
2.31833985e+03	9.97580628e-01	1.08541158e-03	37
2.31834680e+03	9.98668624e-01	1.08573933e-03	37
2.31835374e+03	9.97787524e-01	1.08564274e-03	37
2.31836069e+03	9.99833275e-01	1.08632707e-03	37
2.31836763e+03	9.98394885e-01	1.08591925e-03	37
2.31837458e+03	9.99744760e-01	1.08650246e-03	37
2.31838152e+03	9.99584837e-01	1.08564170e-03	37
2.31838847e+03	9.98077171e-01	1.08671508e-03	37
2.31839541e+03	9.99464393e-01	1.08611885e-03	37
2.31840235e+03	9.99655228e-01	1.08655072e-03	37
2.31840930e+03	1.00125303e+00	1.08601791e-03	37
2.31841624e+03	1.00045590e+00	1.08601169e-03	37
2.31842319e+03	1.00039801e+00	1.08535142e-03	37
2.31843013e+03	1.00021926e+00	1.08588396e-03	37
2.31843708e+03	1.00275063e+00	1.08663266e-03	37
2.31844402e+03	1.00083123e+00	1.08733595e-03	37
2.31845097e+03	1.00010204e+00	1.08612716e-03	37
2.31845791e+03	1.00074113e+00	1.08759115e-03	37
2.31846486e+03	1.00063264e+00	1.08743324e-03	37
2.31847180e+03	9.99746762e-01	1.08547802e-03	37
2.31847874e+03	1.00331375e+00	1.08658420e-03	37
2.31848569e+03	9.99954131e-01	1.08551432e-03	37
2.31849263e+03	1.00018133e+00	1.08566953e-03	37
2.31849958e+03	1.00229200e+00	1.08645455e-03	37
2.31850652e+03	1.00020520e+00	1.08685311e-03	37
2.31851347e+03	1.00129186e+00	1.08698426e-03	37
2.31852041e+03	1.00358939e+00	1.08760015e-03	37
2.31852736e+03	1.00375564e+00	1.08666559e-03	37
2.31853430e+03	1.00095761e+00	1.08536631e-03	37
2.31854125e+03	1.00197990e+00	1.08597251e-03	37
2.31854819e+03	1.00197790e+00	1.08882120e-03	37
2.31855513e+03	9.99857842e-01	1.08570687e-03	37
2.31856208e+03	9.99122590e-01	1.08570961e-03	37
2.31856902e+03	1.00007135e+00	1.08536013e-03	37
2.31857597e+03	1.00135855e+00	1.08534131e-03	37
2.31858291e+03	1.00161979e+00	1.08613313e-03	37
2.31858986e+03	1.00203497e+00	1.08606858e-03	37
2.31859680e+03	1.00048490e+00	1.08527830e-03	37
2.31860375e+03	1.00139705e+00	1.08739536e-03	37
2.31861069e+03	9.98918029e-01	1.08447464e-03	37
2.31861764e+03	1.00118611e+00	1.08660495e-03	37
2.31862458e+03	1.00068707e+00	1.08514197e-03	37
2.31863152e+03	1.00053193e+00	1.08560470e-03	37
2.31863847e+03	1.00237594e+00	1.08609352e-03	37
2.31864541e+03	1.00072375e+00	1.08490457e-03	37
2.31865236e+03	9.98191120e-01	1.08445659e-03	37
2.31865930e+03	1.00207130e+00	1.08571593e-03	37
2.31866625e+03	9.98229355e-01	1.08473973e-03	37
2.31867319e+03	1.00001401e+00	1.08554375e-03	37
2.31868014e+03	9.98726828e-01	1.08563378e-03	37
2.31868708e+03	1.00128643e+00	1.08607117e-03	37
2.31869403e+03	1.00094941e+00	1.08547881e-03	37
2.31870097e+03	1.00411361e+00	1.08757540e-03	37
2.31870791e+03	1.00041360e+00	1.08540476e-03	37
2.31871486e+03	9.98401966e-01	1.08605166e-03	37
2.31872180e+03	1.00141901e+00	1.08675960e-03	37
2.31872875e+03	9.99764224e-01	1.08613498e-03	37
2.31873569e+03	1.00024697e+00	1.08569881e-03	37
2.31874264e+03	9.99277140e-01	1.08529668e-03	37
2.31874958e+03	9.98751133e-01	1.08553533e-03	37
2.31875653e+03	9.97772480e-01	1.08672324e-03	37
2.31876347e+03	9.97574059e-01	1.08481672e-03	37
2.31877041e+03	9.96913592e-01	1.08512154e-03	37
2.31877736e+03	1.00055971e+00	1.08550819e-03	37
2.31878430e+03	1.00052295e+00	1.08493227e-03	37
2.31879125e+03	9.99344223e-01	1.08581551e-03	37
2.31879819e+03	9.99596709e-01	1.08584652e-03	37
2.31880514e+03	1.00059395e+00	1.08614393e-03	37
2.31881208e+03	1.00150750e+00	1.08570777e-03	37
2.31881903e+03	9.96193222e-01	1.08434603e-03	37
2.31882597e+03	1.00126900e+00	1.08524119e-03	37
2.31883292e+03	9.99602175e-01	1.08486994e-03	37
2.31883986e+03	1.00048388e+00	1.08518476e-03	37
2.31884680e+03	1.00337944e+00	1.08662470e-03	37
2.31885375e+03	1.00011956e+00	1.08565101e-03	37
2.31886069e+03	1.00238422e+00	1.08551138e-03	37
2.31886764e+03	1.00041964e+00	1.08580928e-03	37
2.31887458e+03	9.99841585e-01	1.08487597e-03	37
2.31888153e+03	1.00136933e+00	1.08551626e-03	37
2.31888847e+03	1.00167097e+00	1.08772082e-03	37
2.31889542e+03	1.00205199e+00	1.08730940e-03	37
2.31890236e+03	1.00245803e+00	1.08517410e-03	37
2.31890931e+03	1.00155157e+00	1.08506520e-03	37
2.31891625e+03	1.00128825e+00	1.08546133e-03	37
2.31892319e+03	1.00098914e+00	1.08404677e-03	37
2.31893014e+03	9.99663752e-01	1.08493317e-03	37
2.31893708e+03	9.99584358e-01	1.08416540e-03	37
2.31894403e+03	1.00396618e+00	1.08590372e-03	37
2.31895097e+03	1.00197853e+00	1.08569881e-03	37
2.31895792e+03	9.99814801e-01	1.08469613e-03	37
2.31896486e+03	1.00068840e+00	1.08571210e-03	37
2.31897181e+03	1.00104690e+00	1.08518012e-03	37
2.31897875e+03	1.00150051e+00	1.08515332e-03	37
2.31898569e+03	1.00043355e+00	1.08523357e-03	37
2.31899264e+03	1.00146823e+00	1.08552468e-03	37
2.31899958e+03	9.99004703e-01	1.08584149e-03	37
2.31900653e+03	9.98961108e-01	1.08442324e-03	37
2.31901347e+03	1.00062497e+00	1.08409978e-03	37
2.31902042e+03	1.00029631e+00	1.08473465e-03	37
2.31902736e+03	1.00195091e+00	1.08534963e-03	37
2.32022876e+03	1.00083264e+00	1.21684699e-03	37
2.32023571e+03	1.00469030e+00	1.21804308e-03	37
2.32024265e+03	1.00222876e+00	1.21575928e-03	37
2.32024960e+03	1.00097221e+00	1.21390518e-03	37
2.32025654e+03	1.00268784e+00	1.21410600e-03	37
2.32026349e+03	1.00186305e+00	1.21336129e-03	37
2.32027043e+03	1.00154935e+00	1.21377679e-03	37
2.32027737e+03	1.00155486e+00	1.21130659e-03	37
2.32028432e+03	1.00230306e+00	1.21159074e-03	37
2.32029126e+03	1.00339483e+00	1.21183833e-03	37
2.32029821e+03	1.00169393e+00	1.21026282e-03	37
2.32030515e+03	1.00067917e+00	1.21276607e-03	37
2.32031210e+03	1.00003239e+00	1.21006382e-03	37
2.32031904e+03	1.00111872e+00	1.21140396e-03	37
2.32032599e+03	1.00214141e+00	1.20981269e-03	37
2.32033293e+03	1.00111500e+00	1.21096497e-03	37
2.32033987e+03	1.00142267e+00	1.21202634e-03	37
2.32034682e+03	1.00056347e+00	1.21163036e-03	37
2.32035376e+03	1.00170550e+00	1.21109442e-03	37
2.32036071e+03	1.00251077e+00	1.21106817e-03	37
2.32036765e+03	9.98951739e-01	1.21079095e-03	37
2.32037460e+03	1.00213924e+00	1.21237631e-03	37
2.32038154e+03	1.00177925e+00	1.21273358e-03	37
2.32038849e+03	1.00107550e+00	1.21240355e-03	37
2.32039543e+03	1.00105790e+00	1.21343644e-03	37
2.32040238e+03	1.00214066e+00	1.21465160e-03	37
2.32040932e+03	1.00050385e+00	1.21533832e-03	37
2.32041626e+03	1.00349166e+00	1.21826376e-03	37
2.32042321e+03	9.98682032e-01	1.21866451e-03	37
2.32043015e+03	9.99953364e-01	1.22001253e-03	37
2.32043710e+03	9.96536608e-01	1.21929399e-03	37
2.32044404e+03	9.95103993e-01	1.22076439e-03	37
2.32045099e+03	9.96976371e-01	1.22261941e-03	37
2.32045793e+03	9.93877903e-01	1.22238090e-03	37
2.32046488e+03	9.95035045e-01	1.22439145e-03	37
2.32047182e+03	9.92976230e-01	1.22499253e-03	37
2.32047877e+03	9.91401359e-01	1.22588496e-03	37
2.32048571e+03	9.91125261e-01	1.22828909e-03	37
2.32049265e+03	9.91356065e-01	1.23046744e-03	37
2.32049960e+03	9.90740787e-01	1.22909016e-03	37
2.32054127e+03	9.90260029e-01	1.23577874e-03	37
2.32059682e+03	9.91605100e-01	1.24002427e-03	37
2.32060377e+03	9.94800956e-01	1.24038211e-03	37
2.32061071e+03	9.90140672e-01	1.24018978e-03	37
2.32061766e+03	9.93520811e-01	1.23948887e-03	37
2.32062460e+03	9.94651067e-01	1.24081758e-03	37
2.32063154e+03	9.94273285e-01	1.23800531e-03	37
2.32063849e+03	9.97991407e-01	1.23849338e-03	37
2.32064543e+03	9.97803068e-01	1.23582585e-03	37
2.32065238e+03	9.97576182e-01	1.23559619e-03	37
2.32065932e+03	9.99605561e-01	1.23513311e-03	37
2.32066627e+03	1.00125866e+00	1.23511267e-03	37
2.32067321e+03	1.00253532e+00	1.23410208e-03	37
2.32068016e+03	1.00174869e+00	1.23267062e-03	37
2.32068710e+03	9.99129835e-01	1.23090325e-03	37
2.32069405e+03	1.00190008e+00	1.23104562e-03	37
2.32070099e+03	9.98399077e-01	1.23027114e-03	37
2.32070793e+03	9.99554269e-01	1.22970262e-03	37
2.32071488e+03	9.99109096e-01	1.22800577e-03	37
2.32072182e+03	9.99208536e-01	1.22808896e-03	37
2.32072877e+03	9.98923644e-01	1.22689421e-03	37
2.32073571e+03	9.97904654e-01	1.22713682e-03	37
2.32074266e+03	9.98356223e-01	1.22742281e-03	37
2.32074960e+03	9.97880216e-01	1.22763996e-03	37
2.32075655e+03	1.00045029e+00	1.22888933e-03	37
2.32076349e+03	9.96014962e-01	1.22663877e-03	37
2.32077043e+03	1.00144078e+00	1.22924307e-03	37
2.32077738e+03	1.00171506e+00	1.22792605e-03	37
2.32078432e+03	1.00008222e+00	1.22792380e-03	37
2.32079127e+03	9.97757056e-01	1.22791016e-03	37
2.32079821e+03	9.99608057e-01	1.22902784e-03	37
2.32080516e+03	9.96760297e-01	1.22907287e-03	37
2.32081210e+03	9.98089768e-01	1.23088714e-03	37
2.32081905e+03	1.00012484e+00	1.23250555e-03	37
2.32082599e+03	1.00127746e+00	1.23308058e-03	37
2.32083294e+03	9.97788539e-01	1.23293910e-03	37
2.32083988e+03	9.99105231e-01	1.23308023e-03	37
2.32084682e+03	9.99886434e-01	1.23283673e-03	37
2.32085377e+03	9.97893321e-01	1.23389615e-03	37
2.32086071e+03	1.00050901e+00	1.23331873e-03	37
2.32086766e+03	9.98898908e-01	1.23268356e-03	37
2.32087460e+03	1.00009505e+00	1.23414102e-03	37
2.32088155e+03	9.95723498e-01	1.23251011e-03	37
2.32088849e+03	1.00003127e+00	1.23348418e-03	37
2.32089544e+03	9.99509299e-01	1.23418951e-03	37
2.32090238e+03	9.99285442e-01	1.23355250e-03	37
2.32090932e+03	9.98672548e-01	1.23306480e-03	37
2.32091627e+03	9.96910594e-01	1.23233334e-03	37
2.32092321e+03	9.98934731e-01	1.23280822e-03	37
2.32093016e+03	1.00043127e+00	1.23231834e-03	37
2.32093710e+03	9.98985335e-01	1.23295274e-03	37
2.32094405e+03	1.00164756e+00	1.23291188e-03	37
2.32095099e+03	1.00049271e+00	1.23280537e-03	37
2.32095794e+03	1.00121391e+00	1.23233299e-03	37
2.32096488e+03	1.00057133e+00	1.23138984e-03	37
2.32097183e+03	9.98924557e-01	1.23142755e-03	37
2.32097877e+03	1.00302348e+00	1.23214932e-03	37
2.32098571e+03	1.00198383e+00	1.23115575e-03	37
2.32099266e+03	1.00103424e+00	1.23020826e-03	37
2.32099960e+03	1.00205208e+00	1.22963940e-03	37
2.32100655e+03	1.00072007e+00	1.22776188e-03	37
2.32101349e+03	9.96321242e-01	1.22669557e-03	37
2.32102044e+03	1.00202409e+00	1.22774215e-03	37
2.32102738e+03	1.00174547e+00	1.22702215e-03	37
2.32103433e+03	1.00117996e+00	1.22552522e-03	37
2.32104127e+03	1.00209474e+00	1.22490061e-03	37
2.32104822e+03	9.99456688e-01	1.22357383e-03	37
2.32105516e+03	1.00214229e+00	1.22377487e-03	37
2.32106210e+03	1.00039731e+00	1.22236568e-03	37
2.32106905e+03	1.00028968e+00	1.22088792e-03	37
2.32107599e+03	1.00024539e+00	1.21957850e-03	37
2.32108294e+03	9.98306988e-01	1.21792693e-03	37
2.32108988e+03	1.00088305e+00	1.21788064e-03	37
2.32109683e+03	1.00257518e+00	1.21778867e-03	37
2.32110377e+03	1.00051565e+00	1.21542096e-03	37
2.32111072e+03	1.00053126e+00	1.21561624e-03	37
2.32111766e+03	1.00074880e+00	1.21495766e-03	37
2.32112460e+03	1.00165038e+00	1.21350295e-03	37
2.32113155e+03	1.00207579e+00	1.21339047e-03	37
2.32113849e+03	9.98833817e-01	1.21094305e-03	37
2.32114544e+03	1.00250998e+00	1.21142034e-03	37
2.32115238e+03	9.99042776e-01	1.21025419e-03	37
2.32115933e+03	1.00201267e+00	1.21103550e-03	37
2.32116627e+03	9.98661651e-01	1.20821117e-03	37
2.32117322e+03	9.99220906e-01	1.20788219e-03	37
2.32118016e+03	1.00151187e+00	1.20956544e-03	37
2.32118711e+03	1.00293176e+00	1.20692960e-03	37
2.32119405e+03	9.99402534e-01	1.20474118e-03	37
2.32120099e+03	1.00026376e+00	1.20363086e-03	37
2.32120794e+03	9.99018258e-01	1.20230570e-03	37
2.32121488e+03	1.00033002e+00	1.20322151e-03	37
2.32122183e+03	9.99974387e-01	1.20025554e-03	37
2.32122877e+03	1.00160221e+00	1.20022135e-03	37
2.32123572e+03	9.96389175e-01	1.19671207e-03	37
2.32124266e+03	9.99246557e-01	1.19680471e-03	37
2.32124961e+03	1.00250336e+00	1.19750993e-03	37
2.32125655e+03	1.00124201e+00	1.19510214e-03	37
2.32126350e+03	1.00185661e+00	1.19310308e-03	37
2.32127044e+03	1.00168339e+00	1.19221644e-03	37
2.32127738e+03	9.97988780e-01	1.18877775e-03	37
2.32128433e+03	1.00039533e+00	1.18821089e-03	37
2.32129127e+03	9.99680685e-01	1.18616084e-03	37
2.32129822e+03	9.98092792e-01	1.18395074e-03	37
2.32130516e+03	1.00223594e+00	1.18480980e-03	37
2.32131211e+03	1.00262155e+00	1.18259617e-03	37
2.32131905e+03	1.00187345e+00	1.18089416e-03	37
2.32132600e+03	1.00211268e+00	1.17955107e-03	37
2.32133294e+03	9.99248592e-01	1.17537318e-03	37
2.32133988e+03	9.98618042e-01	1.17562886e-03	37
2.32134683e+03	1.00052840e+00	1.17583787e-03	37
2.32135377e+03	9.98928100e-01	1.17166317e-03	37
2.32136072e+03	1.00036300e+00	1.17161075e-03	37
2.32136766e+03	1.00151113e+00	1.16913215e-03	37
2.32137461e+03	1.00213122e+00	1.16821325e-03	37
2.32138155e+03	1.00084347e+00	1.16728516e-03	37
2.32138850e+03	1.00347706e+00	1.16694381e-03	37
2.32139544e+03	9.99153588e-01	1.16484617e-03	37
2.32140239e+03	1.00040663e+00	1.16373127e-03	37
2.32140933e+03	1.00100942e+00	1.16429649e-03	37
2.32141627e+03	9.99651443e-01	1.16223352e-03	37
2.32142322e+03	9.99404194e-01	1.16173658e-03	37
2.32143016e+03	9.99152832e-01	1.16099381e-03	37
2.32143711e+03	1.00278990e+00	1.16079856e-03	37
2.32144405e+03	1.00099896e+00	1.15995947e-03	37
2.32145100e+03	9.99416198e-01	1.15979952e-03	37
2.32145794e+03	1.00172014e+00	1.16023183e-03	37
2.32146489e+03	1.00309260e+00	1.16084657e-03	37
2.32147183e+03	9.99692945e-01	1.15866904e-03	37
2.32147878e+03	1.00080718e+00	1.15895126e-03	37
2.32148572e+03	1.00008201e+00	1.15873225e-03	37
2.32149266e+03	1.00417850e+00	1.15980870e-03	37
2.32149961e+03	1.00212398e+00	1.15822901e-03	37
2.32150655e+03	9.99165173e-01	1.15933260e-03	37
2.32151350e+03	1.00532421e+00	1.15944725e-03	37
2.32152044e+03	1.00210025e+00	1.15842212e-03	37
2.32152739e+03	1.00032662e+00	1.15782691e-03	37
2.32153433e+03	1.00289914e+00	1.15956645e-03	37
2.32154128e+03	1.00018970e+00	1.15830928e-03	37
2.32154822e+03	1.00267276e+00	1.15909486e-03	37
2.32155516e+03	1.00135139e+00	1.15891777e-03	37
2.32156211e+03	9.97774770e-01	1.15733658e-03	37
2.32156905e+03	9.98750153e-01	1.15790590e-03	37
2.32157600e+03	1.00039255e+00	1.15790105e-03	37
2.32158294e+03	1.00129690e+00	1.15871579e-03	37
2.32158989e+03	1.00086674e+00	1.15762062e-03	37
2.32159683e+03	1.00009744e+00	1.15732738e-03	37
2.32160378e+03	9.98373821e-01	1.15633927e-03	37
2.32161072e+03	1.00052062e+00	1.15618452e-03	37
2.32161767e+03	9.99805265e-01	1.15671366e-03	37
2.32162461e+03	9.99403395e-01	1.15466986e-03	37
2.32163155e+03	9.98948947e-01	1.15447743e-03	37
2.32163850e+03	1.00009350e+00	1.15476148e-03	37
2.32164544e+03	9.98884440e-01	1.15369864e-03	37
2.32165239e+03	1.00139173e+00	1.15366186e-03	37
2.32165933e+03	1.00052678e+00	1.15354480e-03	37
2.32166628e+03	9.99285923e-01	1.15275811e-03	37
2.32167322e+03	1.00006572e+00	1.15111615e-03	37
2.32168017e+03	1.00141356e+00	1.15080044e-03	37
2.32168711e+03	1.00279263e+00	1.15070564e-03	37
2.32169405e+03	1.00053509e+00	1.14802249e-03	37
2.32170100e+03	1.00059902e+00	1.14874758e-03	37
2.32170794e+03	1.00201461e+00	1.14767112e-03	37
2.32171489e+03	9.99011241e-01	1.14614011e-03	37
2.32172183e+03	9.99350885e-01	1.14645899e-03	37
2.32172878e+03	1.00110291e+00	1.14505096e-03	37
2.32173572e+03	9.98897091e-01	1.14354991e-03	37
2.32174267e+03	9.99422530e-01	1.14277010e-03	37
2.32174961e+03	1.00149599e+00	1.14601352e-03	37
2.32175656e+03	1.00170294e+00	1.14300508e-03	37
2.32176350e+03	1.00033428e+00	1.14183496e-03	37
2.32177044e+03	1.00109169e+00	1.14201049e-03	37
2.32177739e+03	9.97851369e-01	1.14023018e-03	37
2.32178433e+03	1.00087041e+00	1.14112476e-03	37
2.32179128e+03	1.00025822e+00	1.13958320e-03	37
2.32179822e+03	1.00278487e+00	1.14077079e-03	37
2.32180517e+03	1.00290948e+00	1.14149964e-03	37
2.32181211e+03	1.00141982e+00	1.13984862e-03	37
2.32181906e+03	9.98005846e-01	1.13876479e-03	37
2.32182600e+03	1.00364649e+00	1.13943496e-03	37
2.32183295e+03	1.00016706e+00	1.13829584e-03	37
2.32183989e+03	1.00089955e+00	1.13812439e-03	37
2.32184683e+03	1.00148803e+00	1.13789905e-03	37
2.32185378e+03	9.99347137e-01	1.13692638e-03	37
2.32186072e+03	1.00198700e+00	1.13847087e-03	37
2.32186767e+03	1.00476322e+00	1.13913025e-03	37
2.32187461e+03	1.00410718e+00	1.13829788e-03	37
2.32188156e+03	1.00228647e+00	1.13654695e-03	37
2.32188850e+03	1.00283252e+00	1.13787691e-03	37
2.32189545e+03	1.00180265e+00	1.13622477e-03	37
2.32190239e+03	9.98150335e-01	1.13485610e-03	37
2.32190933e+03	1.00163180e+00	1.13551319e-03	37
2.32191628e+03	1.00023073e+00	1.13434126e-03	37
2.32192322e+03	1.00298717e+00	1.13474782e-03	37
2.32193017e+03	1.00035750e+00	1.13367261e-03	37
2.32193711e+03	1.00299474e+00	1.13490730e-03	37
2.32194406e+03	1.00258402e+00	1.13389407e-03	37
2.32195100e+03	1.00273168e+00	1.13423570e-03	37
2.32195795e+03	9.99145674e-01	1.13202932e-03	37
2.32196489e+03	1.00021698e+00	1.13284535e-03	37
2.32197184e+03	1.00157168e+00	1.13305695e-03	37
2.32197878e+03	9.99927138e-01	1.13134918e-03	37
2.32198572e+03	9.98740709e-01	1.13063478e-03	37
2.32199267e+03	1.00004451e+00	1.13028953e-03	37
2.32199961e+03	1.00038877e+00	1.13086090e-03	37
2.32200656e+03	9.99038104e-01	1.13001445e-03	37
2.32201350e+03	1.00134633e+00	1.13181738e-03	37
2.32202045e+03	1.00061413e+00	1.12974132e-03	37
2.32202739e+03	9.98521920e-01	1.12835856e-03	37
2.32203434e+03	9.99954457e-01	1.12784588e-03	37
2.32204128e+03	9.96916189e-01	1.12715146e-03	37
2.32204823e+03	1.00000960e+00	1.12731255e-03	37
2.32205517e+03	9.98831980e-01	1.12602791e-03	37
2.32206211e+03	1.00061828e+00	1.12624848e-03	37
2.32206906e+03	1.00188706e+00	1.12796000e-03	37
2.32207600e+03	9.99906723e-01	1.12542575e-03	37
2.32208295e+03	9.99022369e-01	1.12452209e-03	37
2.32208989e+03	1.00020540e+00	1.12475632e-03	37
2.32209684e+03	9.98601143e-01	1.12386477e-03	37
2.32210378e+03	9.99929707e-01	1.12418810e-03	37
2.32211073e+03	9.98824990e-01	1.12272864e-03	37
2.32211767e+03	9.98782023e-01	1.12282695e-03	37
2.32212461e+03	9.99615964e-01	1.12357177e-03	37
2.32213156e+03	9.97971143e-01	1.12194823e-03	37
2.32213850e+03	9.97833286e-01	1.12165887e-03	37
2.32214545e+03	9.98618723e-01	1.12124052e-03	37
2.32215239e+03	9.99229914e-01	1.12115537e-03	37
2.32215934e+03	9.98391719e-01	1.12061090e-03	37
2.32216628e+03	9.98600607e-01	1.12151254e-03	37
2.32217323e+03	9.96331654e-01	1.12005167e-03	37
2.32218017e+03	9.99260106e-01	1.12070057e-03	37
2.32218712e+03	1.00037456e+00	1.12030903e-03	37
2.32219406e+03	1.00047234e+00	1.12028258e-03	37
2.32220100e+03	9.97925178e-01	1.11858459e-03	37
2.32220795e+03	1.00036570e+00	1.11880426e-03	37
2.32221489e+03	1.00066158e+00	1.11853124e-03	37
2.32222184e+03	1.00358907e+00	1.12043573e-03	37
2.32222878e+03	1.00152852e+00	1.11842960e-03	37
2.32223573e+03	1.00266368e+00	1.11847150e-03	37
2.32224267e+03	1.00011047e+00	1.11679167e-03	37
2.32224962e+03	9.99825774e-01	1.11661910e-03	37
2.32225656e+03	9.97726219e-01	1.11600280e-03	37
2.32226350e+03	1.00070221e+00	1.11586668e-03	37
2.32227045e+03	9.99754583e-01	1.11577856e-03	37
2.32227739e+03	1.00030856e+00	1.11494835e-03	37
2.32228434e+03	1.00183594e+00	1.11578084e-03	37
2.32229128e+03	1.00170188e+00	1.11479455e-03	37
2.32229823e+03	1.00121926e+00	1.11458951e-03	37
2.32230517e+03	1.00182903e+00	1.11469839e-03	37
2.32231212e+03	1.00050173e+00	1.11375783e-03	37
2.32231906e+03	9.99802403e-01	1.11302024e-03	37
2.32232601e+03	1.00022180e+00	1.11226520e-03	37
2.32233295e+03	9.98865222e-01	1.11224950e-03	37
2.32233989e+03	1.00021769e+00	1.11249360e-03	37
2.32234684e+03	9.98402770e-01	1.11250438e-03	37
2.32235378e+03	9.97404973e-01	1.11018427e-03	37
2.32236073e+03	9.99152728e-01	1.11034192e-03	37
2.32236767e+03	9.96786793e-01	1.10872705e-03	37
2.32237462e+03	9.98551121e-01	1.10850373e-03	37
2.32238156e+03	9.97576701e-01	1.10938106e-03	37
2.32238851e+03	9.98239682e-01	1.10892469e-03	37
2.32239545e+03	9.98870854e-01	1.10959017e-03	37
2.32240240e+03	9.99163026e-01	1.10856936e-03	37
2.32240934e+03	9.97623725e-01	1.10764683e-03	37
2.32241628e+03	9.99695887e-01	1.10800821e-03	37
2.32242323e+03	9.99546253e-01	1.10786535e-03	37
2.32243017e+03	1.00129878e+00	1.10711544e-03	37
2.32243712e+03	1.00037313e+00	1.10825490e-03	37
2.32244406e+03	9.96991067e-01	1.10828475e-03	37
2.32245101e+03	1.00000131e+00	1.10763868e-03	37
2.32245795e+03	1.00055627e+00	1.10756533e-03	37
2.32246490e+03	9.98696602e-01	1.10613945e-03	37
2.32247184e+03	9.99394593e-01	1.10616760e-03	37
2.32247878e+03	9.97952120e-01	1.10613901e-03	37
2.32248573e+03	9.97661819e-01	1.10572076e-03	37
2.32249267e+03	9.99285935e-01	1.10691870e-03	37
2.32249962e+03	9.98719499e-01	1.10592964e-03	37
2.32250656e+03	9.98250633e-01	1.10675895e-03	37
2.32251351e+03	9.99648077e-01	1.10726288e-03	37
2.32252045e+03	1.00017606e+00	1.10606654e-03	37
2.32252740e+03	9.96382423e-01	1.10547634e-03	37
2.32253434e+03	9.99398578e-01	1.10690825e-03	37
2.32254129e+03	9.98843960e-01	1.10578411e-03	37
2.32254823e+03	9.97997043e-01	1.10691484e-03	37
2.32255517e+03	9.98877613e-01	1.10771677e-03	37
2.32256212e+03	1.00041412e+00	1.10700499e-03	37
2.32256906e+03	1.00074153e+00	1.10790068e-03	37
2.32257601e+03	9.98419093e-01	1.10599890e-03	37
2.32258295e+03	9.98627720e-01	1.10659580e-03	37
2.32258990e+03	9.98421675e-01	1.10604860e-03	37
2.32259684e+03	9.98139257e-01	1.10540710e-03	37
2.32260379e+03	1.00010699e+00	1.10727006e-03	37
2.32261073e+03	9.99261238e-01	1.10617078e-03	37
2.32261767e+03	1.00063782e+00	1.10727094e-03	37
2.32262462e+03	9.98260749e-01	1.10609322e-03	37
2.32263156e+03	1.00083171e+00	1.10710523e-03	37
2.32263851e+03	1.00041876e+00	1.10658549e-03	37
2.32264545e+03	1.00162993e+00	1.10635676e-03	37
2.32265240e+03	1.00295066e+00	1.10714869e-03	37
2.32265934e+03	9.99812802e-01	1.10594200e-03	37
2.32266629e+03	1.00097374e+00	1.10626309e-03	37
2.32267323e+03	1.00107099e+00	1.10649443e-03	37
2.32268018e+03	1.00299764e+00	1.10633360e-03	37
2.32268712e+03	1.00133626e+00	1.10567617e-03	37
2.32269406e+03	1.00146214e+00	1.10584395e-03	37
2.32270101e+03	9.99933266e-01	1.10545854e-03	37
2.32270795e+03	1.00009207e+00	1.10569612e-03	37
2.32271490e+03	9.98528128e-01	1.10437968e-03	37
2.32272184e+03	1.00047821e+00	1.10495138e-03	37
2.32272879e+03	1.00079992e+00	1.10533296e-03	37
2.32273573e+03	9.99087169e-01	1.10451432e-03	37
2.32274268e+03	9.99592310e-01	1.10358385e-03	37
2.32274962e+03	9.97840382e-01	1.10398906e-03	37
2.32275657e+03	9.98762737e-01	1.10407249e-03	37
2.32276351e+03	9.98427920e-01	1.10299683e-03	37
2.32277045e+03	9.97728071e-01	1.10280441e-03	37
2.32277740e+03	9.97555771e-01	1.10327869e-03	37
2.32278434e+03	9.99794144e-01	1.10402740e-03	37
2.32279129e+03	1.00050956e+00	1.10362019e-03	37
2.32279823e+03	1.00128421e+00	1.10427297e-03	37
2.32280518e+03	9.97868732e-01	1.10246030e-03	37
2.32281212e+03	9.98394954e-01	1.10239013e-03	37
2.32281907e+03	9.98389894e-01	1.10232815e-03	37
2.32282601e+03	9.97276151e-01	1.10334616e-03	37
2.32283295e+03	1.00038500e+00	1.10330197e-03	37
2.32283990e+03	9.98128770e-01	1.10317565e-03	37
2.32284684e+03	9.98769828e-01	1.10198066e-03	37
2.32285379e+03	9.99208954e-01	1.10432055e-03	37
2.32286073e+03	9.97420495e-01	1.10130733e-03	37
2.32286768e+03	9.96623315e-01	1.10129305e-03	37
2.32287462e+03	9.95647608e-01	1.10055978e-03	37
2.32288157e+03	9.96750959e-01	1.10123606e-03	37
2.32288851e+03	9.98648706e-01	1.10190119e-03	37
2.32289546e+03	9.96503236e-01	1.10086028e-03	37
2.32290240e+03	1.00064343e+00	1.10234119e-03	37
2.32290934e+03	9.97429392e-01	1.10243657e-03	37
2.32291629e+03	9.97807128e-01	1.10187828e-03	37
2.32292323e+03	9.94123054e-01	1.10018878e-03	37
2.32293018e+03	9.98580730e-01	1.10190084e-03	37
2.32293712e+03	9.96397177e-01	1.10080897e-03	37
2.32294407e+03	9.97876067e-01	1.10062083e-03	37
2.32295101e+03	9.96831328e-01	1.09999316e-03	37
2.32295796e+03	9.99569178e-01	1.10071723e-03	37
2.32296490e+03	9.97300903e-01	1.10002471e-03	37
2.32297184e+03	9.96039331e-01	1.10264808e-03	37
2.32297879e+03	9.98176799e-01	1.10020057e-03	37
2.32298573e+03	9.99010117e-01	1.10014746e-03	37
2.32299268e+03	9.99937416e-01	1.10013006e-03	37
2.32299962e+03	9.98519239e-01	1.09985658e-03	37
2.32300657e+03	1.00110166e+00	1.10115929e-03	37
2.32301351e+03	1.00093208e+00	1.09993335e-03	37
2.32302046e+03	1.00014279e+00	1.09947527e-03	37
2.32302740e+03	1.00026269e+00	1.09975681e-03	37
2.32303435e+03	1.00108656e+00	1.10009886e-03	37
2.32304129e+03	1.00055057e+00	1.09895645e-03	37
2.32304823e+03	9.98826746e-01	1.09883691e-03	37
2.32305518e+03	1.00007174e+00	1.09967020e-03	37
2.32306212e+03	1.00074560e+00	1.09943053e-03	37
2.32306907e+03	9.99887633e-01	1.09855435e-03	37
2.32307601e+03	1.00048409e+00	1.09923084e-03	37
2.32308296e+03	1.00290820e+00	1.10029083e-03	37
2.32308990e+03	1.00188965e+00	1.09912334e-03	37
2.32309685e+03	1.00274546e+00	1.09921678e-03	37
2.32310379e+03	1.00181861e+00	1.09891538e-03	37
2.32311073e+03	1.00235619e+00	1.09961332e-03	37
2.32311768e+03	9.99541267e-01	1.09765749e-03	37
2.32312462e+03	1.00081266e+00	1.09812440e-03	37
2.32313157e+03	1.00250367e+00	1.09846593e-03	37
2.32313851e+03	9.99919062e-01	1.09805144e-03	37
2.32314546e+03	9.99990538e-01	1.09768689e-03	37
2.32315240e+03	9.99663701e-01	1.09806813e-03	37
2.32315935e+03	9.96559995e-01	1.09709223e-03	37
2.32316629e+03	9.99528312e-01	1.09796480e-03	37
2.32317324e+03	9.99514143e-01	1.09889968e-03	37
2.32318018e+03	9.99432745e-01	1.09738492e-03	37
2.32318712e+03	9.98821142e-01	1.09709395e-03	37
2.32319407e+03	9.99740555e-01	1.09742467e-03	37
2.32320101e+03	9.99685811e-01	1.09720146e-03	37
2.32320796e+03	1.00076865e+00	1.09680311e-03	37
2.32321490e+03	1.00201650e+00	1.09921269e-03	37
2.32322185e+03	1.00160200e+00	1.09663612e-03	37
2.32322879e+03	1.00094879e+00	1.09717126e-03	37
2.32323574e+03	9.98304833e-01	1.09605440e-03	37
2.32324268e+03	9.99345889e-01	1.09675713e-03	37
2.32324963e+03	9.99753289e-01	1.09665958e-03	37
2.32325657e+03	9.97857691e-01	1.09529196e-03	37
2.32326351e+03	9.98536274e-01	1.09531363e-03	37
2.32327046e+03	9.97412674e-01	1.09562174e-03	37
2.32327740e+03	9.97490140e-01	1.09630097e-03	37
2.32328435e+03	1.00014227e+00	1.09776238e-03	37
2.32329129e+03	9.99449431e-01	1.09616487e-03	37
2.32329824e+03	9.99398355e-01	1.09564651e-03	37
2.32330518e+03	1.00130526e+00	1.09604681e-03	37
2.32331213e+03	9.97513842e-01	1.09469378e-03	37
2.32331907e+03	9.98056602e-01	1.09555691e-03	37
2.32332601e+03	9.99970574e-01	1.09514754e-03	37
2.32333296e+03	1.00002632e+00	1.09523347e-03	37
2.32333990e+03	9.97815528e-01	1.09624343e-03	37
2.32334685e+03	9.98290086e-01	1.09430519e-03	37
2.32335379e+03	1.00171527e+00	1.09527172e-03	37
2.32336074e+03	9.97744048e-01	1.09395870e-03	37
2.32336768e+03	1.00007150e+00	1.09445233e-03	37
2.32337463e+03	9.97269231e-01	1.09435547e-03	37
2.32338157e+03	9.98545931e-01	1.09473773e-03	37
2.32338852e+03	1.00018250e+00	1.09339381e-03	37
2.32339546e+03	9.99352918e-01	1.09319831e-03	37
2.32340240e+03	1.00000504e+00	1.09359575e-03	37
2.32340935e+03	1.00185883e+00	1.09436500e-03	37
2.32341629e+03	1.00236935e+00	1.09330219e-03	37
2.32342324e+03	1.00220309e+00	1.09299590e-03	37
2.32343018e+03	1.00137063e+00	1.09396779e-03	37
2.32343713e+03	1.00398017e+00	1.09687644e-03	37
2.32344407e+03	1.00291224e+00	1.09361473e-03	37
2.32345102e+03	1.00092673e+00	1.09402136e-03	37
2.32345796e+03	1.00238532e+00	1.09396621e-03	37
2.32346490e+03	1.00194332e+00	1.09389911e-03	37
2.32347185e+03	1.00303066e+00	1.09325507e-03	37
2.32347879e+03	9.99485915e-01	1.09226091e-03	37
2.32348574e+03	1.00001887e+00	1.09351196e-03	37
2.32349268e+03	1.00122033e+00	1.09285944e-03	37
2.32349963e+03	1.00057278e+00	1.09214164e-03	37
2.32350657e+03	1.00065784e+00	1.09213753e-03	37
2.32351352e+03	1.00062730e+00	1.09200527e-03	37
2.32352046e+03	1.00016522e+00	1.09251066e-03	37
2.32352741e+03	9.99505622e-01	1.09215886e-03	37
2.32353435e+03	1.00203390e+00	1.09400253e-03	37
2.32354129e+03	1.00194667e+00	1.09419621e-03	37
2.32354824e+03	9.99852752e-01	1.09174005e-03	37
2.32355518e+03	9.98366072e-01	1.09165186e-03	37
2.32356213e+03	9.99705543e-01	1.09152281e-03	37
2.32356907e+03	9.99473301e-01	1.09163701e-03	37
2.32357602e+03	1.00012761e+00	1.09120274e-03	37
2.32358296e+03	9.99335877e-01	1.09166276e-03	37
2.32358991e+03	9.99581504e-01	1.09166672e-03	37
2.32359685e+03	1.00101356e+00	1.09227774e-03	37
2.32360379e+03	1.00018471e+00	1.09222632e-03	37
2.32361074e+03	1.00035829e+00	1.09164765e-03	37
2.32361768e+03	1.00333518e+00	1.09366322e-03	37
2.32362463e+03	1.00060102e+00	1.09190834e-03	37
2.32363157e+03	1.00078906e+00	1.09242645e-03	37
2.32363852e+03	1.00139354e+00	1.09206170e-03	37
2.32364546e+03	1.00024063e+00	1.09346351e-03	37
2.32365241e+03	9.99198241e-01	1.09116073e-03	37
2.32365935e+03	9.98770468e-01	1.09143708e-03	37
2.32366630e+03	9.99591124e-01	1.09116301e-03	37
2.32367324e+03	9.98980621e-01	1.09108959e-03	37
2.32368018e+03	9.99833050e-01	1.09170475e-03	37
2.32368713e+03	9.98869265e-01	1.09119605e-03	37
2.32369407e+03	1.00129509e+00	1.09199348e-03	37
2.32370102e+03	9.96207648e-01	1.09120026e-03	37
2.32370796e+03	1.00308925e+00	1.09218395e-03	37
2.32371491e+03	9.96597007e-01	1.09015891e-03	37
2.32372185e+03	9.97940462e-01	1.09030910e-03	37
2.32372880e+03	1.00020348e+00	1.09069099e-03	37
2.32373574e+03	9.99127623e-01	1.09070937e-03	37
2.32374268e+03	9.99974814e-01	1.09074798e-03	37
2.32374963e+03	9.96667395e-01	1.08944414e-03	37
2.32375657e+03	1.00017102e+00	1.08975134e-03	37
2.32376352e+03	9.97833779e-01	1.09005026e-03	37
2.32377046e+03	1.00024021e+00	1.09043963e-03	37
2.32377741e+03	1.00019209e+00	1.09055146e-03	37
2.32378435e+03	1.00290259e+00	1.09166617e-03	37
2.32379130e+03	1.00250861e+00	1.09057292e-03	37
2.32379824e+03	1.00157375e+00	1.09014765e-03	37
2.32380519e+03	1.00013253e+00	1.08969250e-03	37
2.32381213e+03	1.00047014e+00	1.08921002e-03	37
2.32381907e+03	1.00048286e+00	1.08950180e-03	37
2.32382602e+03	9.99213169e-01	1.08907780e-03	37
2.32383296e+03	9.97655382e-01	1.08959716e-03	37
2.32383991e+03	1.00181402e+00	1.09104995e-03	37
2.32384685e+03	9.99891323e-01	1.08925444e-03	37
2.32385380e+03	1.00100547e+00	1.08874733e-03	37
2.32386074e+03	1.00111693e+00	1.08923240e-03	37
2.32386769e+03	1.00184123e+00	1.08984876e-03	37
2.32387463e+03	1.00073290e+00	1.08962464e-03	37
2.32388157e+03	1.00188192e+00	1.09037627e-03	37
2.32388852e+03	1.00243547e+00	1.08933344e-03	37
2.32389546e+03	1.00209730e+00	1.09010893e-03	37
2.32390241e+03	1.00030555e+00	1.08948071e-03	37
2.32390935e+03	1.00000057e+00	1.08832422e-03	37
2.32391630e+03	1.00072651e+00	1.08815832e-03	37
2.32392324e+03	1.00022261e+00	1.08893499e-03	37
2.32393019e+03	1.00087803e+00	1.09021236e-03	37
2.32393713e+03	1.00099791e+00	1.08868576e-03	37
2.32394408e+03	1.00220479e+00	1.08916282e-03	37
2.32395102e+03	9.99009145e-01	1.08841810e-03	37
2.32395796e+03	1.00253308e+00	1.08891682e-03	37
2.32396491e+03	1.00175315e+00	1.08909969e-03	37
2.32397185e+03	1.00005618e+00	1.08988481e-03	37
2.32397880e+03	1.00237825e+00	1.08833659e-03	37
2.32398574e+03	1.00123782e+00	1.08848425e-03	37
2.32399269e+03	1.00199143e+00	1.08987177e-03	37
2.32399963e+03	1.00442668e+00	1.08950339e-03	37
2.32400658e+03	1.00153429e+00	1.08827937e-03	37
2.32401352e+03	1.00092421e+00	1.08813586e-03	37
2.32402046e+03	9.97987506e-01	1.08775750e-03	37
2.32402741e+03	1.00047005e+00	1.08829308e-03	37
2.32403435e+03	1.00341337e+00	1.08923047e-03	37
2.32404130e+03	9.98876641e-01	1.08837474e-03	37
2.32404824e+03	1.00104490e+00	1.08902489e-03	37
2.32405519e+03	1.00143622e+00	1.08939100e-03	37
2.32406213e+03	9.98151292e-01	1.08858928e-03	37
2.32406908e+03	9.99678551e-01	1.08807366e-03	37
2.32407602e+03	9.99739009e-01	1.08883585e-03	37
2.32408297e+03	9.99136923e-01	1.08853182e-03	37
2.32408991e+03	9.98935598e-01	1.08742792e-03	37
2.32409685e+03	1.00014756e+00	1.08814143e-03	37
2.32410380e+03	1.00228972e+00	1.08950304e-03	37
2.32411074e+03	1.00057401e+00	1.08962806e-03	37
2.32411769e+03	9.98689685e-01	1.08817332e-03	37
2.32412463e+03	9.98968195e-01	1.08826075e-03	37
2.32413158e+03	9.98446599e-01	1.08756471e-03	37
2.32413852e+03	9.99267938e-01	1.08888659e-03	37
2.32414547e+03	9.98346471e-01	1.08765437e-03	37
2.32415241e+03	1.00006605e+00	1.08824301e-03	37
2.32415935e+03	1.00237005e+00	1.08907368e-03	37
2.32416630e+03	1.00133212e+00	1.08962166e-03	37
2.32417324e+03	9.99004983e-01	1.08835656e-03	37
2.32418019e+03	9.99465908e-01	1.08768698e-03	37
2.32418713e+03	9.98722212e-01	1.08874688e-03	37
2.32419408e+03	9.99152128e-01	1.08766089e-03	37
2.32420102e+03	9.99710306e-01	1.08822101e-03	37
2.32420797e+03	1.00266564e+00	1.08906201e-03	37
2.32421491e+03	1.00054791e+00	1.08774204e-03	37
2.32422186e+03	1.00088692e+00	1.08926441e-03	37
2.32422880e+03	1.00170649e+00	1.08877126e-03	37
2.32423574e+03	1.00040629e+00	1.08839823e-03	37
2.32424269e+03	9.98836755e-01	1.08792039e-03	37
2.32424963e+03	9.99199499e-01	1.08746505e-03	37
2.32425658e+03	1.00128494e+00	1.08767495e-03	37
2.32426352e+03	9.98556593e-01	1.08826402e-03	37
2.32427047e+03	9.99221720e-01	1.08738059e-03	37
2.32427741e+03	1.00370870e+00	1.08852785e-03	37
2.32428436e+03	1.00203528e+00	1.08880274e-03	37
2.32429130e+03	9.99284137e-01	1.08761273e-03	37
2.32429824e+03	1.00101098e+00	1.08804028e-03	37
2.32430519e+03	9.99823018e-01	1.08745526e-03	37
2.32431213e+03	9.98144654e-01	1.08690946e-03	37
2.32431908e+03	1.00156786e+00	1.08847223e-03	37
2.32432602e+03	1.00150385e+00	1.08843955e-03	37
2.32433297e+03	1.00121355e+00	1.08823521e-03	37
2.32433991e+03	1.00023017e+00	1.08860179e-03	37
2.32434686e+03	1.00119805e+00	1.08859767e-03	37
2.32435380e+03	1.00071174e+00	1.08833341e-03	37
2.32436075e+03	9.98879286e-01	1.08792332e-03	37
2.32436769e+03	1.00179969e+00	1.08876312e-03	37
2.32437463e+03	9.98398436e-01	1.08725571e-03	37
2.32438158e+03	1.00088753e+00	1.08763022e-03	37
2.32438852e+03	1.00116059e+00	1.08770412e-03	37
2.32439547e+03	9.97486424e-01	1.08688788e-03	37
2.32440241e+03	9.99905721e-01	1.08756312e-03	37
2.32440936e+03	1.00174031e+00	1.08855978e-03	37
2.32441630e+03	1.00134664e+00	1.08821534e-03	37
2.32442325e+03	9.98152271e-01	1.08732347e-03	37
2.32443019e+03	1.00118600e+00	1.08855775e-03	37
2.32443713e+03	1.00014023e+00	1.08835010e-03	37
2.32444408e+03	1.00104195e+00	1.08779472e-03	37
2.32445102e+03	1.00020005e+00	1.08824858e-03	37
2.32445797e+03	9.98362382e-01	1.08842738e-03	37
2.32446491e+03	9.96569918e-01	1.08732243e-03	37
2.32447186e+03	9.99821448e-01	1.08865115e-03	37
2.32447880e+03	9.97357026e-01	1.08723766e-03	37
2.32448575e+03	9.97408245e-01	1.08954640e-03	37
2.32449269e+03	9.99596632e-01	1.08831057e-03	37
2.32449964e+03	9.99959585e-01	1.08927374e-03	37
2.32450658e+03	9.99706985e-01	1.08869430e-03	37
2.32451352e+03	9.98007636e-01	1.08695009e-03	37
2.32452047e+03	9.97413671e-01	1.08729439e-03	37
2.32452741e+03	9.96230294e-01	1.08684680e-03	37
2.32453436e+03	9.99062082e-01	1.08812245e-03	37
2.32454130e+03	1.00015746e+00	1.08789962e-03	37
2.32454825e+03	1.00018262e+00	1.08803258e-03	37
2.32455519e+03	1.00059382e+00	1.08872995e-03	37
2.32456214e+03	9.99420455e-01	1.08756481e-03	37
2.32456908e+03	9.99471314e-01	1.08866605e-03	37
2.32457602e+03	9.98391857e-01	1.08819195e-03	37
2.32458297e+03	9.98775653e-01	1.08799318e-03	37
2.32458991e+03	1.00074481e+00	1.08833952e-03	37
2.32459686e+03	9.99563493e-01	1.08789589e-03	37
2.32460380e+03	9.99648807e-01	1.08826268e-03	37
2.32461075e+03	9.99926283e-01	1.08866649e-03	37
2.32461769e+03	9.98939514e-01	1.08744959e-03	37
2.32462464e+03	1.00025874e+00	1.08912217e-03	37
2.32463158e+03	1.00214826e+00	1.08825642e-03	37
2.32463853e+03	9.98511155e-01	1.08715796e-03	37
2.32464547e+03	9.98739000e-01	1.08809383e-03	37
2.32465241e+03	9.99980997e-01	1.08830515e-03	37
2.32465936e+03	9.98066394e-01	1.08694691e-03	37
2.32466630e+03	9.99811969e-01	1.08770696e-03	37
2.32467325e+03	1.00341680e+00	1.08966095e-03	37
2.32468019e+03	9.99394015e-01	1.08696268e-03	37
2.32468714e+03	9.99475323e-01	1.08741022e-03	37
2.32469408e+03	9.98410873e-01	1.08682337e-03	37
2.32470103e+03	1.00197960e+00	1.08864479e-03	37
2.32470797e+03	1.00167342e+00	1.08790936e-03	37
2.32471491e+03	1.00064163e+00	1.08885844e-03	37
2.32472186e+03	9.99564262e-01	1.08739396e-03	37
2.32472880e+03	1.00039451e+00	1.08784217e-03	37
2.32473575e+03	9.99747928e-01	1.08693125e-03	37
2.32474269e+03	9.97870055e-01	1.08642231e-03	37
2.32474964e+03	9.97422743e-01	1.08715159e-03	37
2.32475658e+03	1.00174438e+00	1.08854320e-03	37
2.32476353e+03	9.99108636e-01	1.08704294e-03	37
2.32477047e+03	9.99047846e-01	1.08754180e-03	37
2.32477742e+03	1.00021575e+00	1.08807481e-03	37
2.32478436e+03	1.00045595e+00	1.08868750e-03	37
2.32479130e+03	9.96909059e-01	1.08694452e-03	37
2.32479825e+03	1.00169334e+00	1.08860686e-03	37
2.32480519e+03	9.99561858e-01	1.08795159e-03	37
2.32481214e+03	9.97007913e-01	1.08752510e-03	37
2.32481908e+03	9.98312798e-01	1.08755845e-03	37
2.32482603e+03	9.99379442e-01	1.08769264e-03	37
2.32483297e+03	9.97949381e-01	1.08711072e-03	37
2.32483992e+03	9.97306096e-01	1.08756347e-03	37
2.32484686e+03	9.98108189e-01	1.08800644e-03	37
2.32485380e+03	9.97189760e-01	1.08705930e-03	37
2.32486075e+03	9.97385282e-01	1.08687470e-03	37
2.32486769e+03	9.98863429e-01	1.08898776e-03	37
2.32487464e+03	9.99233762e-01	1.08762634e-03	37
2.32488158e+03	1.00019016e+00	1.08800475e-03	37
2.32488853e+03	9.99784971e-01	1.08757207e-03	37
2.32489547e+03	9.96885688e-01	1.08690364e-03	37
2.32490242e+03	9.98240961e-01	1.08724228e-03	37
2.32490936e+03	9.98473226e-01	1.08715194e-03	37
2.32491631e+03	9.97135669e-01	1.08853624e-03	37
2.32492325e+03	9.98597953e-01	1.08752997e-03	37
2.32493019e+03	9.98500995e-01	1.08835497e-03	37
2.32493714e+03	9.95712558e-01	1.08626676e-03	37
2.32494408e+03	9.97294781e-01	1.08640857e-03	37
2.32495103e+03	9.98608441e-01	1.08789907e-03	37
2.32495797e+03	9.99186294e-01	1.08812463e-03	37
2.32496492e+03	9.98628717e-01	1.08755437e-03	37
2.32497186e+03	9.99527504e-01	1.08797569e-03	37
2.32497881e+03	9.98028040e-01	1.08760070e-03	37
2.32498575e+03	9.99493351e-01	1.08760467e-03	37
2.32499269e+03	9.96947181e-01	1.08857667e-03	37
2.32499964e+03	9.97182014e-01	1.08763216e-03	37
2.32500658e+03	9.94768547e-01	1.08742006e-03	37
2.32501353e+03	9.99118795e-01	1.08994046e-03	37
2.32502047e+03	9.95780904e-01	1.08656694e-03	37
2.32502742e+03	9.97936074e-01	1.08839515e-03	37
2.32503436e+03	9.97468850e-01	1.08664221e-03	37
2.32504131e+03	9.97305288e-01	1.08702081e-03	37
2.32504825e+03	9.95726410e-01	1.08747673e-03	37
2.32505520e+03	9.99804183e-01	1.08768628e-03	37
2.32506214e+03	9.99203222e-01	1.08749115e-03	37
2.32506908e+03	9.98797806e-01	1.08846180e-03	37
2.32507603e+03	9.99430472e-01	1.08814267e-03	37
2.32508297e+03	9.98193227e-01	1.08728250e-03	37
2.32508992e+03	9.98853737e-01	1.08816562e-03	37
2.32509686e+03	9.98090646e-01	1.08670827e-03	37
2.32510381e+03	1.00002539e+00	1.08816785e-03	37
2.32511075e+03	1.00201106e+00	1.08726023e-03	37
2.32511770e+03	1.00010339e+00	1.08877478e-03	37
2.32512464e+03	1.00052441e+00	1.08744676e-03	37
2.32513158e+03	9.97976390e-01	1.08781594e-03	37
2.32513853e+03	9.98962499e-01	1.08724696e-03	37
2.32514547e+03	1.00132735e+00	1.08778667e-03	37
2.32515242e+03	9.99639804e-01	1.08855839e-03	37
2.32515936e+03	1.00107394e+00	1.08814426e-03	37
2.32516631e+03	9.99165050e-01	1.08722607e-03	37
2.32517325e+03	9.98891692e-01	1.08681009e-03	37
2.32518020e+03	9.96574535e-01	1.08690151e-03	37
2.32518714e+03	9.95321265e-01	1.08675189e-03	37
2.32519408e+03	9.98477521e-01	1.08756213e-03	37
2.32520103e+03	9.97850104e-01	1.08798702e-03	37
2.32520797e+03	9.99551324e-01	1.08733471e-03	37
2.32521492e+03	9.98069351e-01	1.08743905e-03	37
2.32522186e+03	9.96782332e-01	1.08712569e-03	37
2.32522881e+03	9.95307882e-01	1.08571753e-03	37
2.32523575e+03	9.93777467e-01	1.08532383e-03	37
2.32524270e+03	9.97372615e-01	1.08598217e-03	37
2.32524964e+03	9.95146677e-01	1.08558662e-03	37
2.32525659e+03	9.92100612e-01	1.08400125e-03	37
2.32526353e+03	9.91233930e-01	1.08358961e-03	37
2.32529131e+03	9.89461458e-01	1.08263771e-03	37
2.32540242e+03	9.90121383e-01	1.08325267e-03	37
2.32540936e+03	9.90550709e-01	1.08338925e-03	37
2.32541631e+03	9.92291409e-01	1.08463882e-03	37
2.32542325e+03	9.96123359e-01	1.08589157e-03	37
2.32543020e+03	9.95517961e-01	1.08574501e-03	37
2.32543714e+03	9.97419111e-01	1.08742474e-03	37
2.32544409e+03	9.96280817e-01	1.08634145e-03	37
2.32545103e+03	9.98126593e-01	1.08652117e-03	37
2.32545798e+03	1.00195129e+00	1.08759901e-03	37
2.32546492e+03	9.99747001e-01	1.08805061e-03	37
2.32547186e+03	1.00139707e+00	1.08752907e-03	37
2.32547881e+03	9.99160847e-01	1.08746435e-03	37
2.32548575e+03	1.00003297e+00	1.08747788e-03	37
2.32549270e+03	1.00093442e+00	1.08782503e-03	37
2.32549964e+03	1.00050388e+00	1.08738725e-03	37
2.32550659e+03	9.99198994e-01	1.08765885e-03	37
2.32551353e+03	1.00116320e+00	1.08810849e-03	37
2.32552048e+03	9.98735654e-01	1.08662937e-03	37
2.32552742e+03	1.00103997e+00	1.08721041e-03	37
2.32553437e+03	1.00078967e+00	1.08713309e-03	37
2.32554131e+03	1.00131421e+00	1.08812165e-03	37
2.32554825e+03	9.98536702e-01	1.08750521e-03	37
2.32555520e+03	9.99236529e-01	1.08789996e-03	37
2.32556214e+03	1.00008208e+00	1.08739680e-03	37
2.32556909e+03	1.00101572e+00	1.08807024e-03	37
2.32557603e+03	9.98957294e-01	1.08769503e-03	37
2.32558298e+03	9.99663126e-01	1.08769493e-03	37
2.32558992e+03	9.98529246e-01	1.08735355e-03	37
2.32559687e+03	9.99225050e-01	1.08749557e-03	37
2.32560381e+03	1.00000100e+00	1.08775134e-03	37
2.32561075e+03	9.99911513e-01	1.08753668e-03	37
2.32561770e+03	9.98500048e-01	1.08783368e-03	37
2.32562464e+03	1.00258590e+00	1.08811813e-03	37
2.32563159e+03	1.00213869e+00	1.08757734e-03	37
2.32563853e+03	9.99979599e-01	1.08737353e-03	37
2.32564548e+03	1.00046442e+00	1.08738477e-03	37
2.32565242e+03	1.00126237e+00	1.08824793e-03	37
2.32565937e+03	1.00008684e+00	1.08746256e-03	37
2.32566631e+03	9.97542370e-01	1.08639474e-03	37
2.32567325e+03	1.00070428e+00	1.08753449e-03	37
2.32568020e+03	1.00351796e+00	1.08912942e-03	37
2.32568714e+03	1.00258552e+00	1.08838323e-03	37
2.32569409e+03	1.00087797e+00	1.08868352e-03	37
2.32570103e+03	9.97274177e-01	1.08776167e-03	37
2.32570798e+03	1.00143996e+00	1.08847655e-03	37
2.32571492e+03	9.98171027e-01	1.08752375e-03	37
2.32572187e+03	1.00015821e+00	1.08757063e-03	37
2.32572881e+03	9.98823730e-01	1.08881122e-03	37
2.32573576e+03	1.00103178e+00	1.08922367e-03	37
2.32574270e+03	1.00011419e+00	1.08819637e-03	37
2.32574964e+03	9.99971061e-01	1.08773046e-03	37
2.32575659e+03	9.99621526e-01	1.08750407e-03	37
2.32576353e+03	9.99681680e-01	1.08813472e-03	37
2.32577048e+03	1.00010863e+00	1.08734241e-03	37
2.32577742e+03	9.97803348e-01	1.08748364e-03	37
2.32578437e+03	9.97315091e-01	1.08716531e-03	37
2.32579131e+03	9.98012197e-01	1.08708382e-03	37
2.32579826e+03	1.00022272e+00	1.08748886e-03	37
2.32580520e+03	1.00065157e+00	1.08754031e-03	37
2.32581214e+03	1.00049731e+00	1.08822091e-03	37
2.32581909e+03	9.98258217e-01	1.08689017e-03	37
2.32582603e+03	9.98202725e-01	1.08783572e-03	37
2.32583298e+03	1.00003243e+00	1.08757699e-03	37
2.32583992e+03	1.00238799e+00	1.08795899e-03	37
2.32584687e+03	1.00115056e+00	1.08812314e-03	37
2.32585381e+03	1.00203447e+00	1.08735618e-03	37
2.32586076e+03	9.99814565e-01	1.08802984e-03	37
2.32586770e+03	1.00028964e+00	1.08882225e-03	37
2.32587465e+03	1.00087511e+00	1.08738000e-03	37
2.32588159e+03	1.00125620e+00	1.08758380e-03	37
2.32588853e+03	1.00192436e+00	1.08772500e-03	37
2.32589548e+03	1.00325320e+00	1.08851628e-03	37
2.32590242e+03	9.99726300e-01	1.08696019e-03	37
2.32590937e+03	1.00218255e+00	1.08967504e-03	37
2.32591631e+03	1.00208001e+00	1.08808976e-03	37
2.32592326e+03	1.00212641e+00	1.08842843e-03	37
2.32593020e+03	1.00047965e+00	1.08741519e-03	37
2.32593715e+03	9.99162237e-01	1.08694646e-03	37
2.32594409e+03	1.00248718e+00	1.08852115e-03	37
2.32595103e+03	9.97137548e-01	1.08734017e-03	37
2.32595798e+03	1.00068063e+00	1.08767584e-03	37
2.32596492e+03	1.00172744e+00	1.08854195e-03	37
2.32597187e+03	9.99033889e-01	1.08735956e-03	37
2.32597881e+03	9.99551477e-01	1.08829095e-03	37
2.32598576e+03	1.00000803e+00	1.08702708e-03	37
2.32599270e+03	9.98502472e-01	1.08776669e-03	37
2.32599965e+03	1.00034258e+00	1.08767947e-03	37
2.32600659e+03	9.99945692e-01	1.08740749e-03	37
2.32601353e+03	9.98641815e-01	1.08747390e-03	37
2.32602048e+03	9.98659280e-01	1.08808534e-03	37
2.32602742e+03	1.00016467e+00	1.08819309e-03	37
2.32603437e+03	9.99872946e-01	1.08778448e-03	37
2.32604131e+03	9.99397933e-01	1.08787815e-03	37
2.32604826e+03	9.99021148e-01	1.08736309e-03	37
2.32605520e+03	9.96147948e-01	1.08744576e-03	37
2.32606215e+03	9.96913554e-01	1.08708630e-03	37
2.32606909e+03	1.00248671e+00	1.08810054e-03	37
2.32607604e+03	9.96140303e-01	1.08669240e-03	37
2.32608298e+03	9.99054966e-01	1.08720847e-03	37
2.32608992e+03	9.99697763e-01	1.08783388e-03	37
2.32609687e+03	9.99270898e-01	1.08717556e-03	37
2.32610381e+03	9.99332552e-01	1.08789077e-03	37
2.32611076e+03	1.00038650e+00	1.08870746e-03	37
2.32611770e+03	1.00076172e+00	1.08867330e-03	37
2.32612465e+03	9.98083518e-01	1.08856430e-03	37
2.32613159e+03	1.00008276e+00	1.08842604e-03	37
2.32613854e+03	9.97347498e-01	1.08760070e-03	37
2.32614548e+03	9.98114936e-01	1.08753111e-03	37
2.32615242e+03	1.00008626e+00	1.08775158e-03	37
2.32615937e+03	9.98404089e-01	1.08791348e-03	37
2.32616631e+03	9.99585961e-01	1.08807853e-03	37
2.32617326e+03	9.98598437e-01	1.08722836e-03	37
2.32618020e+03	9.97465779e-01	1.08706761e-03	37
2.32618715e+03	9.98402800e-01	1.08767406e-03	37
2.32619409e+03	9.99284282e-01	1.08735081e-03	37
2.32620104e+03	1.00280004e+00	1.08864186e-03	37
2.32620798e+03	9.97568621e-01	1.08754896e-03	37
2.32621493e+03	9.99575073e-01	1.08719793e-03	37
2.32622187e+03	1.00186129e+00	1.08817208e-03	37
2.32622881e+03	9.98253820e-01	1.08747514e-03	37
2.32623576e+03	1.00186820e+00	1.08863412e-03	37
2.32624270e+03	1.00277326e+00	1.08746674e-03	37
2.32624965e+03	9.99008075e-01	1.08931696e-03	37
2.32625659e+03	9.99235569e-01	1.08682780e-03	37
2.32626354e+03	9.99363907e-01	1.08747822e-03	37
2.32627048e+03	9.98599310e-01	1.08725093e-03	37
2.32627743e+03	1.00168309e+00	1.08787328e-03	37
2.32631215e+03	1.00124128e+00	1.08848519e-03	37
2.32631909e+03	9.99540731e-01	1.08736096e-03	37
2.32632604e+03	1.00187257e+00	1.08897336e-03	37
2.32633298e+03	9.98635030e-01	1.08760378e-03	37
2.32633993e+03	1.00061740e+00	1.08786692e-03	37
2.32634687e+03	9.97967667e-01	1.08746356e-03	37
2.32635381e+03	9.99340827e-01	1.08762749e-03	37
2.32636076e+03	9.99734530e-01	1.08729066e-03	37
2.32636770e+03	9.98630289e-01	1.08745382e-03	37
2.32637465e+03	1.00038838e+00	1.08979945e-03	37
2.32638159e+03	9.99303061e-01	1.08765154e-03	37
2.32638854e+03	9.99596627e-01	1.08790041e-03	37
2.32639548e+03	1.00109056e+00	1.08830977e-03	37
2.32640243e+03	1.00033209e+00	1.08777429e-03	37
2.32640937e+03	9.99569559e-01	1.08861892e-03	37
2.32641632e+03	9.99969721e-01	1.08993481e-03	37
2.32642326e+03	1.00020088e+00	1.08810134e-03	37
2.32643020e+03	9.98726541e-01	1.08990257e-03	37
2.32643715e+03	9.99463442e-01	1.08778781e-03	37
2.32644409e+03	9.99945477e-01	1.08843796e-03	37
2.32645104e+03	9.98704423e-01	1.08813119e-03	37
2.32645798e+03	9.97789225e-01	1.08721300e-03	37
2.32646493e+03	9.98876130e-01	1.08771526e-03	37
2.32647187e+03	1.00071254e+00	1.08791224e-03	37
2.32647882e+03	9.99033334e-01	1.08794493e-03	37
2.32648576e+03	9.98857511e-01	1.08751441e-03	37
2.32649270e+03	9.99557368e-01	1.08801086e-03	37
2.32649965e+03	1.00076568e+00	1.08799974e-03	37
2.32650659e+03	1.00074323e+00	1.08799690e-03	37
2.32651354e+03	1.00014360e+00	1.08760308e-03	37
2.32652048e+03	1.00080263e+00	1.08814903e-03	37
2.32652743e+03	1.00166340e+00	1.08835120e-03	37
2.32653437e+03	1.00065634e+00	1.08843329e-03	37
2.32654132e+03	1.00092100e+00	1.08878650e-03	37
2.32654826e+03	1.00315407e+00	1.08920223e-03	37
2.32655520e+03	9.99570887e-01	1.08741350e-03	37
2.32656215e+03	9.97800772e-01	1.08841978e-03	37
2.32656909e+03	9.98375867e-01	1.08745541e-03	37
2.32657604e+03	1.00155056e+00	1.08759424e-03	37
2.32658298e+03	1.00150840e+00	1.08798170e-03	37
2.32658993e+03	9.99256866e-01	1.08765726e-03	37
2.32659687e+03	1.00006717e+00	1.08798806e-03	37
2.32660382e+03	1.00066846e+00	1.08961258e-03	37
2.32661076e+03	1.00280834e+00	1.08914500e-03	37
2.32661771e+03	9.99237057e-01	1.08738934e-03	37
2.32662465e+03	1.00248508e+00	1.08937840e-03	37
2.32663159e+03	1.00130955e+00	1.08748389e-03	37
2.32663854e+03	1.00192757e+00	1.08848474e-03	37
2.32664548e+03	1.00161230e+00	1.08806253e-03	37
2.32665243e+03	1.00172308e+00	1.08784809e-03	37
2.32665937e+03	1.00002172e+00	1.08737204e-03	37
2.32666632e+03	9.98941700e-01	1.08672657e-03	37
2.32667326e+03	9.97637932e-01	1.08739580e-03	37
2.32668021e+03	9.99115358e-01	1.08898880e-03	37
2.32668715e+03	1.00292311e+00	1.08833530e-03	37
2.32669409e+03	1.00231064e+00	1.08936376e-03	37
2.32670104e+03	1.00228950e+00	1.08851037e-03	37
2.32670798e+03	9.99543938e-01	1.08763092e-03	37
2.32671493e+03	1.00186401e+00	1.08891930e-03	37
2.32672187e+03	9.98406210e-01	1.08722468e-03	37
2.32672882e+03	9.98023531e-01	1.08711788e-03	37
2.32673576e+03	1.00030991e+00	1.08833168e-03	37
2.32674271e+03	9.98682754e-01	1.08752316e-03	37
2.32674965e+03	1.00054520e+00	1.08811341e-03	37
2.32675659e+03	9.98561966e-01	1.08862458e-03	37
2.32676354e+03	1.00091578e+00	1.08830242e-03	37
2.32677048e+03	1.00253833e+00	1.08877806e-03	37
2.32677743e+03	1.00107084e+00	1.08844283e-03	37
2.32678437e+03	9.99252756e-01	1.08845192e-03	37
2.32679132e+03	9.99509584e-01	1.08826914e-03	37
2.32679826e+03	1.00045547e+00	1.08817093e-03	37
2.32680521e+03	1.00081794e+00	1.08791348e-03	37
2.32681215e+03	9.98279359e-01	1.08741942e-03	37
2.32681910e+03	1.00010992e+00	1.08780515e-03	37
2.32682604e+03	9.98972051e-01	1.08785524e-03	37
2.32683298e+03	9.99789738e-01	1.08799715e-03	37
2.32683993e+03	1.00256414e+00	1.08833227e-03	37
2.32684687e+03	1.00074764e+00	1.08761317e-03	37
2.32685382e+03	9.99290358e-01	1.08788272e-03	37
2.32686076e+03	1.00101326e+00	1.08788814e-03	37
2.32686771e+03	1.00076331e+00	1.08779427e-03	37
2.32687465e+03	9.99462045e-01	1.08837961e-03	37
2.32688160e+03	9.95648198e-01	1.08716964e-03	37
2.32688854e+03	9.97143434e-01	1.08698824e-03	37
2.32689548e+03	9.99288429e-01	1.08774045e-03	37
2.32690243e+03	9.98165751e-01	1.08777941e-03	37
2.32690937e+03	9.98904134e-01	1.08810496e-03	37
2.32691632e+03	1.00054520e+00	1.08839719e-03	37
2.32692326e+03	9.98832645e-01	1.08704702e-03	37
2.32693021e+03	9.97143161e-01	1.08712569e-03	37
2.32693715e+03	1.00035983e+00	1.08757585e-03	37
2.32694410e+03	9.98878664e-01	1.08756824e-03	37
2.32695104e+03	1.00052565e+00	1.08952417e-03	37
2.32695798e+03	1.00169508e+00	1.08889944e-03	37
2.32696493e+03	1.00023577e+00	1.08784988e-03	37
2.32697187e+03	9.98103741e-01	1.08721026e-03	37
2.32697882e+03	9.98556600e-01	1.08739998e-03	37
2.32698576e+03	9.99821820e-01	1.08803153e-03	37
2.32699271e+03	1.00079770e+00	1.08753862e-03	37
2.32699965e+03	1.00115932e+00	1.08801439e-03	37
2.32700660e+03	9.98157204e-01	1.08746957e-03	37
2.32701354e+03	9.98515485e-01	1.08749433e-03	37
2.32702049e+03	1.00102949e+00	1.08918838e-03	37
2.32702743e+03	1.00080416e+00	1.08751918e-03	37
2.32703437e+03	1.00176481e+00	1.08853411e-03	37
2.32704132e+03	1.00015729e+00	1.08804187e-03	37
2.32704826e+03	1.00125981e+00	1.08774671e-03	37
2.32705521e+03	1.00023800e+00	1.08759175e-03	37
2.32706215e+03	1.00136782e+00	1.08769538e-03	37
2.32706910e+03	9.98890822e-01	1.08715000e-03	37
2.32707604e+03	1.00213258e+00	1.08836654e-03	37
2.32708299e+03	1.00091860e+00	1.08738536e-03	37
2.32708993e+03	1.00005041e+00	1.08768539e-03	37
2.32709687e+03	1.00050347e+00	1.08797782e-03	37
2.32710382e+03	1.00125672e+00	1.09034212e-03	37
2.32711076e+03	1.00024389e+00	1.08819090e-03	37
2.32711771e+03	9.98321457e-01	1.08746967e-03	37
2.32712465e+03	1.00123420e+00	1.08757346e-03	37
2.32713160e+03	1.00200163e+00	1.08850337e-03	37
2.32713854e+03	1.00309112e+00	1.08833883e-03	37
2.32714549e+03	1.00004175e+00	1.08770457e-03	37
2.32715243e+03	1.00030732e+00	1.08751988e-03	37
2.32715937e+03	9.99131982e-01	1.08705885e-03	37
2.32716632e+03	1.00056782e+00	1.08724005e-03	37
2.32717326e+03	1.00057957e+00	1.08775417e-03	37
2.32718021e+03	9.99478943e-01	1.08790314e-03	37
2.32718715e+03	1.00095747e+00	1.08766551e-03	37
2.32719410e+03	9.98366452e-01	1.08711365e-03	37
2.32720104e+03	1.00017743e+00	1.08815380e-03	37
2.32720799e+03	1.00157352e+00	1.08808241e-03	37
2.32721493e+03	1.00205640e+00	1.08827257e-03	37
2.32722188e+03	1.00127056e+00	1.08775998e-03	37
2.32722882e+03	1.00039170e+00	1.08757073e-03	37
2.32723576e+03	1.00299597e+00	1.08934570e-03	37
2.32724271e+03	1.00180430e+00	1.08841685e-03	37
2.32724965e+03	1.00028822e+00	1.08692578e-03	37
2.32725660e+03	1.00131411e+00	1.08747504e-03	37
2.32726354e+03	1.00064558e+00	1.08716387e-03	37
2.32727049e+03	9.99952113e-01	1.08738149e-03	37
2.32727743e+03	1.00007719e+00	1.08831966e-03	37
2.32728438e+03	1.00231180e+00	1.08803446e-03	37
2.32729132e+03	1.00082124e+00	1.08798046e-03	37
2.32729826e+03	1.00027861e+00	1.08783253e-03	37
2.32730521e+03	9.99661118e-01	1.08708939e-03	37
2.32731215e+03	9.97228058e-01	1.08728385e-03	37
2.32731910e+03	9.98657393e-01	1.08790508e-03	37
2.32732604e+03	9.98780788e-01	1.08765293e-03	37
2.32733299e+03	9.98991917e-01	1.08780948e-03	37
2.32733993e+03	1.00217508e+00	1.08981364e-03	37
2.32734688e+03	9.99457930e-01	1.08699142e-03	37
2.32735382e+03	9.99186769e-01	1.08716248e-03	37
2.32736076e+03	9.99898842e-01	1.08778801e-03	37
2.32736771e+03	9.98609505e-01	1.08697904e-03	37
2.32737465e+03	1.00131583e+00	1.08741509e-03	37
2.32738160e+03	9.98644353e-01	1.08650575e-03	37
2.32738854e+03	9.99312101e-01	1.08768564e-03	37
2.32739549e+03	9.99911748e-01	1.08744542e-03	37
2.32740243e+03	1.00126442e+00	1.08742225e-03	37
2.32740938e+03	1.00276189e+00	1.08794876e-03	37
2.32741632e+03	1.00144812e+00	1.08713931e-03	37
2.32742327e+03	9.97983820e-01	1.08664922e-03	37
2.32743021e+03	9.99086497e-01	1.08658943e-03	37
2.32743715e+03	9.98651083e-01	1.08670553e-03	37
2.32744410e+03	1.00035935e+00	1.08780630e-03	37
2.32745104e+03	1.00056970e+00	1.08794220e-03	37
2.32745799e+03	9.98782421e-01	1.08698381e-03	37
2.32746493e+03	1.00036635e+00	1.08783785e-03	37
2.32747188e+03	1.00145508e+00	1.08861629e-03	37
2.32747882e+03	1.00017694e+00	1.08773464e-03	37
2.32748577e+03	1.00091015e+00	1.08747107e-03	37
2.32749271e+03	1.00060389e+00	1.08790175e-03	37
2.32749965e+03	1.00159390e+00	1.08746788e-03	37
2.32750660e+03	9.99089994e-01	1.08701967e-03	37
2.32751354e+03	9.96692906e-01	1.08605380e-03	37
2.32752049e+03	9.96607150e-01	1.08637021e-03	37
2.32752743e+03	1.00042493e+00	1.08722687e-03	37
2.32753438e+03	1.00042200e+00	1.08747683e-03	37
2.32754132e+03	9.98416224e-01	1.08619410e-03	37
2.32754827e+03	1.00147666e+00	1.08777812e-03	37
2.32755521e+03	1.00163985e+00	1.08744392e-03	37
2.32756215e+03	1.00260712e+00	1.08765313e-03	37
2.32756910e+03	1.00303003e+00	1.08860428e-03	37
2.32757604e+03	1.00104934e+00	1.08735593e-03	37
2.32758299e+03	1.00249032e+00	1.08759583e-03	37
2.32758993e+03	1.00067064e+00	1.08923037e-03	37
2.32759688e+03	9.99048545e-01	1.08695427e-03	37
2.32760382e+03	9.99951656e-01	1.08680820e-03	37
2.32761077e+03	1.00154803e+00	1.08797976e-03	37
2.32761771e+03	1.00229466e+00	1.08735151e-03	37
2.32762466e+03	1.00181520e+00	1.08790598e-03	37
2.32763160e+03	9.98785349e-01	1.08639459e-03	37
2.32763854e+03	1.00091825e+00	1.08734117e-03	37
2.32764549e+03	9.98098044e-01	1.08659520e-03	37
2.32765243e+03	9.98806045e-01	1.08645365e-03	37
2.32765938e+03	9.99336317e-01	1.08654376e-03	37
2.32766632e+03	9.98412771e-01	1.08653868e-03	37
2.32767327e+03	1.00108813e+00	1.08703444e-03	37
2.32768021e+03	9.99728420e-01	1.08618902e-03	37
2.32768716e+03	9.98451385e-01	1.08665161e-03	37
2.32769410e+03	9.99059231e-01	1.08659520e-03	37
2.32770104e+03	9.97172400e-01	1.08615971e-03	37
2.32770799e+03	9.98384302e-01	1.08751476e-03	37
2.32771493e+03	9.97149478e-01	1.08671155e-03	37
2.32772188e+03	9.97005505e-01	1.08599307e-03	37
2.32772882e+03	9.99235779e-01	1.08650565e-03	37
2.32773577e+03	9.96428204e-01	1.08642947e-03	37
2.32774271e+03	9.97916743e-01	1.08714692e-03	37
2.32774966e+03	9.97062126e-01	1.08680467e-03	37
2.32775660e+03	9.98059073e-01	1.08867886e-03	37
2.32776354e+03	9.96444265e-01	1.08575726e-03	37
2.32777049e+03	9.97034177e-01	1.08575069e-03	37
2.32777743e+03	9.98634788e-01	1.08695169e-03	37
2.32778438e+03	9.98113568e-01	1.08630776e-03	37
2.32779132e+03	9.98937463e-01	1.08629527e-03	37
2.32779827e+03	9.96725981e-01	1.08589541e-03	37
2.32780521e+03	1.00141833e+00	1.08792277e-03	37
2.32781216e+03	1.00224753e+00	1.08736707e-03	37
2.32781910e+03	1.00168242e+00	1.08762431e-03	37
2.32782604e+03	1.00051342e+00	1.08792595e-03	37
2.32783299e+03	9.99149826e-01	1.08700346e-03	37
2.32783993e+03	9.99897090e-01	1.08726351e-03	37
2.32784688e+03	1.00137773e+00	1.08630796e-03	37
2.32785382e+03	1.00057068e+00	1.08733709e-03	37
2.32786077e+03	9.97130751e-01	1.08641833e-03	37
2.32786771e+03	9.99511697e-01	1.08649415e-03	37
2.32787466e+03	1.00162664e+00	1.08773046e-03	37
2.32788160e+03	1.00113708e+00	1.08792302e-03	37
2.32788855e+03	9.99840847e-01	1.08826427e-03	37
2.32789549e+03	1.00008697e+00	1.08769836e-03	37
2.32790243e+03	1.00002964e+00	1.08783899e-03	37
2.32790938e+03	1.00182091e+00	1.08716362e-03	37
2.32791632e+03	9.97314085e-01	1.08667738e-03	37
2.32792327e+03	9.98630059e-01	1.08691558e-03	37
2.32793021e+03	9.99734925e-01	1.08773056e-03	37
2.32793716e+03	9.99225801e-01	1.08830376e-03	37
2.32794410e+03	1.00001728e+00	1.08677254e-03	37
2.32795105e+03	9.99320060e-01	1.08717521e-03	37
2.32795799e+03	9.99876604e-01	1.08680397e-03	37
2.32796493e+03	1.00242489e+00	1.08777986e-03	37
2.32797188e+03	9.98486169e-01	1.08658042e-03	37
2.32797882e+03	9.99458312e-01	1.08798349e-03	37
2.32798577e+03	9.98495515e-01	1.08717874e-03	37
2.32799271e+03	1.00035386e+00	1.08734266e-03	37
2.32799966e+03	1.00437556e+00	1.08842341e-03	37
2.32800660e+03	1.00120099e+00	1.08746266e-03	37
2.32801355e+03	1.00060145e+00	1.08752907e-03	37
2.32802049e+03	1.00105685e+00	1.08690877e-03	37
2.32802743e+03	9.97707523e-01	1.08644898e-03	37
2.32803438e+03	1.00252399e+00	1.08776272e-03	37
2.32804132e+03	1.00157480e+00	1.08769070e-03	37
2.32804827e+03	1.00111716e+00	1.08729076e-03	37
2.32805521e+03	1.00241095e+00	1.08827346e-03	37
2.32806216e+03	1.00115969e+00	1.08820397e-03	37
2.32806910e+03	1.00244789e+00	1.08798240e-03	37
2.32807605e+03	1.00019354e+00	1.08767709e-03	37
2.32808299e+03	9.99505485e-01	1.08790404e-03	37
2.32808994e+03	1.00175718e+00	1.08764349e-03	37
2.32809688e+03	1.00123504e+00	1.08866704e-03	37
2.32810382e+03	1.00012262e+00	1.08789609e-03	37
2.32811077e+03	9.98788013e-01	1.08642594e-03	37
2.32811771e+03	1.00326610e+00	1.08793390e-03	37
2.32812466e+03	1.00011740e+00	1.08760502e-03	37
2.32813160e+03	1.00120943e+00	1.08701489e-03	37
2.32813855e+03	9.98693754e-01	1.08756700e-03	37
2.32814549e+03	1.00308379e+00	1.08746276e-03	37
2.32815244e+03	1.00268937e+00	1.09023929e-03	37
2.32815938e+03	1.00242446e+00	1.08870488e-03	37
2.32816632e+03	1.00326961e+00	1.08796456e-03	37
2.32817327e+03	1.00171287e+00	1.08744208e-03	37
2.32818021e+03	1.00123673e+00	1.08720290e-03	37
2.32818716e+03	1.00003206e+00	1.08707780e-03	37
2.32819410e+03	1.00234572e+00	1.08716308e-03	37
2.32820105e+03	1.00127254e+00	1.08765383e-03	37
2.32820799e+03	1.00271477e+00	1.08777703e-03	37
2.32821494e+03	9.99610591e-01	1.08698018e-03	37
2.32822188e+03	1.00186583e+00	1.08741579e-03	37
2.32822882e+03	9.99234822e-01	1.08690354e-03	37
2.32823577e+03	1.00142222e+00	1.08768325e-03	37
2.32824271e+03	1.00346507e+00	1.08785842e-03	37
2.32824966e+03	1.00181440e+00	1.08783422e-03	37
2.32825660e+03	1.00311969e+00	1.08974747e-03	37
2.32826355e+03	1.00117697e+00	1.08762908e-03	37
2.32827049e+03	9.99570106e-01	1.08836823e-03	37
2.32827744e+03	9.99993714e-01	1.08755860e-03	37
2.32828438e+03	9.99569239e-01	1.08709620e-03	37
2.32829132e+03	9.98645539e-01	1.08657296e-03	37
2.32829827e+03	1.00137463e+00	1.08806308e-03	37
2.32830521e+03	9.99649473e-01	1.08702365e-03	37
2.32831216e+03	9.99129642e-01	1.08784695e-03	37
2.32831910e+03	1.00211062e+00	1.08777996e-03	37
2.32832605e+03	1.00359242e+00	1.08821475e-03	37
2.32833299e+03	1.00050467e+00	1.08802016e-03	37
2.32833994e+03	1.00115472e+00	1.08762739e-03	37
2.32834688e+03	1.00099363e+00	1.08720574e-03	37
2.32835383e+03	1.00172583e+00	1.08737015e-03	37
2.32836077e+03	9.99854842e-01	1.08788680e-03	37
2.32836771e+03	1.00166305e+00	1.08866068e-03	37
2.32837466e+03	1.00198499e+00	1.08778324e-03	37
2.32838160e+03	1.00222599e+00	1.08736299e-03	37
2.32838855e+03	1.00141937e+00	1.08778677e-03	37
2.32839549e+03	1.00156839e+00	1.08800937e-03	37
2.32840244e+03	1.00129612e+00	1.08658485e-03	37
2.32840938e+03	1.00012260e+00	1.08786349e-03	37
2.32841633e+03	1.00155578e+00	1.08769538e-03	37
2.32842327e+03	9.99637109e-01	1.08826551e-03	37
2.32843021e+03	1.00097485e+00	1.08797137e-03	37
2.32843716e+03	1.00288644e+00	1.08914465e-03	37
2.32844410e+03	1.00044551e+00	1.08638370e-03	37
2.32845105e+03	1.00215770e+00	1.08807332e-03	37
2.32845799e+03	1.00168872e+00	1.08738149e-03	37
2.32846494e+03	1.00034616e+00	1.08737000e-03	37
2.32847188e+03	9.99113114e-01	1.08702012e-03	37
2.32847883e+03	9.98469753e-01	1.08652505e-03	37
2.32848577e+03	1.00241455e+00	1.08777574e-03	37
2.32849271e+03	9.98999383e-01	1.08670474e-03	37
2.32849966e+03	1.00162161e+00	1.08794389e-03	37
2.32850660e+03	1.00155171e+00	1.08791721e-03	37
2.32851355e+03	9.98877915e-01	1.08748876e-03	37
2.32852049e+03	9.99892398e-01	1.08656341e-03	37
2.32852744e+03	1.00075527e+00	1.08749353e-03	37
2.32853438e+03	1.00201638e+00	1.08738616e-03	37
2.32854133e+03	1.00094855e+00	1.08781663e-03	37
2.32854827e+03	1.00026007e+00	1.08660828e-03	37
2.32855521e+03	9.99984161e-01	1.08721822e-03	37
2.32856216e+03	9.99843713e-01	1.08694587e-03	37
2.32856910e+03	9.98680967e-01	1.08706805e-03	37
2.32857605e+03	9.98964035e-01	1.08668773e-03	37
2.32858299e+03	1.00007907e+00	1.08696611e-03	37
2.32858994e+03	1.00150351e+00	1.08744730e-03	37
2.32859688e+03	1.00164811e+00	1.08772738e-03	37
2.32860383e+03	9.98687648e-01	1.08702867e-03	37
2.32861077e+03	1.00189093e+00	1.08801529e-03	37
2.32861772e+03	1.00005070e+00	1.08698744e-03	37
2.32862466e+03	1.00113673e+00	1.08794230e-03	37
2.32863160e+03	9.99584374e-01	1.08678388e-03	37
2.32863855e+03	1.00183525e+00	1.08812066e-03	37
2.32864549e+03	9.99946177e-01	1.08725953e-03	37
2.32865244e+03	1.00030050e+00	1.08760492e-03	37
2.32865938e+03	1.00070419e+00	1.08753181e-03	37
2.32866633e+03	9.99184547e-01	1.08665266e-03	37
2.32867327e+03	1.00071062e+00	1.08717919e-03	37
2.32868022e+03	1.00203166e+00	1.08876128e-03	37
2.32868716e+03	1.00248287e+00	1.08804798e-03	37
2.32869410e+03	9.99928539e-01	1.08784396e-03	37
2.32870105e+03	1.00036642e+00	1.08792630e-03	37
2.32870799e+03	9.97520486e-01	1.08617937e-03	37
2.32871494e+03	9.99261988e-01	1.08779109e-03	37
2.32872188e+03	9.99697076e-01	1.08787954e-03	37
2.32872883e+03	9.97334413e-01	1.08705478e-03	37
2.32873577e+03	9.99268469e-01	1.08758355e-03	37
2.32874272e+03	1.00041944e+00	1.08709505e-03	37
2.32874966e+03	1.00244668e+00	1.08713503e-03	37
2.32875660e+03	1.00170475e+00	1.08714751e-03	37
2.32876355e+03	1.00210120e+00	1.08765587e-03	37
2.32877049e+03	1.00022026e+00	1.08695064e-03	37
2.32877744e+03	9.99416085e-01	1.08779392e-03	37
2.32878438e+03	1.00120906e+00	1.08786737e-03	37
2.32879133e+03	1.00146574e+00	1.08678059e-03	37
2.32879827e+03	9.99812692e-01	1.08655833e-03	37
2.32880522e+03	1.00006011e+00	1.08657490e-03	37
2.32881216e+03	1.00181265e+00	1.08804698e-03	37
2.32881910e+03	1.00068220e+00	1.08678537e-03	37
2.32882605e+03	1.00008527e+00	1.08762783e-03	37
2.32883299e+03	1.00041757e+00	1.08750671e-03	37
2.32883994e+03	9.99842558e-01	1.08645330e-03	37
2.32884688e+03	1.00175310e+00	1.08807615e-03	37
2.32885383e+03	1.00186270e+00	1.08854647e-03	37
2.32886077e+03	1.00063375e+00	1.08653619e-03	37
2.32886772e+03	9.98247476e-01	1.08625267e-03	37
2.32887466e+03	1.00026559e+00	1.08673986e-03	37
2.32888160e+03	1.00134901e+00	1.08707884e-03	37
2.32888855e+03	9.98698425e-01	1.08744427e-03	37
2.32889549e+03	1.00069817e+00	1.08690807e-03	37
2.32890244e+03	9.99910995e-01	1.08696835e-03	37
2.32890938e+03	1.00047745e+00	1.08734972e-03	37
2.32891633e+03	1.00503550e+00	1.08850004e-03	37
2.32892327e+03	1.00045338e+00	1.08676597e-03	37
2.32893022e+03	9.99680483e-01	1.08646341e-03	37
2.32893716e+03	9.99882631e-01	1.08774557e-03	37
2.32894411e+03	1.00284505e+00	1.08751113e-03	37
2.32895105e+03	9.99316193e-01	1.08636235e-03	37
2.32895799e+03	1.00016328e+00	1.08700639e-03	37
2.32896494e+03	1.00003864e+00	1.08804152e-03	37
2.32897188e+03	1.00221953e+00	1.08789281e-03	37
2.32897883e+03	1.00043226e+00	1.08720131e-03	37
2.32898577e+03	9.98738336e-01	1.08759016e-03	37
2.32899272e+03	1.00119344e+00	1.08727296e-03	37
2.32899966e+03	9.98293314e-01	1.08603235e-03	37
2.32900661e+03	9.97204496e-01	1.08648510e-03	37
2.32901355e+03	1.00125792e+00	1.08679363e-03	37
2.32902049e+03	9.98740599e-01	1.08755417e-03	37
2.32902744e+03	9.98597176e-01	1.08707054e-03	37
2.32903438e+03	1.00134278e+00	1.08775124e-03	37
2.32904133e+03	9.99810697e-01	1.08886311e-03	37
2.32904827e+03	1.00165018e+00	1.08752077e-03	37
2.32905522e+03	1.00003123e+00	1.08664131e-03	37
2.32906216e+03	9.99531953e-01	1.08711753e-03	37
2.32906911e+03	9.96739683e-01	1.08588714e-03	37
2.32907605e+03	1.00187096e+00	1.08786146e-03	37
2.32908299e+03	1.00045593e+00	1.08756993e-03	37
2.32908994e+03	9.98678940e-01	1.08636145e-03	37
2.32909688e+03	9.97315283e-01	1.08582098e-03	37
2.32910383e+03	9.99604928e-01	1.08779462e-03	37
2.32911077e+03	9.99102733e-01	1.08852050e-03	37
2.32911772e+03	9.98483469e-01	1.08810566e-03	37
2.32912466e+03	9.98373995e-01	1.08607142e-03	37
2.32913161e+03	9.98742703e-01	1.08650256e-03	37
2.32913855e+03	1.00188768e+00	1.08701877e-03	37
2.32914549e+03	1.00056770e+00	1.08713354e-03	37
2.32915244e+03	9.98157973e-01	1.08630298e-03	37
2.32915938e+03	1.00381122e+00	1.08808613e-03	37
2.32916633e+03	9.99522521e-01	1.08661848e-03	37
2.32917327e+03	9.99873120e-01	1.08686530e-03	37
2.32918022e+03	9.99197191e-01	1.08738725e-03	37
2.32918716e+03	1.00070273e+00	1.08699823e-03	37
2.32919411e+03	1.00327531e+00	1.08721598e-03	37
2.32920105e+03	1.00127687e+00	1.08847392e-03	37
2.32920799e+03	1.00203077e+00	1.08751466e-03	37
2.32921494e+03	1.00139842e+00	1.08729941e-03	37
2.32922188e+03	1.00289434e+00	1.08840081e-03	37
2.32922883e+03	1.00137241e+00	1.08680715e-03	37
2.32923577e+03	1.00404922e+00	1.08772152e-03	37
2.32924272e+03	1.00113916e+00	1.08681566e-03	37
2.32924966e+03	1.00227116e+00	1.08852820e-03	37
2.32925661e+03	9.99413033e-01	1.08712618e-03	37
2.32926355e+03	1.00120723e+00	1.08703489e-03	37
2.32927050e+03	9.98626674e-01	1.08613154e-03	37
2.32927744e+03	1.00031169e+00	1.08773310e-03	37
2.32928438e+03	1.00050214e+00	1.08731169e-03	37
2.32929133e+03	1.00069472e+00	1.08680850e-03	37
2.32929827e+03	1.00212961e+00	1.08726192e-03	37
2.32930522e+03	1.00090015e+00	1.08839778e-03	37
2.32931216e+03	9.99675251e-01	1.08667002e-03	37
2.32931911e+03	1.00011890e+00	1.08711857e-03	37
2.32932605e+03	1.00042583e+00	1.08794036e-03	37
2.32933300e+03	1.00149254e+00	1.08765929e-03	37
2.32933994e+03	1.00182598e+00	1.08703896e-03	37
2.32934688e+03	1.00114068e+00	1.08733401e-03	37
2.32935383e+03	9.98984551e-01	1.08627552e-03	37
2.32936077e+03	1.00066863e+00	1.08794468e-03	37
2.32936772e+03	9.99940227e-01	1.08716522e-03	37
2.32937466e+03	9.97811101e-01	1.08691523e-03	37
2.32938161e+03	1.00102774e+00	1.08751714e-03	37
2.32938855e+03	1.00032186e+00	1.08757003e-03	37
2.32939550e+03	9.97664286e-01	1.08618026e-03	37
2.32940244e+03	9.98515152e-01	1.08648181e-03	37
2.32940938e+03	9.99519360e-01	1.08723085e-03	37
2.32941633e+03	9.96830324e-01	1.08636961e-03	37
2.32942327e+03	9.98234427e-01	1.08590317e-03	37
2.32943022e+03	1.00205520e+00	1.08766178e-03	37
2.32943716e+03	9.98512820e-01	1.08656659e-03	37
2.32944411e+03	1.00242898e+00	1.08891464e-03	37
2.32945105e+03	1.00065001e+00	1.08813859e-03	37
2.32945800e+03	1.00169621e+00	1.08758718e-03	37
2.32946494e+03	9.99459393e-01	1.08625611e-03	37
2.32947188e+03	9.99174484e-01	1.08669374e-03	37
2.32947883e+03	1.00096210e+00	1.08691737e-03	37
2.32948577e+03	1.00086063e+00	1.08778836e-03	37
2.32949272e+03	9.98494780e-01	1.08763375e-03	37
2.32949966e+03	1.00027883e+00	1.08761571e-03	37
2.32950661e+03	9.99109505e-01	1.08653774e-03	37
2.32951355e+03	9.99876150e-01	1.08654206e-03	37
2.32952050e+03	9.98113710e-01	1.08546606e-03	37
2.32952744e+03	9.99373898e-01	1.08672951e-03	37
2.32953438e+03	9.99249471e-01	1.08677174e-03	37
2.32954133e+03	1.00048825e+00	1.08670887e-03	37
2.32954827e+03	9.98811676e-01	1.08894224e-03	37
2.32955522e+03	1.00026507e+00	1.08782434e-03	37
2.32956216e+03	1.00023896e+00	1.08703991e-03	37
2.32956911e+03	1.00092469e+00	1.08683884e-03	37
2.32957605e+03	9.99821524e-01	1.08696089e-03	37
2.32958300e+03	1.00121684e+00	1.08685232e-03	37
2.32958994e+03	1.00059959e+00	1.08788133e-03	37
2.32959689e+03	9.98631099e-01	1.08594424e-03	37
2.32960383e+03	9.97742936e-01	1.08611975e-03	37
2.32961077e+03	9.97850860e-01	1.08619913e-03	37
2.32961772e+03	1.00153139e+00	1.08702002e-03	37
2.32962466e+03	1.00052794e+00	1.08679353e-03	37
2.32963161e+03	1.00111439e+00	1.08745118e-03	37
2.32963855e+03	1.00207657e+00	1.08744576e-03	37
2.32964550e+03	1.00122228e+00	1.08658092e-03	37
2.32965244e+03	9.99941985e-01	1.08686744e-03	37
2.32965939e+03	9.97721475e-01	1.08609546e-03	37
2.32966633e+03	9.98785644e-01	1.08710540e-03	37
2.32967327e+03	9.99119480e-01	1.08581790e-03	37
2.32968022e+03	1.00133146e+00	1.08864514e-03	37
2.32968716e+03	1.00100925e+00	1.08718908e-03	37
2.32969411e+03	9.98330662e-01	1.08597650e-03	37
2.32970105e+03	9.98816652e-01	1.08666524e-03	37
2.32970800e+03	1.00141636e+00	1.08694746e-03	37
2.32971494e+03	1.00091317e+00	1.08659510e-03	37
2.32972189e+03	1.00003186e+00	1.08632174e-03	37
2.32972883e+03	9.99563767e-01	1.08632682e-03	37
2.32973577e+03	9.98057431e-01	1.08540999e-03	37
2.32974272e+03	9.99827497e-01	1.08761282e-03	37
2.32974966e+03	9.97846419e-01	1.08646306e-03	37
2.32975661e+03	9.98171055e-01	1.08683610e-03	37
2.32976355e+03	1.00068442e+00	1.08728509e-03	37
2.32977050e+03	9.99115813e-01	1.08665445e-03	37
2.32977744e+03	9.99949950e-01	1.08667852e-03	37
2.32978439e+03	9.98640351e-01	1.08649246e-03	37
2.32979133e+03	1.00033929e+00	1.08690354e-03	37
2.32979827e+03	9.98815718e-01	1.08648281e-03	37
2.32980522e+03	9.98447495e-01	1.08671951e-03	37
2.32981216e+03	1.00068130e+00	1.08747196e-03	37
2.32981911e+03	9.97802529e-01	1.08629866e-03	37
2.32982605e+03	1.00217277e+00	1.08730851e-03	37
2.32983300e+03	1.00202082e+00	1.08754438e-03	37
2.32983994e+03	9.97261432e-01	1.08551397e-03	37
2.32984689e+03	9.98527933e-01	1.08628402e-03	37
2.32985383e+03	9.99168878e-01	1.08685311e-03	37
2.32986077e+03	9.98321969e-01	1.08573809e-03	37
2.32986772e+03	1.00135928e+00	1.08686585e-03	37
2.32987466e+03	9.97872226e-01	1.08587395e-03	37
2.32988161e+03	1.00140857e+00	1.08699391e-03	37
2.32988855e+03	1.00071170e+00	1.08675856e-03	37
2.32989550e+03	1.00183573e+00	1.08743667e-03	37
2.32990244e+03	1.00037070e+00	1.08715840e-03	37
2.32990939e+03	9.99033282e-01	1.08663131e-03	37
2.32991633e+03	1.00142760e+00	1.08720504e-03	37
2.32992327e+03	1.00117286e+00	1.08668773e-03	37
2.32993022e+03	9.99107196e-01	1.08619977e-03	37
2.32993716e+03	9.98549010e-01	1.08578295e-03	37
2.32994411e+03	9.99105191e-01	1.08638892e-03	37
2.32995105e+03	9.96281059e-01	1.08555042e-03	37
2.32995800e+03	9.98861208e-01	1.08605176e-03	37
2.32996494e+03	9.99563433e-01	1.08605211e-03	37
2.32997189e+03	1.00055532e+00	1.08827912e-03	37
2.32997883e+03	9.99994975e-01	1.08723423e-03	37
2.32998578e+03	1.00028262e+00	1.08775939e-03	37
2.32999272e+03	1.00087513e+00	1.08794071e-03	37
2.32999966e+03	1.00020272e+00	1.08705895e-03	37
2.33000661e+03	9.99307734e-01	1.08766814e-03	37
2.33001355e+03	9.97079790e-01	1.08664743e-03	37
2.33002050e+03	9.99776799e-01	1.08609093e-03	37
2.33002744e+03	9.95510965e-01	1.08560276e-03	37
2.33003439e+03	9.97397577e-01	1.08495136e-03	37
2.33004133e+03	9.92549472e-01	1.08295397e-03	37
2.33004828e+03	9.92788541e-01	1.08612716e-03	37
2.33005522e+03	9.91943191e-01	1.08250588e-03	37
2.33006216e+03	9.90526356e-01	1.08220153e-03	37
2.33008300e+03	9.89326777e-01	1.08067791e-03	37
2.33020105e+03	9.92144013e-01	1.08310590e-03	37
2.33020800e+03	9.92457231e-01	1.08291583e-03	37
2.33021494e+03	9.93090422e-01	1.08366633e-03	37
2.33022189e+03	9.93926038e-01	1.08388385e-03	37
2.33022883e+03	9.97143265e-01	1.08554634e-03	37
2.33023578e+03	9.99477527e-01	1.08674632e-03	37
2.33024272e+03	9.97826172e-01	1.08598805e-03	37
2.33024966e+03	1.00036513e+00	1.08632433e-03	37
2.33025661e+03	9.99392298e-01	1.08717113e-03	37
2.33026355e+03	9.99935989e-01	1.08627940e-03	37
2.33027050e+03	9.98072844e-01	1.08836575e-03	37
2.33027744e+03	9.99997363e-01	1.08701887e-03	37
2.33028439e+03	1.00226959e+00	1.08780366e-03	37
2.33029133e+03	9.99888331e-01	1.08690106e-03	37
2.33029828e+03	9.97123659e-01	1.08559016e-03	37
2.33030522e+03	9.98170046e-01	1.08649982e-03	37
2.33031216e+03	9.99847034e-01	1.08568223e-03	37
2.33031911e+03	9.99566689e-01	1.08684610e-03	37
2.33032605e+03	9.98478268e-01	1.08623137e-03	37
2.33033300e+03	9.99334057e-01	1.08657127e-03	37
2.33033994e+03	1.00117680e+00	1.08707248e-03	37
2.33034689e+03	1.00005032e+00	1.08671961e-03	37
2.33035383e+03	1.00019449e+00	1.08637260e-03	37
2.33036078e+03	9.97611932e-01	1.08587082e-03	37
2.33036772e+03	9.97819945e-01	1.08722980e-03	37
2.33037466e+03	1.00038457e+00	1.08696541e-03	37
2.33038161e+03	9.98116329e-01	1.08650858e-03	37
2.33038855e+03	1.00051715e+00	1.08651336e-03	37
2.33039550e+03	1.00167572e+00	1.08680805e-03	37
2.33040244e+03	9.98440999e-01	1.08589068e-03	37
2.33040939e+03	9.96383814e-01	1.08529304e-03	37
2.33041633e+03	1.00055026e+00	1.08657420e-03	37
2.33042328e+03	9.98926761e-01	1.08688027e-03	37
2.33043022e+03	1.00129293e+00	1.08621261e-03	37
2.33043716e+03	9.99106557e-01	1.08643037e-03	37
2.33044411e+03	9.99187062e-01	1.08558812e-03	37
2.33045105e+03	9.99699338e-01	1.08692911e-03	37
2.33045800e+03	1.00088356e+00	1.08736627e-03	37
2.33046494e+03	1.00001097e+00	1.08685132e-03	37
2.33047189e+03	1.00237410e+00	1.08760095e-03	37
2.33047883e+03	1.00020859e+00	1.08648112e-03	37
2.33048578e+03	1.00135117e+00	1.08716989e-03	37
2.33049272e+03	9.99502297e-01	1.08817163e-03	37
2.33049967e+03	1.00019398e+00	1.08649495e-03	37
2.33050661e+03	9.98616728e-01	1.08594106e-03	37
2.33051355e+03	1.00095349e+00	1.08726853e-03	37
2.33052050e+03	1.00131503e+00	1.08732735e-03	37
2.33052744e+03	1.00055324e+00	1.08666823e-03	37
2.33053439e+03	1.00103475e+00	1.08671692e-03	37
2.33054133e+03	1.00144354e+00	1.08742508e-03	37
2.33054828e+03	9.95379097e-01	1.08569029e-03	37
2.33055522e+03	9.98708091e-01	1.08612373e-03	37
2.33056217e+03	1.00219773e+00	1.08754031e-03	37
2.33056911e+03	9.98941935e-01	1.08677502e-03	37
2.33057605e+03	9.99527638e-01	1.08718963e-03	37
2.33058300e+03	9.97897196e-01	1.08670588e-03	37
2.33058994e+03	1.00052016e+00	1.08810973e-03	37
2.33059689e+03	1.00056021e+00	1.08659813e-03	37
2.33060383e+03	9.96975344e-01	1.08738069e-03	37
2.33061078e+03	9.96791262e-01	1.08623167e-03	37
2.33061772e+03	1.00044633e+00	1.08693055e-03	37
2.33062467e+03	1.00090703e+00	1.08657774e-03	37
2.33063161e+03	1.00012571e+00	1.08699381e-03	37
2.33063855e+03	9.99536678e-01	1.08633762e-03	37
2.33064550e+03	1.00293798e+00	1.08796148e-03	37
2.33065244e+03	9.99520384e-01	1.08637529e-03	37
2.33065939e+03	1.00223689e+00	1.08645659e-03	37
2.33066633e+03	1.00070320e+00	1.08696054e-03	37
2.33067328e+03	9.98566913e-01	1.08614294e-03	37
2.33068022e+03	1.00078773e+00	1.08686654e-03	37
2.33068717e+03	9.99341444e-01	1.08646694e-03	37
2.33069411e+03	1.00188393e+00	1.08825747e-03	37
2.33070105e+03	1.00013165e+00	1.08678741e-03	37
2.33070800e+03	9.99422691e-01	1.08725978e-03	37
2.33071494e+03	9.99954251e-01	1.08675344e-03	37
2.33072189e+03	9.99698978e-01	1.08660495e-03	37
2.33072883e+03	1.00152310e+00	1.08673031e-03	37
2.33073578e+03	9.98615503e-01	1.08630378e-03	37
2.33074272e+03	9.99577742e-01	1.08646251e-03	37
2.33074967e+03	9.99201221e-01	1.08637210e-03	37
2.33075661e+03	1.00088415e+00	1.08656669e-03	37
2.33076355e+03	9.98479003e-01	1.08625949e-03	37
2.33077050e+03	9.99433016e-01	1.08602269e-03	37
2.33077744e+03	1.00302230e+00	1.08764463e-03	37
2.33078439e+03	1.00117663e+00	1.08719132e-03	37
2.33079133e+03	1.00308860e+00	1.08744208e-03	37
2.33079828e+03	1.00313205e+00	1.08747141e-03	37
2.33080522e+03	1.00096250e+00	1.08553837e-03	37
2.33081217e+03	1.00029012e+00	1.08739899e-03	37
2.33081911e+03	1.00164294e+00	1.08745958e-03	37
2.33082605e+03	1.00340870e+00	1.08691727e-03	37
2.33083300e+03	9.99779925e-01	1.08546268e-03	37
2.33083994e+03	1.00280633e+00	1.08669852e-03	37
2.33084689e+03	9.99383629e-01	1.08576408e-03	37
2.33085383e+03	1.00200845e+00	1.08640041e-03	37
2.33086078e+03	1.00221409e+00	1.08805175e-03	37
2.33086772e+03	1.00047492e+00	1.08642798e-03	37
2.33087467e+03	9.99570902e-01	1.08534415e-03	37
2.33088161e+03	1.00066568e+00	1.08672076e-03	37
2.33088855e+03	1.00132246e+00	1.08635125e-03	37
2.33089550e+03	1.00069896e+00	1.08662723e-03	37
2.33090244e+03	1.00134945e+00	1.08751769e-03	37
2.33090939e+03	1.00304374e+00	1.08742474e-03	37
2.33091633e+03	9.99843410e-01	1.08681626e-03	37
2.33092328e+03	1.00171351e+00	1.08705577e-03	37
2.33093022e+03	9.97757822e-01	1.08565146e-03	37
2.33093717e+03	1.00107128e+00	1.08673493e-03	37
2.33094411e+03	1.00004753e+00	1.08727977e-03	37
2.33095105e+03	9.99768204e-01	1.08618116e-03	37
2.33095800e+03	1.00287512e+00	1.08725173e-03	37
2.33096494e+03	9.99591563e-01	1.08612612e-03	37
2.33097189e+03	1.00077011e+00	1.08703001e-03	37
2.33097883e+03	9.99729579e-01	1.08599546e-03	37
2.33098578e+03	9.97592068e-01	1.08547334e-03	37
2.33099272e+03	1.00383777e+00	1.08797191e-03	37
2.33099967e+03	1.00202969e+00	1.08671533e-03	37
2.33100661e+03	1.00112570e+00	1.08663062e-03	37
2.33101355e+03	1.00020897e+00	1.08743632e-03	37
2.33102050e+03	1.00305726e+00	1.08721141e-03	37
2.33102744e+03	9.99754127e-01	1.08684416e-03	37
2.33103439e+03	1.00082020e+00	1.08689355e-03	37
2.33104133e+03	9.98046672e-01	1.08626621e-03	37
2.33104828e+03	1.00101183e+00	1.08861143e-03	37
2.33105522e+03	1.00227059e+00	1.08689409e-03	37
2.33106217e+03	1.00172914e+00	1.08646828e-03	37
2.33106911e+03	9.99318693e-01	1.08630244e-03	37
2.33107605e+03	1.00095304e+00	1.08651301e-03	37
2.33108300e+03	1.00184234e+00	1.08702787e-03	37
2.33108994e+03	9.98906204e-01	1.08619410e-03	37
2.33109689e+03	1.00102027e+00	1.08685416e-03	37
2.33110383e+03	1.00251605e+00	1.08706940e-03	37
2.33111078e+03	1.00392543e+00	1.08755055e-03	37
2.33111772e+03	1.00065558e+00	1.08647918e-03	37
2.33112467e+03	1.00043466e+00	1.08652734e-03	37
2.33113161e+03	9.99892397e-01	1.08599636e-03	37
2.33113856e+03	9.98481745e-01	1.08562999e-03	37
2.33114550e+03	1.00490287e+00	1.08735787e-03	37
2.33115244e+03	9.98773394e-01	1.08623531e-03	37
2.33115939e+03	1.00058504e+00	1.08617200e-03	37
2.33116633e+03	1.00112540e+00	1.08668444e-03	37
2.33117328e+03	1.00368824e+00	1.08708357e-03	37
2.33118022e+03	9.99934121e-01	1.08630706e-03	37
2.33118717e+03	1.00346669e+00	1.08690354e-03	37
2.33119411e+03	1.00362415e+00	1.08713568e-03	37
2.33120106e+03	1.00232156e+00	1.08638494e-03	37
2.33120800e+03	1.00129656e+00	1.08649271e-03	37
2.33121494e+03	1.00393548e+00	1.08782096e-03	37
2.33122189e+03	9.99739778e-01	1.08595231e-03	37
2.33122883e+03	9.98758655e-01	1.08690106e-03	37
2.33123578e+03	1.00089831e+00	1.08598456e-03	37
2.33124272e+03	1.00145227e+00	1.08624670e-03	37
2.33124967e+03	1.00068304e+00	1.08622341e-03	37
2.33125661e+03	1.00262722e+00	1.08681476e-03	37
2.33126356e+03	1.00123937e+00	1.08646544e-03	37
2.33127050e+03	1.00194541e+00	1.08671339e-03	37
2.33127744e+03	9.98915410e-01	1.08590462e-03	37
2.33128439e+03	1.00186569e+00	1.08637792e-03	37
2.33129133e+03	1.00081945e+00	1.08612179e-03	37
2.33129828e+03	9.99640191e-01	1.08629811e-03	37
2.33130522e+03	9.96851691e-01	1.08571255e-03	37
2.33131217e+03	1.00013024e+00	1.08669817e-03	37
2.33131911e+03	1.00314769e+00	1.08747330e-03	37
2.33132606e+03	9.99708896e-01	1.08638723e-03	37
2.33133300e+03	1.00130040e+00	1.08648157e-03	37
2.33133994e+03	1.00042269e+00	1.08613020e-03	37
2.33134689e+03	1.00031537e+00	1.08612124e-03	37
2.33135383e+03	1.00088692e+00	1.08586748e-03	37
2.33136078e+03	1.00097606e+00	1.08675264e-03	37
2.33136772e+03	9.99346738e-01	1.08657793e-03	37
2.33137467e+03	1.00102603e+00	1.08626790e-03	37
2.33138161e+03	9.99983547e-01	1.08626044e-03	37
2.33138856e+03	1.00325529e+00	1.08860745e-03	37
2.33139550e+03	9.97943643e-01	1.08596709e-03	37
2.33140244e+03	1.00042981e+00	1.08650550e-03	37
2.33140939e+03	1.00188731e+00	1.08737681e-03	37
2.33141633e+03	9.99841574e-01	1.08596709e-03	37
2.33142328e+03	1.00087504e+00	1.08664370e-03	37
2.33143022e+03	1.00099163e+00	1.08691832e-03	37
2.33143717e+03	1.00105444e+00	1.08695029e-03	37
2.33144411e+03	9.98690744e-01	1.08574511e-03	37
2.33145106e+03	1.00222419e+00	1.08650007e-03	37
2.33145800e+03	1.00052290e+00	1.08639166e-03	37
2.33146494e+03	9.99743127e-01	1.08642116e-03	37
2.33147189e+03	1.00090566e+00	1.08627064e-03	37
2.33147883e+03	9.99304649e-01	1.08704568e-03	37
2.33148578e+03	9.98917174e-01	1.08562253e-03	37
2.33149272e+03	1.00363262e+00	1.08676413e-03	37
2.33149967e+03	1.00260912e+00	1.08707293e-03	37
2.33150661e+03	1.00141263e+00	1.08701663e-03	37
2.33151356e+03	1.00091392e+00	1.08676368e-03	37
2.33152050e+03	1.00193343e+00	1.08718983e-03	37
2.33152744e+03	1.00095619e+00	1.08682780e-03	37
2.33153439e+03	1.00026407e+00	1.08598999e-03	37
2.33154133e+03	9.99356620e-01	1.08547279e-03	37
2.33154828e+03	9.99679309e-01	1.08640892e-03	37
2.33155522e+03	1.00166203e+00	1.08682327e-03	37
2.33156217e+03	1.00227350e+00	1.08576861e-03	37
2.33156911e+03	1.00207473e+00	1.08743179e-03	37
2.33157606e+03	1.00055986e+00	1.08680999e-03	37
2.33158300e+03	9.99801640e-01	1.08650440e-03	37
2.33158994e+03	1.00116921e+00	1.08674379e-03	37
2.33159689e+03	1.00241216e+00	1.08691578e-03	37
2.33160383e+03	1.00027373e+00	1.08695726e-03	37
2.33161078e+03	9.99938452e-01	1.08661724e-03	37
2.33161772e+03	1.00034153e+00	1.08652266e-03	37
2.33162467e+03	1.00076186e+00	1.08650291e-03	37
2.33163161e+03	9.95416915e-01	1.08564603e-03	37
2.33163856e+03	1.00006334e+00	1.08689628e-03	37
2.33164550e+03	1.00129814e+00	1.08616031e-03	37
2.33165244e+03	9.99382929e-01	1.08571334e-03	37
2.33165939e+03	9.99064615e-01	1.08630687e-03	37
2.33166633e+03	1.00260455e+00	1.08691230e-03	37
2.33167328e+03	9.97769584e-01	1.08537607e-03	37
2.33168022e+03	1.00219544e+00	1.08873040e-03	37
2.33168717e+03	1.00276917e+00	1.08735653e-03	37
2.33169411e+03	1.00043963e+00	1.08655022e-03	37
2.33170106e+03	1.00049452e+00	1.08694985e-03	37
2.33170800e+03	9.99043841e-01	1.08623715e-03	37
2.33171494e+03	1.00014796e+00	1.08670568e-03	37
2.33172189e+03	9.99029115e-01	1.08645350e-03	37
2.33172883e+03	9.98447003e-01	1.08722334e-03	37
2.33173578e+03	9.97824289e-01	1.08634782e-03	37
2.33174272e+03	9.97427233e-01	1.08539012e-03	37
2.33174967e+03	9.98671356e-01	1.08573704e-03	37
2.33175661e+03	1.00045344e+00	1.08684814e-03	37
2.33176356e+03	1.00066053e+00	1.08753563e-03	37
2.33177050e+03	9.97255339e-01	1.08818728e-03	37
2.33177744e+03	1.00029630e+00	1.08702399e-03	37
2.33178439e+03	9.99538028e-01	1.08583323e-03	37
2.33179133e+03	9.97623072e-01	1.08529613e-03	37
2.33179828e+03	1.00174477e+00	1.08646341e-03	37
2.33180522e+03	1.00117760e+00	1.08668056e-03	37
2.33181217e+03	9.99980629e-01	1.08624611e-03	37
2.33181911e+03	1.00127004e+00	1.08647918e-03	37
2.33182606e+03	1.00079469e+00	1.08922208e-03	37
2.33183300e+03	9.99682539e-01	1.08584991e-03	37
2.33183994e+03	1.00120977e+00	1.08640255e-03	37
2.33184689e+03	9.99553806e-01	1.08649714e-03	37
2.33185383e+03	1.00004644e+00	1.08657012e-03	37
2.33186078e+03	1.00065511e+00	1.08697700e-03	37
2.33186772e+03	9.99047971e-01	1.08556984e-03	37
2.33187467e+03	9.99651719e-01	1.08896517e-03	37
2.33188161e+03	1.00088090e+00	1.08701002e-03	37
2.33188856e+03	9.97723704e-01	1.08616265e-03	37
2.33189550e+03	9.97882001e-01	1.08555590e-03	37
2.33190244e+03	9.97712905e-01	1.08622909e-03	37
2.33190939e+03	9.97892676e-01	1.08628368e-03	37
2.33191633e+03	9.99839205e-01	1.08660545e-03	37
2.33192328e+03	9.97568439e-01	1.08767709e-03	37
2.33193022e+03	9.99750561e-01	1.08694373e-03	37
2.33193717e+03	9.98050115e-01	1.08605245e-03	37
2.33194411e+03	9.96558495e-01	1.08657455e-03	37
2.33195106e+03	9.99410390e-01	1.08741917e-03	37
2.33195800e+03	1.00002229e+00	1.08651719e-03	37
2.33196494e+03	9.99974010e-01	1.08712797e-03	37
2.33197189e+03	9.99619981e-01	1.08623247e-03	37
2.33197883e+03	9.96130587e-01	1.08665569e-03	37
2.33198578e+03	1.00014125e+00	1.08579778e-03	37
2.33199272e+03	1.00075070e+00	1.08680611e-03	37
2.33199967e+03	1.00126549e+00	1.08703966e-03	37
2.33200661e+03	1.00122787e+00	1.08701798e-03	37
2.33201356e+03	1.00022213e+00	1.08685565e-03	37
2.33202050e+03	1.00185468e+00	1.08702489e-03	37
2.33202744e+03	9.98079161e-01	1.08555097e-03	37
2.33203439e+03	9.99345416e-01	1.08678184e-03	37
2.33204133e+03	1.00111326e+00	1.08724298e-03	37
2.33204828e+03	9.96704203e-01	1.08531894e-03	37
2.33205522e+03	9.98534422e-01	1.08576408e-03	37
2.33206217e+03	9.96705736e-01	1.08651754e-03	37
2.33206911e+03	9.99468500e-01	1.08688141e-03	37
2.33207606e+03	9.99219788e-01	1.08640813e-03	37
2.33208300e+03	9.97356420e-01	1.08630990e-03	37
2.33208994e+03	9.99746969e-01	1.08679024e-03	37
2.33209689e+03	9.98799109e-01	1.08657943e-03	37
2.33210383e+03	9.98366440e-01	1.08588849e-03	37
2.33211078e+03	9.99635682e-01	1.08636394e-03	37
2.33211772e+03	9.97236275e-01	1.08609536e-03	37
2.33212467e+03	9.99307521e-01	1.08629074e-03	37
2.33213161e+03	9.99282597e-01	1.08693353e-03	37
2.33213856e+03	1.00218845e+00	1.08662505e-03	37
2.33214550e+03	9.99602910e-01	1.08600477e-03	37
2.33215244e+03	1.00164297e+00	1.08667693e-03	37
2.33215939e+03	1.00124400e+00	1.08670543e-03	37
2.33216633e+03	1.00025779e+00	1.08631274e-03	37
2.33217328e+03	1.00250809e+00	1.08740565e-03	37
2.33218022e+03	1.00016797e+00	1.08518690e-03	37
2.33218717e+03	1.00234086e+00	1.08676503e-03	37
2.33219411e+03	1.00075969e+00	1.08900900e-03	37
2.33220106e+03	1.00099140e+00	1.08672712e-03	37
2.33220800e+03	9.99880591e-01	1.08620784e-03	37
2.33221494e+03	9.99637420e-01	1.08574680e-03	37
2.33222189e+03	1.00061225e+00	1.08709734e-03	37
2.33222883e+03	1.00040119e+00	1.08665425e-03	37
2.33223578e+03	9.96979368e-01	1.08578564e-03	37
2.33224272e+03	9.99143362e-01	1.08654639e-03	37
2.33224967e+03	9.97864507e-01	1.08569856e-03	37
2.33225661e+03	1.00189219e+00	1.08738248e-03	37
2.33226356e+03	1.00158893e+00	1.08719848e-03	37
2.33227050e+03	9.96530165e-01	1.08549186e-03	37
2.33227744e+03	9.99769222e-01	1.08826969e-03	37
2.33228439e+03	1.00092608e+00	1.08685043e-03	37
2.33229133e+03	9.98971241e-01	1.08662519e-03	37
2.33229828e+03	9.97052342e-01	1.08591846e-03	37
2.33230522e+03	1.00107666e+00	1.08727853e-03	37
2.33231217e+03	9.99412215e-01	1.08746699e-03	37
2.33231911e+03	9.97115096e-01	1.08636091e-03	37
2.33232606e+03	9.99790355e-01	1.08637713e-03	37
2.33233300e+03	1.00040512e+00	1.08679775e-03	37
2.33233994e+03	9.99300647e-01	1.08598237e-03	37
2.33234689e+03	9.99859737e-01	1.08686878e-03	37
2.33235383e+03	1.00063120e+00	1.08729280e-03	37
2.33236078e+03	9.98412832e-01	1.08619410e-03	37
2.33236772e+03	1.00019251e+00	1.08614030e-03	37
2.33237467e+03	9.99297760e-01	1.08703886e-03	37
2.33238161e+03	9.99179882e-01	1.08744780e-03	37
2.33238856e+03	9.98941450e-01	1.08727147e-03	37
2.33239550e+03	9.98387105e-01	1.08604708e-03	37
2.33240244e+03	9.96881747e-01	1.08582322e-03	37
2.33240939e+03	9.99757588e-01	1.08673394e-03	37
2.33241633e+03	9.98499818e-01	1.08699257e-03	37
2.33242328e+03	9.97802892e-01	1.08616608e-03	37
2.33243022e+03	9.97423074e-01	1.08560933e-03	37
2.33243717e+03	9.99376886e-01	1.08748220e-03	37
2.33244411e+03	9.97415583e-01	1.08667196e-03	37
2.33245106e+03	9.96888786e-01	1.08618390e-03	37
2.33245800e+03	9.97693086e-01	1.08524911e-03	37
2.33246494e+03	1.00037759e+00	1.08753156e-03	37
2.33247189e+03	9.96570969e-01	1.08613214e-03	37
2.33247883e+03	9.96188455e-01	1.08527422e-03	37
2.33248578e+03	9.97076087e-01	1.08523258e-03	37
2.33249272e+03	9.95949720e-01	1.08479106e-03	37
2.33249967e+03	9.97234496e-01	1.08600203e-03	37
2.33250661e+03	9.96878404e-01	1.08623262e-03	37
2.33251356e+03	9.97737612e-01	1.08603439e-03	37
2.33252050e+03	9.96868910e-01	1.08571663e-03	37
2.33252744e+03	9.98445327e-01	1.08585797e-03	37
2.33253439e+03	9.96928366e-01	1.08601079e-03	37
2.33254133e+03	9.93812130e-01	1.08535291e-03	37
2.33254828e+03	9.96750025e-01	1.08486192e-03	37
2.33255522e+03	9.98369615e-01	1.08533493e-03	37
2.33256217e+03	1.00045572e+00	1.08721504e-03	37
2.33256911e+03	1.00001308e+00	1.08693055e-03	37
2.33257606e+03	9.97385300e-01	1.08637066e-03	37
